{
  "repeat": 3,
  "profile": "ten_k",
  "generated_at_unix_s": 1775622106,
  "cases": [
    {
      "id": "axial-bar-10k",
      "family": "axial_bar_1d",
      "ok": true,
      "error": null,
      "repeat": 3,
      "min_ms": 0.693584,
      "median_ms": 0.7797080000000001,
      "mean_ms": 0.763778,
      "p95_ms": 0.818042,
      "max_ms": 0.818042,
      "dof_count": 10000,
      "node_count": 10001,
      "element_count": 10000,
      "peak_rss_kib": 13856,
      "max_displacement": 0.00005142857142857142,
      "max_stress": 180000.00000012363
    },
    {
      "id": "truss-roof-10k",
      "family": "truss_2d",
      "ok": true,
      "error": null,
      "repeat": 3,
      "min_ms": 4690.289124999999,
      "median_ms": 4741.773,
      "mean_ms": 4773.826930333334,
      "p95_ms": 4889.4186660000005,
      "max_ms": 4889.4186660000005,
      "dof_count": 20000,
      "node_count": 10000,
      "element_count": 39402,
      "peak_rss_kib": 38992,
      "max_displacement": 3.634248857047519e-6,
      "max_stress": 51316.12140186371
    },
    {
      "id": "space-frame-10k",
      "family": "truss_3d",
      "ok": true,
      "error": null,
      "repeat": 3,
      "min_ms": 93.828084,
      "median_ms": 96.3535,
      "mean_ms": 96.80848633333333,
      "p95_ms": 100.243875,
      "max_ms": 100.243875,
      "dof_count": 30246,
      "node_count": 10082,
      "element_count": 44801,
      "peak_rss_kib": 52736,
      "max_displacement": 3.6927958238658653e-6,
      "max_stress": 48467.94518823948
    },
    {
      "id": "plane-panel-10k",
      "family": "plane_triangle_2d",
      "ok": true,
      "error": null,
      "repeat": 3,
      "min_ms": 5187.5732499999995,
      "median_ms": 5272.200792,
      "mean_ms": 5288.338305666666,
      "p95_ms": 5405.2408749999995,
      "max_ms": 5405.2408749999995,
      "dof_count": 20000,
      "node_count": 10000,
      "element_count": 19602,
      "peak_rss_kib": 65152,
      "max_displacement": 0.000032129480864370455,
      "max_stress": 35003.95573411276
    }
  ]
}