{
  "repeat": 3,
  "profile": "fifteen_k",
  "generated_at_unix_s": 1775623220,
  "cases": [
    {
      "id": "axial-bar-15k",
      "family": "axial_bar_1d",
      "ok": true,
      "error": null,
      "repeat": 3,
      "min_ms": 2.93025,
      "median_ms": 3.044292,
      "mean_ms": 3.699639,
      "p95_ms": 5.124375,
      "max_ms": 5.124375,
      "dof_count": 15000,
      "node_count": 15001,
      "element_count": 15000,
      "peak_rss_kib": 21280,
      "max_displacement": 0.00005142857142857143,
      "max_stress": 180000.00000024223
    },
    {
      "id": "truss-roof-15k",
      "family": "truss_2d",
      "ok": true,
      "error": null,
      "repeat": 3,
      "min_ms": 8737.424666,
      "median_ms": 8955.707833,
      "mean_ms": 9253.186763666667,
      "p95_ms": 10066.427792,
      "max_ms": 10066.427792,
      "dof_count": 29768,
      "node_count": 14884,
      "element_count": 58806,
      "peak_rss_kib": 62320,
      "max_displacement": 3.805762736965593e-6,
      "max_stress": 51222.67995344271
    },
    {
      "id": "space-frame-15k",
      "family": "truss_3d",
      "ok": true,
      "error": null,
      "repeat": 3,
      "min_ms": 267.29025,
      "median_ms": 352.94620799999996,
      "mean_ms": 326.02826366666665,
      "p95_ms": 357.848333,
      "max_ms": 357.848333,
      "dof_count": 45414,
      "node_count": 15138,
      "element_count": 67425,
      "peak_rss_kib": 70816,
      "max_displacement": 4.139144844466625e-6,
      "max_stress": 48290.023185443955
    },
    {
      "id": "plane-panel-15k",
      "family": "plane_triangle_2d",
      "ok": true,
      "error": null,
      "repeat": 3,
      "min_ms": 11220.570041,
      "median_ms": 13071.459541,
      "mean_ms": 12813.196235666668,
      "p95_ms": 14147.559125000002,
      "max_ms": 14147.559125000002,
      "dof_count": 29768,
      "node_count": 14884,
      "element_count": 29282,
      "peak_rss_kib": 99184,
      "max_displacement": 0.000039198025900350596,
      "max_stress": 36733.956339818964
    }
  ]
}