{
  "repeat": 3,
  "profile": "twenty_k",
  "generated_at_unix_s": 1775623262,
  "cases": [
    {
      "id": "axial-bar-20k",
      "family": "axial_bar_1d",
      "ok": true,
      "error": null,
      "repeat": 3,
      "min_ms": 2.210083,
      "median_ms": 2.287709,
      "mean_ms": 4.3603890000000005,
      "p95_ms": 8.583375,
      "max_ms": 8.583375,
      "dof_count": 20000,
      "node_count": 20001,
      "element_count": 20000,
      "peak_rss_kib": 26352,
      "max_displacement": 0.00005142857142857142,
      "max_stress": 180000.00000012363
    },
    {
      "id": "truss-roof-20k",
      "family": "truss_2d",
      "ok": true,
      "error": null,
      "repeat": 3,
      "min_ms": 13414.884917,
      "median_ms": 15210.574625,
      "mean_ms": 14791.365472333331,
      "p95_ms": 15748.636875,
      "max_ms": 15748.636875,
      "dof_count": 39762,
      "node_count": 19881,
      "element_count": 78680,
      "peak_rss_kib": 80000,
      "max_displacement": 3.928579924204114e-6,
      "max_stress": 50802.758507024366
    },
    {
      "id": "space-frame-20k",
      "family": "truss_3d",
      "ok": true,
      "error": null,
      "repeat": 3,
      "min_ms": 226.793417,
      "median_ms": 275.74229099999997,
      "mean_ms": 315.1675833333333,
      "p95_ms": 442.967042,
      "max_ms": 442.967042,
      "dof_count": 60000,
      "node_count": 20000,
      "element_count": 89200,
      "peak_rss_kib": 94128,
      "max_displacement": 4.586921639161316e-6,
      "max_stress": 48162.67721119382
    },
    {
      "id": "plane-panel-20k",
      "family": "plane_triangle_2d",
      "ok": true,
      "error": null,
      "repeat": 3,
      "min_ms": 20086.074042,
      "median_ms": 20996.351166,
      "mean_ms": 21231.844555333333,
      "p95_ms": 22613.108458,
      "max_ms": 22613.108458,
      "dof_count": 39762,
      "node_count": 19881,
      "element_count": 39200,
      "peak_rss_kib": 116848,
      "max_displacement": 0.000045300443814442076,
      "max_stress": 38057.25046208779
    }
  ]
}