{
  "repeat": 3,
  "profile": "fifteen_k",
  "matrix": "compound-core",
  "generated_at_unix_s": 1781950420,
  "cases": [
    {
      "id": "truss-roof-15k",
      "family": "truss_2d",
      "ok": true,
      "error": null,
      "repeat": 3,
      "min_ms": 765.485458,
      "median_ms": 800.213792,
      "mean_ms": 796.9011390000001,
      "p95_ms": 825.004167,
      "max_ms": 825.004167,
      "dof_count": 29768,
      "node_count": 14884,
      "element_count": 58806,
      "peak_rss_kib": 70112,
      "max_displacement": 3.805762736965593e-6,
      "max_stress": 51222.67995344271
    },
    {
      "id": "space-frame-15k",
      "family": "truss_3d",
      "ok": true,
      "error": null,
      "repeat": 3,
      "min_ms": 27.149709,
      "median_ms": 27.437333000000002,
      "mean_ms": 28.007305666666667,
      "p95_ms": 29.434874999999998,
      "max_ms": 29.434874999999998,
      "dof_count": 45414,
      "node_count": 15138,
      "element_count": 67425,
      "peak_rss_kib": 82144,
      "max_displacement": 4.139144844466625e-6,
      "max_stress": 48290.023185443955
    },
    {
      "id": "heat-plane-quad-15k",
      "family": "heat_plane_quad_2d",
      "ok": true,
      "error": null,
      "repeat": 3,
      "min_ms": 7481.765166,
      "median_ms": 7760.6728330000005,
      "mean_ms": 7787.447249666668,
      "p95_ms": 8119.90375,
      "max_ms": 8119.90375,
      "dof_count": 14884,
      "node_count": 14884,
      "element_count": 14641,
      "peak_rss_kib": 84704,
      "max_displacement": 756.5980063852658,
      "max_stress": 1979.606289069352
    },
    {
      "id": "compound-surface-panel-15k",
      "family": "plane_quad_2d",
      "ok": true,
      "error": null,
      "repeat": 3,
      "min_ms": 7946.881708,
      "median_ms": 8101.778166000001,
      "mean_ms": 8072.912194,
      "p95_ms": 8170.076708,
      "max_ms": 8170.076708,
      "dof_count": 29768,
      "node_count": 14884,
      "element_count": 14641,
      "peak_rss_kib": 118064,
      "max_displacement": 0.000039198025900350596,
      "max_stress": 30970.08487662448
    }
  ]
}