{
  "repeat": 3,
  "profile": "ten_k",
  "matrix": "compound-core",
  "generated_at_unix_s": 1781950257,
  "cases": [
    {
      "id": "truss-roof-10k",
      "family": "truss_2d",
      "ok": true,
      "error": null,
      "repeat": 3,
      "min_ms": 296.665583,
      "median_ms": 327.558625,
      "mean_ms": 324.3205413333333,
      "p95_ms": 348.737416,
      "max_ms": 348.737416,
      "dof_count": 20000,
      "node_count": 10000,
      "element_count": 39402,
      "peak_rss_kib": 51648,
      "max_displacement": 3.634248857047519e-6,
      "max_stress": 51316.12140186371
    },
    {
      "id": "space-frame-10k",
      "family": "truss_3d",
      "ok": true,
      "error": null,
      "repeat": 3,
      "min_ms": 12.430625000000001,
      "median_ms": 16.020209,
      "mean_ms": 16.106889,
      "p95_ms": 19.869833,
      "max_ms": 19.869833,
      "dof_count": 30246,
      "node_count": 10082,
      "element_count": 44801,
      "peak_rss_kib": 61456,
      "max_displacement": 3.6927958238658653e-6,
      "max_stress": 48467.94518823948
    },
    {
      "id": "heat-plane-quad-10k",
      "family": "heat_plane_quad_2d",
      "ok": true,
      "error": null,
      "repeat": 3,
      "min_ms": 2613.9640000000004,
      "median_ms": 2721.5240839999997,
      "mean_ms": 2752.9454306666667,
      "p95_ms": 2923.3482080000003,
      "max_ms": 2923.3482080000003,
      "dof_count": 10000,
      "node_count": 10000,
      "element_count": 9801,
      "peak_rss_kib": 65024,
      "max_displacement": 632.253400475732,
      "max_stress": 1908.425509442442
    },
    {
      "id": "compound-surface-panel-10k",
      "family": "plane_quad_2d",
      "ok": true,
      "error": null,
      "repeat": 3,
      "min_ms": 3342.093125,
      "median_ms": 3371.768417,
      "mean_ms": 3464.0738196666666,
      "p95_ms": 3678.3599169999998,
      "max_ms": 3678.3599169999998,
      "dof_count": 20000,
      "node_count": 10000,
      "element_count": 9801,
      "peak_rss_kib": 92848,
      "max_displacement": 0.000032129480864370455,
      "max_stress": 29511.98262403783
    }
  ]
}