{
  "repeat": 3,
  "profile": "hundred_k",
  "matrix": "compound-core",
  "generated_at_unix_s": 1781955141,
  "cases": [
    {
      "id": "truss-roof-100k",
      "family": "truss_2d",
      "ok": true,
      "error": null,
      "repeat": 3,
      "min_ms": 7251.161346,
      "median_ms": 7318.934128999999,
      "mean_ms": 7305.339678333333,
      "p95_ms": 7345.92356,
      "max_ms": 7345.92356,
      "dof_count": 199712,
      "node_count": 99856,
      "element_count": 397530,
      "peak_rss_kib": 436428,
      "max_displacement": 4.680653706878776e-6,
      "max_stress": 50963.909179559756
    },
    {
      "id": "space-frame-100k",
      "family": "truss_3d",
      "ok": true,
      "error": null,
      "repeat": 3,
      "min_ms": 162.764912,
      "median_ms": 171.194429,
      "mean_ms": 169.600916,
      "p95_ms": 174.843407,
      "max_ms": 174.843407,
      "dof_count": 301056,
      "node_count": 100352,
      "element_count": 449792,
      "peak_rss_kib": 436428,
      "max_displacement": 6.386207633846831e-6,
      "max_stress": 47896.557253851235
    },
    {
      "id": "heat-plane-quad-100k",
      "family": "heat_plane_quad_2d",
      "ok": true,
      "error": null,
      "repeat": 3,
      "min_ms": 279081.425224,
      "median_ms": 279223.94509,
      "mean_ms": 279508.4415403333,
      "p95_ms": 280219.95430700004,
      "max_ms": 280219.95430700004,
      "dof_count": 99856,
      "node_count": 99856,
      "element_count": 99225,
      "peak_rss_kib": 436428,
      "max_displacement": 1854.722417136578,
      "max_stress": 2335.818460607875
    },
    {
      "id": "compound-surface-panel-100k",
      "family": "plane_quad_2d",
      "ok": true,
      "error": null,
      "repeat": 3,
      "min_ms": 288066.285124,
      "median_ms": 288360.27546100004,
      "mean_ms": 288534.46240400005,
      "p95_ms": 289176.826627,
      "max_ms": 289176.826627,
      "dof_count": 199712,
      "node_count": 99856,
      "element_count": 99225,
      "peak_rss_kib": 523184,
      "max_displacement": 0.00010146568429886465,
      "max_stress": 39150.93798978
    }
  ]
}