{
  "repeat": 3,
  "profile": "twenty_k",
  "matrix": "compound-core",
  "generated_at_unix_s": 1781950728,
  "cases": [
    {
      "id": "truss-roof-20k",
      "family": "truss_2d",
      "ok": true,
      "error": null,
      "repeat": 3,
      "min_ms": 1171.8992079999998,
      "median_ms": 1180.23425,
      "mean_ms": 1181.2119303333332,
      "p95_ms": 1191.5023330000001,
      "max_ms": 1191.5023330000001,
      "dof_count": 39762,
      "node_count": 19881,
      "element_count": 78680,
      "peak_rss_kib": 95680,
      "max_displacement": 3.928579924204114e-6,
      "max_stress": 50802.758507024366
    },
    {
      "id": "space-frame-20k",
      "family": "truss_3d",
      "ok": true,
      "error": null,
      "repeat": 3,
      "min_ms": 36.019041,
      "median_ms": 36.252834,
      "mean_ms": 36.77219433333334,
      "p95_ms": 38.044708,
      "max_ms": 38.044708,
      "dof_count": 60000,
      "node_count": 20000,
      "element_count": 89200,
      "peak_rss_kib": 112656,
      "max_displacement": 4.586921639161316e-6,
      "max_stress": 48162.67721119382
    },
    {
      "id": "heat-plane-quad-20k",
      "family": "heat_plane_quad_2d",
      "ok": true,
      "error": null,
      "repeat": 3,
      "min_ms": 17482.539333999997,
      "median_ms": 17794.369292,
      "mean_ms": 18407.724778,
      "p95_ms": 19946.265708,
      "max_ms": 19946.265708,
      "dof_count": 19881,
      "node_count": 19881,
      "element_count": 19600,
      "peak_rss_kib": 113632,
      "max_displacement": 864.0612475980233,
      "max_stress": 2032.285481339834
    },
    {
      "id": "compound-surface-panel-20k",
      "family": "plane_quad_2d",
      "ok": true,
      "error": null,
      "repeat": 3,
      "min_ms": 20647.355333,
      "median_ms": 20707.079542,
      "mean_ms": 20976.539138666667,
      "p95_ms": 21575.182541000002,
      "max_ms": 21575.182541000002,
      "dof_count": 39762,
      "node_count": 19881,
      "element_count": 19600,
      "peak_rss_kib": 140672,
      "max_displacement": 0.000045300443814442076,
      "max_stress": 32082.359637559923
    }
  ]
}