{
  "repeat": 5,
  "profile": "medium",
  "generated_at_unix_s": 1775622363,
  "cases": [
    {
      "id": "axial-bar-medium",
      "family": "axial_bar_1d",
      "ok": true,
      "error": null,
      "repeat": 5,
      "min_ms": 0.028541999999999998,
      "median_ms": 0.030417,
      "mean_ms": 0.06961700000000001,
      "p95_ms": 0.22525,
      "max_ms": 0.22525,
      "dof_count": 120,
      "node_count": 121,
      "element_count": 120,
      "peak_rss_kib": 2000,
      "max_displacement": 0.00005142857142857143,
      "max_stress": 180000.00000000032
    },
    {
      "id": "truss-roof-medium",
      "family": "truss_2d",
      "ok": true,
      "error": null,
      "repeat": 5,
      "min_ms": 1.1635,
      "median_ms": 1.181708,
      "mean_ms": 2.3424918,
      "p95_ms": 6.4127089999999995,
      "max_ms": 6.4127089999999995,
      "dof_count": 50,
      "node_count": 25,
      "element_count": 47,
      "peak_rss_kib": 2224,
      "max_displacement": 3.4761891783052785e-7,
      "max_stress": 1588.8888888888819
    },
    {
      "id": "space-frame-medium",
      "family": "truss_3d",
      "ok": true,
      "error": null,
      "repeat": 5,
      "min_ms": 4.307,
      "median_ms": 4.5514589999999995,
      "mean_ms": 4.8038168,
      "p95_ms": 5.739167,
      "max_ms": 5.739167,
      "dof_count": 150,
      "node_count": 50,
      "element_count": 185,
      "peak_rss_kib": 2528,
      "max_displacement": 1.2792682723761359e-6,
      "max_stress": 91211.62885622212
    },
    {
      "id": "plane-panel-medium",
      "family": "plane_triangle_2d",
      "ok": true,
      "error": null,
      "repeat": 5,
      "min_ms": 2.594208,
      "median_ms": 2.759541,
      "mean_ms": 2.8189414000000004,
      "p95_ms": 3.1433329999999997,
      "max_ms": 3.1433329999999997,
      "dof_count": 70,
      "node_count": 35,
      "element_count": 48,
      "peak_rss_kib": 2784,
      "max_displacement": 3.135354809697613e-6,
      "max_stress": 25684.33130600423
    }
  ]
}