{
  "schema_version": "kyuubiki.headless-execution-run/v1",
  "workflow_id": "template.material_composite_thermo_electric_panel_screening",
  "mode": "execute:service",
  "status": "ok",
  "executed_step_count": 9,
  "warning_count": 0,
  "blocked_by_confirmation": null,
  "validation": {
    "ok": true,
    "issue_count": 0,
    "issues": [],
    "warning_count": 0,
    "warnings": [],
    "summary": {
      "schema_version": "kyuubiki.headless-execution-batch/v1",
      "workflow_id": "template.material_composite_thermo_electric_panel_screening",
      "template_id": "material_composite_thermo_electric_panel_screening",
      "exported_at": "1970-01-01T00:00:00.000Z",
      "language": "en",
      "step_count": 9,
      "warning_count": 0,
      "actions": [
        "solve_composite_thermo_electric_panel",
        "job_wait",
        "result_fetch",
        "solve_composite_thermo_electric_panel",
        "job_wait",
        "result_fetch",
        "solve_composite_thermo_electric_panel",
        "job_wait",
        "result_fetch"
      ]
    },
    "policy": {
      "required_engines": [
        "service"
      ],
      "engine_counts": {
        "service": 9,
        "browser": 0
      },
      "risk_counts": {
        "destructive": 0,
        "sensitive": 0,
        "normal": 9
      },
      "recommended_runtime": "service_only",
      "needs_desktop_browser": false,
      "safe_for_service_only": true,
      "notes": []
    }
  },
  "execution_summary": {
    "schema_version": "kyuubiki.headless-execution-summary/v1",
    "job_count": 3,
    "job_ids": [
      "6226eca96dd00a73",
      "2d151284bb0d54ab",
      "6ad8ba6ea509af2f"
    ],
    "jobs": [
      {
        "job_id": "6226eca96dd00a73",
        "status": "completed",
        "worker_id": "rust-agent-rpc@127.0.0.1:5002",
        "phase": "execution",
        "created_at": "2026-08-13T10:07:55.438609Z",
        "execution_started_at": "2026-08-13T10:07:55.462766Z",
        "updated_at": "2026-08-13T10:08:07.613946Z",
        "queue_wait_ms": 24,
        "execution_elapsed_ms": 12151,
        "total_elapsed_ms": 12175,
        "effective_timeout_ms": 120000,
        "effective_deadline": "2026-08-13T10:09:55.462766Z"
      },
      {
        "job_id": "2d151284bb0d54ab",
        "status": "completed",
        "worker_id": "rust-agent-rpc@127.0.0.1:5001",
        "phase": "execution",
        "created_at": "2026-08-13T10:08:08.004854Z",
        "execution_started_at": "2026-08-13T10:08:08.026562Z",
        "updated_at": "2026-08-13T10:08:17.124691Z",
        "queue_wait_ms": 21,
        "execution_elapsed_ms": 9098,
        "total_elapsed_ms": 9119,
        "effective_timeout_ms": 120000,
        "effective_deadline": "2026-08-13T10:10:08.026562Z"
      },
      {
        "job_id": "6ad8ba6ea509af2f",
        "status": "completed",
        "worker_id": "rust-agent-rpc@127.0.0.1:5002",
        "phase": "execution",
        "created_at": "2026-08-13T10:08:17.220053Z",
        "execution_started_at": "2026-08-13T10:08:17.226320Z",
        "updated_at": "2026-08-13T10:08:29.377577Z",
        "queue_wait_ms": 6,
        "execution_elapsed_ms": 12151,
        "total_elapsed_ms": 12157,
        "effective_timeout_ms": 120000,
        "effective_deadline": "2026-08-13T10:10:17.226320Z"
      }
    ],
    "failure": null
  },
  "steps": [
    {
      "index": 1,
      "action": "solve_composite_thermo_electric_panel",
      "risk": "normal",
      "status": "executed",
      "payload": {
        "electric_conduction_feedback": {
          "parameter_source": "screening_reference_not_material_card",
          "regions": [
            {
              "element_id": "conductor_left",
              "reference_resistivity_ohm_m": 1.68e-8,
              "reference_temperature_c": 35.0,
              "resistivity_temperature_coefficient_1_k": 0.00393
            }
          ]
        },
        "electric_conduction_model": {
          "contact_interfaces": [],
          "elements": [
            {
              "electrical_conductivity_s_m": 59523809.523809515,
              "id": "conductor_left",
              "node_i": 0,
              "node_j": 1,
              "node_k": 2,
              "node_l": 3,
              "thickness": 0.001
            }
          ],
          "nodes": [
            {
              "current_source_a": 0.0,
              "electric_potential_v": 0.0,
              "fix_electric_potential": true,
              "id": "n0",
              "x": 0.0,
              "y": 0.0
            },
            {
              "current_source_a": 0.0,
              "electric_potential_v": 0.000033600000000000004,
              "fix_electric_potential": true,
              "id": "n1",
              "x": 0.03,
              "y": 0.0
            },
            {
              "current_source_a": 0.0,
              "electric_potential_v": 0.000033600000000000004,
              "fix_electric_potential": true,
              "id": "n5",
              "x": 0.03,
              "y": 0.03
            },
            {
              "current_source_a": 0.0,
              "electric_potential_v": 0.0,
              "fix_electric_potential": true,
              "id": "n4",
              "x": 0.0,
              "y": 0.03
            }
          ],
          "terminals": []
        },
        "electrostatic_model": {
          "elements": [
            {
              "id": "conductor_left",
              "node_i": 0,
              "node_j": 1,
              "node_k": 5,
              "node_l": 4,
              "permittivity": 1.0,
              "thickness": 0.001
            },
            {
              "id": "dielectric_core",
              "node_i": 1,
              "node_j": 2,
              "node_k": 6,
              "node_l": 5,
              "permittivity": 3.4,
              "thickness": 0.001
            },
            {
              "id": "substrate_right",
              "node_i": 2,
              "node_j": 3,
              "node_k": 7,
              "node_l": 6,
              "permittivity": 4.2,
              "thickness": 0.001
            }
          ],
          "nodes": [
            {
              "charge_density": 0.0,
              "fix_potential": true,
              "id": "n0",
              "potential": 0.0,
              "x": 0.0,
              "y": 0.0
            },
            {
              "charge_density": 0.0,
              "fix_potential": false,
              "id": "n1",
              "potential": 0.0,
              "x": 0.03,
              "y": 0.0
            },
            {
              "charge_density": 0.0,
              "fix_potential": false,
              "id": "n2",
              "potential": 0.0,
              "x": 0.06,
              "y": 0.0
            },
            {
              "charge_density": 0.0,
              "fix_potential": true,
              "id": "n3",
              "potential": 1000,
              "x": 0.09,
              "y": 0.0
            },
            {
              "charge_density": 0.0,
              "fix_potential": true,
              "id": "n4",
              "potential": 0.0,
              "x": 0.0,
              "y": 0.03
            },
            {
              "charge_density": 0.0,
              "fix_potential": false,
              "id": "n5",
              "potential": 0.0,
              "x": 0.03,
              "y": 0.03
            },
            {
              "charge_density": 0.0,
              "fix_potential": false,
              "id": "n6",
              "potential": 0.0,
              "x": 0.06,
              "y": 0.03
            },
            {
              "charge_density": 0.0,
              "fix_potential": true,
              "id": "n7",
              "potential": 1000,
              "x": 0.09,
              "y": 0.03
            }
          ]
        },
        "electrothermal_feedback": {
          "conductivity_relative_change_tolerance": 1e-9,
          "loss_relative_change_tolerance": 1e-9,
          "loss_tangent_temperature_coefficient_1_k": 0.001,
          "max_iterations": 12,
          "parameter_source": "screening_sensitivity_not_material_card",
          "relative_permittivity_temperature_coefficient_1_k": 0.0001,
          "relaxation_factor": 0.8,
          "temperature_residual_tolerance_c": 1e-7,
          "thermal_conductivity_models": [
            {
              "element_id": "conductor_left",
              "reference_temperature_c": 35.0,
              "temperature_coefficient_1_k": -0.001
            },
            {
              "element_id": "dielectric_core",
              "reference_temperature_c": 35.0,
              "temperature_coefficient_1_k": -0.002
            },
            {
              "element_id": "substrate_right",
              "reference_temperature_c": 35.0,
              "temperature_coefficient_1_k": -0.0012
            }
          ]
        },
        "electrothermal_loss": {
          "frequency_hz": 10000000.0,
          "loss_tangent": 0.008,
          "reference_temperature_c": 35.0,
          "relative_permittivity": 3.4,
          "source_element_id": "dielectric_core"
        },
        "heat_model": {
          "elements": [
            {
              "conductivity": 390.0,
              "id": "conductor_left",
              "node_i": 0,
              "node_j": 1,
              "node_k": 5,
              "node_l": 4,
              "thickness": 0.001
            },
            {
              "conductivity": 0.25,
              "id": "dielectric_core",
              "node_i": 1,
              "node_j": 2,
              "node_k": 6,
              "node_l": 5,
              "thickness": 0.001
            },
            {
              "conductivity": 160.0,
              "id": "substrate_right",
              "node_i": 2,
              "node_j": 3,
              "node_k": 7,
              "node_l": 6,
              "thickness": 0.001
            }
          ],
          "nodes": [
            {
              "fix_temperature": false,
              "heat_load": 0.0,
              "id": "n0",
              "temperature": 35.0,
              "x": 0.0,
              "y": 0.0
            },
            {
              "fix_temperature": false,
              "heat_load": 0.0,
              "id": "n1",
              "temperature": 35.0,
              "x": 0.03,
              "y": 0.0
            },
            {
              "fix_temperature": false,
              "heat_load": 0.0,
              "id": "n2",
              "temperature": 35.0,
              "x": 0.06,
              "y": 0.0
            },
            {
              "fix_temperature": true,
              "heat_load": 0.0,
              "id": "n3",
              "temperature": 35.0,
              "x": 0.09,
              "y": 0.0
            },
            {
              "fix_temperature": false,
              "heat_load": 0.0,
              "id": "n4",
              "temperature": 35.0,
              "x": 0.0,
              "y": 0.03
            },
            {
              "fix_temperature": false,
              "heat_load": 0.0,
              "id": "n5",
              "temperature": 35.0,
              "x": 0.03,
              "y": 0.03
            },
            {
              "fix_temperature": false,
              "heat_load": 0.0,
              "id": "n6",
              "temperature": 35.0,
              "x": 0.06,
              "y": 0.03
            },
            {
              "fix_temperature": true,
              "heat_load": 0.0,
              "id": "n7",
              "temperature": 35.0,
              "x": 0.09,
              "y": 0.03
            }
          ]
        },
        "research": {
          "candidate_id": "copper_polyimide_aluminum",
          "candidate_label": "Copper / Polyimide / Aluminum",
          "coupling": "iterative_dielectric_and_conductor_joule_heating_with_temperature_dependent_electrical_thermal_feedback_and_expansion_projection",
          "materials": {
            "conductor": "copper",
            "dielectric": "polyimide",
            "substrate": "aluminum_6061"
          },
          "study": "material.composite_thermo_electric_panel.v1"
        },
        "thermal_expansion_feedback": {
          "parameter_source": "screening_sensitivity_not_material_card",
          "regions": [
            {
              "element_id": "conductor_left",
              "reference_temperature_c": 35.0,
              "temperature_coefficient_1_k": 0.0002
            },
            {
              "element_id": "dielectric_core",
              "reference_temperature_c": 35.0,
              "temperature_coefficient_1_k": 0.0008
            },
            {
              "element_id": "substrate_right",
              "reference_temperature_c": 35.0,
              "temperature_coefficient_1_k": 0.0003
            }
          ]
        },
        "thermal_model": {
          "elements": [
            {
              "id": "conductor_left",
              "node_i": 0,
              "node_j": 1,
              "node_k": 5,
              "node_l": 4,
              "poisson_ratio": 0.32,
              "thermal_expansion": 0.000017,
              "thickness": 0.001,
              "youngs_modulus": 110000000000.0
            },
            {
              "id": "dielectric_core",
              "node_i": 1,
              "node_j": 2,
              "node_k": 6,
              "node_l": 5,
              "poisson_ratio": 0.32,
              "thermal_expansion": 0.000045,
              "thickness": 0.001,
              "youngs_modulus": 2500000000.0
            },
            {
              "id": "substrate_right",
              "node_i": 2,
              "node_j": 3,
              "node_k": 7,
              "node_l": 6,
              "poisson_ratio": 0.32,
              "thermal_expansion": 0.0000236,
              "thickness": 0.001,
              "youngs_modulus": 68900000000.0
            }
          ],
          "nodes": [
            {
              "fix_x": true,
              "fix_y": true,
              "id": "n0",
              "load_x": 0.0,
              "load_y": 0.0,
              "temperature_delta": 0.0,
              "x": 0.0,
              "y": 0.0
            },
            {
              "fix_x": false,
              "fix_y": false,
              "id": "n1",
              "load_x": 0.0,
              "load_y": 0.0,
              "temperature_delta": 0.0,
              "x": 0.03,
              "y": 0.0
            },
            {
              "fix_x": false,
              "fix_y": false,
              "id": "n2",
              "load_x": 0.0,
              "load_y": 0.0,
              "temperature_delta": 0.0,
              "x": 0.06,
              "y": 0.0
            },
            {
              "fix_x": false,
              "fix_y": false,
              "id": "n3",
              "load_x": 0.0,
              "load_y": 0.0,
              "temperature_delta": 0.0,
              "x": 0.09,
              "y": 0.0
            },
            {
              "fix_x": true,
              "fix_y": true,
              "id": "n4",
              "load_x": 0.0,
              "load_y": 0.0,
              "temperature_delta": 0.0,
              "x": 0.0,
              "y": 0.03
            },
            {
              "fix_x": false,
              "fix_y": false,
              "id": "n5",
              "load_x": 0.0,
              "load_y": 0.0,
              "temperature_delta": 0.0,
              "x": 0.03,
              "y": 0.03
            },
            {
              "fix_x": false,
              "fix_y": false,
              "id": "n6",
              "load_x": 0.0,
              "load_y": 0.0,
              "temperature_delta": 0.0,
              "x": 0.06,
              "y": 0.03
            },
            {
              "fix_x": false,
              "fix_y": false,
              "id": "n7",
              "load_x": 0.0,
              "load_y": 0.0,
              "temperature_delta": 0.0,
              "x": 0.09,
              "y": 0.03
            }
          ]
        }
      },
      "result_preview": {
        "job": {
          "created_at": "2026-08-13T10:07:55.438609Z",
          "execution_started_at": null,
          "execution_timeout_ms": 120000,
          "has_result": false,
          "iteration": null,
          "job_id": "6226eca96dd00a73",
          "message": null,
          "model_version_id": null,
          "progress": 0.0,
          "project_id": "69eb6a2f1d86bcfd",
          "queue_timeout_ms": 1800000,
          "residual": null,
          "simulation_case_id": "33204ff11552cdec",
          "status": "queued",
          "status_detail": {
            "active": true,
            "failure_class": null,
            "lifecycle": "active",
            "recoverable": false,
            "terminal": false,
            "timing": {
              "effective_deadline": "2026-08-13T10:37:55.438609Z",
              "effective_timeout_ms": 1800000,
              "execution_elapsed_ms": null,
              "execution_started_at": null,
              "execution_timeout_ms": 120000,
              "job_submission_deadline": "2026-08-13T10:37:55.438609Z",
              "phase": "queue",
              "queue_timeout_ms": 1800000,
              "queue_wait_ms": 0,
              "total_elapsed_ms": 0
            }
          },
          "updated_at": "2026-08-13T10:07:55.438609Z",
          "worker_id": null
        },
        "job_id": "6226eca96dd00a73",
        "progress": 0.0,
        "raw": {
          "job": {
            "created_at": "2026-08-13T10:07:55.438609Z",
            "execution_started_at": null,
            "execution_timeout_ms": 120000,
            "has_result": false,
            "iteration": null,
            "job_id": "6226eca96dd00a73",
            "message": null,
            "model_version_id": null,
            "progress": 0.0,
            "project_id": "69eb6a2f1d86bcfd",
            "queue_timeout_ms": 1800000,
            "residual": null,
            "simulation_case_id": "33204ff11552cdec",
            "status": "queued",
            "status_detail": {
              "active": true,
              "failure_class": null,
              "lifecycle": "active",
              "recoverable": false,
              "terminal": false,
              "timing": {
                "effective_deadline": "2026-08-13T10:37:55.438609Z",
                "effective_timeout_ms": 1800000,
                "execution_elapsed_ms": null,
                "execution_started_at": null,
                "execution_timeout_ms": 120000,
                "job_submission_deadline": "2026-08-13T10:37:55.438609Z",
                "phase": "queue",
                "queue_timeout_ms": 1800000,
                "queue_wait_ms": 0,
                "total_elapsed_ms": 0
              }
            },
            "updated_at": "2026-08-13T10:07:55.438609Z",
            "worker_id": null
          }
        },
        "status": "queued"
      },
      "requires_confirmation": false
    },
    {
      "index": 2,
      "action": "job_wait",
      "risk": "normal",
      "status": "executed",
      "payload": {
        "interval_ms": 1000,
        "job_id": "6226eca96dd00a73",
        "max_total_timeout_ms": 3600000,
        "resume_policy": "server_deadline",
        "timeout_ms": 60000
      },
      "result_preview": {
        "job": {
          "created_at": "2026-08-13T10:07:55.438609Z",
          "execution_started_at": "2026-08-13T10:07:55.462766Z",
          "execution_timeout_ms": 120000,
          "iteration": 4,
          "job_id": "6226eca96dd00a73",
          "message": "collecting nodal and elemental responses",
          "model_version_id": null,
          "progress": 1.0,
          "project_id": "69eb6a2f1d86bcfd",
          "queue_timeout_ms": 1800000,
          "residual": 0.2,
          "simulation_case_id": "33204ff11552cdec",
          "status": "completed",
          "status_detail": {
            "active": false,
            "failure_class": null,
            "lifecycle": "terminal",
            "recoverable": false,
            "terminal": true,
            "timing": {
              "effective_deadline": "2026-08-13T10:09:55.462766Z",
              "effective_timeout_ms": 120000,
              "execution_elapsed_ms": 12151,
              "execution_started_at": "2026-08-13T10:07:55.462766Z",
              "execution_timeout_ms": 120000,
              "job_submission_deadline": "2026-08-13T10:37:55.438609Z",
              "phase": "execution",
              "queue_timeout_ms": 1800000,
              "queue_wait_ms": 24,
              "total_elapsed_ms": 12175
            }
          },
          "updated_at": "2026-08-13T10:08:07.613946Z",
          "worker_id": "rust-agent-rpc@127.0.0.1:5002"
        },
        "job_id": "6226eca96dd00a73",
        "progress": 1.0,
        "raw": {
          "job": {
            "created_at": "2026-08-13T10:07:55.438609Z",
            "execution_started_at": "2026-08-13T10:07:55.462766Z",
            "execution_timeout_ms": 120000,
            "iteration": 4,
            "job_id": "6226eca96dd00a73",
            "message": "collecting nodal and elemental responses",
            "model_version_id": null,
            "progress": 1.0,
            "project_id": "69eb6a2f1d86bcfd",
            "queue_timeout_ms": 1800000,
            "residual": 0.2,
            "simulation_case_id": "33204ff11552cdec",
            "status": "completed",
            "status_detail": {
              "active": false,
              "failure_class": null,
              "lifecycle": "terminal",
              "recoverable": false,
              "terminal": true,
              "timing": {
                "effective_deadline": "2026-08-13T10:09:55.462766Z",
                "effective_timeout_ms": 120000,
                "execution_elapsed_ms": 12151,
                "execution_started_at": "2026-08-13T10:07:55.462766Z",
                "execution_timeout_ms": 120000,
                "job_submission_deadline": "2026-08-13T10:37:55.438609Z",
                "phase": "execution",
                "queue_timeout_ms": 1800000,
                "queue_wait_ms": 24,
                "total_elapsed_ms": 12175
              }
            },
            "updated_at": "2026-08-13T10:08:07.613946Z",
            "worker_id": "rust-agent-rpc@127.0.0.1:5002"
          }
        },
        "result": null,
        "status": "completed",
        "wait": {
          "elapsed_ms": 12513,
          "policy": "server_deadline",
          "poll_attempts": 13,
          "resume_count": 0
        }
      },
      "requires_confirmation": false
    },
    {
      "index": 3,
      "action": "result_fetch",
      "risk": "normal",
      "status": "executed",
      "payload": {
        "job_id": "6226eca96dd00a73"
      },
      "result_preview": {
        "job": {
          "created_at": "2026-08-13T10:07:55.438609Z",
          "execution_started_at": "2026-08-13T10:07:55.462766Z",
          "execution_timeout_ms": 120000,
          "has_result": true,
          "iteration": 4,
          "job_id": "6226eca96dd00a73",
          "message": "collecting nodal and elemental responses",
          "model_version_id": null,
          "progress": 1.0,
          "project_id": "69eb6a2f1d86bcfd",
          "queue_timeout_ms": 1800000,
          "residual": 0.2,
          "simulation_case_id": "33204ff11552cdec",
          "status": "completed",
          "status_detail": {
            "active": false,
            "failure_class": null,
            "lifecycle": "terminal",
            "recoverable": false,
            "terminal": true,
            "timing": {
              "effective_deadline": "2026-08-13T10:09:55.462766Z",
              "effective_timeout_ms": 120000,
              "execution_elapsed_ms": 12151,
              "execution_started_at": "2026-08-13T10:07:55.462766Z",
              "execution_timeout_ms": 120000,
              "job_submission_deadline": "2026-08-13T10:37:55.438609Z",
              "phase": "execution",
              "queue_timeout_ms": 1800000,
              "queue_wait_ms": 24,
              "total_elapsed_ms": 12175
            }
          },
          "updated_at": "2026-08-13T10:08:07.613946Z",
          "worker_id": "rust-agent-rpc@127.0.0.1:5002"
        },
        "job_id": "6226eca96dd00a73",
        "result": {
          "electric_conduction": {
            "contact_interfaces": [],
            "current_balance_relative_error": 0.0,
            "elements": [
              {
                "area_m2": 0.0009,
                "average_electric_potential_v": 0.000016800000000000002,
                "current_density_magnitude_a_m2": 66304.7006463537,
                "current_density_x_a_m2": -66304.7006463537,
                "current_density_y_a_m2": -0.0,
                "electric_field_magnitude_v_m": 0.00112,
                "electric_field_x_v_m": -0.00112,
                "electric_field_y_v_m": -0.0,
                "electric_potential_gradient_x_v_m": 0.00112,
                "electric_potential_gradient_y_v_m": 0.0,
                "id": "conductor_left",
                "index": 0,
                "joule_power_w": 0.00006683513825152455,
                "node_i": 0,
                "node_j": 1,
                "node_k": 2,
                "node_l": 3,
                "peak_current_density_magnitude_a_m2": 66304.7006463537,
                "peak_electric_field_magnitude_v_m": 0.00112,
                "rms_current_density_magnitude_a_m2": 66304.7006463537,
                "rms_electric_field_magnitude_v_m": 0.00112,
                "volumetric_joule_heating_w_m3": 74.26126472391616
              }
            ],
            "free_current_residual_relative_error": 0.0,
            "input": {
              "contact_interfaces": [],
              "elements": [
                {
                  "electrical_conductivity_s_m": 59200625.577101514,
                  "id": "conductor_left",
                  "node_i": 0,
                  "node_j": 1,
                  "node_k": 2,
                  "node_l": 3,
                  "thickness": 0.001
                }
              ],
              "nodes": [
                {
                  "current_source_a": 0.0,
                  "electric_potential_v": 0.0,
                  "fix_electric_potential": true,
                  "id": "n0",
                  "x": 0.0,
                  "y": 0.0
                },
                {
                  "current_source_a": 0.0,
                  "electric_potential_v": 0.000033600000000000004,
                  "fix_electric_potential": true,
                  "id": "n1",
                  "x": 0.03,
                  "y": 0.0
                },
                {
                  "current_source_a": 0.0,
                  "electric_potential_v": 0.000033600000000000004,
                  "fix_electric_potential": true,
                  "id": "n5",
                  "x": 0.03,
                  "y": 0.03
                },
                {
                  "current_source_a": 0.0,
                  "electric_potential_v": 0.0,
                  "fix_electric_potential": true,
                  "id": "n4",
                  "x": 0.0,
                  "y": 0.03
                }
              ],
              "terminals": []
            },
            "max_current_density_a_m2": 66304.7006463537,
            "max_electric_field_v_m": 0.00112,
            "max_electric_potential_v": 0.000033600000000000004,
            "max_free_current_residual_a": 0.0,
            "nodes": [
              {
                "current_source_a": 0.0,
                "electric_potential_v": 0.0,
                "fix_electric_potential": true,
                "id": "n0",
                "index": 0,
                "net_injected_current_a": -0.9945705096953056,
                "reaction_current_a": -0.9945705096953056,
                "x": 0.0,
                "y": 0.0
              },
              {
                "current_source_a": 0.0,
                "electric_potential_v": 0.000033600000000000004,
                "fix_electric_potential": true,
                "id": "n1",
                "index": 1,
                "net_injected_current_a": 0.9945705096953056,
                "reaction_current_a": 0.9945705096953056,
                "x": 0.03,
                "y": 0.0
              },
              {
                "current_source_a": 0.0,
                "electric_potential_v": 0.000033600000000000004,
                "fix_electric_potential": true,
                "id": "n5",
                "index": 2,
                "net_injected_current_a": 0.9945705096953056,
                "reaction_current_a": 0.9945705096953056,
                "x": 0.03,
                "y": 0.03
              },
              {
                "current_source_a": 0.0,
                "electric_potential_v": 0.0,
                "fix_electric_potential": true,
                "id": "n4",
                "index": 3,
                "net_injected_current_a": -0.9945705096953056,
                "reaction_current_a": -0.9945705096953056,
                "x": 0.0,
                "y": 0.03
              }
            ],
            "power_balance_relative_error": 0.0,
            "source_power_balance_relative_error": 0.0,
            "terminals": [],
            "total_bulk_joule_power_w": 0.00006683513825152455,
            "total_contact_joule_power_w": -0.0,
            "total_dissipated_power_w": 0.00006683513825152455,
            "total_electrical_input_power_w": 0.00006683513825152455,
            "total_extracted_current_a": 1.9891410193906112,
            "total_injected_current_a": 1.9891410193906112,
            "total_joule_power_w": 0.00006683513825152455,
            "total_source_power_w": 0.00006683513825152455,
            "total_terminal_impedance_power_w": -0.0
          },
          "electrostatic": {
            "elements": [
              {
                "area": 0.0009,
                "average_potential": 326.3297738312192,
                "electric_energy_density": 236646936.1971882,
                "electric_field_magnitude": 21755.318255414615,
                "electric_field_x": -21755.318255414615,
                "electric_field_y": 1.8189894035458565e-12,
                "electric_flux_density_magnitude": 21755.318255414615,
                "electric_flux_density_x": -21755.318255414615,
                "electric_flux_density_y": 1.8189894035458565e-12,
                "id": "conductor_left",
                "index": 0,
                "node_i": 0,
                "node_j": 1,
                "node_k": 5,
                "node_l": 4,
                "potential_gradient_x": 21755.318255414615,
                "potential_gradient_y": -1.8189894035458565e-12,
                "stored_energy": 212.98224257746935
              },
              {
                "area": 0.0009,
                "average_potential": 748.6322086333097,
                "electric_energy_density": 69597192.77467722,
                "electric_field_magnitude": 6398.177398058091,
                "electric_field_x": -6398.177398058091,
                "electric_field_y": 3.637978807091713e-12,
                "electric_flux_density_magnitude": 21755.318255414622,
                "electric_flux_density_x": -21755.318255414622,
                "electric_flux_density_y": 1.2369989425231512e-11,
                "id": "dielectric_core",
                "index": 1,
                "node_i": 1,
                "node_j": 2,
                "node_k": 6,
                "node_l": 5,
                "potential_gradient_x": 6398.177398058091,
                "potential_gradient_y": -3.637978807091713e-12,
                "stored_energy": 62.6374734972095
              },
              {
                "area": 0.0009,
                "average_potential": 922.3024348020906,
                "electric_energy_density": 56344508.61837831,
                "electric_field_magnitude": 5179.8376798606305,
                "electric_field_x": -5179.8376798606305,
                "electric_field_y": 1.8189894035458565e-12,
                "electric_flux_density_magnitude": 21755.318255414648,
                "electric_flux_density_x": -21755.318255414648,
                "electric_flux_density_y": 7.639755494892598e-12,
                "id": "substrate_right",
                "index": 2,
                "node_i": 2,
                "node_j": 3,
                "node_k": 7,
                "node_l": 6,
                "potential_gradient_x": 5179.8376798606305,
                "potential_gradient_y": -1.8189894035458565e-12,
                "stored_energy": 50.710057756540486
              }
            ],
            "input": {
              "elements": [
                {
                  "id": "conductor_left",
                  "node_i": 0,
                  "node_j": 1,
                  "node_k": 5,
                  "node_l": 4,
                  "permittivity": 1.0,
                  "thickness": 0.001
                },
                {
                  "id": "dielectric_core",
                  "node_i": 1,
                  "node_j": 2,
                  "node_k": 6,
                  "node_l": 5,
                  "permittivity": 3.400236802127052,
                  "thickness": 0.001
                },
                {
                  "id": "substrate_right",
                  "node_i": 2,
                  "node_j": 3,
                  "node_k": 7,
                  "node_l": 6,
                  "permittivity": 4.2,
                  "thickness": 0.001
                }
              ],
              "nodes": [
                {
                  "charge_density": 0.0,
                  "fix_potential": true,
                  "id": "n0",
                  "potential": 0.0,
                  "x": 0.0,
                  "y": 0.0
                },
                {
                  "charge_density": 0.0,
                  "fix_potential": false,
                  "id": "n1",
                  "potential": 0.0,
                  "x": 0.03,
                  "y": 0.0
                },
                {
                  "charge_density": 0.0,
                  "fix_potential": false,
                  "id": "n2",
                  "potential": 0.0,
                  "x": 0.06,
                  "y": 0.0
                },
                {
                  "charge_density": 0.0,
                  "fix_potential": true,
                  "id": "n3",
                  "potential": 1000.0,
                  "x": 0.09,
                  "y": 0.0
                },
                {
                  "charge_density": 0.0,
                  "fix_potential": true,
                  "id": "n4",
                  "potential": 0.0,
                  "x": 0.0,
                  "y": 0.03
                },
                {
                  "charge_density": 0.0,
                  "fix_potential": false,
                  "id": "n5",
                  "potential": 0.0,
                  "x": 0.03,
                  "y": 0.03
                },
                {
                  "charge_density": 0.0,
                  "fix_potential": false,
                  "id": "n6",
                  "potential": 0.0,
                  "x": 0.06,
                  "y": 0.03
                },
                {
                  "charge_density": 0.0,
                  "fix_potential": true,
                  "id": "n7",
                  "potential": 1000.0,
                  "x": 0.09,
                  "y": 0.03
                }
              ]
            },
            "max_electric_energy_density": 236646936.1971882,
            "max_electric_field": 21755.318255414615,
            "max_flux_density": 21755.318255414648,
            "max_potential": 1000.0,
            "nodes": [
              {
                "charge_density": 0.0,
                "id": "n0",
                "index": 0,
                "potential": 0.0,
                "x": 0.0,
                "y": 0.0
              },
              {
                "charge_density": 0.0,
                "id": "n1",
                "index": 1,
                "potential": 652.6595476624384,
                "x": 0.03,
                "y": 0.0
              },
              {
                "charge_density": 0.0,
                "id": "n2",
                "index": 2,
                "potential": 844.6048696041811,
                "x": 0.06,
                "y": 0.0
              },
              {
                "charge_density": 0.0,
                "id": "n3",
                "index": 3,
                "potential": 1000.0,
                "x": 0.09,
                "y": 0.0
              },
              {
                "charge_density": 0.0,
                "id": "n4",
                "index": 4,
                "potential": 0.0,
                "x": 0.0,
                "y": 0.03
              },
              {
                "charge_density": 0.0,
                "id": "n5",
                "index": 5,
                "potential": 652.6595476624383,
                "x": 0.03,
                "y": 0.03
              },
              {
                "charge_density": 0.0,
                "id": "n6",
                "index": 6,
                "potential": 844.604869604181,
                "x": 0.06,
                "y": 0.03
              },
              {
                "charge_density": 0.0,
                "id": "n7",
                "index": 7,
                "potential": 1000.0,
                "x": 0.09,
                "y": 0.03
              }
            ],
            "total_stored_energy": 326.32977383121937
          },
          "electrostatic_mesh_convergence": {
            "finest_pair_relative_change": 3.7160556578300543e-16,
            "max_analytic_relative_error": 0.11111111111111084,
            "method": "structured_quad_h_refinement",
            "refinement_levels": [
              1,
              2,
              4,
              8
            ],
            "relative_error_tolerance": 1e-8,
            "samples": [
              {
                "analytic_relative_error": 0.11111111111111084,
                "element_count": 3,
                "elements_per_layer": 1,
                "max_electric_field_v_m": 21755.318255414615,
                "node_count": 8,
                "relative_change_from_previous": null
              },
              {
                "analytic_relative_error": 7.432111315660109e-16,
                "element_count": 6,
                "elements_per_layer": 2,
                "max_electric_field_v_m": 19579.786429873144,
                "node_count": 14,
                "relative_change_from_previous": 0.1111111111111116
              },
              {
                "analytic_relative_error": 2.2296333946980324e-15,
                "element_count": 12,
                "elements_per_layer": 4,
                "max_electric_field_v_m": 19579.7864298732,
                "node_count": 26,
                "relative_change_from_previous": 2.972844526264043e-15
              },
              {
                "analytic_relative_error": 1.8580278289150267e-15,
                "element_count": 24,
                "elements_per_layer": 8,
                "max_electric_field_v_m": 19579.786429873195,
                "node_count": 50,
                "relative_change_from_previous": 3.7160556578300543e-16
              }
            ],
            "schema_version": "kyuubiki.composite-electrostatic-mesh-convergence/v1",
            "status": "fail"
          },
          "electrothermal_feedback_convergence": {
            "conductivity_relative_change_tolerance": 1e-9,
            "converged": true,
            "final_loss_relative_change": 1.9956594874400769e-13,
            "final_max_conductivity_relative_change": 1.1818043920398974e-10,
            "final_temperature_residual_c": 2.9535520695844752e-8,
            "iteration_count": 12,
            "iterations": [
              {
                "converged": false,
                "coupling_temperature_c": 35.0,
                "dielectric_mean_temperature_c": 35.69587745982495,
                "iteration": 1,
                "loss_relative_change": null,
                "loss_tangent": 0.008,
                "max_conductivity_relative_change": null,
                "max_temperature_c": 36.38793624455302,
                "relative_permittivity": 3.4,
                "temperature_residual_c": 1.3878931676299402,
                "thermal_conductivity_updates": [
                  {
                    "conductivity_relative_change": null,
                    "conductivity_w_mk": 390.0,
                    "coupling_temperature_c": 35.0,
                    "element_id": "conductor_left",
                    "measured_mean_temperature_c": 36.38789316762994
                  },
                  {
                    "conductivity_relative_change": null,
                    "conductivity_w_mk": 0.25,
                    "coupling_temperature_c": 35.0,
                    "element_id": "dielectric_core",
                    "measured_mean_temperature_c": 35.69587745982495
                  },
                  {
                    "conductivity_relative_change": null,
                    "conductivity_w_mk": 160.0,
                    "coupling_temperature_c": 35.0,
                    "element_id": "substrate_right",
                    "measured_mean_temperature_c": 35.00195241447151
                  }
                ],
                "total_joule_loss_w": 0.0000672,
                "total_loss_w": 0.0005575726308829408
              },
              {
                "converged": false,
                "coupling_temperature_c": 35.55670196785996,
                "dielectric_mean_temperature_c": 35.696355797398226,
                "iteration": 2,
                "loss_relative_change": 1.100263172559456e-6,
                "loss_tangent": 0.00800445361574288,
                "max_conductivity_relative_change": 0.0011134039357199033,
                "max_temperature_c": 36.388892637723046,
                "relative_permittivity": 3.4001892786690724,
                "temperature_residual_c": 0.27853516617301466,
                "thermal_conductivity_updates": [
                  {
                    "conductivity_relative_change": 0.0011103145341038703,
                    "conductivity_w_mk": 389.5669773316995,
                    "coupling_temperature_c": 36.11031453410395,
                    "element_id": "conductor_left",
                    "measured_mean_temperature_c": 36.38884970027696
                  },
                  {
                    "conductivity_relative_change": 0.0011134039357199033,
                    "conductivity_w_mk": 0.24972164901607,
                    "coupling_temperature_c": 35.55670196785996,
                    "element_id": "dielectric_core",
                    "measured_mean_temperature_c": 35.696355797398226
                  },
                  {
                    "conductivity_relative_change": 1.8743178927138617e-6,
                    "conductivity_w_mk": 159.99970010913717,
                    "coupling_temperature_c": 35.00156193157721,
                    "element_id": "substrate_right",
                    "measured_mean_temperature_c": 35.001952415982785
                  }
                ],
                "total_joule_loss_w": 0.00006690804433190417,
                "total_loss_w": 0.0005578638991367196
              },
              {
                "converged": false,
                "coupling_temperature_c": 35.66842503149057,
                "dielectric_mean_temperature_c": 35.696452532185994,
                "iteration": 3,
                "loss_relative_change": 2.632541250878301e-7,
                "loss_tangent": 0.008005347400251925,
                "max_conductivity_relative_change": 0.00022369519036657335,
                "max_temperature_c": 36.3890860491411,
                "relative_permittivity": 3.400227264510707,
                "temperature_residual_c": 0.055900472485539865,
                "thermal_conductivity_updates": [
                  {
                    "conductivity_relative_change": 0.00022307581726050337,
                    "conductivity_w_mk": 389.4800743598535,
                    "coupling_temperature_c": 36.33314266704236,
                    "element_id": "conductor_left",
                    "measured_mean_temperature_c": 36.3890431395279
                  },
                  {
                    "conductivity_relative_change": 0.00022369519036657335,
                    "conductivity_w_mk": 0.24966578748425472,
                    "coupling_temperature_c": 35.66842503149057,
                    "element_id": "dielectric_core",
                    "measured_mean_temperature_c": 35.696452532185994
                  },
                  {
                    "conductivity_relative_change": 3.74865731946479e-7,
                    "conductivity_w_mk": 159.99964013073247,
                    "coupling_temperature_c": 35.00187431910167,
                    "element_id": "substrate_right",
                    "measured_mean_temperature_c": 35.001952417228644
                  }
                ],
                "total_joule_loss_w": 0.00006684975736317843,
                "total_loss_w": 0.0005579223505792367
              },
              {
                "converged": false,
                "coupling_temperature_c": 35.69084703204691,
                "dielectric_mean_temperature_c": 35.69647197564882,
                "iteration": 4,
                "loss_relative_change": 7.208894386759455e-8,
                "loss_tangent": 0.008005526776256374,
                "max_conductivity_relative_change": 0.000044904031069472694,
                "max_temperature_c": 36.38912492433334,
                "relative_permittivity": 3.400234887990896,
                "temperature_residual_c": 0.011218975268889151,
                "thermal_conductivity_updates": [
                  {
                    "conductivity_relative_change": 0.00004478007621879661,
                    "conductivity_w_mk": 389.462633412438,
                    "coupling_temperature_c": 36.37786304503079,
                    "element_id": "conductor_left",
                    "measured_mean_temperature_c": 36.38908202029968
                  },
                  {
                    "conductivity_relative_change": 0.000044904031069472694,
                    "conductivity_w_mk": 0.24965457648397657,
                    "coupling_temperature_c": 35.69084703204691,
                    "element_id": "dielectric_core",
                    "measured_mean_temperature_c": 35.69647197564882
                  },
                  {
                    "conductivity_relative_change": 7.497437041133811e-8,
                    "conductivity_w_mk": 159.9996281348602,
                    "coupling_temperature_c": 35.00193679760325,
                    "element_id": "substrate_right",
                    "measured_mean_temperature_c": 35.0019524175158
                  }
                ],
                "total_joule_loss_w": 0.00006683807172351623,
                "total_loss_w": 0.0005579340812580603
              },
              {
                "converged": false,
                "coupling_temperature_c": 35.695346986928435,
                "dielectric_mean_temperature_c": 35.696475878974574,
                "iteration": 5,
                "loss_relative_change": 1.5215538677207166e-8,
                "loss_tangent": 0.008005562775895427,
                "max_conductivity_relative_change": 9.012362090200188e-6,
                "max_temperature_c": 36.389132728627835,
                "relative_permittivity": 3.400236417975555,
                "temperature_residual_c": 0.002251600467808146,
                "thermal_conductivity_updates": [
                  {
                    "conductivity_relative_change": 8.987563847158034e-6,
                    "conductivity_w_mk": 389.4591330921541,
                    "coupling_temperature_c": 36.3868382252459,
                    "element_id": "conductor_left",
                    "measured_mean_temperature_c": 36.38908982571371
                  },
                  {
                    "conductivity_relative_change": 9.012362090200188e-6,
                    "conductivity_w_mk": 0.2496523265065358,
                    "coupling_temperature_c": 35.695346986928435,
                    "element_id": "dielectric_core",
                    "measured_mean_temperature_c": 35.696475878974574
                  },
                  {
                    "conductivity_relative_change": 1.4995150933248395e-8,
                    "conductivity_w_mk": 159.99962573564162,
                    "coupling_temperature_c": 35.00194929353329,
                    "element_id": "substrate_right",
                    "measured_mean_temperature_c": 35.00195241757478
                  }
                ],
                "total_joule_loss_w": 0.00006683572696002617,
                "total_loss_w": 0.0005579364355277953
              },
              {
                "converged": false,
                "coupling_temperature_c": 35.696250100565344,
                "dielectric_mean_temperature_c": 35.69647666238703,
                "iteration": 6,
                "loss_relative_change": 3.0783776561851193e-9,
                "loss_tangent": 0.008005570000804523,
                "max_conductivity_relative_change": 1.8087426814067743e-6,
                "max_temperature_c": 36.38913429497967,
                "relative_permittivity": 3.400236725034192,
                "temperature_residual_c": 0.0004518866700777835,
                "thermal_conductivity_updates": [
                  {
                    "conductivity_relative_change": 1.8037819279536591e-6,
                    "conductivity_w_mk": 389.45843059280816,
                    "coupling_temperature_c": 36.38863950562015,
                    "element_id": "conductor_left",
                    "measured_mean_temperature_c": 36.389091392290226
                  },
                  {
                    "conductivity_relative_change": 1.8087426814067743e-6,
                    "conductivity_w_mk": 0.24965187494971733,
                    "coupling_temperature_c": 35.696250100565344,
                    "element_id": "dielectric_core",
                    "measured_mean_temperature_c": 35.69647666238703
                  },
                  {
                    "conductivity_relative_change": 2.999086933063537e-9,
                    "conductivity_w_mk": 159.99962525578883,
                    "coupling_temperature_c": 35.001951792766484,
                    "element_id": "substrate_right",
                    "measured_mean_temperature_c": 35.00195241758664
                  }
                ],
                "total_joule_loss_w": 0.00006683525639582001,
                "total_loss_w": 0.0005579369080152861
              },
              {
                "converged": false,
                "coupling_temperature_c": 35.69643135002269,
                "dielectric_mean_temperature_c": 35.69647681960799,
                "iteration": 7,
                "loss_relative_change": 6.177277614388457e-10,
                "loss_tangent": 0.008005571450800181,
                "max_conductivity_relative_change": 3.6300439836106307e-7,
                "max_temperature_c": 36.38913460932666,
                "relative_permittivity": 3.4002367866590073,
                "temperature_residual_c": 0.00009069172610054466,
                "thermal_conductivity_updates": [
                  {
                    "conductivity_relative_change": 3.620120403190706e-7,
                    "conductivity_w_mk": 389.4582896041671,
                    "coupling_temperature_c": 36.38900101495621,
                    "element_id": "conductor_left",
                    "measured_mean_temperature_c": 36.38909170668231
                  },
                  {
                    "conductivity_relative_change": 3.6300439836106307e-7,
                    "conductivity_w_mk": 0.24965178432498863,
                    "coupling_temperature_c": 35.69643135002269,
                    "element_id": "dielectric_core",
                    "measured_mean_temperature_c": 35.69647681960799
                  },
                  {
                    "conductivity_relative_change": 5.998286150131312e-10,
                    "conductivity_w_mk": 159.99962515981647,
                    "coupling_temperature_c": 35.001952292622605,
                    "element_id": "substrate_right",
                    "measured_mean_temperature_c": 35.001952417589
                  }
                ],
                "total_joule_loss_w": 0.00006683516195637677,
                "total_loss_w": 0.0005579370028406685
              },
              {
                "converged": false,
                "coupling_temperature_c": 35.69646772569093,
                "dielectric_mean_temperature_c": 35.69647685117262,
                "iteration": 8,
                "loss_relative_change": 1.2375483615425376e-10,
                "loss_tangent": 0.008005571741805528,
                "max_conductivity_relative_change": 7.285281047293593e-8,
                "max_temperature_c": 36.38913467243685,
                "relative_permittivity": 3.400236799026735,
                "temperature_residual_c": 0.000018201464456524263,
                "thermal_conductivity_updates": [
                  {
                    "conductivity_relative_change": 7.265429776006466e-8,
                    "conductivity_w_mk": 389.45826130834854,
                    "coupling_temperature_c": 36.38907356833709,
                    "element_id": "conductor_left",
                    "measured_mean_temperature_c": 36.389091769801546
                  },
                  {
                    "conductivity_relative_change": 7.285281047293593e-8,
                    "conductivity_w_mk": 0.2496517661371545,
                    "coupling_temperature_c": 35.69646772569093,
                    "element_id": "dielectric_core",
                    "measured_mean_temperature_c": 35.69647685117262
                  },
                  {
                    "conductivity_relative_change": 1.1996813892554642e-10,
                    "conductivity_w_mk": 159.99962514062162,
                    "coupling_temperature_c": 35.001952392595726,
                    "element_id": "substrate_right",
                    "measured_mean_temperature_c": 35.0019524175895
                  }
                ],
                "total_joule_loss_w": 0.00006683514300281572,
                "total_loss_w": 0.0005579370218715481
              },
              {
                "converged": false,
                "coupling_temperature_c": 35.69647502607628,
                "dielectric_mean_temperature_c": 35.69647685749677,
                "iteration": 9,
                "loss_relative_change": 2.4783487800653593e-11,
                "loss_tangent": 0.00800557180020861,
                "max_conductivity_relative_change": 1.4621137003659692e-8,
                "max_temperature_c": 36.389134685081345,
                "relative_permittivity": 3.400236801508866,
                "temperature_residual_c": 3.652939206233441e-6,
                "thermal_conductivity_updates": [
                  {
                    "conductivity_relative_change": 1.4581426196961589e-8,
                    "conductivity_w_mk": 389.4582556294917,
                    "coupling_temperature_c": 36.38908812950866,
                    "element_id": "conductor_left",
                    "measured_mean_temperature_c": 36.38909178244786
                  },
                  {
                    "conductivity_relative_change": 1.4621137003659692e-8,
                    "conductivity_w_mk": 0.24965176248696183,
                    "coupling_temperature_c": 35.69647502607628,
                    "element_id": "dielectric_core",
                    "measured_mean_temperature_c": 35.69647685749677
                  },
                  {
                    "conductivity_relative_change": 2.3994018587408023e-11,
                    "conductivity_w_mk": 159.99962513678258,
                    "coupling_temperature_c": 35.00195241259075,
                    "element_id": "substrate_right",
                    "measured_mean_temperature_c": 35.00195241758958
                  }
                ],
                "total_joule_loss_w": 0.00006683513919891358,
                "total_loss_w": 0.0005579370256909343
              },
              {
                "converged": false,
                "coupling_temperature_c": 35.69647649121267,
                "dielectric_mean_temperature_c": 35.69647685877439,
                "iteration": 10,
                "loss_relative_change": 4.9646801979576825e-12,
                "loss_tangent": 0.008005571811929702,
                "max_conductivity_relative_change": 2.9343602194024835e-9,
                "max_temperature_c": 36.38913468763582,
                "relative_permittivity": 3.4002368020070124,
                "temperature_residual_c": 7.331426701284727e-7,
                "thermal_conductivity_updates": [
                  {
                    "conductivity_relative_change": 2.9264164049284207e-9,
                    "conductivity_w_mk": 389.4582544897746,
                    "coupling_temperature_c": 36.38909105186002,
                    "element_id": "conductor_left",
                    "measured_mean_temperature_c": 36.38909178500269
                  },
                  {
                    "conductivity_relative_change": 2.9343602194024835e-9,
                    "conductivity_w_mk": 0.2496517617543937,
                    "coupling_temperature_c": 35.69647649121267,
                    "element_id": "dielectric_core",
                    "measured_mean_temperature_c": 35.69647685877439
                  },
                  {
                    "conductivity_relative_change": 4.798839244816772e-12,
                    "conductivity_w_mk": 159.99962513601477,
                    "coupling_temperature_c": 35.00195241658981,
                    "element_id": "substrate_right",
                    "measured_mean_temperature_c": 35.00195241758961
                  }
                ],
                "total_joule_loss_w": 0.00006683513843549029,
                "total_loss_w": 0.0005579370264574594
              },
              {
                "converged": false,
                "coupling_temperature_c": 35.69647678526204,
                "dielectric_mean_temperature_c": 35.6964768590219,
                "iteration": 11,
                "loss_relative_change": 9.93838424746146e-13,
                "loss_tangent": 0.008005571814282096,
                "max_conductivity_relative_change": 5.889190173664936e-10,
                "max_temperature_c": 36.38913468813069,
                "relative_permittivity": 3.4002368021069893,
                "temperature_residual_c": 1.471234796213139e-7,
                "thermal_conductivity_updates": [
                  {
                    "conductivity_relative_change": 5.873300402705028e-10,
                    "conductivity_w_mk": 389.4582542610341,
                    "coupling_temperature_c": 36.389091638374154,
                    "element_id": "conductor_left",
                    "measured_mean_temperature_c": 36.389091785497634
                  },
                  {
                    "conductivity_relative_change": 5.889190173664936e-10,
                    "conductivity_w_mk": 0.249651761607369,
                    "coupling_temperature_c": 35.69647678526204,
                    "element_id": "dielectric_core",
                    "measured_mean_temperature_c": 35.6964768590219
                  },
                  {
                    "conductivity_relative_change": 9.5976784896796e-13,
                    "conductivity_w_mk": 159.9996251358612,
                    "coupling_temperature_c": 35.001952417389646,
                    "element_id": "substrate_right",
                    "measured_mean_temperature_c": 35.00195241758961
                  }
                ],
                "total_joule_loss_w": 0.00006683513828227168,
                "total_loss_w": 0.0005579370266112989
              },
              {
                "converged": true,
                "coupling_temperature_c": 35.69647684426993,
                "dielectric_mean_temperature_c": 35.69647685907732,
                "iteration": 12,
                "loss_relative_change": 1.9956594874400769e-13,
                "loss_tangent": 0.00800557181475416,
                "max_conductivity_relative_change": 1.1818043920398974e-10,
                "max_temperature_c": 36.38913468824149,
                "relative_permittivity": 3.400236802127052,
                "temperature_residual_c": 2.9535520695844752e-8,
                "thermal_conductivity_updates": [
                  {
                    "conductivity_relative_change": 1.1786253894166205e-10,
                    "conductivity_w_mk": 389.45825421513155,
                    "coupling_temperature_c": 36.389091756072936,
                    "element_id": "conductor_left",
                    "measured_mean_temperature_c": 36.38909178560846
                  },
                  {
                    "conductivity_relative_change": 1.1818043920398974e-10,
                    "conductivity_w_mk": 0.24965176157786503,
                    "coupling_temperature_c": 35.69647684426993,
                    "element_id": "dielectric_core",
                    "measured_mean_temperature_c": 35.69647685907732
                  },
                  {
                    "conductivity_relative_change": 1.9202462423382577e-13,
                    "conductivity_w_mk": 159.99962513583048,
                    "coupling_temperature_c": 35.00195241754962,
                    "element_id": "substrate_right",
                    "measured_mean_temperature_c": 35.001952417589614
                  }
                ],
                "total_joule_loss_w": 0.00006683513825152455,
                "total_loss_w": 0.0005579370266421707
              }
            ],
            "loss_relative_change_tolerance": 1e-9,
            "max_iterations": 12,
            "method": "relaxed_temperature_dependent_dielectric_and_conductivity_fixed_point",
            "parameter_source": "screening_sensitivity_not_material_card",
            "relaxation_factor": 0.8,
            "schema_version": "kyuubiki.composite-electrothermal-feedback-convergence/v1",
            "status": "pass",
            "temperature_residual_tolerance_c": 1e-7
          },
          "electrothermal_loss_projection": {
            "assumptions": [
              "The solved electrostatic field magnitude is interpreted as an RMS harmonic field.",
              "Relative permittivity and loss tangent are scalar, isotropic, and frequency-local screening values.",
              "Element dielectric loss is lumped consistently to its four thermal nodes."
            ],
            "distributed_total_heat_load_w": 0.0005579370266421707,
            "effective_conductivity_s_m": 0.000015143634515707014,
            "electric_field_rms_v_m": 6398.177398058091,
            "energy_balance_relative_error": 0.0,
            "frequency_hz": 10000000.0,
            "loss_tangent": 0.00800557181475416,
            "model": "harmonic_dielectric_loss_sigma_eff_e_rms_squared",
            "relative_permittivity": 3.400236802127052,
            "schema_version": "kyuubiki.composite-electrothermal-loss-projection/v1",
            "source_element_id": "dielectric_core",
            "source_volume_m3": 9e-7,
            "target_element_count": 1,
            "target_node_count": 4,
            "total_loss_w": 0.0005579370266421707,
            "volumetric_loss_w_m3": 619.9300296024119
          },
          "heat": {
            "elements": [
              {
                "area": 0.0009,
                "average_temperature": 36.38909178560846,
                "heat_flow_rate": 1.0025270737201453e-6,
                "heat_flux_magnitude": 1.1139189708001611,
                "heat_flux_x": 1.1139189708001611,
                "heat_flux_y": -0.0,
                "id": "conductor_left",
                "index": 0,
                "node_i": 0,
                "node_j": 1,
                "node_k": 5,
                "node_l": 4,
                "temperature_gradient_x": -0.0028601755354884517,
                "temperature_gradient_y": 0.0
              },
              {
                "area": 0.0009,
                "average_temperature": 35.69647685907732,
                "heat_flow_rate": 0.00001037410954714245,
                "heat_flux_magnitude": 11.526788385713832,
                "heat_flux_x": 11.526788385713832,
                "heat_flux_y": 2.8382119305418318e-14,
                "id": "dielectric_core",
                "index": 1,
                "node_i": 1,
                "node_j": 2,
                "node_k": 6,
                "node_l": 5,
                "temperature_gradient_x": -46.17146825987322,
                "temperature_gradient_y": -1.1368683772161605e-13
              },
              {
                "area": 0.0009,
                "average_temperature": 35.001952417589614,
                "heat_flow_rate": 0.00001874316494680519,
                "heat_flux_magnitude": 20.825738829783543,
                "heat_flux_x": 20.825738829783543,
                "heat_flux_y": 1.8189851418336554e-11,
                "id": "substrate_right",
                "index": 2,
                "node_i": 2,
                "node_j": 3,
                "node_k": 7,
                "node_l": 6,
                "temperature_gradient_x": -0.13016117264089644,
                "temperature_gradient_y": -1.1368683772161605e-13
              }
            ],
            "input": {
              "elements": [
                {
                  "conductivity": 389.45825421513155,
                  "id": "conductor_left",
                  "node_i": 0,
                  "node_j": 1,
                  "node_k": 5,
                  "node_l": 4,
                  "thickness": 0.001
                },
                {
                  "conductivity": 0.24965176157786503,
                  "id": "dielectric_core",
                  "node_i": 1,
                  "node_j": 2,
                  "node_k": 6,
                  "node_l": 5,
                  "thickness": 0.001
                },
                {
                  "conductivity": 159.99962513583048,
                  "id": "substrate_right",
                  "node_i": 2,
                  "node_j": 3,
                  "node_k": 7,
                  "node_l": 6,
                  "thickness": 0.001
                }
              ],
              "nodes": [
                {
                  "fix_temperature": false,
                  "heat_load": 0.000016708784562881137,
                  "id": "n0",
                  "temperature": 35.0,
                  "x": 0.0,
                  "y": 0.0
                },
                {
                  "fix_temperature": false,
                  "heat_load": 0.00015619304122342382,
                  "id": "n1",
                  "temperature": 35.0,
                  "x": 0.03,
                  "y": 0.0
                },
                {
                  "fix_temperature": false,
                  "heat_load": 0.00013948425666054267,
                  "id": "n2",
                  "temperature": 35.0,
                  "x": 0.06,
                  "y": 0.0
                },
                {
                  "fix_temperature": true,
                  "heat_load": 0.0,
                  "id": "n3",
                  "temperature": 35.0,
                  "x": 0.09,
                  "y": 0.0
                },
                {
                  "fix_temperature": false,
                  "heat_load": 0.000016708784562881137,
                  "id": "n4",
                  "temperature": 35.0,
                  "x": 0.0,
                  "y": 0.03
                },
                {
                  "fix_temperature": false,
                  "heat_load": 0.00015619304122342382,
                  "id": "n5",
                  "temperature": 35.0,
                  "x": 0.03,
                  "y": 0.03
                },
                {
                  "fix_temperature": false,
                  "heat_load": 0.00013948425666054267,
                  "id": "n6",
                  "temperature": 35.0,
                  "x": 0.06,
                  "y": 0.03
                },
                {
                  "fix_temperature": true,
                  "heat_load": 0.0,
                  "id": "n7",
                  "temperature": 35.0,
                  "x": 0.09,
                  "y": 0.03
                }
              ]
            },
            "max_heat_flux": 20.825738829783543,
            "max_temperature": 36.38913468824149,
            "nodes": [
              {
                "heat_load": 0.000016708784562881137,
                "id": "n0",
                "index": 0,
                "temperature": 36.38913468824149,
                "x": 0.0,
                "y": 0.0
              },
              {
                "heat_load": 0.00015619304122342382,
                "id": "n1",
                "index": 1,
                "temperature": 36.38904888297542,
                "x": 0.03,
                "y": 0.0
              },
              {
                "heat_load": 0.00013948425666054267,
                "id": "n2",
                "index": 2,
                "temperature": 35.00390483517923,
                "x": 0.06,
                "y": 0.0
              },
              {
                "heat_load": 0.0,
                "id": "n3",
                "index": 3,
                "temperature": 35.0,
                "x": 0.09,
                "y": 0.0
              },
              {
                "heat_load": 0.000016708784562881137,
                "id": "n4",
                "index": 4,
                "temperature": 36.38913468824149,
                "x": 0.0,
                "y": 0.03
              },
              {
                "heat_load": 0.00015619304122342382,
                "id": "n5",
                "index": 5,
                "temperature": 36.38904888297542,
                "x": 0.03,
                "y": 0.03
              },
              {
                "heat_load": 0.00013948425666054267,
                "id": "n6",
                "index": 6,
                "temperature": 35.00390483517922,
                "x": 0.06,
                "y": 0.03
              },
              {
                "heat_load": 0.0,
                "id": "n7",
                "index": 7,
                "temperature": 35.0,
                "x": 0.09,
                "y": 0.03
              }
            ],
            "total_abs_heat_flow_rate": 0.000030119801567667785
          },
          "heat_cross_validation": {
            "absolute_error_c": 4.789058039023075e-12,
            "conductivities_w_mk": [
              389.45825421513155,
              0.24965176157786503,
              159.99962513583048
            ],
            "expected_max_temperature_c": 36.38913468824628,
            "fem_max_temperature_c": 36.38913468824149,
            "fixed_temperature_c": 35.0,
            "method": "layered_thermal_resistance_with_regional_generation_closed_form",
            "relative_error": 1.316068128591677e-13,
            "relative_error_tolerance": 1e-9,
            "schema_version": "kyuubiki.composite-heat-cross-validation/v1",
            "status": "pass",
            "total_heat_load_w": 0.0006247721648936953
          },
          "heat_mesh_convergence": {
            "finest_pair_relative_change": 7.562705443395286e-12,
            "max_analytic_relative_error": 7.313941230364754e-12,
            "method": "structured_quad_h_refinement",
            "refinement_levels": [
              1,
              2,
              4,
              8
            ],
            "relative_error_tolerance": 1e-8,
            "samples": [
              {
                "analytic_relative_error": 1.316068128591677e-13,
                "element_count": 3,
                "elements_per_layer": 1,
                "max_temperature_c": 36.38913468824149,
                "node_count": 8,
                "relative_change_from_previous": null
              },
              {
                "analytic_relative_error": 9.936900157868015e-13,
                "element_count": 6,
                "elements_per_layer": 2,
                "max_temperature_c": 36.38913468828244,
                "node_count": 14,
                "relative_change_from_previous": 1.1252968286459694e-12
              },
              {
                "analytic_relative_error": 2.4876421303053357e-13,
                "element_count": 12,
                "elements_per_layer": 4,
                "max_temperature_c": 36.38913468823723,
                "node_count": 26,
                "relative_change_from_previous": 1.2424542288173352e-12
              },
              {
                "analytic_relative_error": 7.313941230364754e-12,
                "element_count": 24,
                "elements_per_layer": 8,
                "max_temperature_c": 36.38913468851243,
                "node_count": 50,
                "relative_change_from_previous": 7.562705443395286e-12
              }
            ],
            "schema_version": "kyuubiki.composite-heat-mesh-convergence/v1",
            "status": "pass"
          },
          "heat_to_thermal_projection": {
            "mapped_node_count": 8,
            "maximum_coordinate_error_m": 0.0,
            "maximum_temperature_delta_c": 1.3891346882414908,
            "minimum_temperature_delta_c": 0.0,
            "reference_temperature_c": 35.0,
            "schema_version": "kyuubiki.composite-heat-to-thermal-projection/v1"
          },
          "joule_heating_projection": {
            "assumptions": [
              "Steady scalar electrical conductivity is solved on a two-dimensional quad mesh.",
              "Joule heating uses the solved local sigma times electric-field magnitude squared.",
              "Element Joule power integrates both triangular subcell fields before thermal projection.",
              "Recovered terminal currents gate current continuity and electrical input-power balance.",
              "Contact and terminal impedance models require explicit study-level heat mappings."
            ],
            "boundary_voltage_span_v": 0.000033600000000000004,
            "current_balance_relative_error": 0.0,
            "distributed_total_heat_load_w": 0.0000668351382515246,
            "electrical_power_balance_relative_error": 0.0,
            "energy_balance_relative_error": 8.111019149876399e-16,
            "free_current_residual_relative_error": 0.0,
            "max_current_density_a_m2": 66304.7006463537,
            "max_free_current_residual_a": 0.0,
            "model": "solved_steady_current_density_sigma_e_squared",
            "parameter_source": "screening_reference_not_material_card",
            "regions": [
              {
                "coupling_temperature_c": 36.389091756072936,
                "current_density_magnitude_a_m2": 66304.7006463537,
                "distributed_heat_load_w": 0.00006683513825152455,
                "electric_field_magnitude_v_m": 0.00112,
                "electrical_conductivity_s_m": 59200625.577101514,
                "element_id": "conductor_left",
                "energy_balance_relative_error": 0.0,
                "joule_power_w": 0.00006683513825152455,
                "peak_current_density_magnitude_a_m2": 66304.7006463537,
                "peak_electric_field_magnitude_v_m": 0.00112,
                "rms_current_density_magnitude_a_m2": 66304.7006463537,
                "rms_electric_field_magnitude_v_m": 0.00112,
                "source_volume_m3": 9e-7,
                "volumetric_joule_heating_w_m3": 74.26126472391616
              }
            ],
            "schema_version": "kyuubiki.composite-current-to-heat-projection/v2",
            "source_power_balance_relative_error": 0.0,
            "status": "pass",
            "total_dissipated_power_w": 0.00006683513825152455,
            "total_electrical_input_power_w": 0.00006683513825152455,
            "total_extracted_current_a": 1.9891410193906112,
            "total_injected_current_a": 1.9891410193906112,
            "total_joule_loss_w": 0.00006683513825152455,
            "total_source_power_w": 0.00006683513825152455
          },
          "research": {
            "candidate_id": "copper_polyimide_aluminum",
            "candidate_label": "Copper / Polyimide / Aluminum",
            "coupling": "iterative_dielectric_and_conductor_joule_heating_with_temperature_dependent_electrical_thermal_feedback_and_expansion_projection",
            "materials": {
              "conductor": "copper",
              "dielectric": "polyimide",
              "substrate": "aluminum_6061"
            },
            "study": "material.composite_thermo_electric_panel.v1"
          },
          "schema_version": "kyuubiki.composite-thermo-electric-panel-result/v1",
          "thermal": {
            "elements": [
              {
                "area": 0.0009,
                "average_temperature_delta": 1.389091785608457,
                "gamma_xy": 6.893171771275231e-21,
                "id": "conductor_left",
                "index": 0,
                "max_in_plane_shear": 413006.26298592903,
                "mechanical_strain_x": 2.402945530099954e-6,
                "mechanical_strain_y": -7.5092047815623455e-6,
                "node_i": 0,
                "node_j": 1,
                "node_k": 5,
                "node_l": 4,
                "principal_stress_1": 3.4924596548080444e-10,
                "principal_stress_2": -826012.5259718577,
                "strain_energy_density": 10.206879253925134,
                "stress_x": 3.947459643111667e-10,
                "stress_y": -826012.5259718577,
                "tau_xy": 2.842170943040401e-10,
                "thermal_strain": 0.00002362112091370584,
                "total_strain_x": 0.00002602406644380579,
                "total_strain_y": 0.000016111916132143494,
                "von_mises": 826012.525971858
              },
              {
                "area": 0.0009,
                "average_temperature_delta": 0.6964768590773235,
                "gamma_xy": 3.5201130511978845e-19,
                "id": "dielectric_core",
                "index": 1,
                "max_in_plane_shear": 18742.252804620457,
                "mechanical_strain_x": 4.7980167179826675e-6,
                "mechanical_strain_y": -0.000014993802243696536,
                "node_i": 1,
                "node_j": 2,
                "node_k": 6,
                "node_l": 5,
                "principal_stress_1": -6.257323548197745e-10,
                "principal_stress_2": -37484.50560924154,
                "strain_energy_density": 1.023072603784291,
                "stress_x": -6.27646083254755e-10,
                "stress_y": -37484.50560924154,
                "tau_xy": 3.3356033984293593e-10,
                "thermal_strain": 0.00003135892153902785,
                "total_strain_x": 0.000036156938257010515,
                "total_strain_y": 0.000016365119295331314,
                "von_mises": 37484.50560924123
              },
              {
                "area": 0.0009,
                "average_temperature_delta": 0.0019524175896119544,
                "gamma_xy": -7.80508095351685e-21,
                "id": "substrate_right",
                "index": 2,
                "max_in_plane_shear": 4749.769309605175,
                "mechanical_strain_x": -4.4119772977466175e-8,
                "mechanical_strain_y": 1.378742905545754e-7,
                "node_i": 2,
                "node_j": 3,
                "node_k": 7,
                "node_l": 6,
                "principal_stress_1": 9499.538619210194,
                "principal_stress_2": -1.5643308870494366e-10,
                "strain_energy_density": 0.002007257118756271,
                "stress_x": -1.5654144647214707e-10,
                "stress_y": 9499.538619210194,
                "tau_xy": -2.028007391648619e-10,
                "thermal_strain": 4.6077082103338e-8,
                "total_strain_x": 1.957309125871827e-9,
                "total_strain_y": 1.839513726579134e-7,
                "von_mises": 9499.538619210272
              }
            ],
            "input": {
              "elements": [
                {
                  "id": "conductor_left",
                  "node_i": 0,
                  "node_j": 1,
                  "node_k": 5,
                  "node_l": 4,
                  "poisson_ratio": 0.32,
                  "thermal_expansion": 0.000017004722912071068,
                  "thickness": 0.001,
                  "youngs_modulus": 110000000000.0
                },
                {
                  "id": "dielectric_core",
                  "node_i": 1,
                  "node_j": 2,
                  "node_k": 6,
                  "node_l": 5,
                  "poisson_ratio": 0.32,
                  "thermal_expansion": 0.000045025073166926785,
                  "thickness": 0.001,
                  "youngs_modulus": 2500000000.0
                },
                {
                  "id": "substrate_right",
                  "node_i": 2,
                  "node_j": 3,
                  "node_k": 7,
                  "node_l": 6,
                  "poisson_ratio": 0.32,
                  "thermal_expansion": 0.000023600013823116535,
                  "thickness": 0.001,
                  "youngs_modulus": 68900000000.0
                }
              ],
              "nodes": [
                {
                  "fix_x": true,
                  "fix_y": true,
                  "id": "n0",
                  "load_x": 0.0,
                  "load_y": 0.0,
                  "temperature_delta": 1.3891346882414908,
                  "x": 0.0,
                  "y": 0.0
                },
                {
                  "fix_x": false,
                  "fix_y": false,
                  "id": "n1",
                  "load_x": 0.0,
                  "load_y": 0.0,
                  "temperature_delta": 1.3890488829754233,
                  "x": 0.03,
                  "y": 0.0
                },
                {
                  "fix_x": false,
                  "fix_y": false,
                  "id": "n2",
                  "load_x": 0.0,
                  "load_y": 0.0,
                  "temperature_delta": 0.0039048351792274616,
                  "x": 0.06,
                  "y": 0.0
                },
                {
                  "fix_x": false,
                  "fix_y": false,
                  "id": "n3",
                  "load_x": 0.0,
                  "load_y": 0.0,
                  "temperature_delta": 0.0,
                  "x": 0.09,
                  "y": 0.0
                },
                {
                  "fix_x": true,
                  "fix_y": true,
                  "id": "n4",
                  "load_x": 0.0,
                  "load_y": 0.0,
                  "temperature_delta": 1.3891346882414908,
                  "x": 0.0,
                  "y": 0.03
                },
                {
                  "fix_x": false,
                  "fix_y": false,
                  "id": "n5",
                  "load_x": 0.0,
                  "load_y": 0.0,
                  "temperature_delta": 1.3890488829754233,
                  "x": 0.03,
                  "y": 0.03
                },
                {
                  "fix_x": false,
                  "fix_y": false,
                  "id": "n6",
                  "load_x": 0.0,
                  "load_y": 0.0,
                  "temperature_delta": 0.003904835179220356,
                  "x": 0.06,
                  "y": 0.03
                },
                {
                  "fix_x": false,
                  "fix_y": false,
                  "id": "n7",
                  "load_x": 0.0,
                  "load_y": 0.0,
                  "temperature_delta": 0.0,
                  "x": 0.09,
                  "y": 0.03
                }
              ]
            },
            "max_displacement": 1.8654900171607415e-6,
            "max_strain_energy_density": 10.206879253925134,
            "max_stress": 826012.525971858,
            "max_temperature_delta": 1.3891346882414908,
            "nodes": [
              {
                "displacement_magnitude": 0.0,
                "id": "n0",
                "index": 0,
                "temperature_delta": 1.3891346882414908,
                "ux": 0.0,
                "uy": 0.0,
                "x": 0.0,
                "y": 0.0
              },
              {
                "displacement_magnitude": 9.182381434839e-7,
                "id": "n1",
                "index": 1,
                "temperature_delta": 1.3890488829754233,
                "ux": 7.807219933141736e-7,
                "uy": -4.833574839643048e-7,
                "x": 0.03,
                "y": 0.0
              },
              {
                "displacement_magnitude": 1.8654456067385952e-6,
                "id": "n2",
                "index": 2,
                "temperature_delta": 0.0039048351792274616,
                "ux": 1.8654301410244936e-6,
                "uy": -7.596094895619921e-9,
                "x": 0.06,
                "y": 0.0
              },
              {
                "displacement_magnitude": 1.8654900171607415e-6,
                "id": "n3",
                "index": 3,
                "temperature_delta": 0.0,
                "ux": 1.8654888602982708e-6,
                "uy": 2.077553715921645e-9,
                "x": 0.09,
                "y": 0.0
              },
              {
                "displacement_magnitude": 0.0,
                "id": "n4",
                "index": 4,
                "temperature_delta": 1.3891346882414908,
                "ux": 0.0,
                "uy": 0.0,
                "x": 0.0,
                "y": 0.03
              },
              {
                "displacement_magnitude": 9.182381434839004e-7,
                "id": "n5",
                "index": 5,
                "temperature_delta": 1.3890488829754233,
                "ux": 7.807219933141739e-7,
                "uy": 4.833574839643048e-7,
                "x": 0.03,
                "y": 0.03
              },
              {
                "displacement_magnitude": 1.8654456067385865e-6,
                "id": "n6",
                "index": 6,
                "temperature_delta": 0.003904835179220356,
                "ux": 1.865430141024485e-6,
                "uy": 7.596094895649309e-9,
                "x": 0.06,
                "y": 0.03
              },
              {
                "displacement_magnitude": 1.8654900171607307e-6,
                "id": "n7",
                "index": 7,
                "temperature_delta": 0.0,
                "ux": 1.86548886029826e-6,
                "uy": -2.07755371587278e-9,
                "x": 0.09,
                "y": 0.03
              }
            ],
            "total_strain_energy": 0.000010108763203345364
          },
          "thermal_constraint_regularized_mesh_convergence": {
            "algebraic_validation": {
              "max_relative_residual": null,
              "method": "original_system_recomputed_l2_residual_over_max_rhs_l2_or_one",
              "qualification_effect": "algebraic_gate_does_not_override_discretization_gates",
              "relative_residual_tolerance": 1e-10,
              "required_series": [
                "uniform_full_edge_clamp",
                "uniform_regularized_restraint",
                "interface_graded_full_edge_clamp"
              ],
              "schema_version": "kyuubiki.composite-thermal-algebraic-validation/v1",
              "series": [],
              "status": "missing"
            },
            "convergence_tolerance": 0.02,
            "diagnostic_metrics": [
              "max_von_mises_stress_pa"
            ],
            "finest_pair_displacement_relative_change": 0.001935702748457954,
            "finest_pair_peak_stress_relative_change": 0.3093121719052496,
            "finest_pair_strain_energy_relative_change": 0.22503777605449876,
            "method": "structured_quad_h_refinement_preserving_piecewise_linear_temperature_roller_edge_with_vertical_anchor",
            "pass_metrics": [
              "max_displacement_m",
              "total_strain_energy_j"
            ],
            "refinement_levels": [
              1,
              2,
              4,
              8
            ],
            "regime_assessment": {
              "diagnosis": "pass_metrics_lack_qualified_discretization_uncertainty",
              "gci_safety_factor": 1.25,
              "method": "four_level_constant_ratio_observed_order_and_fine_grid_gci",
              "metrics": [
                {
                  "coarse_triplet_observed_order": 0.5727749309730997,
                  "fine_grid_gci": null,
                  "fine_triplet_observed_order": 4.041726549336016,
                  "metric": "max_displacement_m",
                  "observed_order_relative_difference": 0.8582845910079699,
                  "qualification_role": "pass_metric",
                  "regime": "oscillatory",
                  "richardson_extrapolated_value": null,
                  "unit": "m"
                },
                {
                  "coarse_triplet_observed_order": 1.6974331265304434,
                  "fine_grid_gci": 0.1663470013770827,
                  "fine_triplet_observed_order": 1.6699684252269344,
                  "metric": "total_strain_energy_j",
                  "observed_order_relative_difference": 0.01618013745239371,
                  "qualification_role": "pass_metric",
                  "regime": "asymptotic_converging",
                  "richardson_extrapolated_value": 1.9209765253768713e-7,
                  "unit": "J"
                },
                {
                  "coarse_triplet_observed_order": -7.1930775773456475,
                  "fine_grid_gci": null,
                  "fine_triplet_observed_order": -0.6931460778861076,
                  "metric": "max_von_mises_stress_pa",
                  "observed_order_relative_difference": 0.9036370634915508,
                  "qualification_role": "diagnostic_metric",
                  "regime": "monotonic_diverging",
                  "richardson_extrapolated_value": null,
                  "unit": "Pa"
                }
              ],
              "order_consistency_tolerance": 0.25,
              "qualification_effect": "gci_gates_require_asymptotic_pass_metric_evidence",
              "qualification_tolerance": 0.02,
              "refinement_ratio": 2.0,
              "schema_version": "kyuubiki.composite-thermal-convergence-regime/v1",
              "status": "fail"
            },
            "samples": [
              {
                "displacement_relative_change": null,
                "element_count": 3,
                "elements_per_original_element": 1,
                "max_displacement_m": 1.8613505039114549e-6,
                "max_von_mises_stress_pa": 46912.26468743265,
                "node_count": 8,
                "peak_stress_relative_change": null,
                "strain_energy_relative_change": null,
                "total_strain_energy_j": 1.1547400153262535e-6
              },
              {
                "displacement_relative_change": 0.04678154253411572,
                "element_count": 12,
                "elements_per_original_element": 2,
                "max_displacement_m": 1.7742736561418234e-6,
                "max_von_mises_stress_pa": 47035.4058876394,
                "node_count": 21,
                "peak_stress_relative_change": 0.002618053312879038,
                "strain_energy_relative_change": 0.5750708932262113,
                "total_strain_energy_j": 4.90682643268536e-7
              },
              {
                "displacement_relative_change": 0.031941924001161436,
                "element_count": 48,
                "elements_per_original_element": 4,
                "max_displacement_m": 1.8328173692586932e-6,
                "max_von_mises_stress_pa": 65054.60540735542,
                "node_count": 65,
                "peak_stress_relative_change": 0.27698576306603306,
                "strain_energy_relative_change": 0.4172790870698253,
                "total_strain_energy_j": 2.859310378444325e-7
              },
              {
                "displacement_relative_change": 0.001935702748457954,
                "element_count": 192,
                "elements_per_original_element": 8,
                "max_displacement_m": 1.8363720396630604e-6,
                "max_von_mises_stress_pa": 94188.1451520687,
                "node_count": 225,
                "peak_stress_relative_change": 0.3093121719052496,
                "strain_energy_relative_change": 0.22503777605449876,
                "total_strain_energy_j": 2.215857529829667e-7
              }
            ],
            "schema_version": "kyuubiki.composite-thermal-mesh-convergence/v1",
            "status": "fail"
          },
          "thermal_constraint_sensitivity": {
            "alternative_restraint": "roller_edge_with_vertical_anchor",
            "alternative_status": "fail",
            "diagnosis": "mixed_restraint_sensitivity_and_persistent_energy_nonconvergence",
            "displacement_change_ratio_alternative_to_primary": 0.7285210355580469,
            "peak_stress_change_ratio_alternative_to_primary": 1.1912086123169177,
            "primary_restraint": "full_edge_clamp",
            "primary_status": "fail",
            "qualification_effect": "diagnostic_only_does_not_override_primary_quality_gates",
            "schema_version": "kyuubiki.composite-thermal-constraint-sensitivity/v1",
            "strain_energy_change_ratio_alternative_to_primary": 1.7071017554279524
          },
          "thermal_expansion_projection": {
            "coverage_fraction": 1.0,
            "declared_region_count": 3,
            "max_relative_change": 0.0005571814872618268,
            "model": "regional_linear_temperature_dependent_thermal_expansion",
            "parameter_source": "screening_sensitivity_not_material_card",
            "schema_version": "kyuubiki.composite-thermal-expansion-projection/v1",
            "status": "pass",
            "updated_region_count": 3,
            "updates": [
              {
                "adjusted_thermal_expansion_1_k": 0.000017004722912071068,
                "element_id": "conductor_left",
                "mean_temperature_c": 36.38909178560846,
                "reference_thermal_expansion_1_k": 0.000017,
                "relative_change": 0.0002778183571216473
              },
              {
                "adjusted_thermal_expansion_1_k": 0.000045025073166926785,
                "element_id": "dielectric_core",
                "mean_temperature_c": 35.69647685907732,
                "reference_thermal_expansion_1_k": 0.000045,
                "relative_change": 0.0005571814872618268
              },
              {
                "adjusted_thermal_expansion_1_k": 0.000023600013823116535,
                "element_id": "substrate_right",
                "mean_temperature_c": 35.001952417589614,
                "reference_thermal_expansion_1_k": 0.0000236,
                "relative_change": 5.857252769993325e-7
              }
            ]
          },
          "thermal_interface_grading_assessment": {
            "diagnosis": "graded_mesh_did_not_resolve_nonconvergence",
            "displacement_change_ratio_graded_to_uniform": 1.7117522055758414,
            "graded_mesh_convergence": {
              "algebraic_validation": {
                "max_relative_residual": null,
                "method": "original_system_recomputed_l2_residual_over_max_rhs_l2_or_one",
                "qualification_effect": "algebraic_gate_does_not_override_discretization_gates",
                "relative_residual_tolerance": 1e-10,
                "required_series": [
                  "uniform_full_edge_clamp",
                  "uniform_regularized_restraint",
                  "interface_graded_full_edge_clamp"
                ],
                "schema_version": "kyuubiki.composite-thermal-algebraic-validation/v1",
                "series": [],
                "status": "missing"
              },
              "convergence_tolerance": 0.02,
              "diagnostic_metrics": [
                "max_von_mises_stress_pa"
              ],
              "finest_pair_displacement_relative_change": 0.004548178140764356,
              "finest_pair_peak_stress_relative_change": 0.41488960628742366,
              "finest_pair_strain_energy_relative_change": 0.119253419806498,
              "method": "cosine_graded_quad_h_refinement_at_clamp_interfaces_and_free_edges",
              "pass_metrics": [
                "max_displacement_m",
                "total_strain_energy_j"
              ],
              "refinement_levels": [
                1,
                2,
                4,
                8
              ],
              "regime_assessment": {
                "diagnosis": "pass_metrics_lack_qualified_discretization_uncertainty",
                "gci_safety_factor": 1.25,
                "method": "four_level_constant_ratio_observed_order_and_fine_grid_gci",
                "metrics": [
                  {
                    "coarse_triplet_observed_order": 1.8988559086838384,
                    "fine_grid_gci": null,
                    "fine_triplet_observed_order": 1.397980537680831,
                    "metric": "max_displacement_m",
                    "observed_order_relative_difference": 0.26377745078623754,
                    "qualification_role": "pass_metric",
                    "regime": "oscillatory",
                    "richardson_extrapolated_value": null,
                    "unit": "m"
                  },
                  {
                    "coarse_triplet_observed_order": 0.8546905464444302,
                    "fine_grid_gci": null,
                    "fine_triplet_observed_order": 1.7730984073204266,
                    "metric": "total_strain_energy_j",
                    "observed_order_relative_difference": 0.5179677885244559,
                    "qualification_role": "pass_metric",
                    "regime": "monotonic_pre_asymptotic",
                    "richardson_extrapolated_value": null,
                    "unit": "J"
                  },
                  {
                    "coarse_triplet_observed_order": -1.0587061947157033,
                    "fine_grid_gci": null,
                    "fine_triplet_observed_order": -0.596647917014592,
                    "metric": "max_von_mises_stress_pa",
                    "observed_order_relative_difference": 0.4364367376023419,
                    "qualification_role": "diagnostic_metric",
                    "regime": "monotonic_diverging",
                    "richardson_extrapolated_value": null,
                    "unit": "Pa"
                  }
                ],
                "order_consistency_tolerance": 0.25,
                "qualification_effect": "gci_gates_require_asymptotic_pass_metric_evidence",
                "qualification_tolerance": 0.02,
                "refinement_ratio": 2.0,
                "schema_version": "kyuubiki.composite-thermal-convergence-regime/v1",
                "status": "fail"
              },
              "samples": [
                {
                  "displacement_relative_change": null,
                  "element_count": 3,
                  "elements_per_original_element": 1,
                  "max_displacement_m": 1.8654900171607415e-6,
                  "max_von_mises_stress_pa": 826012.525971858,
                  "node_count": 8,
                  "peak_stress_relative_change": null,
                  "strain_energy_relative_change": null,
                  "total_strain_energy_j": 0.000010108763203345364
                },
                {
                  "displacement_relative_change": 0.04328177311088025,
                  "element_count": 12,
                  "elements_per_original_element": 2,
                  "max_displacement_m": 1.7847483014973782e-6,
                  "max_von_mises_stress_pa": 1433676.0433066385,
                  "node_count": 21,
                  "peak_stress_relative_change": 0.4238499486489723,
                  "strain_energy_relative_change": 0.3436791897507697,
                  "total_strain_energy_j": 6.634591656237234e-6
                },
                {
                  "displacement_relative_change": 0.011985924611771268,
                  "element_count": 48,
                  "elements_per_original_element": 4,
                  "max_displacement_m": 1.8063996717820864e-6,
                  "max_von_mises_stress_pa": 2699477.1887307195,
                  "node_count": 65,
                  "peak_stress_relative_change": 0.468906035104988,
                  "strain_energy_relative_change": 0.2895673352065134,
                  "total_strain_energy_j": 4.71343063015725e-6
                },
                {
                  "displacement_relative_change": 0.004548178140764356,
                  "element_count": 192,
                  "elements_per_original_element": 8,
                  "max_displacement_m": 1.7981838442814034e-6,
                  "max_von_mises_stress_pa": 4613620.2975344565,
                  "node_count": 225,
                  "peak_stress_relative_change": 0.41488960628742366,
                  "strain_energy_relative_change": 0.119253419806498,
                  "total_strain_energy_j": 4.151337908490301e-6
                }
              ],
              "schema_version": "kyuubiki.composite-thermal-mesh-convergence/v1",
              "status": "fail"
            },
            "graded_stress_recovery": {
              "convergence_tolerance": 0.02,
              "diagnostic_metrics": [
                "max_stress_pa",
                "max_to_p95_ratio"
              ],
              "finest_pair_max_relative_change": 0.41488960628742366,
              "finest_pair_p95_relative_change": 0.3405228789085775,
              "finest_pair_rms_relative_change": 0.009214363113265366,
              "method": "interface_graded_mesh_element_area_weighted_von_mises_p95_and_rms",
              "pass_metrics": [
                "area_weighted_rms_stress_pa",
                "area_weighted_p95_stress_pa"
              ],
              "refinement_levels": [
                1,
                2,
                4,
                8
              ],
              "samples": [
                {
                  "element_count": 3,
                  "elements_per_original_element": 1,
                  "max_relative_change": null,
                  "p95_relative_change": null,
                  "rms_relative_change": null,
                  "statistics": {
                    "area_weighted_mean_stress_pa": 290998.85673343646,
                    "area_weighted_p95_stress_pa": 826012.525971858,
                    "area_weighted_rms_stress_pa": 477420.8564279376,
                    "max_stress_pa": 826012.525971858,
                    "max_to_p95_ratio": 1.0
                  }
                },
                {
                  "element_count": 12,
                  "elements_per_original_element": 2,
                  "max_relative_change": 0.4238499486489723,
                  "p95_relative_change": 0.4238499486489723,
                  "rms_relative_change": 0.19683272734726467,
                  "statistics": {
                    "area_weighted_mean_stress_pa": 294591.1061132603,
                    "area_weighted_p95_stress_pa": 1433676.0433066385,
                    "area_weighted_rms_stress_pa": 594422.697094083,
                    "max_stress_pa": 1433676.0433066385,
                    "max_to_p95_ratio": 1.0
                  }
                },
                {
                  "element_count": 48,
                  "elements_per_original_element": 4,
                  "max_relative_change": 0.468906035104988,
                  "p95_relative_change": 0.515716393169666,
                  "rms_relative_change": 0.04085445290218397,
                  "statistics": {
                    "area_weighted_mean_stress_pa": 223652.25363894392,
                    "area_weighted_p95_stress_pa": 694305.805278781,
                    "area_weighted_rms_stress_pa": 570137.8830116636,
                    "max_stress_pa": 2699477.1887307195,
                    "max_to_p95_ratio": 3.8880233583050807
                  }
                },
                {
                  "element_count": 192,
                  "elements_per_original_element": 8,
                  "max_relative_change": 0.41488960628742366,
                  "p95_relative_change": 0.3405228789085775,
                  "rms_relative_change": 0.009214363113265366,
                  "statistics": {
                    "area_weighted_mean_stress_pa": 208841.90784067623,
                    "area_weighted_p95_stress_pa": 1052812.5738914455,
                    "area_weighted_rms_stress_pa": 564884.4255329657,
                    "max_stress_pa": 4613620.2975344565,
                    "max_to_p95_ratio": 4.382185786859877
                  }
                }
              ],
              "schema_version": "kyuubiki.composite-thermal-stress-recovery/v1",
              "status": "fail"
            },
            "max_change_ratio_graded_to_uniform": 1.5978035042272658,
            "p95_change_ratio_graded_to_uniform": 1.1440103481423485,
            "qualification_effect": "diagnostic_only_does_not_override_uniform_mesh_gates",
            "rms_change_ratio_graded_to_uniform": 0.5710397284649738,
            "schema_version": "kyuubiki.composite-thermal-interface-grading-assessment/v1",
            "strain_energy_change_ratio_graded_to_uniform": 0.9046379939479922
          },
          "thermal_mesh_convergence": {
            "algebraic_validation": {
              "max_relative_residual": 2.5571610449322382e-14,
              "method": "original_system_recomputed_l2_residual_over_max_rhs_l2_or_one",
              "qualification_effect": "algebraic_gate_does_not_override_discretization_gates",
              "relative_residual_tolerance": 1e-10,
              "required_series": [
                "uniform_full_edge_clamp",
                "uniform_regularized_restraint",
                "interface_graded_full_edge_clamp"
              ],
              "schema_version": "kyuubiki.composite-thermal-algebraic-validation/v1",
              "series": [
                {
                  "label": "uniform_full_edge_clamp",
                  "max_relative_residual": 1.499998205527961e-14,
                  "samples": [
                    {
                      "element_count": 3,
                      "elements_per_original_element": 1,
                      "matrix_non_zero_count": 112,
                      "node_count": 8,
                      "relative_residual": 2.1742367742319423e-16,
                      "residual_norm": 2.5071675557434194e-14,
                      "rhs_norm": 115.3125356657205,
                      "solver_iterations": 0
                    },
                    {
                      "element_count": 12,
                      "elements_per_original_element": 2,
                      "matrix_non_zero_count": 439,
                      "node_count": 21,
                      "relative_residual": 7.728935575537773e-16,
                      "residual_norm": 8.773493232849564e-14,
                      "rhs_norm": 113.51489667759472,
                      "solver_iterations": 0
                    },
                    {
                      "element_count": 48,
                      "elements_per_original_element": 4,
                      "matrix_non_zero_count": 1747,
                      "node_count": 65,
                      "relative_residual": 3.971830247275486e-15,
                      "residual_norm": 3.5462133367040117e-13,
                      "rhs_norm": 89.28411125164702,
                      "solver_iterations": 0
                    },
                    {
                      "element_count": 192,
                      "elements_per_original_element": 8,
                      "matrix_non_zero_count": 6925,
                      "node_count": 225,
                      "relative_residual": 1.499998205527961e-14,
                      "residual_norm": 9.909239784012977e-13,
                      "rhs_norm": 66.06167759064203,
                      "solver_iterations": 0
                    }
                  ],
                  "solver_path": "dense_direct",
                  "status": "pass"
                },
                {
                  "label": "uniform_regularized_restraint",
                  "max_relative_residual": 1.79139936935279e-14,
                  "samples": [
                    {
                      "element_count": 3,
                      "elements_per_original_element": 1,
                      "matrix_non_zero_count": 121,
                      "node_count": 8,
                      "relative_residual": 2.1749605849194302e-16,
                      "residual_norm": 2.8007351145011655e-14,
                      "rhs_norm": 128.7717641377357,
                      "solver_iterations": 0
                    },
                    {
                      "element_count": 12,
                      "elements_per_original_element": 2,
                      "matrix_non_zero_count": 462,
                      "node_count": 21,
                      "relative_residual": 8.458546940063467e-16,
                      "residual_norm": 9.902984585483331e-14,
                      "rhs_norm": 117.07666406127464,
                      "solver_iterations": 0
                    },
                    {
                      "element_count": 48,
                      "elements_per_original_element": 4,
                      "matrix_non_zero_count": 1799,
                      "node_count": 65,
                      "relative_residual": 4.821317310069345e-15,
                      "residual_norm": 4.359756790546842e-13,
                      "rhs_norm": 90.42667201018834,
                      "solver_iterations": 0
                    },
                    {
                      "element_count": 192,
                      "elements_per_original_element": 8,
                      "matrix_non_zero_count": 7030,
                      "node_count": 225,
                      "relative_residual": 1.79139936935279e-14,
                      "residual_norm": 1.1903681169490162e-12,
                      "rhs_norm": 66.44906419605815,
                      "solver_iterations": 0
                    }
                  ],
                  "solver_path": "dense_direct",
                  "status": "pass"
                },
                {
                  "label": "interface_graded_full_edge_clamp",
                  "max_relative_residual": 2.5571610449322382e-14,
                  "samples": [
                    {
                      "element_count": 3,
                      "elements_per_original_element": 1,
                      "matrix_non_zero_count": 112,
                      "node_count": 8,
                      "relative_residual": 2.1742367742319423e-16,
                      "residual_norm": 2.5071675557434194e-14,
                      "rhs_norm": 115.3125356657205,
                      "solver_iterations": 0
                    },
                    {
                      "element_count": 12,
                      "elements_per_original_element": 2,
                      "matrix_non_zero_count": 444,
                      "node_count": 21,
                      "relative_residual": 6.769619832253776e-16,
                      "residual_norm": 7.684526958048835e-14,
                      "rhs_norm": 113.51489667759472,
                      "solver_iterations": 0
                    },
                    {
                      "element_count": 48,
                      "elements_per_original_element": 4,
                      "matrix_non_zero_count": 1748,
                      "node_count": 65,
                      "relative_residual": 5.3014242564580075e-15,
                      "residual_norm": 5.246025112509384e-13,
                      "rhs_norm": 98.95501394967329,
                      "solver_iterations": 0
                    },
                    {
                      "element_count": 192,
                      "elements_per_original_element": 8,
                      "matrix_non_zero_count": 6948,
                      "node_count": 225,
                      "relative_residual": 2.5571610449322382e-14,
                      "residual_norm": 1.9096618564450218e-12,
                      "rhs_norm": 74.6789827816897,
                      "solver_iterations": 0
                    }
                  ],
                  "solver_path": "dense_direct",
                  "status": "pass"
                }
              ],
              "status": "pass"
            },
            "convergence_tolerance": 0.02,
            "diagnostic_metrics": [
              "max_von_mises_stress_pa"
            ],
            "finest_pair_displacement_relative_change": 0.0026570306881738923,
            "finest_pair_peak_stress_relative_change": 0.25966247112974866,
            "finest_pair_strain_energy_relative_change": 0.1318244652604696,
            "method": "structured_quad_h_refinement_preserving_piecewise_linear_temperature_full_edge_clamp",
            "pass_metrics": [
              "max_displacement_m",
              "total_strain_energy_j"
            ],
            "refinement_levels": [
              1,
              2,
              4,
              8
            ],
            "regime_assessment": {
              "diagnosis": "pass_metrics_lack_qualified_discretization_uncertainty",
              "gci_safety_factor": 1.25,
              "method": "four_level_constant_ratio_observed_order_and_fine_grid_gci",
              "metrics": [
                {
                  "coarse_triplet_observed_order": 3.8503109514038063,
                  "fine_grid_gci": null,
                  "fine_triplet_observed_order": 0.23103937574119393,
                  "metric": "max_displacement_m",
                  "observed_order_relative_difference": 0.9399946189652664,
                  "qualification_role": "pass_metric",
                  "regime": "oscillatory",
                  "richardson_extrapolated_value": null,
                  "unit": "m"
                },
                {
                  "coarse_triplet_observed_order": 1.083145101337566,
                  "fine_grid_gci": 0.12734413747892345,
                  "fine_triplet_observed_order": 1.316410662468083,
                  "metric": "total_strain_energy_j",
                  "observed_order_relative_difference": 0.17719817058696352,
                  "qualification_role": "pass_metric",
                  "regime": "asymptotic_converging",
                  "richardson_extrapolated_value": 3.894584745781082e-6,
                  "unit": "J"
                },
                {
                  "coarse_triplet_observed_order": 0.041248042113298175,
                  "fine_grid_gci": null,
                  "fine_triplet_observed_order": -0.26571812870489797,
                  "metric": "max_von_mises_stress_pa",
                  "observed_order_relative_difference": 1.1552323219884917,
                  "qualification_role": "diagnostic_metric",
                  "regime": "monotonic_diverging",
                  "richardson_extrapolated_value": null,
                  "unit": "Pa"
                }
              ],
              "order_consistency_tolerance": 0.25,
              "qualification_effect": "gci_gates_require_asymptotic_pass_metric_evidence",
              "qualification_tolerance": 0.02,
              "refinement_ratio": 2.0,
              "schema_version": "kyuubiki.composite-thermal-convergence-regime/v1",
              "status": "fail"
            },
            "samples": [
              {
                "displacement_relative_change": null,
                "element_count": 3,
                "elements_per_original_element": 1,
                "max_displacement_m": 1.8654900171607415e-6,
                "max_von_mises_stress_pa": 826012.525971858,
                "node_count": 8,
                "peak_stress_relative_change": null,
                "strain_energy_relative_change": null,
                "total_strain_energy_j": 0.000010108763203345364
              },
              {
                "displacement_relative_change": 0.04328177311084132,
                "element_count": 12,
                "elements_per_original_element": 2,
                "max_displacement_m": 1.7847483014974508e-6,
                "max_von_mises_stress_pa": 1433676.0433066385,
                "node_count": 21,
                "peak_stress_relative_change": 0.4238499486489723,
                "strain_energy_relative_change": 0.34367918975077,
                "total_strain_energy_j": 6.634591656237231e-6
              },
              {
                "displacement_relative_change": 0.003126812376003352,
                "element_count": 48,
                "elements_per_original_element": 4,
                "max_displacement_m": 1.7903463787117397e-6,
                "max_von_mises_stress_pa": 2024211.8898714404,
                "node_count": 65,
                "peak_stress_relative_change": 0.2917361811377896,
                "strain_energy_relative_change": 0.2471598345392272,
                "total_strain_energy_j": 4.9947870802463e-6
              },
              {
                "displacement_relative_change": 0.0026570306881738923,
                "element_count": 192,
                "elements_per_original_element": 8,
                "max_displacement_m": 1.7951160571644592e-6,
                "max_von_mises_stress_pa": 2734174.3609301695,
                "node_count": 225,
                "peak_stress_relative_change": 0.25966247112974866,
                "strain_energy_relative_change": 0.1318244652604696,
                "total_strain_energy_j": 4.336351944302929e-6
              }
            ],
            "schema_version": "kyuubiki.composite-thermal-mesh-convergence/v1",
            "status": "fail"
          },
          "thermal_stress_recovery": {
            "convergence_tolerance": 0.02,
            "diagnostic_metrics": [
              "max_stress_pa",
              "max_to_p95_ratio"
            ],
            "finest_pair_max_relative_change": 0.25966247112974866,
            "finest_pair_p95_relative_change": 0.29765716670441034,
            "finest_pair_rms_relative_change": 0.016136115674534112,
            "method": "uniform_mesh_element_area_weighted_von_mises_p95_and_rms",
            "pass_metrics": [
              "area_weighted_rms_stress_pa",
              "area_weighted_p95_stress_pa"
            ],
            "refinement_levels": [
              1,
              2,
              4,
              8
            ],
            "samples": [
              {
                "element_count": 3,
                "elements_per_original_element": 1,
                "max_relative_change": null,
                "p95_relative_change": null,
                "rms_relative_change": null,
                "statistics": {
                  "area_weighted_mean_stress_pa": 290998.85673343646,
                  "area_weighted_p95_stress_pa": 826012.525971858,
                  "area_weighted_rms_stress_pa": 477420.8564279376,
                  "max_stress_pa": 826012.525971858,
                  "max_to_p95_ratio": 1.0
                }
              },
              {
                "element_count": 12,
                "elements_per_original_element": 2,
                "max_relative_change": 0.4238499486489723,
                "p95_relative_change": 0.4238499486489723,
                "rms_relative_change": 0.19683272734726467,
                "statistics": {
                  "area_weighted_mean_stress_pa": 294591.10611326003,
                  "area_weighted_p95_stress_pa": 1433676.0433066385,
                  "area_weighted_rms_stress_pa": 594422.697094083,
                  "max_stress_pa": 1433676.0433066385,
                  "max_to_p95_ratio": 1.0
                }
              },
              {
                "element_count": 48,
                "elements_per_original_element": 4,
                "max_relative_change": 0.2917361811377896,
                "p95_relative_change": 0.24522192529810916,
                "rms_relative_change": 0.021361334252060552,
                "statistics": {
                  "area_weighted_mean_stress_pa": 232996.375397064,
                  "area_weighted_p95_stress_pa": 1899466.997465297,
                  "area_weighted_rms_stress_pa": 581725.0351744449,
                  "max_stress_pa": 2024211.8898714404,
                  "max_to_p95_ratio": 1.065673629798573
                }
              },
              {
                "element_count": 192,
                "elements_per_original_element": 8,
                "max_relative_change": 0.25966247112974866,
                "p95_relative_change": 0.29765716670441034,
                "rms_relative_change": 0.016136115674534112,
                "statistics": {
                  "area_weighted_mean_stress_pa": 214019.14676220983,
                  "area_weighted_p95_stress_pa": 1334077.0327512436,
                  "area_weighted_rms_stress_pa": 572338.2527160976,
                  "max_stress_pa": 2734174.3609301695,
                  "max_to_p95_ratio": 2.0494876186358817
                }
              }
            ],
            "schema_version": "kyuubiki.composite-thermal-stress-recovery/v1",
            "status": "fail"
          }
        },
        "status": "completed"
      },
      "requires_confirmation": false
    },
    {
      "index": 4,
      "action": "solve_composite_thermo_electric_panel",
      "risk": "normal",
      "status": "executed",
      "payload": {
        "electric_conduction_feedback": {
          "parameter_source": "screening_reference_not_material_card",
          "regions": [
            {
              "element_id": "conductor_left",
              "reference_resistivity_ohm_m": 2.82e-8,
              "reference_temperature_c": 35.0,
              "resistivity_temperature_coefficient_1_k": 0.00403
            }
          ]
        },
        "electric_conduction_model": {
          "contact_interfaces": [],
          "elements": [
            {
              "electrical_conductivity_s_m": 35460992.90780142,
              "id": "conductor_left",
              "node_i": 0,
              "node_j": 1,
              "node_k": 2,
              "node_l": 3,
              "thickness": 0.001
            }
          ],
          "nodes": [
            {
              "current_source_a": 0.0,
              "electric_potential_v": 0.0,
              "fix_electric_potential": true,
              "id": "n0",
              "x": 0.0,
              "y": 0.0
            },
            {
              "current_source_a": 0.0,
              "electric_potential_v": 0.000056399999999999995,
              "fix_electric_potential": true,
              "id": "n1",
              "x": 0.03,
              "y": 0.0
            },
            {
              "current_source_a": 0.0,
              "electric_potential_v": 0.000056399999999999995,
              "fix_electric_potential": true,
              "id": "n5",
              "x": 0.03,
              "y": 0.03
            },
            {
              "current_source_a": 0.0,
              "electric_potential_v": 0.0,
              "fix_electric_potential": true,
              "id": "n4",
              "x": 0.0,
              "y": 0.03
            }
          ],
          "terminals": []
        },
        "electrostatic_model": {
          "elements": [
            {
              "id": "conductor_left",
              "node_i": 0,
              "node_j": 1,
              "node_k": 5,
              "node_l": 4,
              "permittivity": 1.0,
              "thickness": 0.001
            },
            {
              "id": "dielectric_core",
              "node_i": 1,
              "node_j": 2,
              "node_k": 6,
              "node_l": 5,
              "permittivity": 9.8,
              "thickness": 0.001
            },
            {
              "id": "substrate_right",
              "node_i": 2,
              "node_j": 3,
              "node_k": 7,
              "node_l": 6,
              "permittivity": 4.2,
              "thickness": 0.001
            }
          ],
          "nodes": [
            {
              "charge_density": 0.0,
              "fix_potential": true,
              "id": "n0",
              "potential": 0.0,
              "x": 0.0,
              "y": 0.0
            },
            {
              "charge_density": 0.0,
              "fix_potential": false,
              "id": "n1",
              "potential": 0.0,
              "x": 0.03,
              "y": 0.0
            },
            {
              "charge_density": 0.0,
              "fix_potential": false,
              "id": "n2",
              "potential": 0.0,
              "x": 0.06,
              "y": 0.0
            },
            {
              "charge_density": 0.0,
              "fix_potential": true,
              "id": "n3",
              "potential": 1000,
              "x": 0.09,
              "y": 0.0
            },
            {
              "charge_density": 0.0,
              "fix_potential": true,
              "id": "n4",
              "potential": 0.0,
              "x": 0.0,
              "y": 0.03
            },
            {
              "charge_density": 0.0,
              "fix_potential": false,
              "id": "n5",
              "potential": 0.0,
              "x": 0.03,
              "y": 0.03
            },
            {
              "charge_density": 0.0,
              "fix_potential": false,
              "id": "n6",
              "potential": 0.0,
              "x": 0.06,
              "y": 0.03
            },
            {
              "charge_density": 0.0,
              "fix_potential": true,
              "id": "n7",
              "potential": 1000,
              "x": 0.09,
              "y": 0.03
            }
          ]
        },
        "electrothermal_feedback": {
          "conductivity_relative_change_tolerance": 1e-9,
          "loss_relative_change_tolerance": 1e-9,
          "loss_tangent_temperature_coefficient_1_k": 0.001,
          "max_iterations": 12,
          "parameter_source": "screening_sensitivity_not_material_card",
          "relative_permittivity_temperature_coefficient_1_k": 0.0001,
          "relaxation_factor": 0.8,
          "temperature_residual_tolerance_c": 1e-7,
          "thermal_conductivity_models": [
            {
              "element_id": "conductor_left",
              "reference_temperature_c": 35.0,
              "temperature_coefficient_1_k": -0.001
            },
            {
              "element_id": "dielectric_core",
              "reference_temperature_c": 35.0,
              "temperature_coefficient_1_k": -0.002
            },
            {
              "element_id": "substrate_right",
              "reference_temperature_c": 35.0,
              "temperature_coefficient_1_k": -0.0012
            }
          ]
        },
        "electrothermal_loss": {
          "frequency_hz": 10000000.0,
          "loss_tangent": 0.0002,
          "reference_temperature_c": 35.0,
          "relative_permittivity": 9.8,
          "source_element_id": "dielectric_core"
        },
        "heat_model": {
          "elements": [
            {
              "conductivity": 167.0,
              "id": "conductor_left",
              "node_i": 0,
              "node_j": 1,
              "node_k": 5,
              "node_l": 4,
              "thickness": 0.001
            },
            {
              "conductivity": 0.25,
              "id": "dielectric_core",
              "node_i": 1,
              "node_j": 2,
              "node_k": 6,
              "node_l": 5,
              "thickness": 0.001
            },
            {
              "conductivity": 160.0,
              "id": "substrate_right",
              "node_i": 2,
              "node_j": 3,
              "node_k": 7,
              "node_l": 6,
              "thickness": 0.001
            }
          ],
          "nodes": [
            {
              "fix_temperature": false,
              "heat_load": 0.0,
              "id": "n0",
              "temperature": 35.0,
              "x": 0.0,
              "y": 0.0
            },
            {
              "fix_temperature": false,
              "heat_load": 0.0,
              "id": "n1",
              "temperature": 35.0,
              "x": 0.03,
              "y": 0.0
            },
            {
              "fix_temperature": false,
              "heat_load": 0.0,
              "id": "n2",
              "temperature": 35.0,
              "x": 0.06,
              "y": 0.0
            },
            {
              "fix_temperature": true,
              "heat_load": 0.0,
              "id": "n3",
              "temperature": 35.0,
              "x": 0.09,
              "y": 0.0
            },
            {
              "fix_temperature": false,
              "heat_load": 0.0,
              "id": "n4",
              "temperature": 35.0,
              "x": 0.0,
              "y": 0.03
            },
            {
              "fix_temperature": false,
              "heat_load": 0.0,
              "id": "n5",
              "temperature": 35.0,
              "x": 0.03,
              "y": 0.03
            },
            {
              "fix_temperature": false,
              "heat_load": 0.0,
              "id": "n6",
              "temperature": 35.0,
              "x": 0.06,
              "y": 0.03
            },
            {
              "fix_temperature": true,
              "heat_load": 0.0,
              "id": "n7",
              "temperature": 35.0,
              "x": 0.09,
              "y": 0.03
            }
          ]
        },
        "research": {
          "candidate_id": "aluminum_alumina_aluminum",
          "candidate_label": "Aluminum / Alumina / Aluminum",
          "coupling": "iterative_dielectric_and_conductor_joule_heating_with_temperature_dependent_electrical_thermal_feedback_and_expansion_projection",
          "materials": {
            "conductor": "aluminum",
            "dielectric": "alumina_96",
            "substrate": "aluminum_6061"
          },
          "study": "material.composite_thermo_electric_panel.v1"
        },
        "thermal_expansion_feedback": {
          "parameter_source": "screening_sensitivity_not_material_card",
          "regions": [
            {
              "element_id": "conductor_left",
              "reference_temperature_c": 35.0,
              "temperature_coefficient_1_k": 0.0002
            },
            {
              "element_id": "dielectric_core",
              "reference_temperature_c": 35.0,
              "temperature_coefficient_1_k": 0.0008
            },
            {
              "element_id": "substrate_right",
              "reference_temperature_c": 35.0,
              "temperature_coefficient_1_k": 0.0003
            }
          ]
        },
        "thermal_model": {
          "elements": [
            {
              "id": "conductor_left",
              "node_i": 0,
              "node_j": 1,
              "node_k": 5,
              "node_l": 4,
              "poisson_ratio": 0.32,
              "thermal_expansion": 0.000017,
              "thickness": 0.001,
              "youngs_modulus": 110000000000.0
            },
            {
              "id": "dielectric_core",
              "node_i": 1,
              "node_j": 2,
              "node_k": 6,
              "node_l": 5,
              "poisson_ratio": 0.32,
              "thermal_expansion": 0.000045,
              "thickness": 0.001,
              "youngs_modulus": 2500000000.0
            },
            {
              "id": "substrate_right",
              "node_i": 2,
              "node_j": 3,
              "node_k": 7,
              "node_l": 6,
              "poisson_ratio": 0.32,
              "thermal_expansion": 0.0000236,
              "thickness": 0.001,
              "youngs_modulus": 68900000000.0
            }
          ],
          "nodes": [
            {
              "fix_x": true,
              "fix_y": true,
              "id": "n0",
              "load_x": 0.0,
              "load_y": 0.0,
              "temperature_delta": 0.0,
              "x": 0.0,
              "y": 0.0
            },
            {
              "fix_x": false,
              "fix_y": false,
              "id": "n1",
              "load_x": 0.0,
              "load_y": 0.0,
              "temperature_delta": 0.0,
              "x": 0.03,
              "y": 0.0
            },
            {
              "fix_x": false,
              "fix_y": false,
              "id": "n2",
              "load_x": 0.0,
              "load_y": 0.0,
              "temperature_delta": 0.0,
              "x": 0.06,
              "y": 0.0
            },
            {
              "fix_x": false,
              "fix_y": false,
              "id": "n3",
              "load_x": 0.0,
              "load_y": 0.0,
              "temperature_delta": 0.0,
              "x": 0.09,
              "y": 0.0
            },
            {
              "fix_x": true,
              "fix_y": true,
              "id": "n4",
              "load_x": 0.0,
              "load_y": 0.0,
              "temperature_delta": 0.0,
              "x": 0.0,
              "y": 0.03
            },
            {
              "fix_x": false,
              "fix_y": false,
              "id": "n5",
              "load_x": 0.0,
              "load_y": 0.0,
              "temperature_delta": 0.0,
              "x": 0.03,
              "y": 0.03
            },
            {
              "fix_x": false,
              "fix_y": false,
              "id": "n6",
              "load_x": 0.0,
              "load_y": 0.0,
              "temperature_delta": 0.0,
              "x": 0.06,
              "y": 0.03
            },
            {
              "fix_x": false,
              "fix_y": false,
              "id": "n7",
              "load_x": 0.0,
              "load_y": 0.0,
              "temperature_delta": 0.0,
              "x": 0.09,
              "y": 0.03
            }
          ]
        }
      },
      "result_preview": {
        "job": {
          "created_at": "2026-08-13T10:08:08.004854Z",
          "execution_started_at": null,
          "execution_timeout_ms": 120000,
          "has_result": false,
          "iteration": null,
          "job_id": "2d151284bb0d54ab",
          "message": null,
          "model_version_id": null,
          "progress": 0.0,
          "project_id": "972dfcabf507b21e",
          "queue_timeout_ms": 1800000,
          "residual": null,
          "simulation_case_id": "d9eda770801fb0c8",
          "status": "queued",
          "status_detail": {
            "active": true,
            "failure_class": null,
            "lifecycle": "active",
            "recoverable": false,
            "terminal": false,
            "timing": {
              "effective_deadline": "2026-08-13T10:38:08.004854Z",
              "effective_timeout_ms": 1800000,
              "execution_elapsed_ms": null,
              "execution_started_at": null,
              "execution_timeout_ms": 120000,
              "job_submission_deadline": "2026-08-13T10:38:08.004854Z",
              "phase": "queue",
              "queue_timeout_ms": 1800000,
              "queue_wait_ms": 0,
              "total_elapsed_ms": 0
            }
          },
          "updated_at": "2026-08-13T10:08:08.004854Z",
          "worker_id": null
        },
        "job_id": "2d151284bb0d54ab",
        "progress": 0.0,
        "raw": {
          "job": {
            "created_at": "2026-08-13T10:08:08.004854Z",
            "execution_started_at": null,
            "execution_timeout_ms": 120000,
            "has_result": false,
            "iteration": null,
            "job_id": "2d151284bb0d54ab",
            "message": null,
            "model_version_id": null,
            "progress": 0.0,
            "project_id": "972dfcabf507b21e",
            "queue_timeout_ms": 1800000,
            "residual": null,
            "simulation_case_id": "d9eda770801fb0c8",
            "status": "queued",
            "status_detail": {
              "active": true,
              "failure_class": null,
              "lifecycle": "active",
              "recoverable": false,
              "terminal": false,
              "timing": {
                "effective_deadline": "2026-08-13T10:38:08.004854Z",
                "effective_timeout_ms": 1800000,
                "execution_elapsed_ms": null,
                "execution_started_at": null,
                "execution_timeout_ms": 120000,
                "job_submission_deadline": "2026-08-13T10:38:08.004854Z",
                "phase": "queue",
                "queue_timeout_ms": 1800000,
                "queue_wait_ms": 0,
                "total_elapsed_ms": 0
              }
            },
            "updated_at": "2026-08-13T10:08:08.004854Z",
            "worker_id": null
          }
        },
        "status": "queued"
      },
      "requires_confirmation": false
    },
    {
      "index": 5,
      "action": "job_wait",
      "risk": "normal",
      "status": "executed",
      "payload": {
        "interval_ms": 1000,
        "job_id": "2d151284bb0d54ab",
        "max_total_timeout_ms": 3600000,
        "resume_policy": "server_deadline",
        "timeout_ms": 60000
      },
      "result_preview": {
        "job": {
          "created_at": "2026-08-13T10:08:08.004854Z",
          "execution_started_at": "2026-08-13T10:08:08.026562Z",
          "execution_timeout_ms": 120000,
          "iteration": 4,
          "job_id": "2d151284bb0d54ab",
          "message": "collecting nodal and elemental responses",
          "model_version_id": null,
          "progress": 1.0,
          "project_id": "972dfcabf507b21e",
          "queue_timeout_ms": 1800000,
          "residual": 0.2,
          "simulation_case_id": "d9eda770801fb0c8",
          "status": "completed",
          "status_detail": {
            "active": false,
            "failure_class": null,
            "lifecycle": "terminal",
            "recoverable": false,
            "terminal": true,
            "timing": {
              "effective_deadline": "2026-08-13T10:10:08.026562Z",
              "effective_timeout_ms": 120000,
              "execution_elapsed_ms": 9098,
              "execution_started_at": "2026-08-13T10:08:08.026562Z",
              "execution_timeout_ms": 120000,
              "job_submission_deadline": "2026-08-13T10:38:08.004854Z",
              "phase": "execution",
              "queue_timeout_ms": 1800000,
              "queue_wait_ms": 21,
              "total_elapsed_ms": 9119
            }
          },
          "updated_at": "2026-08-13T10:08:17.124691Z",
          "worker_id": "rust-agent-rpc@127.0.0.1:5001"
        },
        "job_id": "2d151284bb0d54ab",
        "progress": 1.0,
        "raw": {
          "job": {
            "created_at": "2026-08-13T10:08:08.004854Z",
            "execution_started_at": "2026-08-13T10:08:08.026562Z",
            "execution_timeout_ms": 120000,
            "iteration": 4,
            "job_id": "2d151284bb0d54ab",
            "message": "collecting nodal and elemental responses",
            "model_version_id": null,
            "progress": 1.0,
            "project_id": "972dfcabf507b21e",
            "queue_timeout_ms": 1800000,
            "residual": 0.2,
            "simulation_case_id": "d9eda770801fb0c8",
            "status": "completed",
            "status_detail": {
              "active": false,
              "failure_class": null,
              "lifecycle": "terminal",
              "recoverable": false,
              "terminal": true,
              "timing": {
                "effective_deadline": "2026-08-13T10:10:08.026562Z",
                "effective_timeout_ms": 120000,
                "execution_elapsed_ms": 9098,
                "execution_started_at": "2026-08-13T10:08:08.026562Z",
                "execution_timeout_ms": 120000,
                "job_submission_deadline": "2026-08-13T10:38:08.004854Z",
                "phase": "execution",
                "queue_timeout_ms": 1800000,
                "queue_wait_ms": 21,
                "total_elapsed_ms": 9119
              }
            },
            "updated_at": "2026-08-13T10:08:17.124691Z",
            "worker_id": "rust-agent-rpc@127.0.0.1:5001"
          }
        },
        "result": null,
        "status": "completed",
        "wait": {
          "elapsed_ms": 9167,
          "policy": "server_deadline",
          "poll_attempts": 10,
          "resume_count": 0
        }
      },
      "requires_confirmation": false
    },
    {
      "index": 6,
      "action": "result_fetch",
      "risk": "normal",
      "status": "executed",
      "payload": {
        "job_id": "2d151284bb0d54ab"
      },
      "result_preview": {
        "job": {
          "created_at": "2026-08-13T10:08:08.004854Z",
          "execution_started_at": "2026-08-13T10:08:08.026562Z",
          "execution_timeout_ms": 120000,
          "has_result": true,
          "iteration": 4,
          "job_id": "2d151284bb0d54ab",
          "message": "collecting nodal and elemental responses",
          "model_version_id": null,
          "progress": 1.0,
          "project_id": "972dfcabf507b21e",
          "queue_timeout_ms": 1800000,
          "residual": 0.2,
          "simulation_case_id": "d9eda770801fb0c8",
          "status": "completed",
          "status_detail": {
            "active": false,
            "failure_class": null,
            "lifecycle": "terminal",
            "recoverable": false,
            "terminal": true,
            "timing": {
              "effective_deadline": "2026-08-13T10:10:08.026562Z",
              "effective_timeout_ms": 120000,
              "execution_elapsed_ms": 9098,
              "execution_started_at": "2026-08-13T10:08:08.026562Z",
              "execution_timeout_ms": 120000,
              "job_submission_deadline": "2026-08-13T10:38:08.004854Z",
              "phase": "execution",
              "queue_timeout_ms": 1800000,
              "queue_wait_ms": 21,
              "total_elapsed_ms": 9119
            }
          },
          "updated_at": "2026-08-13T10:08:17.124691Z",
          "worker_id": "rust-agent-rpc@127.0.0.1:5001"
        },
        "job_id": "2d151284bb0d54ab",
        "result": {
          "electric_conduction": {
            "contact_interfaces": [],
            "current_balance_relative_error": 0.0,
            "elements": [
              {
                "area_m2": 0.0009,
                "average_electric_potential_v": 0.0000282,
                "current_density_magnitude_a_m2": 66542.20299788911,
                "current_density_x_a_m2": -66542.20299788911,
                "current_density_y_a_m2": -0.0,
                "electric_field_magnitude_v_m": 0.00188,
                "electric_field_x_v_m": -0.00188,
                "electric_field_y_v_m": -0.0,
                "electric_potential_gradient_x_v_m": 0.00188,
                "electric_potential_gradient_y_v_m": 0.0,
                "id": "conductor_left",
                "index": 0,
                "joule_power_w": 0.00011258940747242836,
                "node_i": 0,
                "node_j": 1,
                "node_k": 2,
                "node_l": 3,
                "peak_current_density_magnitude_a_m2": 66542.20299788911,
                "peak_electric_field_magnitude_v_m": 0.00188,
                "rms_current_density_magnitude_a_m2": 66542.20299788911,
                "rms_electric_field_magnitude_v_m": 0.00188,
                "volumetric_joule_heating_w_m3": 125.09934163603154
              }
            ],
            "free_current_residual_relative_error": 0.0,
            "input": {
              "contact_interfaces": [],
              "elements": [
                {
                  "electrical_conductivity_s_m": 35394788.82866442,
                  "id": "conductor_left",
                  "node_i": 0,
                  "node_j": 1,
                  "node_k": 2,
                  "node_l": 3,
                  "thickness": 0.001
                }
              ],
              "nodes": [
                {
                  "current_source_a": 0.0,
                  "electric_potential_v": 0.0,
                  "fix_electric_potential": true,
                  "id": "n0",
                  "x": 0.0,
                  "y": 0.0
                },
                {
                  "current_source_a": 0.0,
                  "electric_potential_v": 0.000056399999999999995,
                  "fix_electric_potential": true,
                  "id": "n1",
                  "x": 0.03,
                  "y": 0.0
                },
                {
                  "current_source_a": 0.0,
                  "electric_potential_v": 0.000056399999999999995,
                  "fix_electric_potential": true,
                  "id": "n5",
                  "x": 0.03,
                  "y": 0.03
                },
                {
                  "current_source_a": 0.0,
                  "electric_potential_v": 0.0,
                  "fix_electric_potential": true,
                  "id": "n4",
                  "x": 0.0,
                  "y": 0.03
                }
              ],
              "terminals": []
            },
            "max_current_density_a_m2": 66542.20299788911,
            "max_electric_field_v_m": 0.00188,
            "max_electric_potential_v": 0.000056399999999999995,
            "max_free_current_residual_a": 0.0,
            "nodes": [
              {
                "current_source_a": 0.0,
                "electric_potential_v": 0.0,
                "fix_electric_potential": true,
                "id": "n0",
                "index": 0,
                "net_injected_current_a": -0.9981330449683368,
                "reaction_current_a": -0.9981330449683368,
                "x": 0.0,
                "y": 0.0
              },
              {
                "current_source_a": 0.0,
                "electric_potential_v": 0.000056399999999999995,
                "fix_electric_potential": true,
                "id": "n1",
                "index": 1,
                "net_injected_current_a": 0.9981330449683368,
                "reaction_current_a": 0.9981330449683368,
                "x": 0.03,
                "y": 0.0
              },
              {
                "current_source_a": 0.0,
                "electric_potential_v": 0.000056399999999999995,
                "fix_electric_potential": true,
                "id": "n5",
                "index": 2,
                "net_injected_current_a": 0.9981330449683368,
                "reaction_current_a": 0.9981330449683368,
                "x": 0.03,
                "y": 0.03
              },
              {
                "current_source_a": 0.0,
                "electric_potential_v": 0.0,
                "fix_electric_potential": true,
                "id": "n4",
                "index": 3,
                "net_injected_current_a": -0.9981330449683368,
                "reaction_current_a": -0.9981330449683368,
                "x": 0.0,
                "y": 0.03
              }
            ],
            "power_balance_relative_error": 1.2037124504263544e-16,
            "source_power_balance_relative_error": 1.2037124504263544e-16,
            "terminals": [],
            "total_bulk_joule_power_w": 0.00011258940747242836,
            "total_contact_joule_power_w": -0.0,
            "total_dissipated_power_w": 0.00011258940747242836,
            "total_electrical_input_power_w": 0.0001125894074724284,
            "total_extracted_current_a": 1.9962660899366735,
            "total_injected_current_a": 1.9962660899366735,
            "total_joule_power_w": 0.00011258940747242836,
            "total_source_power_w": 0.0001125894074724284,
            "total_terminal_impedance_power_w": -0.0
          },
          "electrostatic": {
            "elements": [
              {
                "area": 0.0009,
                "average_potential": 373.09710676217776,
                "electric_energy_density": 309336557.94290644,
                "electric_field_magnitude": 24873.140450811858,
                "electric_field_x": -24873.140450811858,
                "electric_field_y": -0.0,
                "electric_flux_density_magnitude": 24873.140450811858,
                "electric_flux_density_x": -24873.140450811858,
                "electric_flux_density_y": -0.0,
                "id": "conductor_left",
                "index": 0,
                "node_i": 0,
                "node_j": 1,
                "node_k": 5,
                "node_l": 4,
                "potential_gradient_x": 24873.140450811858,
                "potential_gradient_y": 0.0,
                "stored_energy": 278.4029021486158
              },
              {
                "area": 0.0009,
                "average_potential": 784.2644622949924,
                "electric_energy_density": 31564221.48897997,
                "electric_field_magnitude": 2538.0165847091216,
                "electric_field_x": -2538.0165847091216,
                "electric_field_y": 1.8189894035458565e-12,
                "electric_flux_density_magnitude": 24873.14045081191,
                "electric_flux_density_x": -24873.14045081191,
                "electric_flux_density_y": 1.7826510348875446e-11,
                "id": "dielectric_core",
                "index": 1,
                "node_i": 1,
                "node_j": 2,
                "node_k": 6,
                "node_l": 5,
                "potential_gradient_x": 2538.0165847091216,
                "potential_gradient_y": -1.8189894035458565e-12,
                "stored_energy": 28.407799340081972
              },
              {
                "area": 0.0009,
                "average_potential": 911.1673555328146,
                "electric_energy_density": 73651561.41497809,
                "electric_field_magnitude": 5922.176297812361,
                "electric_field_x": -5922.176297812361,
                "electric_field_y": 1.8189894035458565e-12,
                "electric_flux_density_magnitude": 24873.140450811916,
                "electric_flux_density_x": -24873.140450811916,
                "electric_flux_density_y": 7.639755494892598e-12,
                "id": "substrate_right",
                "index": 2,
                "node_i": 2,
                "node_j": 3,
                "node_k": 7,
                "node_l": 6,
                "potential_gradient_x": 5922.176297812361,
                "potential_gradient_y": -1.8189894035458565e-12,
                "stored_energy": 66.28640527348028
              }
            ],
            "input": {
              "elements": [
                {
                  "id": "conductor_left",
                  "node_i": 0,
                  "node_j": 1,
                  "node_k": 5,
                  "node_l": 4,
                  "permittivity": 1.0,
                  "thickness": 0.001
                },
                {
                  "id": "dielectric_core",
                  "node_i": 1,
                  "node_j": 2,
                  "node_k": 6,
                  "node_l": 5,
                  "permittivity": 9.800227705628876,
                  "thickness": 0.001
                },
                {
                  "id": "substrate_right",
                  "node_i": 2,
                  "node_j": 3,
                  "node_k": 7,
                  "node_l": 6,
                  "permittivity": 4.2,
                  "thickness": 0.001
                }
              ],
              "nodes": [
                {
                  "charge_density": 0.0,
                  "fix_potential": true,
                  "id": "n0",
                  "potential": 0.0,
                  "x": 0.0,
                  "y": 0.0
                },
                {
                  "charge_density": 0.0,
                  "fix_potential": false,
                  "id": "n1",
                  "potential": 0.0,
                  "x": 0.03,
                  "y": 0.0
                },
                {
                  "charge_density": 0.0,
                  "fix_potential": false,
                  "id": "n2",
                  "potential": 0.0,
                  "x": 0.06,
                  "y": 0.0
                },
                {
                  "charge_density": 0.0,
                  "fix_potential": true,
                  "id": "n3",
                  "potential": 1000.0,
                  "x": 0.09,
                  "y": 0.0
                },
                {
                  "charge_density": 0.0,
                  "fix_potential": true,
                  "id": "n4",
                  "potential": 0.0,
                  "x": 0.0,
                  "y": 0.03
                },
                {
                  "charge_density": 0.0,
                  "fix_potential": false,
                  "id": "n5",
                  "potential": 0.0,
                  "x": 0.03,
                  "y": 0.03
                },
                {
                  "charge_density": 0.0,
                  "fix_potential": false,
                  "id": "n6",
                  "potential": 0.0,
                  "x": 0.06,
                  "y": 0.03
                },
                {
                  "charge_density": 0.0,
                  "fix_potential": true,
                  "id": "n7",
                  "potential": 1000.0,
                  "x": 0.09,
                  "y": 0.03
                }
              ]
            },
            "max_electric_energy_density": 309336557.94290644,
            "max_electric_field": 24873.140450811858,
            "max_flux_density": 24873.140450811916,
            "max_potential": 1000.0,
            "nodes": [
              {
                "charge_density": 0.0,
                "id": "n0",
                "index": 0,
                "potential": 0.0,
                "x": 0.0,
                "y": 0.0
              },
              {
                "charge_density": 0.0,
                "id": "n1",
                "index": 1,
                "potential": 746.1942135243555,
                "x": 0.03,
                "y": 0.0
              },
              {
                "charge_density": 0.0,
                "id": "n2",
                "index": 2,
                "potential": 822.3347110656292,
                "x": 0.06,
                "y": 0.0
              },
              {
                "charge_density": 0.0,
                "id": "n3",
                "index": 3,
                "potential": 1000.0,
                "x": 0.09,
                "y": 0.0
              },
              {
                "charge_density": 0.0,
                "id": "n4",
                "index": 4,
                "potential": 0.0,
                "x": 0.0,
                "y": 0.03
              },
              {
                "charge_density": 0.0,
                "id": "n5",
                "index": 5,
                "potential": 746.1942135243555,
                "x": 0.03,
                "y": 0.03
              },
              {
                "charge_density": 0.0,
                "id": "n6",
                "index": 6,
                "potential": 822.3347110656291,
                "x": 0.06,
                "y": 0.03
              },
              {
                "charge_density": 0.0,
                "id": "n7",
                "index": 7,
                "potential": 1000.0,
                "x": 0.09,
                "y": 0.03
              }
            ],
            "total_stored_energy": 373.0971067621781
          },
          "electrostatic_mesh_convergence": {
            "finest_pair_relative_change": 4.062814949463296e-15,
            "max_analytic_relative_error": 0.11111111111111052,
            "method": "structured_quad_h_refinement",
            "refinement_levels": [
              1,
              2,
              4,
              8
            ],
            "relative_error_tolerance": 1e-8,
            "samples": [
              {
                "analytic_relative_error": 0.11111111111111052,
                "element_count": 3,
                "elements_per_layer": 1,
                "max_electric_field_v_m": 24873.140450811858,
                "node_count": 8,
                "relative_change_from_previous": null
              },
              {
                "analytic_relative_error": 6.500503919141274e-16,
                "element_count": 6,
                "elements_per_layer": 2,
                "max_electric_field_v_m": 22385.826405730662,
                "node_count": 14,
                "relative_change_from_previous": 0.11111111111111116
              },
              {
                "analytic_relative_error": 2.275176371699446e-15,
                "element_count": 12,
                "elements_per_layer": 4,
                "max_electric_field_v_m": 22385.82640573063,
                "node_count": 26,
                "relative_change_from_previous": 1.6251259797853186e-15
              },
              {
                "analytic_relative_error": 6.3379913211627416e-15,
                "element_count": 24,
                "elements_per_layer": 8,
                "max_electric_field_v_m": 22385.82640573054,
                "node_count": 50,
                "relative_change_from_previous": 4.062814949463296e-15
              }
            ],
            "schema_version": "kyuubiki.composite-electrostatic-mesh-convergence/v1",
            "status": "fail"
          },
          "electrothermal_feedback_convergence": {
            "conductivity_relative_change_tolerance": 1e-9,
            "converged": true,
            "final_loss_relative_change": 6.862166407951638e-10,
            "final_max_conductivity_relative_change": 1.8164073492023776e-10,
            "final_temperature_residual_c": 4.5081513633249415e-8,
            "iteration_count": 11,
            "iterations": [
              {
                "converged": false,
                "coupling_temperature_c": 35.0,
                "dielectric_mean_temperature_c": 35.23266622312377,
                "iteration": 1,
                "loss_relative_change": null,
                "loss_tangent": 0.0002,
                "max_conductivity_relative_change": null,
                "max_temperature_c": 35.46492566009583,
                "relative_permittivity": 9.8,
                "temperature_residual_c": 0.46475679782037105,
                "thermal_conductivity_updates": [
                  {
                    "conductivity_relative_change": null,
                    "conductivity_w_mk": 167.0,
                    "coupling_temperature_c": 35.0,
                    "element_id": "conductor_left",
                    "measured_mean_temperature_c": 35.46475679782037
                  },
                  {
                    "conductivity_relative_change": null,
                    "conductivity_w_mk": 0.25,
                    "coupling_temperature_c": 35.0,
                    "element_id": "dielectric_core",
                    "measured_mean_temperature_c": 35.23266622312377
                  },
                  {
                    "conductivity_relative_change": null,
                    "conductivity_w_mk": 160.0,
                    "coupling_temperature_c": 35.0,
                    "element_id": "substrate_right",
                    "measured_mean_temperature_c": 35.00037225535131
                  }
                ],
                "total_joule_loss_w": 0.00011280000000000002,
                "total_loss_w": 6.321712417899335e-6
              },
              {
                "converged": false,
                "coupling_temperature_c": 35.18613297849902,
                "dielectric_mean_temperature_c": 35.232414967809746,
                "iteration": 2,
                "loss_relative_change": 0.0014076948267266074,
                "loss_tangent": 0.00020003722659569983,
                "max_conductivity_relative_change": 0.0003722659569980191,
                "max_temperature_c": 35.46442381739133,
                "relative_permittivity": 9.80018241031893,
                "temperature_residual_c": 0.09244970678690125,
                "thermal_conductivity_updates": [
                  {
                    "conductivity_relative_change": 0.0003718054382563728,
                    "conductivity_w_mk": 166.9379084918112,
                    "coupling_temperature_c": 35.371805438256295,
                    "element_id": "conductor_left",
                    "measured_mean_temperature_c": 35.4642551450432
                  },
                  {
                    "conductivity_relative_change": 0.0003722659569980191,
                    "conductivity_w_mk": 0.2499069335107505,
                    "coupling_temperature_c": 35.18613297849902,
                    "element_id": "dielectric_core",
                    "measured_mean_temperature_c": 35.232414967809746
                  },
                  {
                    "conductivity_relative_change": 3.57365137304555e-7,
                    "conductivity_w_mk": 159.99994282157803,
                    "coupling_temperature_c": 35.00029780428105,
                    "element_id": "substrate_right",
                    "measured_mean_temperature_c": 35.00037173146222
                  }
                ],
                "total_joule_loss_w": 0.00011263123606846622,
                "total_loss_w": 6.322789331111649e-6
              },
              {
                "converged": false,
                "coupling_temperature_c": 35.2231585699476,
                "dielectric_mean_temperature_c": 35.23236508649947,
                "iteration": 3,
                "loss_relative_change": 0.0002799082215862701,
                "loss_tangent": 0.00020004463171398955,
                "max_conductivity_relative_change": 0.00007407875989760779,
                "max_temperature_c": 35.4643241874051,
                "relative_permittivity": 9.800218695398549,
                "temperature_residual_c": 0.018390349078295287,
                "thermal_conductivity_updates": [
                  {
                    "conductivity_relative_change": 0.00007398727430041233,
                    "conductivity_w_mk": 166.92555721098446,
                    "coupling_temperature_c": 35.445765203685816,
                    "element_id": "conductor_left",
                    "measured_mean_temperature_c": 35.46415555276411
                  },
                  {
                    "conductivity_relative_change": 0.00007407875989760779,
                    "conductivity_w_mk": 0.2498884207150262,
                    "coupling_temperature_c": 35.2231585699476,
                    "element_id": "dielectric_core",
                    "measured_mean_temperature_c": 35.23236508649947
                  },
                  {
                    "conductivity_relative_change": 7.097011916399406e-8,
                    "conductivity_w_mk": 159.99993146636302,
                    "coupling_temperature_c": 35.00035694602598,
                    "element_id": "substrate_right",
                    "measured_mean_temperature_c": 35.0003716274379
                  }
                ],
                "total_joule_loss_w": 0.00011259772564313332,
                "total_loss_w": 6.323003546744419e-6
              },
              {
                "converged": false,
                "coupling_temperature_c": 35.2305237831891,
                "dielectric_mean_temperature_c": 35.232355167859694,
                "iteration": 4,
                "loss_relative_change": 0.00005567570890761218,
                "loss_tangent": 0.0002000461047566378,
                "max_conductivity_relative_change": 0.000014737003860447528,
                "max_temperature_c": 35.4643043765005,
                "relative_permittivity": 9.800225913307528,
                "temperature_residual_c": 0.0036582664089834793,
                "thermal_conductivity_updates": [
                  {
                    "conductivity_relative_change": 0.000014718840409498109,
                    "conductivity_w_mk": 166.9231002603476,
                    "coupling_temperature_c": 35.460477482948455,
                    "element_id": "conductor_left",
                    "measured_mean_temperature_c": 35.46413574935744
                  },
                  {
                    "conductivity_relative_change": 0.000014737003860447528,
                    "conductivity_w_mk": 0.24988473810840545,
                    "coupling_temperature_c": 35.2305237831891,
                    "element_id": "dielectric_core",
                    "measured_mean_temperature_c": 35.232355167859694
                  },
                  {
                    "conductivity_relative_change": 1.4094161568578086e-8,
                    "conductivity_w_mk": 159.99992921129814,
                    "coupling_temperature_c": 35.000368691155515,
                    "element_id": "substrate_right",
                    "measured_mean_temperature_c": 35.00037160675251
                  }
                ],
                "total_joule_loss_w": 0.00011259106203514082,
                "total_loss_w": 6.323046158835455e-6
              },
              {
                "converged": false,
                "coupling_temperature_c": 35.23198889092558,
                "dielectric_mean_temperature_c": 35.23235319496921,
                "iteration": 5,
                "loss_relative_change": 0.000011075014102994354,
                "loss_tangent": 0.00020004639777818515,
                "max_conductivity_relative_change": 2.9315670647902724e-6,
                "max_temperature_c": 35.46430043596574,
                "relative_permittivity": 9.800227349113108,
                "temperature_residual_c": 0.0007277142384154445,
                "thermal_conductivity_updates": [
                  {
                    "conductivity_relative_change": 2.9279613874921532e-6,
                    "conductivity_w_mk": 166.92261151595537,
                    "coupling_temperature_c": 35.46340409607564,
                    "element_id": "conductor_left",
                    "measured_mean_temperature_c": 35.46413181031406
                  },
                  {
                    "conductivity_relative_change": 2.9315670647902724e-6,
                    "conductivity_w_mk": 0.2498840055545372,
                    "coupling_temperature_c": 35.23198889092558,
                    "element_id": "dielectric_core",
                    "measured_mean_temperature_c": 35.23235319496921
                  },
                  {
                    "conductivity_relative_change": 2.798974380497016e-9,
                    "conductivity_w_mk": 159.99992876346244,
                    "coupling_temperature_c": 35.00037102363311,
                    "element_id": "substrate_right",
                    "measured_mean_temperature_c": 35.00037160263801
                  }
                ],
                "total_joule_loss_w": 0.0001125897365832118,
                "total_loss_w": 6.323054635339206e-6
              },
              {
                "converged": false,
                "coupling_temperature_c": 35.23228033416048,
                "dielectric_mean_temperature_c": 35.23235280251602,
                "iteration": 6,
                "loss_relative_change": 2.2030709273827986e-6,
                "loss_tangent": 0.00020004645606683212,
                "max_conductivity_relative_change": 5.831570416683461e-7,
                "max_temperature_c": 35.46429965210296,
                "relative_permittivity": 9.800227634727475,
                "temperature_residual_c": 0.0001447592815821963,
                "thermal_conductivity_updates": [
                  {
                    "conductivity_relative_change": 5.824412964528077e-7,
                    "conductivity_w_mk": 166.9225142933331,
                    "coupling_temperature_c": 35.463986267466375,
                    "element_id": "conductor_left",
                    "measured_mean_temperature_c": 35.46413102674796
                  },
                  {
                    "conductivity_relative_change": 5.831570416683461e-7,
                    "conductivity_w_mk": 0.24988385983291975,
                    "coupling_temperature_c": 35.23228033416048,
                    "element_id": "dielectric_core",
                    "measured_mean_temperature_c": 35.23235280251602
                  },
                  {
                    "conductivity_relative_change": 5.558448622580951e-10,
                    "conductivity_w_mk": 159.9999286745273,
                    "coupling_temperature_c": 35.00037148683703,
                    "element_id": "substrate_right",
                    "measured_mean_temperature_c": 35.00037160181954
                  }
                ],
                "total_joule_loss_w": 0.0001125894729237295,
                "total_loss_w": 6.323056321508257e-6
              },
              {
                "converged": false,
                "coupling_temperature_c": 35.23233830884491,
                "dielectric_mean_temperature_c": 35.23235272445105,
                "iteration": 7,
                "loss_relative_change": 4.38241764403789e-7,
                "loss_tangent": 0.000200046467661769,
                "max_conductivity_relative_change": 1.1600325943576938e-7,
                "max_temperature_c": 35.46429949618061,
                "relative_permittivity": 9.80022769154267,
                "temperature_residual_c": 0.000028795992975005905,
                "thermal_conductivity_updates": [
                  {
                    "conductivity_relative_change": 1.1586118319895354e-7,
                    "conductivity_w_mk": 166.9224949534931,
                    "coupling_temperature_c": 35.46410207489164,
                    "element_id": "conductor_left",
                    "measured_mean_temperature_c": 35.46413087088462
                  },
                  {
                    "conductivity_relative_change": 1.1600325943576938e-7,
                    "conductivity_w_mk": 0.24988383084557755,
                    "coupling_temperature_c": 35.23233830884491,
                    "element_id": "dielectric_core",
                    "measured_mean_temperature_c": 35.23235272445105
                  },
                  {
                    "conductivity_relative_change": 1.1038339611455779e-10,
                    "conductivity_w_mk": 159.99992865686596,
                    "coupling_temperature_c": 35.000371578823035,
                    "element_id": "substrate_right",
                    "measured_mean_temperature_c": 35.00037160165673
                  }
                ],
                "total_joule_loss_w": 0.00011258942047587556,
                "total_loss_w": 6.323056656925586e-6
              },
              {
                "converged": false,
                "coupling_temperature_c": 35.23234984132982,
                "dielectric_mean_temperature_c": 35.23235270892395,
                "iteration": 8,
                "loss_relative_change": 8.717648537308377e-8,
                "loss_tangent": 0.000200046469968266,
                "max_conductivity_relative_change": 2.3075692557729826e-8,
                "max_temperature_c": 35.4642994651677,
                "relative_permittivity": 9.800227702844504,
                "temperature_residual_c": 5.728197422172343e-6,
                "thermal_conductivity_updates": [
                  {
                    "conductivity_relative_change": 2.3047490725996537e-8,
                    "conductivity_w_mk": 166.92249110634845,
                    "coupling_temperature_c": 35.46412511168602,
                    "element_id": "conductor_left",
                    "measured_mean_temperature_c": 35.464130839883445
                  },
                  {
                    "conductivity_relative_change": 2.3075692557729826e-8,
                    "conductivity_w_mk": 0.2498838250793351,
                    "coupling_temperature_c": 35.23234984132982,
                    "element_id": "dielectric_core",
                    "measured_mean_temperature_c": 35.23235270892395
                  },
                  {
                    "conductivity_relative_change": 2.1920253172321342e-11,
                    "conductivity_w_mk": 159.99992865335872,
                    "coupling_temperature_c": 35.000371597089995,
                    "element_id": "substrate_right",
                    "measured_mean_temperature_c": 35.00037160162435
                  }
                ],
                "total_joule_loss_w": 0.0001125894100427816,
                "total_loss_w": 6.323056723647722e-6
              },
              {
                "converged": false,
                "coupling_temperature_c": 35.23235213540512,
                "dielectric_mean_temperature_c": 35.23235270583359,
                "iteration": 9,
                "loss_relative_change": 1.7341444430049055e-8,
                "loss_tangent": 0.00020004647042708103,
                "max_conductivity_relative_change": 4.590283740594546e-9,
                "max_temperature_c": 35.464299458995214,
                "relative_permittivity": 9.800227705092698,
                "temperature_residual_c": 1.1394693331112649e-6,
                "thermal_conductivity_updates": [
                  {
                    "conductivity_relative_change": 4.584685849615012e-9,
                    "conductivity_w_mk": 166.92249034106126,
                    "coupling_temperature_c": 35.46412969424396,
                    "element_id": "conductor_left",
                    "measured_mean_temperature_c": 35.46413083371329
                  },
                  {
                    "conductivity_relative_change": 4.590283740594546e-9,
                    "conductivity_w_mk": 0.24988382393229744,
                    "coupling_temperature_c": 35.23235213540512,
                    "element_id": "dielectric_core",
                    "measured_mean_temperature_c": 35.23235270583359
                  },
                  {
                    "conductivity_relative_change": 4.352964376008988e-12,
                    "conductivity_w_mk": 159.99992865266225,
                    "coupling_temperature_c": 35.00037160071748,
                    "element_id": "substrate_right",
                    "measured_mean_temperature_c": 35.00037160161791
                  }
                ],
                "total_joule_loss_w": 0.00011258940796739508,
                "total_loss_w": 6.323056736920307e-6
              },
              {
                "converged": false,
                "coupling_temperature_c": 35.2323525917479,
                "dielectric_mean_temperature_c": 35.23235270522059,
                "iteration": 10,
                "loss_relative_change": 3.4496094580976444e-9,
                "loss_tangent": 0.00020004647051834957,
                "max_conductivity_relative_change": 9.131099198474757e-10,
                "max_temperature_c": 35.464299457770835,
                "relative_permittivity": 9.800227705539912,
                "temperature_residual_c": 2.266699539177353e-7,
                "thermal_conductivity_updates": [
                  {
                    "conductivity_relative_change": 9.119987288982311e-10,
                    "conductivity_w_mk": 166.92249018882816,
                    "coupling_temperature_c": 35.46413060581943,
                    "element_id": "conductor_left",
                    "measured_mean_temperature_c": 35.46413083248938
                  },
                  {
                    "conductivity_relative_change": 9.131099198474757e-10,
                    "conductivity_w_mk": 0.24988382370412604,
                    "coupling_temperature_c": 35.2323525917479,
                    "element_id": "dielectric_core",
                    "measured_mean_temperature_c": 35.23235270522059
                  },
                  {
                    "conductivity_relative_change": 8.645532592584356e-13,
                    "conductivity_w_mk": 159.99992865252392,
                    "coupling_temperature_c": 35.00037160143782,
                    "element_id": "substrate_right",
                    "measured_mean_temperature_c": 35.00037160161663
                  }
                ],
                "total_joule_loss_w": 0.00011258940755455333,
                "total_loss_w": 6.323056739560502e-6
              },
              {
                "converged": true,
                "coupling_temperature_c": 35.232352682526056,
                "dielectric_mean_temperature_c": 35.232352705094144,
                "iteration": 11,
                "loss_relative_change": 6.862166407951638e-10,
                "loss_tangent": 0.0002000464705365052,
                "max_conductivity_relative_change": 1.8164073492023776e-10,
                "max_temperature_c": 35.464299457518266,
                "relative_permittivity": 9.800227705628876,
                "temperature_residual_c": 4.5081513633249415e-8,
                "thermal_conductivity_updates": [
                  {
                    "conductivity_relative_change": 1.8142015488843228e-10,
                    "conductivity_w_mk": 166.92249015854506,
                    "coupling_temperature_c": 35.46413078715539,
                    "element_id": "conductor_left",
                    "measured_mean_temperature_c": 35.464130832236904
                  },
                  {
                    "conductivity_relative_change": 1.8164073492023776e-10,
                    "conductivity_w_mk": 0.24988382365873696,
                    "coupling_temperature_c": 35.232352682526056,
                    "element_id": "dielectric_core",
                    "measured_mean_temperature_c": 35.232352705094144
                  },
                  {
                    "conductivity_relative_change": 1.7159614720451426e-13,
                    "conductivity_w_mk": 159.99992865249646,
                    "coupling_temperature_c": 35.000371601580866,
                    "element_id": "substrate_right",
                    "measured_mean_temperature_c": 35.000371601616365
                  }
                ],
                "total_joule_loss_w": 0.00011258940747242836,
                "total_loss_w": 6.323056740085732e-6
              }
            ],
            "loss_relative_change_tolerance": 1e-9,
            "max_iterations": 12,
            "method": "relaxed_temperature_dependent_dielectric_and_conductivity_fixed_point",
            "parameter_source": "screening_sensitivity_not_material_card",
            "relaxation_factor": 0.8,
            "schema_version": "kyuubiki.composite-electrothermal-feedback-convergence/v1",
            "status": "pass",
            "temperature_residual_tolerance_c": 1e-7
          },
          "electrothermal_loss_projection": {
            "assumptions": [
              "The solved electrostatic field magnitude is interpreted as an RMS harmonic field.",
              "Relative permittivity and loss tangent are scalar, isotropic, and frequency-local screening values.",
              "Element dielectric loss is lumped consistently to its four thermal nodes."
            ],
            "distributed_total_heat_load_w": 6.3230567400857314e-6,
            "effective_conductivity_s_m": 1.090675752574377e-6,
            "electric_field_rms_v_m": 2538.0165847091216,
            "energy_balance_relative_error": 1.3395940951857024e-16,
            "frequency_hz": 10000000.0,
            "loss_tangent": 0.0002000464705365052,
            "model": "harmonic_dielectric_loss_sigma_eff_e_rms_squared",
            "relative_permittivity": 9.800227705628876,
            "schema_version": "kyuubiki.composite-electrothermal-loss-projection/v1",
            "source_element_id": "dielectric_core",
            "source_volume_m3": 9e-7,
            "target_element_count": 1,
            "target_node_count": 4,
            "total_loss_w": 6.323056740085732e-6,
            "volumetric_loss_w_m3": 7.0256186000952585
          },
          "heat": {
            "elements": [
              {
                "area": 0.0009,
                "average_temperature": 35.464130832236904,
                "heat_flow_rate": 1.688841112099433e-6,
                "heat_flux_magnitude": 1.8764901245549257,
                "heat_flux_x": 1.8764901245549257,
                "heat_flux_y": -3.7953780101485115e-11,
                "id": "conductor_left",
                "index": 0,
                "node_i": 0,
                "node_j": 1,
                "node_k": 5,
                "node_l": 4,
                "temperature_gradient_x": -0.01124168542401094,
                "temperature_gradient_y": 2.273736754432321e-13
              },
              {
                "area": 0.0009,
                "average_temperature": 35.232352705094144,
                "heat_flow_rate": 3.4725280752494704e-6,
                "heat_flux_magnitude": 3.858364528054967,
                "heat_flux_x": 3.858364528054967,
                "heat_flux_y": -5.6817003419095496e-14,
                "id": "dielectric_core",
                "index": 1,
                "node_i": 1,
                "node_j": 2,
                "node_k": 6,
                "node_l": 5,
                "temperature_gradient_x": -15.44063345742734,
                "temperature_gradient_y": 2.273736754432321e-13
              },
              {
                "area": 0.0009,
                "average_temperature": 35.000371601616365,
                "heat_flow_rate": 3.567373926322893e-6,
                "heat_flux_magnitude": 3.963748807025437,
                "heat_flux_x": 3.963748807025437,
                "heat_flux_y": -0.0,
                "id": "substrate_right",
                "index": 2,
                "node_i": 2,
                "node_j": 3,
                "node_k": 7,
                "node_l": 6,
                "temperature_gradient_x": -0.024773441090928827,
                "temperature_gradient_y": 0.0
              }
            ],
            "input": {
              "elements": [
                {
                  "conductivity": 166.92249015854506,
                  "id": "conductor_left",
                  "node_i": 0,
                  "node_j": 1,
                  "node_k": 5,
                  "node_l": 4,
                  "thickness": 0.001
                },
                {
                  "conductivity": 0.24988382365873696,
                  "id": "dielectric_core",
                  "node_i": 1,
                  "node_j": 2,
                  "node_k": 6,
                  "node_l": 5,
                  "thickness": 0.001
                },
                {
                  "conductivity": 159.99992865249646,
                  "id": "substrate_right",
                  "node_i": 2,
                  "node_j": 3,
                  "node_k": 7,
                  "node_l": 6,
                  "thickness": 0.001
                }
              ],
              "nodes": [
                {
                  "fix_temperature": false,
                  "heat_load": 0.000028147351868107093,
                  "id": "n0",
                  "temperature": 35.0,
                  "x": 0.0,
                  "y": 0.0
                },
                {
                  "fix_temperature": false,
                  "heat_load": 0.000029728116053128527,
                  "id": "n1",
                  "temperature": 35.0,
                  "x": 0.03,
                  "y": 0.0
                },
                {
                  "fix_temperature": false,
                  "heat_load": 1.5807641850214329e-6,
                  "id": "n2",
                  "temperature": 35.0,
                  "x": 0.06,
                  "y": 0.0
                },
                {
                  "fix_temperature": true,
                  "heat_load": 0.0,
                  "id": "n3",
                  "temperature": 35.0,
                  "x": 0.09,
                  "y": 0.0
                },
                {
                  "fix_temperature": false,
                  "heat_load": 0.000028147351868107093,
                  "id": "n4",
                  "temperature": 35.0,
                  "x": 0.0,
                  "y": 0.03
                },
                {
                  "fix_temperature": false,
                  "heat_load": 0.000029728116053128527,
                  "id": "n5",
                  "temperature": 35.0,
                  "x": 0.03,
                  "y": 0.03
                },
                {
                  "fix_temperature": false,
                  "heat_load": 1.5807641850214329e-6,
                  "id": "n6",
                  "temperature": 35.0,
                  "x": 0.06,
                  "y": 0.03
                },
                {
                  "fix_temperature": true,
                  "heat_load": 0.0,
                  "id": "n7",
                  "temperature": 35.0,
                  "x": 0.09,
                  "y": 0.03
                }
              ]
            },
            "max_heat_flux": 3.963748807025437,
            "max_temperature": 35.464299457518266,
            "nodes": [
              {
                "heat_load": 0.000028147351868107093,
                "id": "n0",
                "index": 0,
                "temperature": 35.464299457518266,
                "x": 0.0,
                "y": 0.0
              },
              {
                "heat_load": 0.000029728116053128527,
                "id": "n1",
                "index": 1,
                "temperature": 35.46396220695554,
                "x": 0.03,
                "y": 0.0
              },
              {
                "heat_load": 1.5807641850214329e-6,
                "id": "n2",
                "index": 2,
                "temperature": 35.00074320323273,
                "x": 0.06,
                "y": 0.0
              },
              {
                "heat_load": 0.0,
                "id": "n3",
                "index": 3,
                "temperature": 35.0,
                "x": 0.09,
                "y": 0.0
              },
              {
                "heat_load": 0.000028147351868107093,
                "id": "n4",
                "index": 4,
                "temperature": 35.464299457518266,
                "x": 0.0,
                "y": 0.03
              },
              {
                "heat_load": 0.000029728116053128527,
                "id": "n5",
                "index": 5,
                "temperature": 35.46396220695556,
                "x": 0.03,
                "y": 0.03
              },
              {
                "heat_load": 1.5807641850214329e-6,
                "id": "n6",
                "index": 6,
                "temperature": 35.00074320323273,
                "x": 0.06,
                "y": 0.03
              },
              {
                "heat_load": 0.0,
                "id": "n7",
                "index": 7,
                "temperature": 35.0,
                "x": 0.09,
                "y": 0.03
              }
            ],
            "total_abs_heat_flow_rate": 8.728743113671797e-6
          },
          "heat_cross_validation": {
            "absolute_error_c": 3.304023721284466e-12,
            "conductivities_w_mk": [
              166.92249015854506,
              0.24988382365873696,
              159.99992865249646
            ],
            "expected_max_temperature_c": 35.46429945752157,
            "fem_max_temperature_c": 35.464299457518266,
            "fixed_temperature_c": 35.0,
            "method": "layered_thermal_resistance_with_regional_generation_closed_form",
            "relative_error": 9.316478181789436e-14,
            "relative_error_tolerance": 1e-9,
            "schema_version": "kyuubiki.composite-heat-cross-validation/v1",
            "status": "pass",
            "total_heat_load_w": 0.00011891246421251412
          },
          "heat_mesh_convergence": {
            "finest_pair_relative_change": 3.506602175003843e-12,
            "max_analytic_relative_error": 2.668920556120797e-12,
            "method": "structured_quad_h_refinement",
            "refinement_levels": [
              1,
              2,
              4,
              8
            ],
            "relative_error_tolerance": 1e-8,
            "samples": [
              {
                "analytic_relative_error": 9.316478181789436e-14,
                "element_count": 3,
                "elements_per_layer": 1,
                "max_temperature_c": 35.464299457518266,
                "node_count": 8,
                "relative_change_from_previous": null
              },
              {
                "analytic_relative_error": 3.303843553068985e-13,
                "element_count": 6,
                "elements_per_layer": 2,
                "max_temperature_c": 35.464299457533286,
                "node_count": 14,
                "relative_change_from_previous": 4.235491371247928e-13
              },
              {
                "analytic_relative_error": 8.376816188830459e-13,
                "element_count": 12,
                "elements_per_layer": 4,
                "max_temperature_c": 35.46429945749186,
                "node_count": 26,
                "relative_change_from_previous": 1.1680659741899442e-12
              },
              {
                "analytic_relative_error": 2.668920556120797e-12,
                "element_count": 24,
                "elements_per_layer": 8,
                "max_temperature_c": 35.46429945761622,
                "node_count": 50,
                "relative_change_from_previous": 3.506602175003843e-12
              }
            ],
            "schema_version": "kyuubiki.composite-heat-mesh-convergence/v1",
            "status": "pass"
          },
          "heat_to_thermal_projection": {
            "mapped_node_count": 8,
            "maximum_coordinate_error_m": 0.0,
            "maximum_temperature_delta_c": 0.4642994575182655,
            "minimum_temperature_delta_c": 0.0,
            "reference_temperature_c": 35.0,
            "schema_version": "kyuubiki.composite-heat-to-thermal-projection/v1"
          },
          "joule_heating_projection": {
            "assumptions": [
              "Steady scalar electrical conductivity is solved on a two-dimensional quad mesh.",
              "Joule heating uses the solved local sigma times electric-field magnitude squared.",
              "Element Joule power integrates both triangular subcell fields before thermal projection.",
              "Recovered terminal currents gate current continuity and electrical input-power balance.",
              "Contact and terminal impedance models require explicit study-level heat mappings."
            ],
            "boundary_voltage_span_v": 0.000056399999999999995,
            "current_balance_relative_error": 0.0,
            "distributed_total_heat_load_w": 0.0001125894074724284,
            "electrical_power_balance_relative_error": 1.2037124504263544e-16,
            "energy_balance_relative_error": 1.2037124504263544e-16,
            "free_current_residual_relative_error": 0.0,
            "max_current_density_a_m2": 66542.20299788911,
            "max_free_current_residual_a": 0.0,
            "model": "solved_steady_current_density_sigma_e_squared",
            "parameter_source": "screening_reference_not_material_card",
            "regions": [
              {
                "coupling_temperature_c": 35.46413078715539,
                "current_density_magnitude_a_m2": 66542.20299788911,
                "distributed_heat_load_w": 0.00011258940747242836,
                "electric_field_magnitude_v_m": 0.00188,
                "electrical_conductivity_s_m": 35394788.82866442,
                "element_id": "conductor_left",
                "energy_balance_relative_error": 0.0,
                "joule_power_w": 0.00011258940747242836,
                "peak_current_density_magnitude_a_m2": 66542.20299788911,
                "peak_electric_field_magnitude_v_m": 0.00188,
                "rms_current_density_magnitude_a_m2": 66542.20299788911,
                "rms_electric_field_magnitude_v_m": 0.00188,
                "source_volume_m3": 9e-7,
                "volumetric_joule_heating_w_m3": 125.09934163603154
              }
            ],
            "schema_version": "kyuubiki.composite-current-to-heat-projection/v2",
            "source_power_balance_relative_error": 1.2037124504263544e-16,
            "status": "pass",
            "total_dissipated_power_w": 0.00011258940747242836,
            "total_electrical_input_power_w": 0.0001125894074724284,
            "total_extracted_current_a": 1.9962660899366735,
            "total_injected_current_a": 1.9962660899366735,
            "total_joule_loss_w": 0.00011258940747242836,
            "total_source_power_w": 0.0001125894074724284
          },
          "research": {
            "candidate_id": "aluminum_alumina_aluminum",
            "candidate_label": "Aluminum / Alumina / Aluminum",
            "coupling": "iterative_dielectric_and_conductor_joule_heating_with_temperature_dependent_electrical_thermal_feedback_and_expansion_projection",
            "materials": {
              "conductor": "aluminum",
              "dielectric": "alumina_96",
              "substrate": "aluminum_6061"
            },
            "study": "material.composite_thermo_electric_panel.v1"
          },
          "schema_version": "kyuubiki.composite-thermo-electric-panel-result/v1",
          "thermal": {
            "elements": [
              {
                "area": 0.0009,
                "average_temperature_delta": 0.46413083223690776,
                "gamma_xy": 2.0679515313825688e-21,
                "id": "conductor_left",
                "index": 0,
                "max_in_plane_shear": 138025.56269657426,
                "mechanical_strain_x": 8.030578193255249e-7,
                "mechanical_strain_y": -2.509555685392257e-6,
                "node_i": 0,
                "node_j": 1,
                "node_k": 5,
                "node_l": 4,
                "principal_stress_1": 2.9103830456733704e-10,
                "principal_stress_2": -276051.1253931482,
                "strain_energy_density": 1.139815198787768,
                "stress_x": 3.1579677144893337e-10,
                "stress_y": -276051.1253931482,
                "tau_xy": 8.289665250534503e-11,
                "thermal_strain": 7.890956567287505e-6,
                "total_strain_x": 8.694014386613029e-6,
                "total_strain_y": 5.381400881895248e-6,
                "von_mises": 276051.1253931484
              },
              {
                "area": 0.0009,
                "average_temperature_delta": 0.23235270509414005,
                "gamma_xy": 1.0385712135388016e-19,
                "id": "dielectric_core",
                "index": 1,
                "max_in_plane_shear": 6248.371246518041,
                "mechanical_strain_x": 1.5995830391085628e-6,
                "mechanical_strain_y": -4.9986969972144875e-6,
                "node_i": 1,
                "node_j": 2,
                "node_k": 6,
                "node_l": 5,
                "principal_stress_1": -2.037268131971359e-10,
                "principal_stress_2": -12496.742493036283,
                "strain_energy_density": 0.114147293360024,
                "stress_x": -2.0428103653102878e-10,
                "stress_y": -12496.742493036283,
                "tau_xy": 9.843977485009721e-11,
                "thermal_strain": 0.000010457815289300626,
                "total_strain_x": 0.000012057398328409192,
                "total_strain_y": 5.45911829208614e-6,
                "von_mises": 12496.742493036185
              },
              {
                "area": 0.0009,
                "average_temperature_delta": 0.0003716016163650693,
                "gamma_xy": -2.010508433288609e-21,
                "id": "substrate_right",
                "index": 2,
                "max_in_plane_shear": 1579.9691358287075,
                "mechanical_strain_x": -1.4676055833534372e-8,
                "mechanical_strain_y": 4.586267447978619e-8,
                "node_i": 2,
                "node_j": 3,
                "node_k": 7,
                "node_l": 6,
                "principal_stress_1": 3159.938271657201,
                "principal_stress_2": -2.1418600226752457e-10,
                "strain_energy_density": 0.0002193951742458625,
                "stress_x": -2.1396464846803712e-10,
                "stress_y": 3159.938271657201,
                "tau_xy": -5.255055649892408e-11,
                "thermal_strain": 8.769799123876984e-9,
                "total_strain_x": -5.906256709657387e-9,
                "total_strain_y": 5.463247360366319e-8,
                "von_mises": 3159.9382716573077
              }
            ],
            "input": {
              "elements": [
                {
                  "id": "conductor_left",
                  "node_i": 0,
                  "node_j": 1,
                  "node_k": 5,
                  "node_l": 4,
                  "poisson_ratio": 0.32,
                  "thermal_expansion": 0.000017001578044829608,
                  "thickness": 0.001,
                  "youngs_modulus": 110000000000.0
                },
                {
                  "id": "dielectric_core",
                  "node_i": 1,
                  "node_j": 2,
                  "node_k": 6,
                  "node_l": 5,
                  "poisson_ratio": 0.32,
                  "thermal_expansion": 0.00004500836469738339,
                  "thickness": 0.001,
                  "youngs_modulus": 2500000000.0
                },
                {
                  "id": "substrate_right",
                  "node_i": 2,
                  "node_j": 3,
                  "node_k": 7,
                  "node_l": 6,
                  "poisson_ratio": 0.32,
                  "thermal_expansion": 0.000023600002630939443,
                  "thickness": 0.001,
                  "youngs_modulus": 68900000000.0
                }
              ],
              "nodes": [
                {
                  "fix_x": true,
                  "fix_y": true,
                  "id": "n0",
                  "load_x": 0.0,
                  "load_y": 0.0,
                  "temperature_delta": 0.4642994575182655,
                  "x": 0.0,
                  "y": 0.0
                },
                {
                  "fix_x": false,
                  "fix_y": false,
                  "id": "n1",
                  "load_x": 0.0,
                  "load_y": 0.0,
                  "temperature_delta": 0.4639622069555429,
                  "x": 0.03,
                  "y": 0.0
                },
                {
                  "fix_x": false,
                  "fix_y": false,
                  "id": "n2",
                  "load_x": 0.0,
                  "load_y": 0.0,
                  "temperature_delta": 0.0007432032327301386,
                  "x": 0.06,
                  "y": 0.0
                },
                {
                  "fix_x": false,
                  "fix_y": false,
                  "id": "n3",
                  "load_x": 0.0,
                  "load_y": 0.0,
                  "temperature_delta": 0.0,
                  "x": 0.09,
                  "y": 0.0
                },
                {
                  "fix_x": true,
                  "fix_y": true,
                  "id": "n4",
                  "load_x": 0.0,
                  "load_y": 0.0,
                  "temperature_delta": 0.4642994575182655,
                  "x": 0.0,
                  "y": 0.03
                },
                {
                  "fix_x": false,
                  "fix_y": false,
                  "id": "n5",
                  "load_x": 0.0,
                  "load_y": 0.0,
                  "temperature_delta": 0.4639622069555571,
                  "x": 0.03,
                  "y": 0.03
                },
                {
                  "fix_x": false,
                  "fix_y": false,
                  "id": "n6",
                  "load_x": 0.0,
                  "load_y": 0.0,
                  "temperature_delta": 0.0007432032327301386,
                  "x": 0.06,
                  "y": 0.03
                },
                {
                  "fix_x": false,
                  "fix_y": false,
                  "id": "n7",
                  "load_x": 0.0,
                  "load_y": 0.0,
                  "temperature_delta": 0.0,
                  "x": 0.09,
                  "y": 0.03
                }
              ]
            },
            "max_displacement": 6.225467474001749e-7,
            "max_strain_energy_density": 1.139815198787768,
            "max_stress": 276051.1253931484,
            "max_temperature_delta": 0.4642994575182655,
            "nodes": [
              {
                "displacement_magnitude": 0.0,
                "id": "n0",
                "index": 0,
                "temperature_delta": 0.4642994575182655,
                "ux": 0.0,
                "uy": 0.0,
                "x": 0.0,
                "y": 0.0
              },
              {
                "displacement_magnitude": 3.0674227854286274e-7,
                "id": "n1",
                "index": 1,
                "temperature_delta": 0.4639622069555429,
                "ux": 2.6082043159838913e-7,
                "uy": -1.6144202645685914e-7,
                "x": 0.03,
                "y": 0.0
              },
              {
                "displacement_magnitude": 6.225467474001624e-7,
                "id": "n2",
                "index": 2,
                "temperature_delta": 0.0007432032327301386,
                "ux": 6.225423814506604e-7,
                "uy": -2.3315223057334504e-9,
                "x": 0.06,
                "y": 0.0
              },
              {
                "displacement_magnitude": 6.223655790719462e-7,
                "id": "n3",
                "index": 3,
                "temperature_delta": 0.0,
                "ux": 6.223651937493704e-7,
                "uy": 6.925480975972995e-10,
                "x": 0.09,
                "y": 0.0
              },
              {
                "displacement_magnitude": 0.0,
                "id": "n4",
                "index": 4,
                "temperature_delta": 0.4642994575182655,
                "ux": 0.0,
                "uy": 0.0,
                "x": 0.0,
                "y": 0.03
              },
              {
                "displacement_magnitude": 3.06742278542864e-7,
                "id": "n5",
                "index": 5,
                "temperature_delta": 0.4639622069555571,
                "ux": 2.608204315983927e-7,
                "uy": 1.6144202645685573e-7,
                "x": 0.03,
                "y": 0.03
              },
              {
                "displacement_magnitude": 6.225467474001749e-7,
                "id": "n6",
                "index": 6,
                "temperature_delta": 0.0007432032327301386,
                "ux": 6.22542381450673e-7,
                "uy": 2.331522305720095e-9,
                "x": 0.06,
                "y": 0.03
              },
              {
                "displacement_magnitude": 6.223655790719593e-7,
                "id": "n7",
                "index": 7,
                "temperature_delta": 0.0,
                "ux": 6.223651937493835e-7,
                "uy": -6.925480976364545e-10,
                "x": 0.09,
                "y": 0.03
              }
            ],
            "total_strain_energy": 1.1287636985898345e-6
          },
          "thermal_constraint_regularized_mesh_convergence": {
            "algebraic_validation": {
              "max_relative_residual": null,
              "method": "original_system_recomputed_l2_residual_over_max_rhs_l2_or_one",
              "qualification_effect": "algebraic_gate_does_not_override_discretization_gates",
              "relative_residual_tolerance": 1e-10,
              "required_series": [
                "uniform_full_edge_clamp",
                "uniform_regularized_restraint",
                "interface_graded_full_edge_clamp"
              ],
              "schema_version": "kyuubiki.composite-thermal-algebraic-validation/v1",
              "series": [],
              "status": "missing"
            },
            "convergence_tolerance": 0.02,
            "diagnostic_metrics": [
              "max_von_mises_stress_pa"
            ],
            "finest_pair_displacement_relative_change": 0.0019437203828028724,
            "finest_pair_peak_stress_relative_change": 0.3093444690224612,
            "finest_pair_strain_energy_relative_change": 0.2252332880634491,
            "method": "structured_quad_h_refinement_preserving_piecewise_linear_temperature_roller_edge_with_vertical_anchor",
            "pass_metrics": [
              "max_displacement_m",
              "total_strain_energy_j"
            ],
            "refinement_levels": [
              1,
              2,
              4,
              8
            ],
            "regime_assessment": {
              "diagnosis": "pass_metrics_lack_qualified_discretization_uncertainty",
              "gci_safety_factor": 1.25,
              "method": "four_level_constant_ratio_observed_order_and_fine_grid_gci",
              "metrics": [
                {
                  "coarse_triplet_observed_order": 0.559005910108711,
                  "fine_grid_gci": null,
                  "fine_triplet_observed_order": 4.049416302991157,
                  "metric": "max_displacement_m",
                  "observed_order_relative_difference": 0.8619539537844519,
                  "qualification_role": "pass_metric",
                  "regime": "oscillatory",
                  "richardson_extrapolated_value": null,
                  "unit": "m"
                },
                {
                  "coarse_triplet_observed_order": 1.6968976145605557,
                  "fine_grid_gci": 0.16647168821924843,
                  "fine_triplet_observed_order": 1.670335936010194,
                  "metric": "total_strain_energy_j",
                  "observed_order_relative_difference": 0.01565308261526456,
                  "qualification_role": "pass_metric",
                  "regime": "asymptotic_converging",
                  "richardson_extrapolated_value": 2.1408291065902004e-8,
                  "unit": "J"
                },
                {
                  "coarse_triplet_observed_order": -6.774299454686871,
                  "fine_grid_gci": null,
                  "fine_triplet_observed_order": -0.6942998731959076,
                  "metric": "max_von_mises_stress_pa",
                  "observed_order_relative_difference": 0.8975097162680713,
                  "qualification_role": "diagnostic_metric",
                  "regime": "monotonic_diverging",
                  "richardson_extrapolated_value": null,
                  "unit": "Pa"
                }
              ],
              "order_consistency_tolerance": 0.25,
              "qualification_effect": "gci_gates_require_asymptotic_pass_metric_evidence",
              "qualification_tolerance": 0.02,
              "refinement_ratio": 2.0,
              "schema_version": "kyuubiki.composite-thermal-convergence-regime/v1",
              "status": "fail"
            },
            "samples": [
              {
                "displacement_relative_change": null,
                "element_count": 3,
                "elements_per_original_element": 1,
                "max_displacement_m": 6.211550170207238e-7,
                "max_von_mises_stress_pa": 15647.300505680929,
                "node_count": 8,
                "peak_stress_relative_change": null,
                "strain_energy_relative_change": null,
                "total_strain_energy_j": 1.2881844132403218e-7
              },
              {
                "displacement_relative_change": 0.04679232119195001,
                "element_count": 12,
                "elements_per_original_element": 2,
                "max_displacement_m": 5.920897319542989e-7,
                "max_von_mises_stress_pa": 15702.205821522644,
                "node_count": 21,
                "peak_stress_relative_change": 0.003496662600515416,
                "strain_energy_relative_change": 0.5751400825034368,
                "total_strain_energy_j": 5.4729792352964175e-8
              },
              {
                "displacement_relative_change": 0.03224590198311195,
                "element_count": 48,
                "elements_per_original_element": 4,
                "max_displacement_m": 6.118183670496495e-7,
                "max_von_mises_stress_pa": 21712.30625728463,
                "node_count": 65,
                "peak_stress_relative_change": 0.2768061745511514,
                "strain_energy_relative_change": 0.4175522164952478,
                "total_strain_energy_j": 3.1877246247659325e-8
              },
              {
                "displacement_relative_change": 0.0019437203828028724,
                "element_count": 192,
                "elements_per_original_element": 8,
                "max_displacement_m": 6.130098868616021e-7,
                "max_von_mises_stress_pa": 31437.243724890617,
                "node_count": 225,
                "peak_stress_relative_change": 0.3093444690224612,
                "strain_energy_relative_change": 0.2252332880634491,
                "total_strain_energy_j": 2.4697429260890764e-8
              }
            ],
            "schema_version": "kyuubiki.composite-thermal-mesh-convergence/v1",
            "status": "fail"
          },
          "thermal_constraint_sensitivity": {
            "alternative_restraint": "roller_edge_with_vertical_anchor",
            "alternative_status": "fail",
            "diagnosis": "mixed_restraint_sensitivity_and_persistent_energy_nonconvergence",
            "displacement_change_ratio_alternative_to_primary": 0.7741724286650497,
            "peak_stress_change_ratio_alternative_to_primary": 1.1913729085602092,
            "primary_restraint": "full_edge_clamp",
            "primary_status": "fail",
            "qualification_effect": "diagnostic_only_does_not_override_primary_quality_gates",
            "schema_version": "kyuubiki.composite-thermal-constraint-sensitivity/v1",
            "strain_energy_change_ratio_alternative_to_primary": 1.7084282087893785
          },
          "thermal_expansion_projection": {
            "coverage_fraction": 1.0,
            "declared_region_count": 3,
            "max_relative_change": 0.00018588216407527516,
            "model": "regional_linear_temperature_dependent_thermal_expansion",
            "parameter_source": "screening_sensitivity_not_material_card",
            "schema_version": "kyuubiki.composite-thermal-expansion-projection/v1",
            "status": "pass",
            "updated_region_count": 3,
            "updates": [
              {
                "adjusted_thermal_expansion_1_k": 0.000017001578044829608,
                "element_id": "conductor_left",
                "mean_temperature_c": 35.464130832236904,
                "reference_thermal_expansion_1_k": 0.000017,
                "relative_change": 0.00009282616644754736
              },
              {
                "adjusted_thermal_expansion_1_k": 0.00004500836469738339,
                "element_id": "dielectric_core",
                "mean_temperature_c": 35.232352705094144,
                "reference_thermal_expansion_1_k": 0.000045,
                "relative_change": 0.00018588216407527516
              },
              {
                "adjusted_thermal_expansion_1_k": 0.000023600002630939443,
                "element_id": "substrate_right",
                "mean_temperature_c": 35.000371601616365,
                "reference_thermal_expansion_1_k": 0.0000236,
                "relative_change": 1.11480484836246e-7
              }
            ]
          },
          "thermal_interface_grading_assessment": {
            "diagnosis": "graded_mesh_did_not_resolve_nonconvergence",
            "displacement_change_ratio_graded_to_uniform": 1.8151251014886272,
            "graded_mesh_convergence": {
              "algebraic_validation": {
                "max_relative_residual": null,
                "method": "original_system_recomputed_l2_residual_over_max_rhs_l2_or_one",
                "qualification_effect": "algebraic_gate_does_not_override_discretization_gates",
                "relative_residual_tolerance": 1e-10,
                "required_series": [
                  "uniform_full_edge_clamp",
                  "uniform_regularized_restraint",
                  "interface_graded_full_edge_clamp"
                ],
                "schema_version": "kyuubiki.composite-thermal-algebraic-validation/v1",
                "series": [],
                "status": "missing"
              },
              "convergence_tolerance": 0.02,
              "diagnostic_metrics": [
                "max_von_mises_stress_pa"
              ],
              "finest_pair_displacement_relative_change": 0.00455724787717418,
              "finest_pair_peak_stress_relative_change": 0.4148716749526841,
              "finest_pair_strain_energy_relative_change": 0.11926292220569132,
              "method": "cosine_graded_quad_h_refinement_at_clamp_interfaces_and_free_edges",
              "pass_metrics": [
                "max_displacement_m",
                "total_strain_energy_j"
              ],
              "refinement_levels": [
                1,
                2,
                4,
                8
              ],
              "regime_assessment": {
                "diagnosis": "pass_metrics_lack_qualified_discretization_uncertainty",
                "gci_safety_factor": 1.25,
                "method": "four_level_constant_ratio_observed_order_and_fine_grid_gci",
                "metrics": [
                  {
                    "coarse_triplet_observed_order": 1.874634271932464,
                    "fine_grid_gci": null,
                    "fine_triplet_observed_order": 1.4183272130866311,
                    "metric": "max_displacement_m",
                    "observed_order_relative_difference": 0.2434112432903776,
                    "qualification_role": "pass_metric",
                    "regime": "oscillatory",
                    "richardson_extrapolated_value": null,
                    "unit": "m"
                  },
                  {
                    "coarse_triplet_observed_order": 0.854794019620988,
                    "fine_grid_gci": null,
                    "fine_triplet_observed_order": 1.7732086216373149,
                    "metric": "total_strain_energy_j",
                    "observed_order_relative_difference": 0.517939395742559,
                    "qualification_role": "pass_metric",
                    "regime": "monotonic_pre_asymptotic",
                    "richardson_extrapolated_value": null,
                    "unit": "J"
                  },
                  {
                    "coarse_triplet_observed_order": -1.0589202541255034,
                    "fine_grid_gci": null,
                    "fine_triplet_observed_order": -0.5965582271286322,
                    "metric": "max_von_mises_stress_pa",
                    "observed_order_relative_difference": 0.43663536059068714,
                    "qualification_role": "diagnostic_metric",
                    "regime": "monotonic_diverging",
                    "richardson_extrapolated_value": null,
                    "unit": "Pa"
                  }
                ],
                "order_consistency_tolerance": 0.25,
                "qualification_effect": "gci_gates_require_asymptotic_pass_metric_evidence",
                "qualification_tolerance": 0.02,
                "refinement_ratio": 2.0,
                "schema_version": "kyuubiki.composite-thermal-convergence-regime/v1",
                "status": "fail"
              },
              "samples": [
                {
                  "displacement_relative_change": null,
                  "element_count": 3,
                  "elements_per_original_element": 1,
                  "max_displacement_m": 6.225467474001749e-7,
                  "max_von_mises_stress_pa": 276051.1253931484,
                  "node_count": 8,
                  "peak_stress_relative_change": null,
                  "strain_energy_relative_change": null,
                  "total_strain_energy_j": 1.1287636985898345e-6
                },
                {
                  "displacement_relative_change": 0.04326120194798151,
                  "element_count": 12,
                  "elements_per_original_element": 2,
                  "max_displacement_m": 5.956146268388369e-7,
                  "max_von_mises_stress_pa": 479070.5601958485,
                  "node_count": 21,
                  "peak_stress_relative_change": 0.42377773061175766,
                  "strain_energy_relative_change": 0.34372037880558864,
                  "total_strain_energy_j": 7.407846125285392e-7
                },
                {
                  "displacement_relative_change": 0.012180403800472124,
                  "element_count": 48,
                  "elements_per_original_element": 4,
                  "max_displacement_m": 6.029589098357286e-7,
                  "max_von_mises_stress_pa": 902035.5042300932,
                  "node_count": 65,
                  "peak_stress_relative_change": 0.46890054997918784,
                  "strain_energy_relative_change": 0.2895994435011023,
                  "total_strain_energy_j": 5.262538009860945e-7
                },
                {
                  "displacement_relative_change": 0.00455724787717418,
                  "element_count": 192,
                  "elements_per_original_element": 8,
                  "max_displacement_m": 6.002110766238564e-7,
                  "max_von_mises_stress_pa": 1541602.8683232025,
                  "node_count": 225,
                  "peak_stress_relative_change": 0.4148716749526841,
                  "strain_energy_relative_change": 0.11926292220569132,
                  "total_strain_energy_j": 4.634912348586406e-7
                }
              ],
              "schema_version": "kyuubiki.composite-thermal-mesh-convergence/v1",
              "status": "fail"
            },
            "graded_stress_recovery": {
              "convergence_tolerance": 0.02,
              "diagnostic_metrics": [
                "max_stress_pa",
                "max_to_p95_ratio"
              ],
              "finest_pair_max_relative_change": 0.4148716749526841,
              "finest_pair_p95_relative_change": 0.34053338219177365,
              "finest_pair_rms_relative_change": 0.009219367114418028,
              "method": "interface_graded_mesh_element_area_weighted_von_mises_p95_and_rms",
              "pass_metrics": [
                "area_weighted_rms_stress_pa",
                "area_weighted_p95_stress_pa"
              ],
              "refinement_levels": [
                1,
                2,
                4,
                8
              ],
              "samples": [
                {
                  "element_count": 3,
                  "elements_per_original_element": 1,
                  "max_relative_change": null,
                  "p95_relative_change": null,
                  "rms_relative_change": null,
                  "statistics": {
                    "area_weighted_mean_stress_pa": 97235.9353859473,
                    "area_weighted_p95_stress_pa": 276051.1253931484,
                    "area_weighted_rms_stress_pa": 159551.84905816842,
                    "max_stress_pa": 276051.1253931484,
                    "max_to_p95_ratio": 1.0
                  }
                },
                {
                  "element_count": 12,
                  "elements_per_original_element": 2,
                  "max_relative_change": 0.42377773061175766,
                  "p95_relative_change": 0.42377773061175766,
                  "rms_relative_change": 0.19673660175510976,
                  "statistics": {
                    "area_weighted_mean_stress_pa": 98435.005071049,
                    "area_weighted_p95_stress_pa": 479070.5601958485,
                    "area_weighted_rms_stress_pa": 198629.55215784148,
                    "max_stress_pa": 479070.5601958485,
                    "max_to_p95_ratio": 1.0
                  }
                },
                {
                  "element_count": 48,
                  "elements_per_original_element": 4,
                  "max_relative_change": 0.46890054997918784,
                  "p95_relative_change": 0.5157588448798482,
                  "rms_relative_change": 0.04086310416211751,
                  "statistics": {
                    "area_weighted_mean_stress_pa": 74729.92885409654,
                    "area_weighted_p95_stress_pa": 231985.68145329587,
                    "area_weighted_rms_stress_pa": 190512.93207834085,
                    "max_stress_pa": 902035.5042300932,
                    "max_to_p95_ratio": 3.888324049049958
                  }
                },
                {
                  "element_count": 192,
                  "elements_per_original_element": 8,
                  "max_relative_change": 0.4148716749526841,
                  "p95_relative_change": 0.34053338219177365,
                  "rms_relative_change": 0.009219367114418028,
                  "statistics": {
                    "area_weighted_mean_stress_pa": 69780.35068941371,
                    "area_weighted_p95_stress_pa": 351777.74763537396,
                    "area_weighted_rms_stress_pa": 188756.52341746644,
                    "max_stress_pa": 1541602.8683232025,
                    "max_to_p95_ratio": 4.382320594994288
                  }
                }
              ],
              "schema_version": "kyuubiki.composite-thermal-stress-recovery/v1",
              "status": "fail"
            },
            "max_change_ratio_graded_to_uniform": 1.597787979301924,
            "p95_change_ratio_graded_to_uniform": 1.1439164276960845,
            "qualification_effect": "diagnostic_only_does_not_override_uniform_mesh_gates",
            "rms_change_ratio_graded_to_uniform": 0.5712722362374258,
            "schema_version": "kyuubiki.composite-thermal-interface-grading-assessment/v1",
            "strain_energy_change_ratio_graded_to_uniform": 0.9046271193335258
          },
          "thermal_mesh_convergence": {
            "algebraic_validation": {
              "max_relative_residual": 2.6899145597324913e-14,
              "method": "original_system_recomputed_l2_residual_over_max_rhs_l2_or_one",
              "qualification_effect": "algebraic_gate_does_not_override_discretization_gates",
              "relative_residual_tolerance": 1e-10,
              "required_series": [
                "uniform_full_edge_clamp",
                "uniform_regularized_restraint",
                "interface_graded_full_edge_clamp"
              ],
              "schema_version": "kyuubiki.composite-thermal-algebraic-validation/v1",
              "series": [
                {
                  "label": "uniform_full_edge_clamp",
                  "max_relative_residual": 1.4237933307060918e-14,
                  "samples": [
                    {
                      "element_count": 3,
                      "elements_per_original_element": 1,
                      "matrix_non_zero_count": 112,
                      "node_count": 8,
                      "relative_residual": 3.654563953236667e-16,
                      "residual_norm": 1.4077209929669851e-14,
                      "rhs_norm": 38.51953368390875,
                      "solver_iterations": 0
                    },
                    {
                      "element_count": 12,
                      "elements_per_original_element": 2,
                      "matrix_non_zero_count": 439,
                      "node_count": 21,
                      "relative_residual": 7.652967018038936e-16,
                      "residual_norm": 2.9018674938952665e-14,
                      "rhs_norm": 37.91820201309147,
                      "solver_iterations": 0
                    },
                    {
                      "element_count": 48,
                      "elements_per_original_element": 4,
                      "matrix_non_zero_count": 1747,
                      "node_count": 65,
                      "relative_residual": 4.4506998623098766e-15,
                      "residual_norm": 1.3273724538304024e-13,
                      "rhs_norm": 29.823903990270576,
                      "solver_iterations": 0
                    },
                    {
                      "element_count": 192,
                      "elements_per_original_element": 8,
                      "matrix_non_zero_count": 6925,
                      "node_count": 225,
                      "relative_residual": 1.4237933307060918e-14,
                      "residual_norm": 3.141843592560379e-13,
                      "rhs_norm": 22.066710981166526,
                      "solver_iterations": 0
                    }
                  ],
                  "solver_path": "dense_direct",
                  "status": "pass"
                },
                {
                  "label": "uniform_regularized_restraint",
                  "max_relative_residual": 1.5896661429076437e-14,
                  "samples": [
                    {
                      "element_count": 3,
                      "elements_per_original_element": 1,
                      "matrix_non_zero_count": 121,
                      "node_count": 8,
                      "relative_residual": 2.4904990308086283e-16,
                      "residual_norm": 1.071336596567118e-14,
                      "rhs_norm": 43.016944930079774,
                      "solver_iterations": 0
                    },
                    {
                      "element_count": 12,
                      "elements_per_original_element": 2,
                      "matrix_non_zero_count": 462,
                      "node_count": 21,
                      "relative_residual": 9.542525849937668e-16,
                      "residual_norm": 3.7319548797773505e-14,
                      "rhs_norm": 39.108669323664735,
                      "solver_iterations": 0
                    },
                    {
                      "element_count": 48,
                      "elements_per_original_element": 4,
                      "matrix_non_zero_count": 1799,
                      "node_count": 65,
                      "relative_residual": 3.757522816099738e-15,
                      "residual_norm": 1.1349911729803589e-13,
                      "rhs_norm": 30.205835826659477,
                      "solver_iterations": 0
                    },
                    {
                      "element_count": 192,
                      "elements_per_original_element": 8,
                      "matrix_non_zero_count": 7030,
                      "node_count": 225,
                      "relative_residual": 1.5896661429076437e-14,
                      "residual_norm": 3.528456924334452e-13,
                      "rhs_norm": 22.196213589103586,
                      "solver_iterations": 0
                    }
                  ],
                  "solver_path": "dense_direct",
                  "status": "pass"
                },
                {
                  "label": "interface_graded_full_edge_clamp",
                  "max_relative_residual": 2.6899145597324913e-14,
                  "samples": [
                    {
                      "element_count": 3,
                      "elements_per_original_element": 1,
                      "matrix_non_zero_count": 112,
                      "node_count": 8,
                      "relative_residual": 3.654563953236667e-16,
                      "residual_norm": 1.4077209929669851e-14,
                      "rhs_norm": 38.51953368390875,
                      "solver_iterations": 0
                    },
                    {
                      "element_count": 12,
                      "elements_per_original_element": 2,
                      "matrix_non_zero_count": 444,
                      "node_count": 21,
                      "relative_residual": 6.736330659519285e-16,
                      "residual_norm": 2.5542954677463388e-14,
                      "rhs_norm": 37.91820201309146,
                      "solver_iterations": 0
                    },
                    {
                      "element_count": 48,
                      "elements_per_original_element": 4,
                      "matrix_non_zero_count": 1748,
                      "node_count": 65,
                      "relative_residual": 5.2750725411387376e-15,
                      "residual_norm": 1.7436414044597393e-13,
                      "rhs_norm": 33.05435879528847,
                      "solver_iterations": 0
                    },
                    {
                      "element_count": 192,
                      "elements_per_original_element": 8,
                      "matrix_non_zero_count": 6948,
                      "node_count": 225,
                      "relative_residual": 2.6899145597324913e-14,
                      "residual_norm": 6.710027360377068e-13,
                      "rhs_norm": 24.945131941456054,
                      "solver_iterations": 0
                    }
                  ],
                  "solver_path": "dense_direct",
                  "status": "pass"
                }
              ],
              "status": "pass"
            },
            "convergence_tolerance": 0.02,
            "diagnostic_metrics": [
              "max_von_mises_stress_pa"
            ],
            "finest_pair_displacement_relative_change": 0.002510707318981305,
            "finest_pair_peak_stress_relative_change": 0.25965377154354496,
            "finest_pair_strain_energy_relative_change": 0.13183655415234177,
            "method": "structured_quad_h_refinement_preserving_piecewise_linear_temperature_full_edge_clamp",
            "pass_metrics": [
              "max_displacement_m",
              "total_strain_energy_j"
            ],
            "refinement_levels": [
              1,
              2,
              4,
              8
            ],
            "regime_assessment": {
              "diagnosis": "pass_metrics_lack_qualified_discretization_uncertainty",
              "gci_safety_factor": 1.25,
              "method": "four_level_constant_ratio_observed_order_and_fine_grid_gci",
              "metrics": [
                {
                  "coarse_triplet_observed_order": 3.7157095169965784,
                  "fine_grid_gci": null,
                  "fine_triplet_observed_order": 0.446418009629604,
                  "metric": "max_displacement_m",
                  "observed_order_relative_difference": 0.8798565906221739,
                  "qualification_role": "pass_metric",
                  "regime": "oscillatory",
                  "richardson_extrapolated_value": null,
                  "unit": "m"
                },
                {
                  "coarse_triplet_observed_order": 1.083220490902165,
                  "fine_grid_gci": 0.12734025975442448,
                  "fine_triplet_observed_order": 1.3165281545307947,
                  "metric": "total_strain_energy_j",
                  "observed_order_relative_difference": 0.17721433668221068,
                  "qualification_role": "pass_metric",
                  "regime": "asymptotic_converging",
                  "richardson_extrapolated_value": 4.348262755483987e-7,
                  "unit": "J"
                },
                {
                  "coarse_triplet_observed_order": 0.04105671765675657,
                  "fine_grid_gci": null,
                  "fine_triplet_observed_order": -0.26569144848015697,
                  "metric": "max_von_mises_stress_pa",
                  "observed_order_relative_difference": 1.1545278099525391,
                  "qualification_role": "diagnostic_metric",
                  "regime": "monotonic_diverging",
                  "richardson_extrapolated_value": null,
                  "unit": "Pa"
                }
              ],
              "order_consistency_tolerance": 0.25,
              "qualification_effect": "gci_gates_require_asymptotic_pass_metric_evidence",
              "qualification_tolerance": 0.02,
              "refinement_ratio": 2.0,
              "schema_version": "kyuubiki.composite-thermal-convergence-regime/v1",
              "status": "fail"
            },
            "samples": [
              {
                "displacement_relative_change": null,
                "element_count": 3,
                "elements_per_original_element": 1,
                "max_displacement_m": 6.225467474001749e-7,
                "max_von_mises_stress_pa": 276051.1253931484,
                "node_count": 8,
                "peak_stress_relative_change": null,
                "strain_energy_relative_change": null,
                "total_strain_energy_j": 1.1287636985898345e-6
              },
              {
                "displacement_relative_change": 0.04326120194794546,
                "element_count": 12,
                "elements_per_original_element": 2,
                "max_displacement_m": 5.956146268388594e-7,
                "max_von_mises_stress_pa": 479070.5601958489,
                "node_count": 21,
                "peak_stress_relative_change": 0.42377773061175816,
                "strain_energy_relative_change": 0.34372037880558864,
                "total_strain_energy_j": 7.407846125285392e-7
              },
              {
                "displacement_relative_change": 0.0034298336552577155,
                "element_count": 48,
                "elements_per_original_element": 4,
                "max_displacement_m": 5.976645167128344e-7,
                "max_von_mises_stress_pa": 676393.8333575225,
                "node_count": 65,
                "peak_stress_relative_change": 0.2917283739595747,
                "strain_energy_relative_change": 0.2471920523462192,
                "total_strain_energy_j": 5.576685438111108e-7
              },
              {
                "displacement_relative_change": 0.002510707318981305,
                "element_count": 192,
                "elements_per_original_element": 8,
                "max_displacement_m": 5.991688543407333e-7,
                "max_von_mises_stress_pa": 913618.2604289528,
                "node_count": 225,
                "peak_stress_relative_change": 0.25965377154354496,
                "strain_energy_relative_change": 0.13183655415234177,
                "total_strain_energy_j": 4.841474446358997e-7
              }
            ],
            "schema_version": "kyuubiki.composite-thermal-mesh-convergence/v1",
            "status": "fail"
          },
          "thermal_stress_recovery": {
            "convergence_tolerance": 0.02,
            "diagnostic_metrics": [
              "max_stress_pa",
              "max_to_p95_ratio"
            ],
            "finest_pair_max_relative_change": 0.25965377154354496,
            "finest_pair_p95_relative_change": 0.2976907874971497,
            "finest_pair_rms_relative_change": 0.01613830767470796,
            "method": "uniform_mesh_element_area_weighted_von_mises_p95_and_rms",
            "pass_metrics": [
              "area_weighted_rms_stress_pa",
              "area_weighted_p95_stress_pa"
            ],
            "refinement_levels": [
              1,
              2,
              4,
              8
            ],
            "samples": [
              {
                "element_count": 3,
                "elements_per_original_element": 1,
                "max_relative_change": null,
                "p95_relative_change": null,
                "rms_relative_change": null,
                "statistics": {
                  "area_weighted_mean_stress_pa": 97235.9353859473,
                  "area_weighted_p95_stress_pa": 276051.1253931484,
                  "area_weighted_rms_stress_pa": 159551.84905816842,
                  "max_stress_pa": 276051.1253931484,
                  "max_to_p95_ratio": 1.0
                }
              },
              {
                "element_count": 12,
                "elements_per_original_element": 2,
                "max_relative_change": 0.42377773061175816,
                "p95_relative_change": 0.42377773061175816,
                "rms_relative_change": 0.19673660175510976,
                "statistics": {
                  "area_weighted_mean_stress_pa": 98435.00507104892,
                  "area_weighted_p95_stress_pa": 479070.5601958489,
                  "area_weighted_rms_stress_pa": 198629.55215784148,
                  "max_stress_pa": 479070.5601958489,
                  "max_to_p95_ratio": 1.0
                }
              },
              {
                "element_count": 48,
                "elements_per_original_element": 4,
                "max_relative_change": 0.2917283739595747,
                "p95_relative_change": 0.2452177141179245,
                "rms_relative_change": 0.021373502303682165,
                "statistics": {
                  "area_weighted_mean_stress_pa": 77851.77980845617,
                  "area_weighted_p95_stress_pa": 634713.571259802,
                  "area_weighted_rms_stress_pa": 194384.1429672165,
                  "max_stress_pa": 676393.8333575225,
                  "max_to_p95_ratio": 1.0656678287420136
                }
              },
              {
                "element_count": 192,
                "elements_per_original_element": 8,
                "max_relative_change": 0.25965377154354496,
                "p95_relative_change": 0.2976907874971497,
                "rms_relative_change": 0.01613830767470796,
                "statistics": {
                  "area_weighted_mean_stress_pa": 71509.99157193291,
                  "area_weighted_p95_stress_pa": 445765.18839634326,
                  "area_weighted_rms_stress_pa": 191247.1118609271,
                  "max_stress_pa": 913618.2604289528,
                  "max_to_p95_ratio": 2.0495504902832997
                }
              }
            ],
            "schema_version": "kyuubiki.composite-thermal-stress-recovery/v1",
            "status": "fail"
          }
        },
        "status": "completed"
      },
      "requires_confirmation": false
    },
    {
      "index": 7,
      "action": "solve_composite_thermo_electric_panel",
      "risk": "normal",
      "status": "executed",
      "payload": {
        "electric_conduction_feedback": {
          "parameter_source": "screening_reference_not_material_card",
          "regions": [
            {
              "element_id": "conductor_left",
              "reference_resistivity_ohm_m": 1.68e-8,
              "reference_temperature_c": 35.0,
              "resistivity_temperature_coefficient_1_k": 0.00393
            }
          ]
        },
        "electric_conduction_model": {
          "contact_interfaces": [],
          "elements": [
            {
              "electrical_conductivity_s_m": 59523809.523809515,
              "id": "conductor_left",
              "node_i": 0,
              "node_j": 1,
              "node_k": 2,
              "node_l": 3,
              "thickness": 0.001
            }
          ],
          "nodes": [
            {
              "current_source_a": 0.0,
              "electric_potential_v": 0.0,
              "fix_electric_potential": true,
              "id": "n0",
              "x": 0.0,
              "y": 0.0
            },
            {
              "current_source_a": 0.0,
              "electric_potential_v": 0.000033600000000000004,
              "fix_electric_potential": true,
              "id": "n1",
              "x": 0.03,
              "y": 0.0
            },
            {
              "current_source_a": 0.0,
              "electric_potential_v": 0.000033600000000000004,
              "fix_electric_potential": true,
              "id": "n5",
              "x": 0.03,
              "y": 0.03
            },
            {
              "current_source_a": 0.0,
              "electric_potential_v": 0.0,
              "fix_electric_potential": true,
              "id": "n4",
              "x": 0.0,
              "y": 0.03
            }
          ],
          "terminals": []
        },
        "electrostatic_model": {
          "elements": [
            {
              "id": "conductor_left",
              "node_i": 0,
              "node_j": 1,
              "node_k": 5,
              "node_l": 4,
              "permittivity": 1.0,
              "thickness": 0.001
            },
            {
              "id": "dielectric_core",
              "node_i": 1,
              "node_j": 2,
              "node_k": 6,
              "node_l": 5,
              "permittivity": 2.1,
              "thickness": 0.001
            },
            {
              "id": "substrate_right",
              "node_i": 2,
              "node_j": 3,
              "node_k": 7,
              "node_l": 6,
              "permittivity": 4.2,
              "thickness": 0.001
            }
          ],
          "nodes": [
            {
              "charge_density": 0.0,
              "fix_potential": true,
              "id": "n0",
              "potential": 0.0,
              "x": 0.0,
              "y": 0.0
            },
            {
              "charge_density": 0.0,
              "fix_potential": false,
              "id": "n1",
              "potential": 0.0,
              "x": 0.03,
              "y": 0.0
            },
            {
              "charge_density": 0.0,
              "fix_potential": false,
              "id": "n2",
              "potential": 0.0,
              "x": 0.06,
              "y": 0.0
            },
            {
              "charge_density": 0.0,
              "fix_potential": true,
              "id": "n3",
              "potential": 1000,
              "x": 0.09,
              "y": 0.0
            },
            {
              "charge_density": 0.0,
              "fix_potential": true,
              "id": "n4",
              "potential": 0.0,
              "x": 0.0,
              "y": 0.03
            },
            {
              "charge_density": 0.0,
              "fix_potential": false,
              "id": "n5",
              "potential": 0.0,
              "x": 0.03,
              "y": 0.03
            },
            {
              "charge_density": 0.0,
              "fix_potential": false,
              "id": "n6",
              "potential": 0.0,
              "x": 0.06,
              "y": 0.03
            },
            {
              "charge_density": 0.0,
              "fix_potential": true,
              "id": "n7",
              "potential": 1000,
              "x": 0.09,
              "y": 0.03
            }
          ]
        },
        "electrothermal_feedback": {
          "conductivity_relative_change_tolerance": 1e-9,
          "loss_relative_change_tolerance": 1e-9,
          "loss_tangent_temperature_coefficient_1_k": 0.001,
          "max_iterations": 12,
          "parameter_source": "screening_sensitivity_not_material_card",
          "relative_permittivity_temperature_coefficient_1_k": 0.0001,
          "relaxation_factor": 0.8,
          "temperature_residual_tolerance_c": 1e-7,
          "thermal_conductivity_models": [
            {
              "element_id": "conductor_left",
              "reference_temperature_c": 35.0,
              "temperature_coefficient_1_k": -0.001
            },
            {
              "element_id": "dielectric_core",
              "reference_temperature_c": 35.0,
              "temperature_coefficient_1_k": -0.002
            },
            {
              "element_id": "substrate_right",
              "reference_temperature_c": 35.0,
              "temperature_coefficient_1_k": -0.0012
            }
          ]
        },
        "electrothermal_loss": {
          "frequency_hz": 10000000.0,
          "loss_tangent": 0.0002,
          "reference_temperature_c": 35.0,
          "relative_permittivity": 2.1,
          "source_element_id": "dielectric_core"
        },
        "heat_model": {
          "elements": [
            {
              "conductivity": 390.0,
              "id": "conductor_left",
              "node_i": 0,
              "node_j": 1,
              "node_k": 5,
              "node_l": 4,
              "thickness": 0.001
            },
            {
              "conductivity": 0.25,
              "id": "dielectric_core",
              "node_i": 1,
              "node_j": 2,
              "node_k": 6,
              "node_l": 5,
              "thickness": 0.001
            },
            {
              "conductivity": 160.0,
              "id": "substrate_right",
              "node_i": 2,
              "node_j": 3,
              "node_k": 7,
              "node_l": 6,
              "thickness": 0.001
            }
          ],
          "nodes": [
            {
              "fix_temperature": false,
              "heat_load": 0.0,
              "id": "n0",
              "temperature": 35.0,
              "x": 0.0,
              "y": 0.0
            },
            {
              "fix_temperature": false,
              "heat_load": 0.0,
              "id": "n1",
              "temperature": 35.0,
              "x": 0.03,
              "y": 0.0
            },
            {
              "fix_temperature": false,
              "heat_load": 0.0,
              "id": "n2",
              "temperature": 35.0,
              "x": 0.06,
              "y": 0.0
            },
            {
              "fix_temperature": true,
              "heat_load": 0.0,
              "id": "n3",
              "temperature": 35.0,
              "x": 0.09,
              "y": 0.0
            },
            {
              "fix_temperature": false,
              "heat_load": 0.0,
              "id": "n4",
              "temperature": 35.0,
              "x": 0.0,
              "y": 0.03
            },
            {
              "fix_temperature": false,
              "heat_load": 0.0,
              "id": "n5",
              "temperature": 35.0,
              "x": 0.03,
              "y": 0.03
            },
            {
              "fix_temperature": false,
              "heat_load": 0.0,
              "id": "n6",
              "temperature": 35.0,
              "x": 0.06,
              "y": 0.03
            },
            {
              "fix_temperature": true,
              "heat_load": 0.0,
              "id": "n7",
              "temperature": 35.0,
              "x": 0.09,
              "y": 0.03
            }
          ]
        },
        "research": {
          "candidate_id": "copper_ptfe_glass_epoxy",
          "candidate_label": "Copper / PTFE / Glass epoxy",
          "coupling": "iterative_dielectric_and_conductor_joule_heating_with_temperature_dependent_electrical_thermal_feedback_and_expansion_projection",
          "materials": {
            "conductor": "copper",
            "dielectric": "ptfe",
            "substrate": "glass_epoxy"
          },
          "study": "material.composite_thermo_electric_panel.v1"
        },
        "thermal_expansion_feedback": {
          "parameter_source": "screening_sensitivity_not_material_card",
          "regions": [
            {
              "element_id": "conductor_left",
              "reference_temperature_c": 35.0,
              "temperature_coefficient_1_k": 0.0002
            },
            {
              "element_id": "dielectric_core",
              "reference_temperature_c": 35.0,
              "temperature_coefficient_1_k": 0.0008
            },
            {
              "element_id": "substrate_right",
              "reference_temperature_c": 35.0,
              "temperature_coefficient_1_k": 0.0003
            }
          ]
        },
        "thermal_model": {
          "elements": [
            {
              "id": "conductor_left",
              "node_i": 0,
              "node_j": 1,
              "node_k": 5,
              "node_l": 4,
              "poisson_ratio": 0.32,
              "thermal_expansion": 0.000017,
              "thickness": 0.001,
              "youngs_modulus": 110000000000.0
            },
            {
              "id": "dielectric_core",
              "node_i": 1,
              "node_j": 2,
              "node_k": 6,
              "node_l": 5,
              "poisson_ratio": 0.32,
              "thermal_expansion": 0.000045,
              "thickness": 0.001,
              "youngs_modulus": 2500000000.0
            },
            {
              "id": "substrate_right",
              "node_i": 2,
              "node_j": 3,
              "node_k": 7,
              "node_l": 6,
              "poisson_ratio": 0.32,
              "thermal_expansion": 0.000014,
              "thickness": 0.001,
              "youngs_modulus": 22000000000.0
            }
          ],
          "nodes": [
            {
              "fix_x": true,
              "fix_y": true,
              "id": "n0",
              "load_x": 0.0,
              "load_y": 0.0,
              "temperature_delta": 0.0,
              "x": 0.0,
              "y": 0.0
            },
            {
              "fix_x": false,
              "fix_y": false,
              "id": "n1",
              "load_x": 0.0,
              "load_y": 0.0,
              "temperature_delta": 0.0,
              "x": 0.03,
              "y": 0.0
            },
            {
              "fix_x": false,
              "fix_y": false,
              "id": "n2",
              "load_x": 0.0,
              "load_y": 0.0,
              "temperature_delta": 0.0,
              "x": 0.06,
              "y": 0.0
            },
            {
              "fix_x": false,
              "fix_y": false,
              "id": "n3",
              "load_x": 0.0,
              "load_y": 0.0,
              "temperature_delta": 0.0,
              "x": 0.09,
              "y": 0.0
            },
            {
              "fix_x": true,
              "fix_y": true,
              "id": "n4",
              "load_x": 0.0,
              "load_y": 0.0,
              "temperature_delta": 0.0,
              "x": 0.0,
              "y": 0.03
            },
            {
              "fix_x": false,
              "fix_y": false,
              "id": "n5",
              "load_x": 0.0,
              "load_y": 0.0,
              "temperature_delta": 0.0,
              "x": 0.03,
              "y": 0.03
            },
            {
              "fix_x": false,
              "fix_y": false,
              "id": "n6",
              "load_x": 0.0,
              "load_y": 0.0,
              "temperature_delta": 0.0,
              "x": 0.06,
              "y": 0.03
            },
            {
              "fix_x": false,
              "fix_y": false,
              "id": "n7",
              "load_x": 0.0,
              "load_y": 0.0,
              "temperature_delta": 0.0,
              "x": 0.09,
              "y": 0.03
            }
          ]
        }
      },
      "result_preview": {
        "job": {
          "created_at": "2026-08-13T10:08:17.220053Z",
          "execution_started_at": null,
          "execution_timeout_ms": 120000,
          "has_result": false,
          "iteration": null,
          "job_id": "6ad8ba6ea509af2f",
          "message": null,
          "model_version_id": null,
          "progress": 0.0,
          "project_id": "5eda635508218b51",
          "queue_timeout_ms": 1800000,
          "residual": null,
          "simulation_case_id": "3f46f45c776dee77",
          "status": "queued",
          "status_detail": {
            "active": true,
            "failure_class": null,
            "lifecycle": "active",
            "recoverable": false,
            "terminal": false,
            "timing": {
              "effective_deadline": "2026-08-13T10:38:17.220053Z",
              "effective_timeout_ms": 1800000,
              "execution_elapsed_ms": null,
              "execution_started_at": null,
              "execution_timeout_ms": 120000,
              "job_submission_deadline": "2026-08-13T10:38:17.220053Z",
              "phase": "queue",
              "queue_timeout_ms": 1800000,
              "queue_wait_ms": 0,
              "total_elapsed_ms": 0
            }
          },
          "updated_at": "2026-08-13T10:08:17.220053Z",
          "worker_id": null
        },
        "job_id": "6ad8ba6ea509af2f",
        "progress": 0.0,
        "raw": {
          "job": {
            "created_at": "2026-08-13T10:08:17.220053Z",
            "execution_started_at": null,
            "execution_timeout_ms": 120000,
            "has_result": false,
            "iteration": null,
            "job_id": "6ad8ba6ea509af2f",
            "message": null,
            "model_version_id": null,
            "progress": 0.0,
            "project_id": "5eda635508218b51",
            "queue_timeout_ms": 1800000,
            "residual": null,
            "simulation_case_id": "3f46f45c776dee77",
            "status": "queued",
            "status_detail": {
              "active": true,
              "failure_class": null,
              "lifecycle": "active",
              "recoverable": false,
              "terminal": false,
              "timing": {
                "effective_deadline": "2026-08-13T10:38:17.220053Z",
                "effective_timeout_ms": 1800000,
                "execution_elapsed_ms": null,
                "execution_started_at": null,
                "execution_timeout_ms": 120000,
                "job_submission_deadline": "2026-08-13T10:38:17.220053Z",
                "phase": "queue",
                "queue_timeout_ms": 1800000,
                "queue_wait_ms": 0,
                "total_elapsed_ms": 0
              }
            },
            "updated_at": "2026-08-13T10:08:17.220053Z",
            "worker_id": null
          }
        },
        "status": "queued"
      },
      "requires_confirmation": false
    },
    {
      "index": 8,
      "action": "job_wait",
      "risk": "normal",
      "status": "executed",
      "payload": {
        "interval_ms": 1000,
        "job_id": "6ad8ba6ea509af2f",
        "max_total_timeout_ms": 3600000,
        "resume_policy": "server_deadline",
        "timeout_ms": 60000
      },
      "result_preview": {
        "job": {
          "created_at": "2026-08-13T10:08:17.220053Z",
          "execution_started_at": "2026-08-13T10:08:17.226320Z",
          "execution_timeout_ms": 120000,
          "iteration": 4,
          "job_id": "6ad8ba6ea509af2f",
          "message": "collecting nodal and elemental responses",
          "model_version_id": null,
          "progress": 1.0,
          "project_id": "5eda635508218b51",
          "queue_timeout_ms": 1800000,
          "residual": 0.2,
          "simulation_case_id": "3f46f45c776dee77",
          "status": "completed",
          "status_detail": {
            "active": false,
            "failure_class": null,
            "lifecycle": "terminal",
            "recoverable": false,
            "terminal": true,
            "timing": {
              "effective_deadline": "2026-08-13T10:10:17.226320Z",
              "effective_timeout_ms": 120000,
              "execution_elapsed_ms": 12151,
              "execution_started_at": "2026-08-13T10:08:17.226320Z",
              "execution_timeout_ms": 120000,
              "job_submission_deadline": "2026-08-13T10:38:17.220053Z",
              "phase": "execution",
              "queue_timeout_ms": 1800000,
              "queue_wait_ms": 6,
              "total_elapsed_ms": 12157
            }
          },
          "updated_at": "2026-08-13T10:08:29.377577Z",
          "worker_id": "rust-agent-rpc@127.0.0.1:5002"
        },
        "job_id": "6ad8ba6ea509af2f",
        "progress": 1.0,
        "raw": {
          "job": {
            "created_at": "2026-08-13T10:08:17.220053Z",
            "execution_started_at": "2026-08-13T10:08:17.226320Z",
            "execution_timeout_ms": 120000,
            "iteration": 4,
            "job_id": "6ad8ba6ea509af2f",
            "message": "collecting nodal and elemental responses",
            "model_version_id": null,
            "progress": 1.0,
            "project_id": "5eda635508218b51",
            "queue_timeout_ms": 1800000,
            "residual": 0.2,
            "simulation_case_id": "3f46f45c776dee77",
            "status": "completed",
            "status_detail": {
              "active": false,
              "failure_class": null,
              "lifecycle": "terminal",
              "recoverable": false,
              "terminal": true,
              "timing": {
                "effective_deadline": "2026-08-13T10:10:17.226320Z",
                "effective_timeout_ms": 120000,
                "execution_elapsed_ms": 12151,
                "execution_started_at": "2026-08-13T10:08:17.226320Z",
                "execution_timeout_ms": 120000,
                "job_submission_deadline": "2026-08-13T10:38:17.220053Z",
                "phase": "execution",
                "queue_timeout_ms": 1800000,
                "queue_wait_ms": 6,
                "total_elapsed_ms": 12157
              }
            },
            "updated_at": "2026-08-13T10:08:29.377577Z",
            "worker_id": "rust-agent-rpc@127.0.0.1:5002"
          }
        },
        "result": null,
        "status": "completed",
        "wait": {
          "elapsed_ms": 13136,
          "policy": "server_deadline",
          "poll_attempts": 13,
          "resume_count": 0
        }
      },
      "requires_confirmation": false
    },
    {
      "index": 9,
      "action": "result_fetch",
      "risk": "normal",
      "status": "executed",
      "payload": {
        "job_id": "6ad8ba6ea509af2f"
      },
      "result_preview": {
        "job": {
          "created_at": "2026-08-13T10:08:17.220053Z",
          "execution_started_at": "2026-08-13T10:08:17.226320Z",
          "execution_timeout_ms": 120000,
          "has_result": true,
          "iteration": 4,
          "job_id": "6ad8ba6ea509af2f",
          "message": "collecting nodal and elemental responses",
          "model_version_id": null,
          "progress": 1.0,
          "project_id": "5eda635508218b51",
          "queue_timeout_ms": 1800000,
          "residual": 0.2,
          "simulation_case_id": "3f46f45c776dee77",
          "status": "completed",
          "status_detail": {
            "active": false,
            "failure_class": null,
            "lifecycle": "terminal",
            "recoverable": false,
            "terminal": true,
            "timing": {
              "effective_deadline": "2026-08-13T10:10:17.226320Z",
              "effective_timeout_ms": 120000,
              "execution_elapsed_ms": 12151,
              "execution_started_at": "2026-08-13T10:08:17.226320Z",
              "execution_timeout_ms": 120000,
              "job_submission_deadline": "2026-08-13T10:38:17.220053Z",
              "phase": "execution",
              "queue_timeout_ms": 1800000,
              "queue_wait_ms": 6,
              "total_elapsed_ms": 12157
            }
          },
          "updated_at": "2026-08-13T10:08:29.377577Z",
          "worker_id": "rust-agent-rpc@127.0.0.1:5002"
        },
        "job_id": "6ad8ba6ea509af2f",
        "result": {
          "electric_conduction": {
            "contact_interfaces": [],
            "current_balance_relative_error": 0.0,
            "elements": [
              {
                "area_m2": 0.0009,
                "average_electric_potential_v": 0.000016800000000000002,
                "current_density_magnitude_a_m2": 66586.79753478574,
                "current_density_x_a_m2": -66586.79753478574,
                "current_density_y_a_m2": -0.0,
                "electric_field_magnitude_v_m": 0.00112,
                "electric_field_x_v_m": -0.00112,
                "electric_field_y_v_m": -0.0,
                "electric_potential_gradient_x_v_m": 0.00112,
                "electric_potential_gradient_y_v_m": 0.0,
                "id": "conductor_left",
                "index": 0,
                "joule_power_w": 0.00006711949191506403,
                "node_i": 0,
                "node_j": 1,
                "node_k": 2,
                "node_l": 3,
                "peak_current_density_magnitude_a_m2": 66586.79753478574,
                "peak_electric_field_magnitude_v_m": 0.00112,
                "rms_current_density_magnitude_a_m2": 66586.79753478574,
                "rms_electric_field_magnitude_v_m": 0.00112,
                "volumetric_joule_heating_w_m3": 74.57721323896003
              }
            ],
            "free_current_residual_relative_error": 0.0,
            "input": {
              "contact_interfaces": [],
              "elements": [
                {
                  "electrical_conductivity_s_m": 59452497.79891583,
                  "id": "conductor_left",
                  "node_i": 0,
                  "node_j": 1,
                  "node_k": 2,
                  "node_l": 3,
                  "thickness": 0.001
                }
              ],
              "nodes": [
                {
                  "current_source_a": 0.0,
                  "electric_potential_v": 0.0,
                  "fix_electric_potential": true,
                  "id": "n0",
                  "x": 0.0,
                  "y": 0.0
                },
                {
                  "current_source_a": 0.0,
                  "electric_potential_v": 0.000033600000000000004,
                  "fix_electric_potential": true,
                  "id": "n1",
                  "x": 0.03,
                  "y": 0.0
                },
                {
                  "current_source_a": 0.0,
                  "electric_potential_v": 0.000033600000000000004,
                  "fix_electric_potential": true,
                  "id": "n5",
                  "x": 0.03,
                  "y": 0.03
                },
                {
                  "current_source_a": 0.0,
                  "electric_potential_v": 0.0,
                  "fix_electric_potential": true,
                  "id": "n4",
                  "x": 0.0,
                  "y": 0.03
                }
              ],
              "terminals": []
            },
            "max_current_density_a_m2": 66586.79753478574,
            "max_electric_field_v_m": 0.00112,
            "max_electric_potential_v": 0.000033600000000000004,
            "max_free_current_residual_a": 0.0,
            "nodes": [
              {
                "current_source_a": 0.0,
                "electric_potential_v": 0.0,
                "fix_electric_potential": true,
                "id": "n0",
                "index": 0,
                "net_injected_current_a": -0.9988019630217864,
                "reaction_current_a": -0.9988019630217864,
                "x": 0.0,
                "y": 0.0
              },
              {
                "current_source_a": 0.0,
                "electric_potential_v": 0.000033600000000000004,
                "fix_electric_potential": true,
                "id": "n1",
                "index": 1,
                "net_injected_current_a": 0.9988019630217864,
                "reaction_current_a": 0.9988019630217864,
                "x": 0.03,
                "y": 0.0
              },
              {
                "current_source_a": 0.0,
                "electric_potential_v": 0.000033600000000000004,
                "fix_electric_potential": true,
                "id": "n5",
                "index": 2,
                "net_injected_current_a": 0.9988019630217864,
                "reaction_current_a": 0.9988019630217864,
                "x": 0.03,
                "y": 0.03
              },
              {
                "current_source_a": 0.0,
                "electric_potential_v": 0.0,
                "fix_electric_potential": true,
                "id": "n4",
                "index": 3,
                "net_injected_current_a": -0.9988019630217864,
                "reaction_current_a": -0.9988019630217864,
                "x": 0.0,
                "y": 0.03
              }
            ],
            "power_balance_relative_error": 4.038328291644033e-16,
            "source_power_balance_relative_error": 4.038328291644033e-16,
            "terminals": [],
            "total_bulk_joule_power_w": 0.00006711949191506403,
            "total_contact_joule_power_w": -0.0,
            "total_dissipated_power_w": 0.00006711949191506403,
            "total_electrical_input_power_w": 0.00006711949191506405,
            "total_extracted_current_a": 1.9976039260435727,
            "total_injected_current_a": 1.9976039260435727,
            "total_joule_power_w": 0.00006711949191506403,
            "total_source_power_w": 0.00006711949191506405,
            "total_terminal_impedance_power_w": -0.0
          },
          "electrostatic": {
            "elements": [
              {
                "area": 0.0009,
                "average_potential": 291.6679050162872,
                "electric_energy_density": 189044815.14797765,
                "electric_field_magnitude": 19444.527001085815,
                "electric_field_x": -19444.527001085815,
                "electric_field_y": -0.0,
                "electric_flux_density_magnitude": 19444.527001085815,
                "electric_flux_density_x": -19444.527001085815,
                "electric_flux_density_y": -0.0,
                "id": "conductor_left",
                "index": 0,
                "node_i": 0,
                "node_j": 1,
                "node_k": 5,
                "node_l": 4,
                "potential_gradient_x": 19444.527001085815,
                "potential_gradient_y": 0.0,
                "stored_energy": 170.1403336331799
              },
              {
                "area": 0.0009,
                "average_potential": 722.223165726695,
                "electric_energy_density": 90019964.59679121,
                "electric_field_magnitude": 9259.157046274702,
                "electric_field_x": -9259.157046274702,
                "electric_field_y": 1.8189894035458565e-12,
                "electric_flux_density_magnitude": 19444.527001085815,
                "electric_flux_density_x": -19444.527001085815,
                "electric_flux_density_y": 3.819936134053022e-12,
                "id": "dielectric_core",
                "index": 1,
                "node_i": 1,
                "node_j": 2,
                "node_k": 6,
                "node_l": 5,
                "potential_gradient_x": 9259.157046274702,
                "potential_gradient_y": -1.8189894035458565e-12,
                "stored_energy": 81.01796813711208
              },
              {
                "area": 0.0009,
                "average_potential": 930.5552607104078,
                "electric_energy_density": 45010670.27332815,
                "electric_field_magnitude": 4629.64928597282,
                "electric_field_x": -4629.64928597282,
                "electric_field_y": 1.8189894035458565e-12,
                "electric_flux_density_magnitude": 19444.527001085844,
                "electric_flux_density_x": -19444.527001085844,
                "electric_flux_density_y": 7.639755494892598e-12,
                "id": "substrate_right",
                "index": 2,
                "node_i": 2,
                "node_j": 3,
                "node_k": 7,
                "node_l": 6,
                "potential_gradient_x": 4629.64928597282,
                "potential_gradient_y": -1.8189894035458565e-12,
                "stored_energy": 40.509603245995336
              }
            ],
            "input": {
              "elements": [
                {
                  "id": "conductor_left",
                  "node_i": 0,
                  "node_j": 1,
                  "node_k": 5,
                  "node_l": 4,
                  "permittivity": 1.0,
                  "thickness": 0.001
                },
                {
                  "id": "dielectric_core",
                  "node_i": 1,
                  "node_j": 2,
                  "node_k": 6,
                  "node_l": 5,
                  "permittivity": 2.1000320983764995,
                  "thickness": 0.001
                },
                {
                  "id": "substrate_right",
                  "node_i": 2,
                  "node_j": 3,
                  "node_k": 7,
                  "node_l": 6,
                  "permittivity": 4.2,
                  "thickness": 0.001
                }
              ],
              "nodes": [
                {
                  "charge_density": 0.0,
                  "fix_potential": true,
                  "id": "n0",
                  "potential": 0.0,
                  "x": 0.0,
                  "y": 0.0
                },
                {
                  "charge_density": 0.0,
                  "fix_potential": false,
                  "id": "n1",
                  "potential": 0.0,
                  "x": 0.03,
                  "y": 0.0
                },
                {
                  "charge_density": 0.0,
                  "fix_potential": false,
                  "id": "n2",
                  "potential": 0.0,
                  "x": 0.06,
                  "y": 0.0
                },
                {
                  "charge_density": 0.0,
                  "fix_potential": true,
                  "id": "n3",
                  "potential": 1000.0,
                  "x": 0.09,
                  "y": 0.0
                },
                {
                  "charge_density": 0.0,
                  "fix_potential": true,
                  "id": "n4",
                  "potential": 0.0,
                  "x": 0.0,
                  "y": 0.03
                },
                {
                  "charge_density": 0.0,
                  "fix_potential": false,
                  "id": "n5",
                  "potential": 0.0,
                  "x": 0.03,
                  "y": 0.03
                },
                {
                  "charge_density": 0.0,
                  "fix_potential": false,
                  "id": "n6",
                  "potential": 0.0,
                  "x": 0.06,
                  "y": 0.03
                },
                {
                  "charge_density": 0.0,
                  "fix_potential": true,
                  "id": "n7",
                  "potential": 1000.0,
                  "x": 0.09,
                  "y": 0.03
                }
              ]
            },
            "max_electric_energy_density": 189044815.14797765,
            "max_electric_field": 19444.527001085815,
            "max_flux_density": 19444.527001085844,
            "max_potential": 1000.0,
            "nodes": [
              {
                "charge_density": 0.0,
                "id": "n0",
                "index": 0,
                "potential": 0.0,
                "x": 0.0,
                "y": 0.0
              },
              {
                "charge_density": 0.0,
                "id": "n1",
                "index": 1,
                "potential": 583.3358100325744,
                "x": 0.03,
                "y": 0.0
              },
              {
                "charge_density": 0.0,
                "id": "n2",
                "index": 2,
                "potential": 861.1105214208155,
                "x": 0.06,
                "y": 0.0
              },
              {
                "charge_density": 0.0,
                "id": "n3",
                "index": 3,
                "potential": 1000.0,
                "x": 0.09,
                "y": 0.0
              },
              {
                "charge_density": 0.0,
                "id": "n4",
                "index": 4,
                "potential": 0.0,
                "x": 0.0,
                "y": 0.03
              },
              {
                "charge_density": 0.0,
                "id": "n5",
                "index": 5,
                "potential": 583.3358100325744,
                "x": 0.03,
                "y": 0.03
              },
              {
                "charge_density": 0.0,
                "id": "n6",
                "index": 6,
                "potential": 861.1105214208154,
                "x": 0.06,
                "y": 0.03
              },
              {
                "charge_density": 0.0,
                "id": "n7",
                "index": 7,
                "potential": 1000.0,
                "x": 0.09,
                "y": 0.03
              }
            ],
            "total_stored_energy": 291.6679050162873
          },
          "electrostatic_mesh_convergence": {
            "finest_pair_relative_change": 6.236508619089512e-15,
            "max_analytic_relative_error": 0.11111111111111106,
            "method": "structured_quad_h_refinement",
            "refinement_levels": [
              1,
              2,
              4,
              8
            ],
            "relative_error_tolerance": 1e-8,
            "samples": [
              {
                "analytic_relative_error": 0.11111111111111106,
                "element_count": 3,
                "elements_per_layer": 1,
                "max_electric_field_v_m": 19444.527001085815,
                "node_count": 8,
                "relative_change_from_previous": null
              },
              {
                "analytic_relative_error": 4.1576724127263415e-16,
                "element_count": 6,
                "elements_per_layer": 2,
                "max_electric_field_v_m": 17500.07430097724,
                "node_count": 14,
                "relative_change_from_previous": 0.11111111111111063
              },
              {
                "analytic_relative_error": 5.820741377816878e-15,
                "element_count": 12,
                "elements_per_layer": 4,
                "max_electric_field_v_m": 17500.074300977336,
                "node_count": 26,
                "relative_change_from_previous": 5.404974136544244e-15
              },
              {
                "analytic_relative_error": 1.2057249996906391e-14,
                "element_count": 24,
                "elements_per_layer": 8,
                "max_electric_field_v_m": 17500.074300977445,
                "node_count": 50,
                "relative_change_from_previous": 6.236508619089512e-15
              }
            ],
            "schema_version": "kyuubiki.composite-electrostatic-mesh-convergence/v1",
            "status": "fail"
          },
          "electrothermal_feedback_convergence": {
            "conductivity_relative_change_tolerance": 1e-9,
            "converged": true,
            "final_loss_relative_change": 3.646550279514439e-10,
            "final_max_conductivity_relative_change": 1.2207747468442168e-10,
            "final_temperature_residual_c": 3.0371694492714596e-8,
            "iteration_count": 11,
            "iterations": [
              {
                "converged": false,
                "coupling_temperature_c": 35.0,
                "dielectric_mean_temperature_c": 35.152961733397305,
                "iteration": 1,
                "loss_relative_change": null,
                "loss_tangent": 0.0002,
                "max_conductivity_relative_change": null,
                "max_temperature_c": 35.30547693906686,
                "relative_permittivity": 2.1,
                "temperature_residual_c": 0.3054338621437864,
                "thermal_conductivity_updates": [
                  {
                    "conductivity_relative_change": null,
                    "conductivity_w_mk": 390.0,
                    "coupling_temperature_c": 35.0,
                    "element_id": "conductor_left",
                    "measured_mean_temperature_c": 35.305433862143786
                  },
                  {
                    "conductivity_relative_change": null,
                    "conductivity_w_mk": 0.25,
                    "coupling_temperature_c": 35.0,
                    "element_id": "dielectric_core",
                    "measured_mean_temperature_c": 35.152961733397305
                  },
                  {
                    "conductivity_relative_change": null,
                    "conductivity_w_mk": 160.0,
                    "coupling_temperature_c": 35.0,
                    "element_id": "substrate_right",
                    "measured_mean_temperature_c": 35.00026634078695
                  }
                ],
                "total_joule_loss_w": 0.0000672,
                "total_loss_w": 0.000018029051824386785
              },
              {
                "converged": false,
                "coupling_temperature_c": 35.12236938671784,
                "dielectric_mean_temperature_c": 35.15287179693219,
                "iteration": 2,
                "loss_relative_change": 0.0007316876125546317,
                "loss_tangent": 0.00020002447387734357,
                "max_conductivity_relative_change": 0.00024473877343567096,
                "max_temperature_c": 35.30529739414064,
                "relative_permittivity": 2.1000256975712106,
                "temperature_residual_c": 0.06090725831074195,
                "thermal_conductivity_updates": [
                  {
                    "conductivity_relative_change": 0.0002443470897149452,
                    "conductivity_w_mk": 389.9047046350112,
                    "coupling_temperature_c": 35.24434708971503,
                    "element_id": "conductor_left",
                    "measured_mean_temperature_c": 35.30525434802577
                  },
                  {
                    "conductivity_relative_change": 0.00024473877343567096,
                    "conductivity_w_mk": 0.24993881530664108,
                    "coupling_temperature_c": 35.12236938671784,
                    "element_id": "dielectric_core",
                    "measured_mean_temperature_c": 35.15287179693219
                  },
                  {
                    "conductivity_relative_change": 2.5568715535939644e-7,
                    "conductivity_w_mk": 159.99995909005514,
                    "coupling_temperature_c": 35.00021307262956,
                    "element_id": "substrate_right",
                    "measured_mean_temperature_c": 35.00026614597674
                  }
                ],
                "total_joule_loss_w": 0.00006713553081972098,
                "total_loss_w": 0.000018031159963216115
              },
              {
                "converged": false,
                "coupling_temperature_c": 35.14677131488932,
                "dielectric_mean_temperature_c": 35.15285388693406,
                "iteration": 3,
                "loss_relative_change": 0.00014584069852984969,
                "loss_tangent": 0.00020002935426297787,
                "max_conductivity_relative_change": 0.00004881580346284645,
                "max_temperature_c": 35.30526163947539,
                "relative_permittivity": 2.1000308219761266,
                "temperature_residual_c": 0.012145703132752317,
                "thermal_conductivity_updates": [
                  {
                    "conductivity_relative_change": 0.00004873771556766017,
                    "conductivity_w_mk": 389.8857015704182,
                    "coupling_temperature_c": 35.29307289636362,
                    "element_id": "conductor_left",
                    "measured_mean_temperature_c": 35.30521859949637
                  },
                  {
                    "conductivity_relative_change": 0.00004881580346284645,
                    "conductivity_w_mk": 0.24992661434255536,
                    "coupling_temperature_c": 35.14677131488932,
                    "element_id": "dielectric_core",
                    "measured_mean_temperature_c": 35.15285388693406
                  },
                  {
                    "conductivity_relative_change": 5.0950426515607325e-8,
                    "conductivity_w_mk": 159.99995093798898,
                    "coupling_temperature_c": 35.0002555313073,
                    "element_id": "substrate_right",
                    "measured_mean_temperature_c": 35.00026610717539
                  }
                ],
                "total_joule_loss_w": 0.00006712268966458816,
                "total_loss_w": 0.000018031580348673673
              },
              {
                "converged": false,
                "coupling_temperature_c": 35.151637372525116,
                "dielectric_mean_temperature_c": 35.15285031641318,
                "iteration": 4,
                "loss_relative_change": 0.00002907988685113793,
                "loss_tangent": 0.00020003032747450503,
                "max_conductivity_relative_change": 9.734972901100813e-6,
                "max_temperature_c": 35.305254511458415,
                "relative_permittivity": 2.1000318438482304,
                "temperature_residual_c": 0.0024220138328345797,
                "thermal_conductivity_updates": [
                  {
                    "conductivity_relative_change": 9.71941100209044e-6,
                    "conductivity_w_mk": 389.8819121110408,
                    "coupling_temperature_c": 35.30278945886982,
                    "element_id": "conductor_left",
                    "measured_mean_temperature_c": 35.30521147270265
                  },
                  {
                    "conductivity_relative_change": 9.734972901100813e-6,
                    "conductivity_w_mk": 0.24992418131373745,
                    "coupling_temperature_c": 35.151637372525116,
                    "element_id": "dielectric_core",
                    "measured_mean_temperature_c": 35.15285031641318
                  },
                  {
                    "conductivity_relative_change": 1.0152836354036246e-8,
                    "conductivity_w_mk": 159.99994931353567,
                    "coupling_temperature_c": 35.00026399200178,
                    "element_id": "substrate_right",
                    "measured_mean_temperature_c": 35.00026609943973
                  }
                ],
                "total_joule_loss_w": 0.00006712012955790712,
                "total_loss_w": 0.00001803166417881783
              },
              {
                "converged": false,
                "coupling_temperature_c": 35.15260772763557,
                "dielectric_mean_temperature_c": 35.15284960444099,
                "iteration": 5,
                "loss_relative_change": 5.798808674510249e-6,
                "loss_tangent": 0.0002000305215455271,
                "max_conductivity_relative_change": 1.9412989679207605e-6,
                "max_temperature_c": 35.30525309011124,
                "relative_permittivity": 2.1000320476228036,
                "temperature_residual_c": 0.0004829816633247219,
                "thermal_conductivity_updates": [
                  {
                    "conductivity_relative_change": 1.9381979322866364e-6,
                    "conductivity_w_mk": 389.8811564427249,
                    "coupling_temperature_c": 35.304727069936085,
                    "element_id": "conductor_left",
                    "measured_mean_temperature_c": 35.30521005159941
                  },
                  {
                    "conductivity_relative_change": 1.9412989679207605e-6,
                    "conductivity_w_mk": 0.2499236961361822,
                    "coupling_temperature_c": 35.15260772763557,
                    "element_id": "dielectric_core",
                    "measured_mean_temperature_c": 35.15284960444099
                  },
                  {
                    "conductivity_relative_change": 2.0231410516679084e-9,
                    "conductivity_w_mk": 159.9999489898332,
                    "coupling_temperature_c": 35.000265677952136,
                    "element_id": "substrate_right",
                    "measured_mean_temperature_c": 35.000266097897196
                  }
                ],
                "total_joule_loss_w": 0.00006711961906213153,
                "total_loss_w": 0.000018031680895633263
              },
              {
                "converged": false,
                "coupling_temperature_c": 35.152801229079905,
                "dielectric_mean_temperature_c": 35.1528494624629,
                "iteration": 6,
                "loss_relative_change": 1.1563551640756253e-6,
                "loss_tangent": 0.000200030560245816,
                "max_conductivity_relative_change": 3.871210439500402e-7,
                "max_temperature_c": 35.30525280667299,
                "relative_permittivity": 2.100032088258107,
                "temperature_residual_c": 0.0000963129430502363,
                "thermal_conductivity_updates": [
                  {
                    "conductivity_relative_change": 3.8650310854639843e-7,
                    "conductivity_w_mk": 389.8810057524459,
                    "coupling_temperature_c": 35.30511345526674,
                    "element_id": "conductor_left",
                    "measured_mean_temperature_c": 35.30520976820979
                  },
                  {
                    "conductivity_relative_change": 3.871210439500402e-7,
                    "conductivity_w_mk": 0.24992359938546005,
                    "coupling_temperature_c": 35.152801229079905,
                    "element_id": "dielectric_core",
                    "measured_mean_temperature_c": 35.1528494624629
                  },
                  {
                    "conductivity_relative_change": 4.0314751067308376e-10,
                    "conductivity_w_mk": 159.99994892532962,
                    "coupling_temperature_c": 35.00026601390818,
                    "element_id": "substrate_right",
                    "measured_mean_temperature_c": 35.0002660975896
                  }
                ],
                "total_joule_loss_w": 0.00006711951726343562,
                "total_loss_w": 0.000018031684229183732
              },
              {
                "converged": false,
                "coupling_temperature_c": 35.1528398157863,
                "dielectric_mean_temperature_c": 35.15284943415072,
                "iteration": 7,
                "loss_relative_change": 2.3059238306284917e-7,
                "loss_tangent": 0.0002000305679631573,
                "max_conductivity_relative_change": 7.71970043656553e-8,
                "max_temperature_c": 35.30525275015189,
                "relative_permittivity": 2.100032096361315,
                "temperature_residual_c": 0.000019206077212174932,
                "thermal_conductivity_updates": [
                  {
                    "conductivity_relative_change": 7.707387066576862e-8,
                    "conductivity_w_mk": 389.88097570280775,
                    "coupling_temperature_c": 35.305190505621184,
                    "element_id": "conductor_left",
                    "measured_mean_temperature_c": 35.305209711698396
                  },
                  {
                    "conductivity_relative_change": 7.71970043656553e-8,
                    "conductivity_w_mk": 0.24992358009210688,
                    "coupling_temperature_c": 35.1528398157863,
                    "element_id": "dielectric_core",
                    "measured_mean_temperature_c": 35.15284943415072
                  },
                  {
                    "conductivity_relative_change": 8.03341649847271e-11,
                    "conductivity_w_mk": 159.99994891247616,
                    "coupling_temperature_c": 35.000266080853315,
                    "element_id": "substrate_right",
                    "measured_mean_temperature_c": 35.00026609752827
                  }
                ],
                "total_joule_loss_w": 0.00006711949696346378,
                "total_loss_w": 0.000018031684893937097
              },
              {
                "converged": false,
                "coupling_temperature_c": 35.152847510477834,
                "dielectric_mean_temperature_c": 35.15284942850096,
                "iteration": 8,
                "loss_relative_change": 4.5983172354130444e-8,
                "loss_tangent": 0.00020003056950209557,
                "max_conductivity_relative_change": 1.5394088760574925e-8,
                "max_temperature_c": 35.305252738872966,
                "relative_permittivity": 2.1000320979772003,
                "temperature_residual_c": 3.829938464150473e-6,
                "thermal_conductivity_updates": [
                  {
                    "conductivity_relative_change": 1.5369552461948798e-8,
                    "conductivity_w_mk": 389.8809697105117,
                    "coupling_temperature_c": 35.30520587048295,
                    "element_id": "conductor_left",
                    "measured_mean_temperature_c": 35.305209700421415
                  },
                  {
                    "conductivity_relative_change": 1.5394088760574925e-8,
                    "conductivity_w_mk": 0.24992357624476108,
                    "coupling_temperature_c": 35.152847510477834,
                    "element_id": "dielectric_core",
                    "measured_mean_temperature_c": 35.15284942850096
                  },
                  {
                    "conductivity_relative_change": 1.6007822405189348e-11,
                    "conductivity_w_mk": 159.9999489099149,
                    "coupling_temperature_c": 35.00026609419328,
                    "element_id": "substrate_right",
                    "measured_mean_temperature_c": 35.000266097516025
                  }
                ],
                "total_joule_loss_w": 0.00006711949291538187,
                "total_loss_w": 0.000018031685026497543
              },
              {
                "converged": false,
                "coupling_temperature_c": 35.152849044896335,
                "dielectric_mean_temperature_c": 35.15284942738009,
                "iteration": 9,
                "loss_relative_change": 9.169635099763572e-9,
                "loss_tangent": 0.0002000305698089793,
                "max_conductivity_relative_change": 3.069775377376053e-9,
                "max_temperature_c": 35.30525273663535,
                "relative_permittivity": 2.1000320982994283,
                "temperature_residual_c": 7.637504495505709e-7,
                "thermal_conductivity_updates": [
                  {
                    "conductivity_relative_change": 3.064886210074338e-9,
                    "conductivity_w_mk": 389.8809685155708,
                    "coupling_temperature_c": 35.30520893443372,
                    "element_id": "conductor_left",
                    "measured_mean_temperature_c": 35.30520969818417
                  },
                  {
                    "conductivity_relative_change": 3.069775377376053e-9,
                    "conductivity_w_mk": 0.24992357547755184,
                    "coupling_temperature_c": 35.152849044896335,
                    "element_id": "dielectric_core",
                    "measured_mean_temperature_c": 35.15284942738009
                  },
                  {
                    "conductivity_relative_change": 3.1899826307979953e-12,
                    "conductivity_w_mk": 159.9999489094045,
                    "coupling_temperature_c": 35.000266096851476,
                    "element_id": "substrate_right",
                    "measured_mean_temperature_c": 35.00026609751359
                  }
                ],
                "total_joule_loss_w": 0.0000671194921081424,
                "total_loss_w": 0.00001803168505293178
              },
              {
                "converged": false,
                "coupling_temperature_c": 35.152849350883336,
                "dielectric_mean_temperature_c": 35.152849427158436,
                "iteration": 10,
                "loss_relative_change": 1.828570655505531e-9,
                "loss_tangent": 0.00020003056987017668,
                "max_conductivity_relative_change": 6.121611635077393e-10,
                "max_temperature_c": 35.30525273619284,
                "relative_permittivity": 2.1000320983636853,
                "temperature_residual_c": 1.5230765626483844e-7,
                "thermal_conductivity_updates": [
                  {
                    "conductivity_relative_change": 6.111868293602549e-10,
                    "conductivity_w_mk": 389.8809682772807,
                    "coupling_temperature_c": 35.30520954543408,
                    "element_id": "conductor_left",
                    "measured_mean_temperature_c": 35.30520969774174
                  },
                  {
                    "conductivity_relative_change": 6.121611635077393e-10,
                    "conductivity_w_mk": 0.24992357532455833,
                    "coupling_temperature_c": 35.152849350883336,
                    "element_id": "dielectric_core",
                    "measured_mean_temperature_c": 35.152849427158436
                  },
                  {
                    "conductivity_relative_change": 6.355806800886309e-13,
                    "conductivity_w_mk": 159.99994890930282,
                    "coupling_temperature_c": 35.000266097381164,
                    "element_id": "substrate_right",
                    "measured_mean_temperature_c": 35.00026609751312
                  }
                ],
                "total_joule_loss_w": 0.00006711949194716605,
                "total_loss_w": 0.000018031685058203182
              },
              {
                "converged": true,
                "coupling_temperature_c": 35.15284941190342,
                "dielectric_mean_temperature_c": 35.15284942711344,
                "iteration": 11,
                "loss_relative_change": 3.646550279514439e-10,
                "loss_tangent": 0.0002000305698823807,
                "max_conductivity_relative_change": 1.2207747468442168e-10,
                "max_temperature_c": 35.305252736102986,
                "relative_permittivity": 2.1000320983764995,
                "temperature_residual_c": 3.0371694492714596e-8,
                "thermal_conductivity_updates": [
                  {
                    "conductivity_relative_change": 1.2188340034305348e-10,
                    "conductivity_w_mk": 389.8809682297607,
                    "coupling_temperature_c": 35.30520966728021,
                    "element_id": "conductor_left",
                    "measured_mean_temperature_c": 35.305209697651904
                  },
                  {
                    "conductivity_relative_change": 1.2207747468442168e-10,
                    "conductivity_w_mk": 0.2499235752940483,
                    "coupling_temperature_c": 35.15284941190342,
                    "element_id": "dielectric_core",
                    "measured_mean_temperature_c": 35.15284942711344
                  },
                  {
                    "conductivity_relative_change": 1.266542830920855e-13,
                    "conductivity_w_mk": 159.99994890928255,
                    "coupling_temperature_c": 35.00026609748673,
                    "element_id": "substrate_right",
                    "measured_mean_temperature_c": 35.00026609751302
                  }
                ],
                "total_joule_loss_w": 0.00006711949191506403,
                "total_loss_w": 0.000018031685059254404
              }
            ],
            "loss_relative_change_tolerance": 1e-9,
            "max_iterations": 12,
            "method": "relaxed_temperature_dependent_dielectric_and_conductivity_fixed_point",
            "parameter_source": "screening_sensitivity_not_material_card",
            "relaxation_factor": 0.8,
            "schema_version": "kyuubiki.composite-electrothermal-feedback-convergence/v1",
            "status": "pass",
            "temperature_residual_tolerance_c": 1e-7
          },
          "electrothermal_loss_projection": {
            "assumptions": [
              "The solved electrostatic field magnitude is interpreted as an RMS harmonic field.",
              "Relative permittivity and loss tangent are scalar, isotropic, and frequency-local screening values.",
              "Element dielectric loss is lumped consistently to its four thermal nodes."
            ],
            "distributed_total_heat_load_w": 0.000018031685059254404,
            "effective_conductivity_s_m": 2.3369579787637457e-7,
            "electric_field_rms_v_m": 9259.157046274702,
            "energy_balance_relative_error": 0.0,
            "frequency_hz": 10000000.0,
            "loss_tangent": 0.0002000305698823807,
            "model": "harmonic_dielectric_loss_sigma_eff_e_rms_squared",
            "relative_permittivity": 2.1000320983764995,
            "schema_version": "kyuubiki.composite-electrothermal-loss-projection/v1",
            "source_element_id": "dielectric_core",
            "source_volume_m3": 9e-7,
            "target_element_count": 1,
            "target_node_count": 4,
            "total_loss_w": 0.000018031685059254404,
            "volumetric_loss_w_m3": 20.035205621393786
          },
          "heat": {
            "elements": [
              {
                "area": 0.0009,
                "average_temperature": 35.305209697651904,
                "heat_flow_rate": 1.0067923786337877e-6,
                "heat_flux_magnitude": 1.118658198481986,
                "heat_flux_x": 1.118658198481986,
                "heat_flux_y": -0.0,
                "id": "conductor_left",
                "index": 0,
                "node_i": 0,
                "node_j": 1,
                "node_k": 5,
                "node_l": 4,
                "temperature_gradient_x": -0.002869230071837592,
                "temperature_gradient_y": 0.0
              },
              {
                "area": 0.0009,
                "average_temperature": 35.15284942711344,
                "heat_flow_rate": 2.284060033330503e-6,
                "heat_flux_magnitude": 2.5378444814783365,
                "heat_flux_x": 2.5378444814783365,
                "heat_flux_y": -0.0,
                "id": "dielectric_core",
                "index": 1,
                "node_i": 1,
                "node_j": 2,
                "node_k": 6,
                "node_l": 5,
                "temperature_gradient_x": -10.154482139159654,
                "temperature_gradient_y": 0.0
              },
              {
                "area": 0.0009,
                "average_temperature": 35.00026609751302,
                "heat_flow_rate": 2.554535309293824e-6,
                "heat_flux_magnitude": 2.838372565882027,
                "heat_flux_x": 2.838372565882027,
                "heat_flux_y": -0.0,
                "id": "substrate_right",
                "index": 2,
                "node_i": 2,
                "node_j": 3,
                "node_k": 7,
                "node_l": 6,
                "temperature_gradient_x": -0.017739834201393023,
                "temperature_gradient_y": 0.0
              }
            ],
            "input": {
              "elements": [
                {
                  "conductivity": 389.8809682297607,
                  "id": "conductor_left",
                  "node_i": 0,
                  "node_j": 1,
                  "node_k": 5,
                  "node_l": 4,
                  "thickness": 0.001
                },
                {
                  "conductivity": 0.2499235752940483,
                  "id": "dielectric_core",
                  "node_i": 1,
                  "node_j": 2,
                  "node_k": 6,
                  "node_l": 5,
                  "thickness": 0.001
                },
                {
                  "conductivity": 159.99994890928255,
                  "id": "substrate_right",
                  "node_i": 2,
                  "node_j": 3,
                  "node_k": 7,
                  "node_l": 6,
                  "thickness": 0.001
                }
              ],
              "nodes": [
                {
                  "fix_temperature": false,
                  "heat_load": 0.000016779872978766007,
                  "id": "n0",
                  "temperature": 35.0,
                  "x": 0.0,
                  "y": 0.0
                },
                {
                  "fix_temperature": false,
                  "heat_load": 0.000021287794243579608,
                  "id": "n1",
                  "temperature": 35.0,
                  "x": 0.03,
                  "y": 0.0
                },
                {
                  "fix_temperature": false,
                  "heat_load": 4.507921264813601e-6,
                  "id": "n2",
                  "temperature": 35.0,
                  "x": 0.06,
                  "y": 0.0
                },
                {
                  "fix_temperature": true,
                  "heat_load": 0.0,
                  "id": "n3",
                  "temperature": 35.0,
                  "x": 0.09,
                  "y": 0.0
                },
                {
                  "fix_temperature": false,
                  "heat_load": 0.000016779872978766007,
                  "id": "n4",
                  "temperature": 35.0,
                  "x": 0.0,
                  "y": 0.03
                },
                {
                  "fix_temperature": false,
                  "heat_load": 0.000021287794243579608,
                  "id": "n5",
                  "temperature": 35.0,
                  "x": 0.03,
                  "y": 0.03
                },
                {
                  "fix_temperature": false,
                  "heat_load": 4.507921264813601e-6,
                  "id": "n6",
                  "temperature": 35.0,
                  "x": 0.06,
                  "y": 0.03
                },
                {
                  "fix_temperature": true,
                  "heat_load": 0.0,
                  "id": "n7",
                  "temperature": 35.0,
                  "x": 0.09,
                  "y": 0.03
                }
              ]
            },
            "max_heat_flux": 2.838372565882027,
            "max_temperature": 35.305252736102986,
            "nodes": [
              {
                "heat_load": 0.000016779872978766007,
                "id": "n0",
                "index": 0,
                "temperature": 35.305252736102986,
                "x": 0.0,
                "y": 0.0
              },
              {
                "heat_load": 0.000021287794243579608,
                "id": "n1",
                "index": 1,
                "temperature": 35.30516665920083,
                "x": 0.03,
                "y": 0.0
              },
              {
                "heat_load": 4.507921264813601e-6,
                "id": "n2",
                "index": 2,
                "temperature": 35.00053219502604,
                "x": 0.06,
                "y": 0.0
              },
              {
                "heat_load": 0.0,
                "id": "n3",
                "index": 3,
                "temperature": 35.0,
                "x": 0.09,
                "y": 0.0
              },
              {
                "heat_load": 0.000016779872978766007,
                "id": "n4",
                "index": 4,
                "temperature": 35.305252736102986,
                "x": 0.0,
                "y": 0.03
              },
              {
                "heat_load": 0.000021287794243579608,
                "id": "n5",
                "index": 5,
                "temperature": 35.30516665920083,
                "x": 0.03,
                "y": 0.03
              },
              {
                "heat_load": 4.507921264813601e-6,
                "id": "n6",
                "index": 6,
                "temperature": 35.00053219502604,
                "x": 0.06,
                "y": 0.03
              },
              {
                "heat_load": 0.0,
                "id": "n7",
                "index": 7,
                "temperature": 35.0,
                "x": 0.09,
                "y": 0.03
              }
            ],
            "total_abs_heat_flow_rate": 5.845387721258115e-6
          },
          "heat_cross_validation": {
            "absolute_error_c": 1.3571366253017916e-12,
            "conductivities_w_mk": [
              389.8809682297607,
              0.2499235752940483,
              159.99994890928255
            ],
            "expected_max_temperature_c": 35.30525273610434,
            "fem_max_temperature_c": 35.305252736102986,
            "fixed_temperature_c": 35.0,
            "method": "layered_thermal_resistance_with_regional_generation_closed_form",
            "relative_error": 3.844007676268346e-14,
            "relative_error_tolerance": 1e-9,
            "schema_version": "kyuubiki.composite-heat-cross-validation/v1",
            "status": "pass",
            "total_heat_load_w": 0.00008515117697431843
          },
          "heat_mesh_convergence": {
            "finest_pair_relative_change": 1.8298080309876534e-11,
            "max_analytic_relative_error": 1.1385306714878358e-11,
            "method": "structured_quad_h_refinement",
            "refinement_levels": [
              1,
              2,
              4,
              8
            ],
            "relative_error_tolerance": 1e-8,
            "samples": [
              {
                "analytic_relative_error": 3.844007676268346e-14,
                "element_count": 3,
                "elements_per_layer": 1,
                "max_temperature_c": 35.305252736102986,
                "node_count": 8,
                "relative_change_from_previous": null
              },
              {
                "analytic_relative_error": 8.058328133915424e-13,
                "element_count": 6,
                "elements_per_layer": 2,
                "max_temperature_c": 35.30525273613279,
                "node_count": 14,
                "relative_change_from_previous": 8.442728901542258e-13
              },
              {
                "analytic_relative_error": 6.912773594998177e-12,
                "element_count": 12,
                "elements_per_layer": 4,
                "max_temperature_c": 35.3052527363484,
                "node_count": 26,
                "relative_change_from_previous": 6.106940781606634e-12
              },
              {
                "analytic_relative_error": 1.1385306714878358e-11,
                "element_count": 24,
                "elements_per_layer": 8,
                "max_temperature_c": 35.30525273570238,
                "node_count": 50,
                "relative_change_from_previous": 1.8298080309876534e-11
              }
            ],
            "schema_version": "kyuubiki.composite-heat-mesh-convergence/v1",
            "status": "pass"
          },
          "heat_to_thermal_projection": {
            "mapped_node_count": 8,
            "maximum_coordinate_error_m": 0.0,
            "maximum_temperature_delta_c": 0.305252736102986,
            "minimum_temperature_delta_c": 0.0,
            "reference_temperature_c": 35.0,
            "schema_version": "kyuubiki.composite-heat-to-thermal-projection/v1"
          },
          "joule_heating_projection": {
            "assumptions": [
              "Steady scalar electrical conductivity is solved on a two-dimensional quad mesh.",
              "Joule heating uses the solved local sigma times electric-field magnitude squared.",
              "Element Joule power integrates both triangular subcell fields before thermal projection.",
              "Recovered terminal currents gate current continuity and electrical input-power balance.",
              "Contact and terminal impedance models require explicit study-level heat mappings."
            ],
            "boundary_voltage_span_v": 0.000033600000000000004,
            "current_balance_relative_error": 0.0,
            "distributed_total_heat_load_w": 0.00006711949191506401,
            "electrical_power_balance_relative_error": 4.038328291644033e-16,
            "energy_balance_relative_error": 2.019164145822017e-16,
            "free_current_residual_relative_error": 0.0,
            "max_current_density_a_m2": 66586.79753478574,
            "max_free_current_residual_a": 0.0,
            "model": "solved_steady_current_density_sigma_e_squared",
            "parameter_source": "screening_reference_not_material_card",
            "regions": [
              {
                "coupling_temperature_c": 35.30520966728021,
                "current_density_magnitude_a_m2": 66586.79753478574,
                "distributed_heat_load_w": 0.00006711949191506403,
                "electric_field_magnitude_v_m": 0.00112,
                "electrical_conductivity_s_m": 59452497.79891583,
                "element_id": "conductor_left",
                "energy_balance_relative_error": 0.0,
                "joule_power_w": 0.00006711949191506403,
                "peak_current_density_magnitude_a_m2": 66586.79753478574,
                "peak_electric_field_magnitude_v_m": 0.00112,
                "rms_current_density_magnitude_a_m2": 66586.79753478574,
                "rms_electric_field_magnitude_v_m": 0.00112,
                "source_volume_m3": 9e-7,
                "volumetric_joule_heating_w_m3": 74.57721323896003
              }
            ],
            "schema_version": "kyuubiki.composite-current-to-heat-projection/v2",
            "source_power_balance_relative_error": 4.038328291644033e-16,
            "status": "pass",
            "total_dissipated_power_w": 0.00006711949191506403,
            "total_electrical_input_power_w": 0.00006711949191506405,
            "total_extracted_current_a": 1.9976039260435727,
            "total_injected_current_a": 1.9976039260435727,
            "total_joule_loss_w": 0.00006711949191506403,
            "total_source_power_w": 0.00006711949191506405
          },
          "research": {
            "candidate_id": "copper_ptfe_glass_epoxy",
            "candidate_label": "Copper / PTFE / Glass epoxy",
            "coupling": "iterative_dielectric_and_conductor_joule_heating_with_temperature_dependent_electrical_thermal_feedback_and_expansion_projection",
            "materials": {
              "conductor": "copper",
              "dielectric": "ptfe",
              "substrate": "glass_epoxy"
            },
            "study": "material.composite_thermo_electric_panel.v1"
          },
          "schema_version": "kyuubiki.composite-thermo-electric-panel-result/v1",
          "thermal": {
            "elements": [
              {
                "area": 0.0009,
                "average_temperature_delta": 0.3052096976519074,
                "gamma_xy": -4.021016866577218e-22,
                "id": "conductor_left",
                "index": 0,
                "max_in_plane_shear": 90774.1043123648,
                "mechanical_strain_x": 5.281402432719411e-7,
                "mechanical_strain_y": -1.650438260224814e-6,
                "node_i": 0,
                "node_j": 1,
                "node_k": 5,
                "node_l": 4,
                "principal_stress_1": 8.731149137020111e-11,
                "principal_stress_2": -181548.2086247295,
                "strain_energy_density": 0.49263599430073945,
                "stress_x": 9.079157179156835e-11,
                "stress_y": -181548.2086247295,
                "tau_xy": -1.973729821555834e-11,
                "thermal_strain": 5.188881580144865e-6,
                "total_strain_x": 5.717021823416806e-6,
                "total_strain_y": 3.53844331992005e-6,
                "von_mises": 181548.2086247295
              },
              {
                "area": 0.0009,
                "average_temperature_delta": 0.1528494271134342,
                "gamma_xy": 1.0799302441664527e-20,
                "id": "dielectric_core",
                "index": 1,
                "max_in_plane_shear": 4006.726228729024,
                "mechanical_strain_x": 1.0257219145546275e-6,
                "mechanical_strain_y": -3.2053809829832224e-6,
                "node_i": 1,
                "node_j": 2,
                "node_k": 6,
                "node_l": 5,
                "principal_stress_1": -1.091393642127514e-11,
                "principal_stress_2": -8013.452457458059,
                "strain_energy_density": 0.049046365349249395,
                "stress_x": -1.0855514018557088e-11,
                "stress_y": -8013.452457458059,
                "tau_xy": 1.0238723449320888e-11,
                "thermal_strain": 6.879065286209818e-6,
                "total_strain_x": 7.904787200764446e-6,
                "total_strain_y": 3.673684303226596e-6,
                "von_mises": 8013.452457458054
              },
              {
                "area": 0.0009,
                "average_temperature_delta": 0.0002660975130197585,
                "gamma_xy": -1.859720300791964e-21,
                "id": "substrate_right",
                "index": 2,
                "max_in_plane_shear": 961.5899608068376,
                "mechanical_strain_x": -2.7973526132561802e-8,
                "mechanical_strain_y": 8.741726916425872e-8,
                "node_i": 2,
                "node_j": 3,
                "node_k": 7,
                "node_l": 6,
                "principal_stress_1": 1923.1799216136997,
                "principal_stress_2": 2.432898327242583e-11,
                "strain_energy_density": 0.00025305761351803846,
                "stress_x": 2.4363227484829823e-11,
                "stress_y": 1923.1799216136997,
                "tau_xy": -1.5512282816290378e-11,
                "thermal_strain": 3.725365479669741e-9,
                "total_strain_x": -2.424816065289206e-8,
                "total_strain_y": 9.114263464392848e-8,
                "von_mises": 1923.1799216136872
              }
            ],
            "input": {
              "elements": [
                {
                  "id": "conductor_left",
                  "node_i": 0,
                  "node_j": 1,
                  "node_k": 5,
                  "node_l": 4,
                  "poisson_ratio": 0.32,
                  "thermal_expansion": 0.000017001037712972016,
                  "thickness": 0.001,
                  "youngs_modulus": 110000000000.0
                },
                {
                  "id": "dielectric_core",
                  "node_i": 1,
                  "node_j": 2,
                  "node_k": 6,
                  "node_l": 5,
                  "poisson_ratio": 0.32,
                  "thermal_expansion": 0.00004500550257937608,
                  "thickness": 0.001,
                  "youngs_modulus": 2500000000.0
                },
                {
                  "id": "substrate_right",
                  "node_i": 2,
                  "node_j": 3,
                  "node_k": 7,
                  "node_l": 6,
                  "poisson_ratio": 0.32,
                  "thermal_expansion": 0.000014000001117609552,
                  "thickness": 0.001,
                  "youngs_modulus": 22000000000.0
                }
              ],
              "nodes": [
                {
                  "fix_x": true,
                  "fix_y": true,
                  "id": "n0",
                  "load_x": 0.0,
                  "load_y": 0.0,
                  "temperature_delta": 0.305252736102986,
                  "x": 0.0,
                  "y": 0.0
                },
                {
                  "fix_x": false,
                  "fix_y": false,
                  "id": "n1",
                  "load_x": 0.0,
                  "load_y": 0.0,
                  "temperature_delta": 0.30516665920082886,
                  "x": 0.03,
                  "y": 0.0
                },
                {
                  "fix_x": false,
                  "fix_y": false,
                  "id": "n2",
                  "load_x": 0.0,
                  "load_y": 0.0,
                  "temperature_delta": 0.000532195026039517,
                  "x": 0.06,
                  "y": 0.0
                },
                {
                  "fix_x": false,
                  "fix_y": false,
                  "id": "n3",
                  "load_x": 0.0,
                  "load_y": 0.0,
                  "temperature_delta": 0.0,
                  "x": 0.09,
                  "y": 0.0
                },
                {
                  "fix_x": true,
                  "fix_y": true,
                  "id": "n4",
                  "load_x": 0.0,
                  "load_y": 0.0,
                  "temperature_delta": 0.305252736102986,
                  "x": 0.0,
                  "y": 0.03
                },
                {
                  "fix_x": false,
                  "fix_y": false,
                  "id": "n5",
                  "load_x": 0.0,
                  "load_y": 0.0,
                  "temperature_delta": 0.30516665920082886,
                  "x": 0.03,
                  "y": 0.03
                },
                {
                  "fix_x": false,
                  "fix_y": false,
                  "id": "n6",
                  "load_x": 0.0,
                  "load_y": 0.0,
                  "temperature_delta": 0.000532195026039517,
                  "x": 0.06,
                  "y": 0.03
                },
                {
                  "fix_x": false,
                  "fix_y": false,
                  "id": "n7",
                  "load_x": 0.0,
                  "load_y": 0.0,
                  "temperature_delta": 0.0,
                  "x": 0.09,
                  "y": 0.03
                }
              ]
            },
            "max_displacement": 4.086744108619337e-7,
            "max_strain_energy_density": 0.49263599430073945,
            "max_stress": 181548.2086247295,
            "max_temperature_delta": 0.305252736102986,
            "nodes": [
              {
                "displacement_magnitude": 0.0,
                "id": "n0",
                "index": 0,
                "temperature_delta": 0.305252736102986,
                "ux": 0.0,
                "uy": 0.0,
                "x": 0.0,
                "y": 0.0
              },
              {
                "displacement_magnitude": 2.017038117932821e-7,
                "id": "n1",
                "index": 1,
                "temperature_delta": 0.30516665920082886,
                "ux": 1.7151065470250413e-7,
                "uy": -1.0615329959760157e-7,
                "x": 0.03,
                "y": 0.0
              },
              {
                "displacement_magnitude": 4.086744108619337e-7,
                "id": "n2",
                "index": 2,
                "temperature_delta": 0.000532195026039517,
                "ux": 4.0865427072543785e-7,
                "uy": -4.0572294991958645e-9,
                "x": 0.06,
                "y": 0.0
              },
              {
                "displacement_magnitude": 4.079289711353459e-7,
                "id": "n3",
                "index": 3,
                "temperature_delta": 0.0,
                "ux": 4.079268259058511e-7,
                "uy": 1.322950459879556e-9,
                "x": 0.09,
                "y": 0.0
              },
              {
                "displacement_magnitude": 0.0,
                "id": "n4",
                "index": 4,
                "temperature_delta": 0.305252736102986,
                "ux": 0.0,
                "uy": 0.0,
                "x": 0.0,
                "y": 0.03
              },
              {
                "displacement_magnitude": 2.017038117932821e-7,
                "id": "n5",
                "index": 5,
                "temperature_delta": 0.30516665920082886,
                "ux": 1.7151065470250421e-7,
                "uy": 1.0615329959760147e-7,
                "x": 0.03,
                "y": 0.03
              },
              {
                "displacement_magnitude": 4.086744108619332e-7,
                "id": "n6",
                "index": 6,
                "temperature_delta": 0.000532195026039517,
                "ux": 4.086542707254373e-7,
                "uy": 4.0572294991968605e-9,
                "x": 0.06,
                "y": 0.03
              },
              {
                "displacement_magnitude": 4.079289711353453e-7,
                "id": "n7",
                "index": 7,
                "temperature_delta": 0.0,
                "ux": 4.079268259058505e-7,
                "uy": -1.3229504598774594e-9,
                "x": 0.09,
                "y": 0.03
              }
            ],
            "total_strain_energy": 4.877418755371563e-7
          },
          "thermal_constraint_regularized_mesh_convergence": {
            "algebraic_validation": {
              "max_relative_residual": null,
              "method": "original_system_recomputed_l2_residual_over_max_rhs_l2_or_one",
              "qualification_effect": "algebraic_gate_does_not_override_discretization_gates",
              "relative_residual_tolerance": 1e-10,
              "required_series": [
                "uniform_full_edge_clamp",
                "uniform_regularized_restraint",
                "interface_graded_full_edge_clamp"
              ],
              "schema_version": "kyuubiki.composite-thermal-algebraic-validation/v1",
              "series": [],
              "status": "missing"
            },
            "convergence_tolerance": 0.02,
            "diagnostic_metrics": [
              "max_von_mises_stress_pa"
            ],
            "finest_pair_displacement_relative_change": 0.0016654304931602722,
            "finest_pair_peak_stress_relative_change": 0.30907481133236253,
            "finest_pair_strain_energy_relative_change": 0.22725000562465833,
            "method": "structured_quad_h_refinement_preserving_piecewise_linear_temperature_roller_edge_with_vertical_anchor",
            "pass_metrics": [
              "max_displacement_m",
              "total_strain_energy_j"
            ],
            "refinement_levels": [
              1,
              2,
              4,
              8
            ],
            "regime_assessment": {
              "diagnosis": "pass_metrics_lack_qualified_discretization_uncertainty",
              "gci_safety_factor": 1.25,
              "method": "four_level_constant_ratio_observed_order_and_fine_grid_gci",
              "metrics": [
                {
                  "coarse_triplet_observed_order": 0.5423939710947733,
                  "fine_grid_gci": null,
                  "fine_triplet_observed_order": 4.097907701323918,
                  "metric": "max_displacement_m",
                  "observed_order_relative_difference": 0.8676412426469389,
                  "qualification_role": "pass_metric",
                  "regime": "oscillatory",
                  "richardson_extrapolated_value": null,
                  "unit": "m"
                },
                {
                  "coarse_triplet_observed_order": 1.6906766655285412,
                  "fine_grid_gci": 0.16747706042413815,
                  "fine_triplet_observed_order": 1.6757818147277992,
                  "metric": "total_strain_energy_j",
                  "observed_order_relative_difference": 0.008809993716974617,
                  "qualification_role": "pass_metric",
                  "regime": "asymptotic_converging",
                  "richardson_extrapolated_value": 9.120920744501082e-9,
                  "unit": "J"
                },
                {
                  "coarse_triplet_observed_order": -3.894728994434076,
                  "fine_grid_gci": null,
                  "fine_triplet_observed_order": -0.6813677419511429,
                  "metric": "max_von_mises_stress_pa",
                  "observed_order_relative_difference": 0.8250538759115512,
                  "qualification_role": "diagnostic_metric",
                  "regime": "monotonic_diverging",
                  "richardson_extrapolated_value": null,
                  "unit": "Pa"
                }
              ],
              "order_consistency_tolerance": 0.25,
              "qualification_effect": "gci_gates_require_asymptotic_pass_metric_evidence",
              "qualification_tolerance": 0.02,
              "refinement_ratio": 2.0,
              "schema_version": "kyuubiki.composite-thermal-convergence-regime/v1",
              "status": "fail"
            },
            "samples": [
              {
                "displacement_relative_change": null,
                "element_count": 3,
                "elements_per_original_element": 1,
                "max_displacement_m": 4.0818050424525137e-7,
                "max_von_mises_stress_pa": 10033.051170988783,
                "node_count": 8,
                "peak_stress_relative_change": null,
                "strain_energy_relative_change": null,
                "total_strain_energy_j": 5.5468177691506426e-8
              },
              {
                "displacement_relative_change": 0.04106720020943899,
                "element_count": 12,
                "elements_per_original_element": 2,
                "max_displacement_m": 3.9141767375582187e-7,
                "max_von_mises_stress_pa": 10300.96836958973,
                "node_count": 21,
                "peak_stress_relative_change": 0.02600893323698427,
                "strain_energy_relative_change": 0.5758873812428207,
                "total_strain_energy_j": 2.3524754098433343e-8
              },
              {
                "displacement_relative_change": 0.02856561245498923,
                "element_count": 48,
                "elements_per_original_element": 4,
                "max_displacement_m": 4.029275458788366e-7,
                "max_von_mises_stress_pa": 14285.991493182197,
                "node_count": 65,
                "peak_stress_relative_change": 0.27894620583347457,
                "strain_energy_relative_change": 0.4206413657003192,
                "total_strain_energy_j": 1.362926940670416e-8
              },
              {
                "displacement_relative_change": 0.0016654304931602722,
                "element_count": 192,
                "elements_per_original_element": 8,
                "max_displacement_m": 4.0359971314814427e-7,
                "max_von_mises_stress_pa": 20676.61119828463,
                "node_count": 225,
                "peak_stress_relative_change": 0.30907481133236253,
                "strain_energy_relative_change": 0.22725000562465833,
                "total_strain_energy_j": 1.0532017857370657e-8
              }
            ],
            "schema_version": "kyuubiki.composite-thermal-mesh-convergence/v1",
            "status": "fail"
          },
          "thermal_constraint_sensitivity": {
            "alternative_restraint": "roller_edge_with_vertical_anchor",
            "alternative_status": "fail",
            "diagnosis": "mixed_restraint_sensitivity_and_persistent_energy_nonconvergence",
            "displacement_change_ratio_alternative_to_primary": 0.42728157386718657,
            "peak_stress_change_ratio_alternative_to_primary": 1.190308073552888,
            "primary_restraint": "full_edge_clamp",
            "primary_status": "fail",
            "qualification_effect": "diagnostic_only_does_not_override_primary_quality_gates",
            "schema_version": "kyuubiki.composite-thermal-constraint-sensitivity/v1",
            "strain_energy_change_ratio_alternative_to_primary": 1.7230678614870705
          },
          "thermal_expansion_projection": {
            "coverage_fraction": 1.0,
            "declared_region_count": 3,
            "max_relative_change": 0.00012227954169058216,
            "model": "regional_linear_temperature_dependent_thermal_expansion",
            "parameter_source": "screening_sensitivity_not_material_card",
            "schema_version": "kyuubiki.composite-thermal-expansion-projection/v1",
            "status": "pass",
            "updated_region_count": 3,
            "updates": [
              {
                "adjusted_thermal_expansion_1_k": 0.000017001037712972016,
                "element_id": "conductor_left",
                "mean_temperature_c": 35.305209697651904,
                "reference_thermal_expansion_1_k": 0.000017,
                "relative_change": 0.00006104193953036036
              },
              {
                "adjusted_thermal_expansion_1_k": 0.00004500550257937608,
                "element_id": "dielectric_core",
                "mean_temperature_c": 35.15284942711344,
                "reference_thermal_expansion_1_k": 0.000045,
                "relative_change": 0.00012227954169058216
              },
              {
                "adjusted_thermal_expansion_1_k": 0.000014000001117609552,
                "element_id": "substrate_right",
                "mean_temperature_c": 35.00026609751302,
                "reference_thermal_expansion_1_k": 0.000014,
                "relative_change": 7.98292538156308e-8
              }
            ]
          },
          "thermal_interface_grading_assessment": {
            "diagnosis": "graded_mesh_did_not_resolve_nonconvergence",
            "displacement_change_ratio_graded_to_uniform": 1.165007118051594,
            "graded_mesh_convergence": {
              "algebraic_validation": {
                "max_relative_residual": null,
                "method": "original_system_recomputed_l2_residual_over_max_rhs_l2_or_one",
                "qualification_effect": "algebraic_gate_does_not_override_discretization_gates",
                "relative_residual_tolerance": 1e-10,
                "required_series": [
                  "uniform_full_edge_clamp",
                  "uniform_regularized_restraint",
                  "interface_graded_full_edge_clamp"
                ],
                "schema_version": "kyuubiki.composite-thermal-algebraic-validation/v1",
                "series": [],
                "status": "missing"
              },
              "convergence_tolerance": 0.02,
              "diagnostic_metrics": [
                "max_von_mises_stress_pa"
              ],
              "finest_pair_displacement_relative_change": 0.0045408894223811875,
              "finest_pair_peak_stress_relative_change": 0.41488318829687654,
              "finest_pair_strain_energy_relative_change": 0.11933702903216542,
              "method": "cosine_graded_quad_h_refinement_at_clamp_interfaces_and_free_edges",
              "pass_metrics": [
                "max_displacement_m",
                "total_strain_energy_j"
              ],
              "refinement_levels": [
                1,
                2,
                4,
                8
              ],
              "regime_assessment": {
                "diagnosis": "pass_metrics_lack_qualified_discretization_uncertainty",
                "gci_safety_factor": 1.25,
                "method": "four_level_constant_ratio_observed_order_and_fine_grid_gci",
                "metrics": [
                  {
                    "coarse_triplet_observed_order": 2.026702915067611,
                    "fine_grid_gci": null,
                    "fine_triplet_observed_order": 1.0552065639141777,
                    "metric": "max_displacement_m",
                    "observed_order_relative_difference": 0.4793481787245686,
                    "qualification_role": "pass_metric",
                    "regime": "oscillatory",
                    "richardson_extrapolated_value": null,
                    "unit": "m"
                  },
                  {
                    "coarse_triplet_observed_order": 0.8547381833282729,
                    "fine_grid_gci": null,
                    "fine_triplet_observed_order": 1.7730348876650923,
                    "metric": "total_strain_energy_j",
                    "observed_order_relative_difference": 0.5179236521093634,
                    "qualification_role": "pass_metric",
                    "regime": "monotonic_pre_asymptotic",
                    "richardson_extrapolated_value": null,
                    "unit": "J"
                  },
                  {
                    "coarse_triplet_observed_order": -1.0595577132058625,
                    "fine_grid_gci": null,
                    "fine_triplet_observed_order": -0.5966176286609883,
                    "metric": "max_von_mises_stress_pa",
                    "observed_order_relative_difference": 0.4369182336884457,
                    "qualification_role": "diagnostic_metric",
                    "regime": "monotonic_diverging",
                    "richardson_extrapolated_value": null,
                    "unit": "Pa"
                  }
                ],
                "order_consistency_tolerance": 0.25,
                "qualification_effect": "gci_gates_require_asymptotic_pass_metric_evidence",
                "qualification_tolerance": 0.02,
                "refinement_ratio": 2.0,
                "schema_version": "kyuubiki.composite-thermal-convergence-regime/v1",
                "status": "fail"
              },
              "samples": [
                {
                  "displacement_relative_change": null,
                  "element_count": 3,
                  "elements_per_original_element": 1,
                  "max_displacement_m": 4.086744108619337e-7,
                  "max_von_mises_stress_pa": 181548.2086247295,
                  "node_count": 8,
                  "peak_stress_relative_change": null,
                  "strain_energy_relative_change": null,
                  "total_strain_energy_j": 4.877418755371563e-7
                },
                {
                  "displacement_relative_change": 0.037365187316551,
                  "element_count": 12,
                  "elements_per_original_element": 2,
                  "max_displacement_m": 3.9340421494859643e-7,
                  "max_von_mises_stress_pa": 314966.6815401379,
                  "node_count": 21,
                  "peak_stress_relative_change": 0.4235955125888645,
                  "strain_energy_relative_change": 0.34379189235528507,
                  "total_strain_energy_j": 3.200601731653214e-7
                },
                {
                  "displacement_relative_change": 0.009436039574849071,
                  "element_count": 48,
                  "elements_per_original_element": 4,
                  "max_displacement_m": 3.971517546224345e-7,
                  "max_von_mises_stress_pa": 593049.7963297965,
                  "node_count": 65,
                  "peak_stress_relative_change": 0.46890348249106534,
                  "strain_energy_relative_change": 0.28970247597304477,
                  "total_strain_energy_j": 2.2733794853896634e-7
                },
                {
                  "displacement_relative_change": 0.0045408894223811875,
                  "element_count": 192,
                  "elements_per_original_element": 8,
                  "max_displacement_m": 3.953483324207894e-7,
                  "max_von_mises_stress_pa": 1013557.9502554068,
                  "node_count": 225,
                  "peak_stress_relative_change": 0.41488318829687654,
                  "strain_energy_relative_change": 0.11933702903216542,
                  "total_strain_energy_j": 2.002081131740588e-7
                }
              ],
              "schema_version": "kyuubiki.composite-thermal-mesh-convergence/v1",
              "status": "fail"
            },
            "graded_stress_recovery": {
              "convergence_tolerance": 0.02,
              "diagnostic_metrics": [
                "max_stress_pa",
                "max_to_p95_ratio"
              ],
              "finest_pair_max_relative_change": 0.41488318829687654,
              "finest_pair_p95_relative_change": 0.34052641564213926,
              "finest_pair_rms_relative_change": 0.009227458928417196,
              "method": "interface_graded_mesh_element_area_weighted_von_mises_p95_and_rms",
              "pass_metrics": [
                "area_weighted_rms_stress_pa",
                "area_weighted_p95_stress_pa"
              ],
              "refinement_levels": [
                1,
                2,
                4,
                8
              ],
              "samples": [
                {
                  "element_count": 3,
                  "elements_per_original_element": 1,
                  "max_relative_change": null,
                  "p95_relative_change": null,
                  "rms_relative_change": null,
                  "statistics": {
                    "area_weighted_mean_stress_pa": 63828.28033460042,
                    "area_weighted_p95_stress_pa": 181548.2086247295,
                    "area_weighted_rms_stress_pa": 104924.8399191014,
                    "max_stress_pa": 181548.2086247295,
                    "max_to_p95_ratio": 1.0
                  }
                },
                {
                  "element_count": 12,
                  "elements_per_original_element": 2,
                  "max_relative_change": 0.4235955125888645,
                  "p95_relative_change": 0.4235955125888645,
                  "rms_relative_change": 0.1965109906576629,
                  "statistics": {
                    "area_weighted_mean_stress_pa": 64584.89733864673,
                    "area_weighted_p95_stress_pa": 314966.6815401379,
                    "area_weighted_rms_stress_pa": 130586.52787918445,
                    "max_stress_pa": 314966.6815401379,
                    "max_to_p95_ratio": 1.0
                  }
                },
                {
                  "element_count": 48,
                  "elements_per_original_element": 4,
                  "max_relative_change": 0.46890348249106534,
                  "p95_relative_change": 0.5157303706696467,
                  "rms_relative_change": 0.04087409296263895,
                  "statistics": {
                    "area_weighted_mean_stress_pa": 48957.48148037647,
                    "area_weighted_p95_stress_pa": 152528.79812085404,
                    "area_weighted_rms_stress_pa": 125248.9219989824,
                    "max_stress_pa": 593049.7963297965,
                    "max_to_p95_ratio": 3.8881168909486976
                  }
                },
                {
                  "element_count": 192,
                  "elements_per_original_element": 8,
                  "max_relative_change": 0.41488318829687654,
                  "p95_relative_change": 0.34052641564213926,
                  "rms_relative_change": 0.009227458928417196,
                  "statistics": {
                    "area_weighted_mean_stress_pa": 45676.44133925075,
                    "area_weighted_p95_stress_pa": 231288.71533099175,
                    "area_weighted_rms_stress_pa": 124093.19271540828,
                    "max_stress_pa": 1013557.9502554068,
                    "max_to_p95_ratio": 4.38221963749908
                  }
                }
              ],
              "schema_version": "kyuubiki.composite-thermal-stress-recovery/v1",
              "status": "fail"
            },
            "max_change_ratio_graded_to_uniform": 1.5977970074050691,
            "p95_change_ratio_graded_to_uniform": 1.143983549802602,
            "qualification_effect": "diagnostic_only_does_not_override_uniform_mesh_gates",
            "rms_change_ratio_graded_to_uniform": 0.5714268564275823,
            "schema_version": "kyuubiki.composite-thermal-interface-grading-assessment/v1",
            "strain_energy_change_ratio_graded_to_uniform": 0.9048439794113772
          },
          "thermal_mesh_convergence": {
            "algebraic_validation": {
              "max_relative_residual": 2.2529277562186044e-14,
              "method": "original_system_recomputed_l2_residual_over_max_rhs_l2_or_one",
              "qualification_effect": "algebraic_gate_does_not_override_discretization_gates",
              "relative_residual_tolerance": 1e-10,
              "required_series": [
                "uniform_full_edge_clamp",
                "uniform_regularized_restraint",
                "interface_graded_full_edge_clamp"
              ],
              "schema_version": "kyuubiki.composite-thermal-algebraic-validation/v1",
              "series": [
                {
                  "label": "uniform_full_edge_clamp",
                  "max_relative_residual": 1.1035446988064778e-14,
                  "samples": [
                    {
                      "element_count": 3,
                      "elements_per_original_element": 1,
                      "matrix_non_zero_count": 112,
                      "node_count": 8,
                      "relative_residual": 9.511934752285823e-17,
                      "residual_norm": 2.4094120351935118e-15,
                      "rhs_norm": 25.33040961634544,
                      "solver_iterations": 0
                    },
                    {
                      "element_count": 12,
                      "elements_per_original_element": 2,
                      "matrix_non_zero_count": 440,
                      "node_count": 21,
                      "relative_residual": 4.153087845096809e-16,
                      "residual_norm": 1.0355941081012222e-14,
                      "rhs_norm": 24.93552139340993,
                      "solver_iterations": 0
                    },
                    {
                      "element_count": 48,
                      "elements_per_original_element": 4,
                      "matrix_non_zero_count": 1746,
                      "node_count": 65,
                      "relative_residual": 1.9809798983406257e-15,
                      "residual_norm": 3.885234945073263e-14,
                      "rhs_norm": 19.612692427256547,
                      "solver_iterations": 0
                    },
                    {
                      "element_count": 192,
                      "elements_per_original_element": 8,
                      "matrix_non_zero_count": 6925,
                      "node_count": 225,
                      "relative_residual": 1.1035446988064778e-14,
                      "residual_norm": 1.6014039620525506e-13,
                      "rhs_norm": 14.511455347341387,
                      "solver_iterations": 0
                    }
                  ],
                  "solver_path": "dense_direct",
                  "status": "pass"
                },
                {
                  "label": "uniform_regularized_restraint",
                  "max_relative_residual": 1.1755026605688586e-14,
                  "samples": [
                    {
                      "element_count": 3,
                      "elements_per_original_element": 1,
                      "matrix_non_zero_count": 121,
                      "node_count": 8,
                      "relative_residual": 1.305423963646423e-16,
                      "residual_norm": 3.692687653845186e-15,
                      "rhs_norm": 28.287267253241247,
                      "solver_iterations": 0
                    },
                    {
                      "element_count": 12,
                      "elements_per_original_element": 2,
                      "matrix_non_zero_count": 463,
                      "node_count": 21,
                      "relative_residual": 5.230502289434774e-16,
                      "residual_norm": 1.345184024467821e-14,
                      "rhs_norm": 25.718065876483664,
                      "solver_iterations": 0
                    },
                    {
                      "element_count": 48,
                      "elements_per_original_element": 4,
                      "matrix_non_zero_count": 1798,
                      "node_count": 65,
                      "relative_residual": 2.3040231113533332e-15,
                      "residual_norm": 4.5766497162241365e-14,
                      "rhs_norm": 19.86373180751608,
                      "solver_iterations": 0
                    },
                    {
                      "element_count": 192,
                      "elements_per_original_element": 8,
                      "matrix_non_zero_count": 7030,
                      "node_count": 225,
                      "relative_residual": 1.1755026605688586e-14,
                      "residual_norm": 1.7158309810531866e-13,
                      "rhs_norm": 14.5965725013574,
                      "solver_iterations": 0
                    }
                  ],
                  "solver_path": "dense_direct",
                  "status": "pass"
                },
                {
                  "label": "interface_graded_full_edge_clamp",
                  "max_relative_residual": 2.2529277562186044e-14,
                  "samples": [
                    {
                      "element_count": 3,
                      "elements_per_original_element": 1,
                      "matrix_non_zero_count": 112,
                      "node_count": 8,
                      "relative_residual": 9.511934752285823e-17,
                      "residual_norm": 2.4094120351935118e-15,
                      "rhs_norm": 25.33040961634544,
                      "solver_iterations": 0
                    },
                    {
                      "element_count": 12,
                      "elements_per_original_element": 2,
                      "matrix_non_zero_count": 444,
                      "node_count": 21,
                      "relative_residual": 7.10778351791072e-16,
                      "residual_norm": 1.772362879705892e-14,
                      "rhs_norm": 24.935521393409925,
                      "solver_iterations": 0
                    },
                    {
                      "element_count": 48,
                      "elements_per_original_element": 4,
                      "matrix_non_zero_count": 1749,
                      "node_count": 65,
                      "relative_residual": 3.1893624401284413e-15,
                      "residual_norm": 6.93272950933313e-14,
                      "rhs_norm": 21.73703879529583,
                      "solver_iterations": 0
                    },
                    {
                      "element_count": 192,
                      "elements_per_original_element": 8,
                      "matrix_non_zero_count": 6951,
                      "node_count": 225,
                      "relative_residual": 2.2529277562186044e-14,
                      "residual_norm": 3.6957798262621793e-13,
                      "rhs_norm": 16.404342376540782,
                      "solver_iterations": 0
                    }
                  ],
                  "solver_path": "dense_direct",
                  "status": "pass"
                }
              ],
              "status": "pass"
            },
            "convergence_tolerance": 0.02,
            "diagnostic_metrics": [
              "max_von_mises_stress_pa"
            ],
            "finest_pair_displacement_relative_change": 0.003897735346008494,
            "finest_pair_peak_stress_relative_change": 0.25965951017186784,
            "finest_pair_strain_energy_relative_change": 0.13188685756609336,
            "method": "structured_quad_h_refinement_preserving_piecewise_linear_temperature_full_edge_clamp",
            "pass_metrics": [
              "max_displacement_m",
              "total_strain_energy_j"
            ],
            "refinement_levels": [
              1,
              2,
              4,
              8
            ],
            "regime_assessment": {
              "diagnosis": "pass_metrics_lack_qualified_discretization_uncertainty",
              "gci_safety_factor": 1.25,
              "method": "four_level_constant_ratio_observed_order_and_fine_grid_gci",
              "metrics": [
                {
                  "coarse_triplet_observed_order": 10.17861553718262,
                  "fine_grid_gci": null,
                  "fine_triplet_observed_order": -6.868371874686246,
                  "metric": "max_displacement_m",
                  "observed_order_relative_difference": 1.6747844880864189,
                  "qualification_role": "pass_metric",
                  "regime": "oscillatory",
                  "richardson_extrapolated_value": null,
                  "unit": "m"
                },
                {
                  "coarse_triplet_observed_order": 1.0828556869018418,
                  "fine_grid_gci": 0.12731631853549946,
                  "fine_triplet_observed_order": 1.317070002964102,
                  "metric": "total_strain_energy_j",
                  "observed_order_relative_difference": 0.17782981582995175,
                  "qualification_role": "pass_metric",
                  "regime": "asymptotic_converging",
                  "richardson_extrapolated_value": 1.878271038467458e-7,
                  "unit": "J"
                },
                {
                  "coarse_triplet_observed_order": 0.04041042490886433,
                  "fine_grid_gci": null,
                  "fine_triplet_observed_order": -0.26571622688434304,
                  "metric": "max_von_mises_stress_pa",
                  "observed_order_relative_difference": 1.152081133255191,
                  "qualification_role": "diagnostic_metric",
                  "regime": "monotonic_diverging",
                  "richardson_extrapolated_value": null,
                  "unit": "Pa"
                }
              ],
              "order_consistency_tolerance": 0.25,
              "qualification_effect": "gci_gates_require_asymptotic_pass_metric_evidence",
              "qualification_tolerance": 0.02,
              "refinement_ratio": 2.0,
              "schema_version": "kyuubiki.composite-thermal-convergence-regime/v1",
              "status": "fail"
            },
            "samples": [
              {
                "displacement_relative_change": null,
                "element_count": 3,
                "elements_per_original_element": 1,
                "max_displacement_m": 4.086744108619337e-7,
                "max_von_mises_stress_pa": 181548.2086247295,
                "node_count": 8,
                "peak_stress_relative_change": null,
                "strain_energy_relative_change": null,
                "total_strain_energy_j": 4.877418755371563e-7
              },
              {
                "displacement_relative_change": 0.037365187316573935,
                "element_count": 12,
                "elements_per_original_element": 2,
                "max_displacement_m": 3.9340421494858706e-7,
                "max_von_mises_stress_pa": 314966.6815401377,
                "node_count": 21,
                "peak_stress_relative_change": 0.4235955125888642,
                "strain_energy_relative_change": 0.34379189235528507,
                "total_strain_energy_j": 3.200601731653214e-7
              },
              {
                "displacement_relative_change": 0.000033490564226779095,
                "element_count": 48,
                "elements_per_original_element": 4,
                "max_displacement_m": 3.934173907189789e-7,
                "max_von_mises_stress_pa": 444699.906907695,
                "node_count": 65,
                "peak_stress_relative_change": 0.29173207224099024,
                "strain_energy_relative_change": 0.24733296047381537,
                "total_strain_energy_j": 2.408987430065805e-7
              },
              {
                "displacement_relative_change": 0.003897735346008494,
                "element_count": 192,
                "elements_per_original_element": 8,
                "max_displacement_m": 3.949568279072604e-7,
                "max_von_mises_stress_pa": 600669.4392885775,
                "node_count": 225,
                "peak_stress_relative_change": 0.25965951017186784,
                "strain_energy_relative_change": 0.13188685756609336,
                "total_strain_energy_j": 2.091273647998207e-7
              }
            ],
            "schema_version": "kyuubiki.composite-thermal-mesh-convergence/v1",
            "status": "fail"
          },
          "thermal_stress_recovery": {
            "convergence_tolerance": 0.02,
            "diagnostic_metrics": [
              "max_stress_pa",
              "max_to_p95_ratio"
            ],
            "finest_pair_max_relative_change": 0.25965951017186784,
            "finest_pair_p95_relative_change": 0.2976672310549379,
            "finest_pair_rms_relative_change": 0.01614810158924794,
            "method": "uniform_mesh_element_area_weighted_von_mises_p95_and_rms",
            "pass_metrics": [
              "area_weighted_rms_stress_pa",
              "area_weighted_p95_stress_pa"
            ],
            "refinement_levels": [
              1,
              2,
              4,
              8
            ],
            "samples": [
              {
                "element_count": 3,
                "elements_per_original_element": 1,
                "max_relative_change": null,
                "p95_relative_change": null,
                "rms_relative_change": null,
                "statistics": {
                  "area_weighted_mean_stress_pa": 63828.28033460042,
                  "area_weighted_p95_stress_pa": 181548.2086247295,
                  "area_weighted_rms_stress_pa": 104924.8399191014,
                  "max_stress_pa": 181548.2086247295,
                  "max_to_p95_ratio": 1.0
                }
              },
              {
                "element_count": 12,
                "elements_per_original_element": 2,
                "max_relative_change": 0.4235955125888642,
                "p95_relative_change": 0.4235955125888642,
                "rms_relative_change": 0.1965109906576626,
                "statistics": {
                  "area_weighted_mean_stress_pa": 64584.89733864674,
                  "area_weighted_p95_stress_pa": 314966.6815401377,
                  "area_weighted_rms_stress_pa": 130586.5278791844,
                  "max_stress_pa": 314966.6815401377,
                  "max_to_p95_ratio": 1.0
                }
              },
              {
                "element_count": 48,
                "elements_per_original_element": 4,
                "max_relative_change": 0.29173207224099024,
                "p95_relative_change": 0.245219480441624,
                "rms_relative_change": 0.021383873260423385,
                "statistics": {
                  "area_weighted_mean_stress_pa": 50989.41477631097,
                  "area_weighted_p95_stress_pa": 417295.7215753601,
                  "area_weighted_rms_stress_pa": 127794.08211749716,
                  "max_stress_pa": 444699.906907695,
                  "max_to_p95_ratio": 1.0656708993537716
                }
              },
              {
                "element_count": 192,
                "elements_per_original_element": 8,
                "max_relative_change": 0.25965951017186784,
                "p95_relative_change": 0.2976672310549379,
                "rms_relative_change": 0.01614810158924794,
                "statistics": {
                  "area_weighted_mean_stress_pa": 46801.746750063365,
                  "area_weighted_p95_stress_pa": 293080.4596029503,
                  "area_weighted_rms_stress_pa": 125730.45029695913,
                  "max_stress_pa": 600669.4392885775,
                  "max_to_p95_ratio": 2.049503539411438
                }
              }
            ],
            "schema_version": "kyuubiki.composite-thermal-stress-recovery/v1",
            "status": "fail"
          }
        },
        "status": "completed"
      },
      "requires_confirmation": false
    }
  ]
}
