{
  "schema_version": "kyuubiki.headless-execution-run/v1",
  "workflow_id": "template.material_composite_thermo_electric_panel_screening",
  "mode": "execute:service",
  "status": "ok",
  "executed_step_count": 9,
  "warning_count": 0,
  "blocked_by_confirmation": null,
  "validation": {
    "ok": true,
    "issue_count": 0,
    "issues": [],
    "warning_count": 0,
    "warnings": [],
    "summary": {
      "schema_version": "kyuubiki.headless-execution-batch/v1",
      "workflow_id": "template.material_composite_thermo_electric_panel_screening",
      "template_id": "material_composite_thermo_electric_panel_screening",
      "exported_at": "1970-01-01T00:00:00.000Z",
      "language": "en",
      "step_count": 9,
      "warning_count": 0,
      "actions": [
        "solve_composite_thermo_electric_panel",
        "job_wait",
        "result_fetch",
        "solve_composite_thermo_electric_panel",
        "job_wait",
        "result_fetch",
        "solve_composite_thermo_electric_panel",
        "job_wait",
        "result_fetch"
      ]
    },
    "policy": {
      "required_engines": [
        "service"
      ],
      "engine_counts": {
        "service": 9,
        "browser": 0
      },
      "risk_counts": {
        "destructive": 0,
        "normal": 9,
        "sensitive": 0
      },
      "recommended_runtime": "service_only",
      "needs_desktop_browser": false,
      "safe_for_service_only": true,
      "notes": []
    }
  },
  "execution_summary": {
    "schema_version": "kyuubiki.headless-execution-summary/v1",
    "job_count": 3,
    "job_ids": [
      "437965963a5e6caf",
      "724cb10550744e83",
      "d80698a283cbf923"
    ],
    "jobs": [
      {
        "job_id": "437965963a5e6caf",
        "status": "completed",
        "worker_id": "rust-agent-rpc@127.0.0.1:5002",
        "phase": "execution",
        "created_at": "2026-08-13T10:09:05.087086Z",
        "execution_started_at": "2026-08-13T10:09:05.094857Z",
        "updated_at": "2026-08-13T10:09:14.149506Z",
        "queue_wait_ms": 7,
        "execution_elapsed_ms": 9054,
        "total_elapsed_ms": 9062,
        "effective_timeout_ms": 120000,
        "effective_deadline": "2026-08-13T10:11:05.094857Z"
      },
      {
        "job_id": "724cb10550744e83",
        "status": "completed",
        "worker_id": "rust-agent-rpc@127.0.0.1:5001",
        "phase": "execution",
        "created_at": "2026-08-13T10:09:14.463217Z",
        "execution_started_at": "2026-08-13T10:09:14.469078Z",
        "updated_at": "2026-08-13T10:09:26.536834Z",
        "queue_wait_ms": 5,
        "execution_elapsed_ms": 12067,
        "total_elapsed_ms": 12073,
        "effective_timeout_ms": 120000,
        "effective_deadline": "2026-08-13T10:11:14.469078Z"
      },
      {
        "job_id": "d80698a283cbf923",
        "status": "completed",
        "worker_id": "rust-agent-rpc@127.0.0.1:5002",
        "phase": "execution",
        "created_at": "2026-08-13T10:09:26.737130Z",
        "execution_started_at": "2026-08-13T10:09:26.740516Z",
        "updated_at": "2026-08-13T10:09:41.064273Z",
        "queue_wait_ms": 3,
        "execution_elapsed_ms": 14323,
        "total_elapsed_ms": 14327,
        "effective_timeout_ms": 120000,
        "effective_deadline": "2026-08-13T10:11:26.740516Z"
      }
    ],
    "failure": null
  },
  "steps": [
    {
      "index": 1,
      "action": "solve_composite_thermo_electric_panel",
      "risk": "normal",
      "status": "executed",
      "payload": {
        "electric_conduction_feedback": {
          "parameter_source": "screening_reference_not_material_card",
          "regions": [
            {
              "element_id": "conductor_left",
              "reference_resistivity_ohm_m": 1.68e-8,
              "reference_temperature_c": 35.0,
              "resistivity_temperature_coefficient_1_k": 0.00393
            }
          ]
        },
        "electric_conduction_model": {
          "contact_interfaces": [],
          "elements": [
            {
              "electrical_conductivity_s_m": 59523809.523809515,
              "id": "conductor_left",
              "node_i": 0,
              "node_j": 1,
              "node_k": 2,
              "node_l": 3,
              "thickness": 0.001
            }
          ],
          "nodes": [
            {
              "current_source_a": 0.0,
              "electric_potential_v": 0.0,
              "fix_electric_potential": true,
              "id": "n0",
              "x": 0.0,
              "y": 0.0
            },
            {
              "current_source_a": 0.0,
              "electric_potential_v": 0.000033600000000000004,
              "fix_electric_potential": true,
              "id": "n1",
              "x": 0.03,
              "y": 0.0
            },
            {
              "current_source_a": 0.0,
              "electric_potential_v": 0.000033600000000000004,
              "fix_electric_potential": true,
              "id": "n5",
              "x": 0.03,
              "y": 0.03
            },
            {
              "current_source_a": 0.0,
              "electric_potential_v": 0.0,
              "fix_electric_potential": true,
              "id": "n4",
              "x": 0.0,
              "y": 0.03
            }
          ],
          "terminals": []
        },
        "electrostatic_model": {
          "elements": [
            {
              "id": "conductor_left",
              "node_i": 0,
              "node_j": 1,
              "node_k": 5,
              "node_l": 4,
              "permittivity": 1.0,
              "thickness": 0.001
            },
            {
              "id": "dielectric_core",
              "node_i": 1,
              "node_j": 2,
              "node_k": 6,
              "node_l": 5,
              "permittivity": 3.4,
              "thickness": 0.001
            },
            {
              "id": "substrate_right",
              "node_i": 2,
              "node_j": 3,
              "node_k": 7,
              "node_l": 6,
              "permittivity": 4.2,
              "thickness": 0.001
            }
          ],
          "nodes": [
            {
              "charge_density": 0.0,
              "fix_potential": true,
              "id": "n0",
              "potential": 0.0,
              "x": 0.0,
              "y": 0.0
            },
            {
              "charge_density": 0.0,
              "fix_potential": false,
              "id": "n1",
              "potential": 0.0,
              "x": 0.03,
              "y": 0.0
            },
            {
              "charge_density": 0.0,
              "fix_potential": false,
              "id": "n2",
              "potential": 0.0,
              "x": 0.06,
              "y": 0.0
            },
            {
              "charge_density": 0.0,
              "fix_potential": true,
              "id": "n3",
              "potential": 1210,
              "x": 0.09,
              "y": 0.0
            },
            {
              "charge_density": 0.0,
              "fix_potential": true,
              "id": "n4",
              "potential": 0.0,
              "x": 0.0,
              "y": 0.03
            },
            {
              "charge_density": 0.0,
              "fix_potential": false,
              "id": "n5",
              "potential": 0.0,
              "x": 0.03,
              "y": 0.03
            },
            {
              "charge_density": 0.0,
              "fix_potential": false,
              "id": "n6",
              "potential": 0.0,
              "x": 0.06,
              "y": 0.03
            },
            {
              "charge_density": 0.0,
              "fix_potential": true,
              "id": "n7",
              "potential": 1210,
              "x": 0.09,
              "y": 0.03
            }
          ]
        },
        "electrothermal_feedback": {
          "conductivity_relative_change_tolerance": 1e-9,
          "loss_relative_change_tolerance": 1e-9,
          "loss_tangent_temperature_coefficient_1_k": 0.001,
          "max_iterations": 12,
          "parameter_source": "screening_sensitivity_not_material_card",
          "relative_permittivity_temperature_coefficient_1_k": 0.0001,
          "relaxation_factor": 0.8,
          "temperature_residual_tolerance_c": 1e-7,
          "thermal_conductivity_models": [
            {
              "element_id": "conductor_left",
              "reference_temperature_c": 35.0,
              "temperature_coefficient_1_k": -0.001
            },
            {
              "element_id": "dielectric_core",
              "reference_temperature_c": 35.0,
              "temperature_coefficient_1_k": -0.002
            },
            {
              "element_id": "substrate_right",
              "reference_temperature_c": 35.0,
              "temperature_coefficient_1_k": -0.0012
            }
          ]
        },
        "electrothermal_loss": {
          "frequency_hz": 10000000.0,
          "loss_tangent": 0.008,
          "reference_temperature_c": 35.0,
          "relative_permittivity": 3.4,
          "source_element_id": "dielectric_core"
        },
        "heat_model": {
          "elements": [
            {
              "conductivity": 390.0,
              "id": "conductor_left",
              "node_i": 0,
              "node_j": 1,
              "node_k": 5,
              "node_l": 4,
              "thickness": 0.001
            },
            {
              "conductivity": 0.25,
              "id": "dielectric_core",
              "node_i": 1,
              "node_j": 2,
              "node_k": 6,
              "node_l": 5,
              "thickness": 0.001
            },
            {
              "conductivity": 160.0,
              "id": "substrate_right",
              "node_i": 2,
              "node_j": 3,
              "node_k": 7,
              "node_l": 6,
              "thickness": 0.001
            }
          ],
          "nodes": [
            {
              "fix_temperature": false,
              "heat_load": 0.0,
              "id": "n0",
              "temperature": 35.0,
              "x": 0.0,
              "y": 0.0
            },
            {
              "fix_temperature": false,
              "heat_load": 0.0,
              "id": "n1",
              "temperature": 35.0,
              "x": 0.03,
              "y": 0.0
            },
            {
              "fix_temperature": false,
              "heat_load": 0.0,
              "id": "n2",
              "temperature": 35.0,
              "x": 0.06,
              "y": 0.0
            },
            {
              "fix_temperature": true,
              "heat_load": 0.0,
              "id": "n3",
              "temperature": 35.0,
              "x": 0.09,
              "y": 0.0
            },
            {
              "fix_temperature": false,
              "heat_load": 0.0,
              "id": "n4",
              "temperature": 35.0,
              "x": 0.0,
              "y": 0.03
            },
            {
              "fix_temperature": false,
              "heat_load": 0.0,
              "id": "n5",
              "temperature": 35.0,
              "x": 0.03,
              "y": 0.03
            },
            {
              "fix_temperature": false,
              "heat_load": 0.0,
              "id": "n6",
              "temperature": 35.0,
              "x": 0.06,
              "y": 0.03
            },
            {
              "fix_temperature": true,
              "heat_load": 0.0,
              "id": "n7",
              "temperature": 35.0,
              "x": 0.09,
              "y": 0.03
            }
          ]
        },
        "research": {
          "candidate_id": "copper_polyimide_aluminum",
          "candidate_label": "Copper / Polyimide / Aluminum",
          "coupling": "iterative_dielectric_and_conductor_joule_heating_with_temperature_dependent_electrical_thermal_feedback_and_expansion_projection",
          "materials": {
            "conductor": "copper",
            "dielectric": "polyimide",
            "substrate": "aluminum_6061"
          },
          "study": "material.composite_thermo_electric_panel.v1"
        },
        "thermal_expansion_feedback": {
          "parameter_source": "screening_sensitivity_not_material_card",
          "regions": [
            {
              "element_id": "conductor_left",
              "reference_temperature_c": 35.0,
              "temperature_coefficient_1_k": 0.0002
            },
            {
              "element_id": "dielectric_core",
              "reference_temperature_c": 35.0,
              "temperature_coefficient_1_k": 0.0008
            },
            {
              "element_id": "substrate_right",
              "reference_temperature_c": 35.0,
              "temperature_coefficient_1_k": 0.0003
            }
          ]
        },
        "thermal_model": {
          "elements": [
            {
              "id": "conductor_left",
              "node_i": 0,
              "node_j": 1,
              "node_k": 5,
              "node_l": 4,
              "poisson_ratio": 0.32,
              "thermal_expansion": 0.000017,
              "thickness": 0.001,
              "youngs_modulus": 110000000000.0
            },
            {
              "id": "dielectric_core",
              "node_i": 1,
              "node_j": 2,
              "node_k": 6,
              "node_l": 5,
              "poisson_ratio": 0.32,
              "thermal_expansion": 0.000045,
              "thickness": 0.001,
              "youngs_modulus": 2500000000.0
            },
            {
              "id": "substrate_right",
              "node_i": 2,
              "node_j": 3,
              "node_k": 7,
              "node_l": 6,
              "poisson_ratio": 0.32,
              "thermal_expansion": 0.0000236,
              "thickness": 0.001,
              "youngs_modulus": 68900000000.0
            }
          ],
          "nodes": [
            {
              "fix_x": true,
              "fix_y": true,
              "id": "n0",
              "load_x": 0.0,
              "load_y": 0.0,
              "temperature_delta": 0.0,
              "x": 0.0,
              "y": 0.0
            },
            {
              "fix_x": false,
              "fix_y": false,
              "id": "n1",
              "load_x": 0.0,
              "load_y": 0.0,
              "temperature_delta": 0.0,
              "x": 0.03,
              "y": 0.0
            },
            {
              "fix_x": false,
              "fix_y": false,
              "id": "n2",
              "load_x": 0.0,
              "load_y": 0.0,
              "temperature_delta": 0.0,
              "x": 0.06,
              "y": 0.0
            },
            {
              "fix_x": false,
              "fix_y": false,
              "id": "n3",
              "load_x": 0.0,
              "load_y": 0.0,
              "temperature_delta": 0.0,
              "x": 0.09,
              "y": 0.0
            },
            {
              "fix_x": true,
              "fix_y": true,
              "id": "n4",
              "load_x": 0.0,
              "load_y": 0.0,
              "temperature_delta": 0.0,
              "x": 0.0,
              "y": 0.03
            },
            {
              "fix_x": false,
              "fix_y": false,
              "id": "n5",
              "load_x": 0.0,
              "load_y": 0.0,
              "temperature_delta": 0.0,
              "x": 0.03,
              "y": 0.03
            },
            {
              "fix_x": false,
              "fix_y": false,
              "id": "n6",
              "load_x": 0.0,
              "load_y": 0.0,
              "temperature_delta": 0.0,
              "x": 0.06,
              "y": 0.03
            },
            {
              "fix_x": false,
              "fix_y": false,
              "id": "n7",
              "load_x": 0.0,
              "load_y": 0.0,
              "temperature_delta": 0.0,
              "x": 0.09,
              "y": 0.03
            }
          ]
        }
      },
      "result_preview": {
        "job": {
          "created_at": "2026-08-13T10:09:05.087086Z",
          "execution_started_at": null,
          "execution_timeout_ms": 120000,
          "has_result": false,
          "iteration": null,
          "job_id": "437965963a5e6caf",
          "message": null,
          "model_version_id": null,
          "progress": 0.0,
          "project_id": "f745d44606ca0598",
          "queue_timeout_ms": 1800000,
          "residual": null,
          "simulation_case_id": "6a3c8adabc40b601",
          "status": "queued",
          "status_detail": {
            "active": true,
            "failure_class": null,
            "lifecycle": "active",
            "recoverable": false,
            "terminal": false,
            "timing": {
              "effective_deadline": "2026-08-13T10:39:05.087086Z",
              "effective_timeout_ms": 1800000,
              "execution_elapsed_ms": null,
              "execution_started_at": null,
              "execution_timeout_ms": 120000,
              "job_submission_deadline": "2026-08-13T10:39:05.087086Z",
              "phase": "queue",
              "queue_timeout_ms": 1800000,
              "queue_wait_ms": 0,
              "total_elapsed_ms": 0
            }
          },
          "updated_at": "2026-08-13T10:09:05.087086Z",
          "worker_id": null
        },
        "job_id": "437965963a5e6caf",
        "progress": 0.0,
        "raw": {
          "job": {
            "created_at": "2026-08-13T10:09:05.087086Z",
            "execution_started_at": null,
            "execution_timeout_ms": 120000,
            "has_result": false,
            "iteration": null,
            "job_id": "437965963a5e6caf",
            "message": null,
            "model_version_id": null,
            "progress": 0.0,
            "project_id": "f745d44606ca0598",
            "queue_timeout_ms": 1800000,
            "residual": null,
            "simulation_case_id": "6a3c8adabc40b601",
            "status": "queued",
            "status_detail": {
              "active": true,
              "failure_class": null,
              "lifecycle": "active",
              "recoverable": false,
              "terminal": false,
              "timing": {
                "effective_deadline": "2026-08-13T10:39:05.087086Z",
                "effective_timeout_ms": 1800000,
                "execution_elapsed_ms": null,
                "execution_started_at": null,
                "execution_timeout_ms": 120000,
                "job_submission_deadline": "2026-08-13T10:39:05.087086Z",
                "phase": "queue",
                "queue_timeout_ms": 1800000,
                "queue_wait_ms": 0,
                "total_elapsed_ms": 0
              }
            },
            "updated_at": "2026-08-13T10:09:05.087086Z",
            "worker_id": null
          }
        },
        "status": "queued"
      },
      "requires_confirmation": false
    },
    {
      "index": 2,
      "action": "job_wait",
      "risk": "normal",
      "status": "executed",
      "payload": {
        "interval_ms": 1000,
        "job_id": "437965963a5e6caf",
        "max_total_timeout_ms": 3600000,
        "resume_policy": "server_deadline",
        "timeout_ms": 60000
      },
      "result_preview": {
        "job": {
          "created_at": "2026-08-13T10:09:05.087086Z",
          "execution_started_at": "2026-08-13T10:09:05.094857Z",
          "execution_timeout_ms": 120000,
          "iteration": 4,
          "job_id": "437965963a5e6caf",
          "message": "collecting nodal and elemental responses",
          "model_version_id": null,
          "progress": 1.0,
          "project_id": "f745d44606ca0598",
          "queue_timeout_ms": 1800000,
          "residual": 0.2,
          "simulation_case_id": "6a3c8adabc40b601",
          "status": "completed",
          "status_detail": {
            "active": false,
            "failure_class": null,
            "lifecycle": "terminal",
            "recoverable": false,
            "terminal": true,
            "timing": {
              "effective_deadline": "2026-08-13T10:11:05.094857Z",
              "effective_timeout_ms": 120000,
              "execution_elapsed_ms": 9054,
              "execution_started_at": "2026-08-13T10:09:05.094857Z",
              "execution_timeout_ms": 120000,
              "job_submission_deadline": "2026-08-13T10:39:05.087086Z",
              "phase": "execution",
              "queue_timeout_ms": 1800000,
              "queue_wait_ms": 7,
              "total_elapsed_ms": 9062
            }
          },
          "updated_at": "2026-08-13T10:09:14.149506Z",
          "worker_id": "rust-agent-rpc@127.0.0.1:5002"
        },
        "job_id": "437965963a5e6caf",
        "progress": 1.0,
        "raw": {
          "job": {
            "created_at": "2026-08-13T10:09:05.087086Z",
            "execution_started_at": "2026-08-13T10:09:05.094857Z",
            "execution_timeout_ms": 120000,
            "iteration": 4,
            "job_id": "437965963a5e6caf",
            "message": "collecting nodal and elemental responses",
            "model_version_id": null,
            "progress": 1.0,
            "project_id": "f745d44606ca0598",
            "queue_timeout_ms": 1800000,
            "residual": 0.2,
            "simulation_case_id": "6a3c8adabc40b601",
            "status": "completed",
            "status_detail": {
              "active": false,
              "failure_class": null,
              "lifecycle": "terminal",
              "recoverable": false,
              "terminal": true,
              "timing": {
                "effective_deadline": "2026-08-13T10:11:05.094857Z",
                "effective_timeout_ms": 120000,
                "execution_elapsed_ms": 9054,
                "execution_started_at": "2026-08-13T10:09:05.094857Z",
                "execution_timeout_ms": 120000,
                "job_submission_deadline": "2026-08-13T10:39:05.087086Z",
                "phase": "execution",
                "queue_timeout_ms": 1800000,
                "queue_wait_ms": 7,
                "total_elapsed_ms": 9062
              }
            },
            "updated_at": "2026-08-13T10:09:14.149506Z",
            "worker_id": "rust-agent-rpc@127.0.0.1:5002"
          }
        },
        "result": null,
        "status": "completed",
        "wait": {
          "elapsed_ms": 9309,
          "policy": "server_deadline",
          "poll_attempts": 10,
          "resume_count": 0
        }
      },
      "requires_confirmation": false
    },
    {
      "index": 3,
      "action": "result_fetch",
      "risk": "normal",
      "status": "executed",
      "payload": {
        "job_id": "437965963a5e6caf"
      },
      "result_preview": {
        "job": {
          "created_at": "2026-08-13T10:09:05.087086Z",
          "execution_started_at": "2026-08-13T10:09:05.094857Z",
          "execution_timeout_ms": 120000,
          "has_result": true,
          "iteration": 4,
          "job_id": "437965963a5e6caf",
          "message": "collecting nodal and elemental responses",
          "model_version_id": null,
          "progress": 1.0,
          "project_id": "f745d44606ca0598",
          "queue_timeout_ms": 1800000,
          "residual": 0.2,
          "simulation_case_id": "6a3c8adabc40b601",
          "status": "completed",
          "status_detail": {
            "active": false,
            "failure_class": null,
            "lifecycle": "terminal",
            "recoverable": false,
            "terminal": true,
            "timing": {
              "effective_deadline": "2026-08-13T10:11:05.094857Z",
              "effective_timeout_ms": 120000,
              "execution_elapsed_ms": 9054,
              "execution_started_at": "2026-08-13T10:09:05.094857Z",
              "execution_timeout_ms": 120000,
              "job_submission_deadline": "2026-08-13T10:39:05.087086Z",
              "phase": "execution",
              "queue_timeout_ms": 1800000,
              "queue_wait_ms": 7,
              "total_elapsed_ms": 9062
            }
          },
          "updated_at": "2026-08-13T10:09:14.149506Z",
          "worker_id": "rust-agent-rpc@127.0.0.1:5002"
        },
        "job_id": "437965963a5e6caf",
        "result": {
          "electric_conduction": {
            "contact_interfaces": [],
            "current_balance_relative_error": 0.0,
            "elements": [
              {
                "area_m2": 0.0009,
                "average_electric_potential_v": 0.000016800000000000002,
                "current_density_magnitude_a_m2": 66169.93273722852,
                "current_density_x_a_m2": -66169.93273722852,
                "current_density_y_a_m2": -0.0,
                "electric_field_magnitude_v_m": 0.00112,
                "electric_field_x_v_m": -0.00112,
                "electric_field_y_v_m": -0.0,
                "electric_potential_gradient_x_v_m": 0.00112,
                "electric_potential_gradient_y_v_m": 0.0,
                "id": "conductor_left",
                "index": 0,
                "joule_power_w": 0.00006669929219912637,
                "node_i": 0,
                "node_j": 1,
                "node_k": 2,
                "node_l": 3,
                "peak_current_density_magnitude_a_m2": 66169.93273722852,
                "peak_electric_field_magnitude_v_m": 0.00112,
                "rms_current_density_magnitude_a_m2": 66169.93273722852,
                "rms_electric_field_magnitude_v_m": 0.00112,
                "volumetric_joule_heating_w_m3": 74.11032466569596
              }
            ],
            "free_current_residual_relative_error": 0.0,
            "input": {
              "contact_interfaces": [],
              "elements": [
                {
                  "electrical_conductivity_s_m": 59080297.08681118,
                  "id": "conductor_left",
                  "node_i": 0,
                  "node_j": 1,
                  "node_k": 2,
                  "node_l": 3,
                  "thickness": 0.001
                }
              ],
              "nodes": [
                {
                  "current_source_a": 0.0,
                  "electric_potential_v": 0.0,
                  "fix_electric_potential": true,
                  "id": "n0",
                  "x": 0.0,
                  "y": 0.0
                },
                {
                  "current_source_a": 0.0,
                  "electric_potential_v": 0.000033600000000000004,
                  "fix_electric_potential": true,
                  "id": "n1",
                  "x": 0.03,
                  "y": 0.0
                },
                {
                  "current_source_a": 0.0,
                  "electric_potential_v": 0.000033600000000000004,
                  "fix_electric_potential": true,
                  "id": "n5",
                  "x": 0.03,
                  "y": 0.03
                },
                {
                  "current_source_a": 0.0,
                  "electric_potential_v": 0.0,
                  "fix_electric_potential": true,
                  "id": "n4",
                  "x": 0.0,
                  "y": 0.03
                }
              ],
              "terminals": []
            },
            "max_current_density_a_m2": 66169.93273722852,
            "max_electric_field_v_m": 0.00112,
            "max_electric_potential_v": 0.000033600000000000004,
            "max_free_current_residual_a": 0.0,
            "nodes": [
              {
                "current_source_a": 0.0,
                "electric_potential_v": 0.0,
                "fix_electric_potential": true,
                "id": "n0",
                "index": 0,
                "net_injected_current_a": -0.992548991058428,
                "reaction_current_a": -0.992548991058428,
                "x": 0.0,
                "y": 0.0
              },
              {
                "current_source_a": 0.0,
                "electric_potential_v": 0.000033600000000000004,
                "fix_electric_potential": true,
                "id": "n1",
                "index": 1,
                "net_injected_current_a": 0.992548991058428,
                "reaction_current_a": 0.992548991058428,
                "x": 0.03,
                "y": 0.0
              },
              {
                "current_source_a": 0.0,
                "electric_potential_v": 0.000033600000000000004,
                "fix_electric_potential": true,
                "id": "n5",
                "index": 2,
                "net_injected_current_a": 0.992548991058428,
                "reaction_current_a": 0.992548991058428,
                "x": 0.03,
                "y": 0.03
              },
              {
                "current_source_a": 0.0,
                "electric_potential_v": 0.0,
                "fix_electric_potential": true,
                "id": "n4",
                "index": 3,
                "net_injected_current_a": -0.992548991058428,
                "reaction_current_a": -0.992548991058428,
                "x": 0.0,
                "y": 0.03
              }
            ],
            "power_balance_relative_error": 2.0318847036050431e-16,
            "source_power_balance_relative_error": 2.0318847036050431e-16,
            "terminals": [],
            "total_bulk_joule_power_w": 0.00006669929219912637,
            "total_contact_joule_power_w": -0.0,
            "total_dissipated_power_w": 0.00006669929219912637,
            "total_electrical_input_power_w": 0.00006669929219912638,
            "total_extracted_current_a": 1.985097982116856,
            "total_injected_current_a": 1.985097982116856,
            "total_joule_power_w": 0.00006669929219912637,
            "total_source_power_w": 0.00006669929219912638,
            "total_terminal_impedance_power_w": -0.0
          },
          "electrostatic": {
            "elements": [
              {
                "area": 0.0009,
                "average_potential": 394.8610069277414,
                "electric_energy_density": 346478255.09331083,
                "electric_field_magnitude": 26324.067128516097,
                "electric_field_x": -26324.067128516097,
                "electric_field_y": -1.8189894035458565e-12,
                "electric_flux_density_magnitude": 26324.067128516097,
                "electric_flux_density_x": -26324.067128516097,
                "electric_flux_density_y": -1.8189894035458565e-12,
                "id": "conductor_left",
                "index": 0,
                "node_i": 0,
                "node_j": 1,
                "node_k": 5,
                "node_l": 4,
                "potential_gradient_x": 26324.067128516097,
                "potential_gradient_y": 1.8189894035458565e-12,
                "stored_energy": 311.8304295839797
              },
              {
                "area": 0.0009,
                "average_potential": 905.8464814687554,
                "electric_energy_density": 101895609.35716596,
                "electric_field_magnitude": 7741.63117421817,
                "electric_field_x": -7741.63117421817,
                "electric_field_y": -5.4569682106375694e-12,
                "electric_flux_density_magnitude": 26324.06712851609,
                "electric_flux_density_x": -26324.06712851609,
                "electric_flux_density_y": -1.8555469030014717e-11,
                "id": "dielectric_core",
                "index": 1,
                "node_i": 1,
                "node_j": 2,
                "node_k": 6,
                "node_l": 5,
                "potential_gradient_x": 7741.63117421817,
                "potential_gradient_y": 5.4569682106375694e-12,
                "stored_energy": 91.70604842144937
              },
              {
                "area": 0.0009,
                "average_potential": 1115.985474541014,
                "electric_energy_density": 82494822.64126438,
                "electric_field_magnitude": 6267.635030599066,
                "electric_field_x": -6267.635030599066,
                "electric_field_y": -3.637978807091713e-12,
                "electric_flux_density_magnitude": 26324.06712851608,
                "electric_flux_density_x": -26324.06712851608,
                "electric_flux_density_y": -1.5279510989785195e-11,
                "id": "substrate_right",
                "index": 2,
                "node_i": 2,
                "node_j": 3,
                "node_k": 7,
                "node_l": 6,
                "potential_gradient_x": 6267.635030599066,
                "potential_gradient_y": 3.637978807091713e-12,
                "stored_energy": 74.24534037713794
              }
            ],
            "input": {
              "elements": [
                {
                  "id": "conductor_left",
                  "node_i": 0,
                  "node_j": 1,
                  "node_k": 5,
                  "node_l": 4,
                  "permittivity": 1.0,
                  "thickness": 0.001
                },
                {
                  "id": "dielectric_core",
                  "node_i": 1,
                  "node_j": 2,
                  "node_k": 6,
                  "node_l": 5,
                  "permittivity": 3.400325659556439,
                  "thickness": 0.001
                },
                {
                  "id": "substrate_right",
                  "node_i": 2,
                  "node_j": 3,
                  "node_k": 7,
                  "node_l": 6,
                  "permittivity": 4.2,
                  "thickness": 0.001
                }
              ],
              "nodes": [
                {
                  "charge_density": 0.0,
                  "fix_potential": true,
                  "id": "n0",
                  "potential": 0.0,
                  "x": 0.0,
                  "y": 0.0
                },
                {
                  "charge_density": 0.0,
                  "fix_potential": false,
                  "id": "n1",
                  "potential": 0.0,
                  "x": 0.03,
                  "y": 0.0
                },
                {
                  "charge_density": 0.0,
                  "fix_potential": false,
                  "id": "n2",
                  "potential": 0.0,
                  "x": 0.06,
                  "y": 0.0
                },
                {
                  "charge_density": 0.0,
                  "fix_potential": true,
                  "id": "n3",
                  "potential": 1210.0,
                  "x": 0.09,
                  "y": 0.0
                },
                {
                  "charge_density": 0.0,
                  "fix_potential": true,
                  "id": "n4",
                  "potential": 0.0,
                  "x": 0.0,
                  "y": 0.03
                },
                {
                  "charge_density": 0.0,
                  "fix_potential": false,
                  "id": "n5",
                  "potential": 0.0,
                  "x": 0.03,
                  "y": 0.03
                },
                {
                  "charge_density": 0.0,
                  "fix_potential": false,
                  "id": "n6",
                  "potential": 0.0,
                  "x": 0.06,
                  "y": 0.03
                },
                {
                  "charge_density": 0.0,
                  "fix_potential": true,
                  "id": "n7",
                  "potential": 1210.0,
                  "x": 0.09,
                  "y": 0.03
                }
              ]
            },
            "max_electric_energy_density": 346478255.09331083,
            "max_electric_field": 26324.067128516097,
            "max_flux_density": 26324.067128516097,
            "max_potential": 1210.0,
            "nodes": [
              {
                "charge_density": 0.0,
                "id": "n0",
                "index": 0,
                "potential": 0.0,
                "x": 0.0,
                "y": 0.0
              },
              {
                "charge_density": 0.0,
                "id": "n1",
                "index": 1,
                "potential": 789.7220138554828,
                "x": 0.03,
                "y": 0.0
              },
              {
                "charge_density": 0.0,
                "id": "n2",
                "index": 2,
                "potential": 1021.970949082028,
                "x": 0.06,
                "y": 0.0
              },
              {
                "charge_density": 0.0,
                "id": "n3",
                "index": 3,
                "potential": 1210.0,
                "x": 0.09,
                "y": 0.0
              },
              {
                "charge_density": 0.0,
                "id": "n4",
                "index": 4,
                "potential": 0.0,
                "x": 0.0,
                "y": 0.03
              },
              {
                "charge_density": 0.0,
                "id": "n5",
                "index": 5,
                "potential": 789.7220138554829,
                "x": 0.03,
                "y": 0.03
              },
              {
                "charge_density": 0.0,
                "id": "n6",
                "index": 6,
                "potential": 1021.970949082028,
                "x": 0.06,
                "y": 0.03
              },
              {
                "charge_density": 0.0,
                "id": "n7",
                "index": 7,
                "potential": 1210.0,
                "x": 0.09,
                "y": 0.03
              }
            ],
            "total_stored_energy": 477.781818382567
          },
          "electrostatic_mesh_convergence": {
            "finest_pair_relative_change": 2.6012259128696088e-15,
            "max_analytic_relative_error": 0.34444444444444466,
            "method": "structured_quad_h_refinement",
            "refinement_levels": [
              1,
              2,
              4,
              8
            ],
            "relative_error_tolerance": 1e-8,
            "samples": [
              {
                "analytic_relative_error": 0.34444444444444466,
                "element_count": 3,
                "elements_per_layer": 1,
                "max_electric_field_v_m": 26324.067128516097,
                "node_count": 8,
                "relative_change_from_previous": null
              },
              {
                "analytic_relative_error": 1.1148111055155465e-15,
                "element_count": 6,
                "elements_per_layer": 2,
                "max_electric_field_v_m": 19579.88464104505,
                "node_count": 14,
                "relative_change_from_previous": 0.34444444444444355
              },
              {
                "analytic_relative_error": 1.3006129564348044e-15,
                "element_count": 12,
                "elements_per_layer": 4,
                "max_electric_field_v_m": 19579.884641045,
                "node_count": 26,
                "relative_change_from_previous": 2.415424061950351e-15
              },
              {
                "analytic_relative_error": 1.3006129564348044e-15,
                "element_count": 24,
                "elements_per_layer": 8,
                "max_electric_field_v_m": 19579.884641045053,
                "node_count": 50,
                "relative_change_from_previous": 2.6012259128696088e-15
              }
            ],
            "schema_version": "kyuubiki.composite-electrostatic-mesh-convergence/v1",
            "status": "fail"
          },
          "electrothermal_feedback_convergence": {
            "conductivity_relative_change_tolerance": 1e-9,
            "converged": true,
            "final_loss_relative_change": 2.3372220694357993e-11,
            "final_max_conductivity_relative_change": 1.6755631498672712e-10,
            "final_temperature_residual_c": 4.1973834186137544e-8,
            "iteration_count": 12,
            "iterations": [
              {
                "converged": false,
                "coupling_temperature_c": 35.0,
                "dielectric_mean_temperature_c": 35.95626422693017,
                "iteration": 1,
                "loss_relative_change": null,
                "loss_tangent": 0.008,
                "max_conductivity_relative_change": null,
                "max_temperature_c": 36.907092469651,
                "relative_permittivity": 3.4,
                "temperature_residual_c": 1.9070493927279273,
                "thermal_conductivity_updates": [
                  {
                    "conductivity_relative_change": null,
                    "conductivity_w_mk": 390.0,
                    "coupling_temperature_c": 35.0,
                    "element_id": "conductor_left",
                    "measured_mean_temperature_c": 36.90704939272793
                  },
                  {
                    "conductivity_relative_change": null,
                    "conductivity_w_mk": 0.25,
                    "coupling_temperature_c": 35.0,
                    "element_id": "dielectric_core",
                    "measured_mean_temperature_c": 35.95626422693017
                  },
                  {
                    "conductivity_relative_change": null,
                    "conductivity_w_mk": 160.0,
                    "coupling_temperature_c": 35.0,
                    "element_id": "substrate_right",
                    "measured_mean_temperature_c": 35.00276106902774
                  }
                ],
                "total_joule_loss_w": 0.0000672,
                "total_loss_w": 0.0008163420888757136
              },
              {
                "converged": false,
                "coupling_temperature_c": 35.76501138154414,
                "dielectric_mean_temperature_c": 35.957506937563736,
                "iteration": 2,
                "loss_relative_change": 0.00020994351300472136,
                "loss_tangent": 0.008006120091052353,
                "max_conductivity_relative_change": 0.0015300227630883343,
                "max_temperature_c": 36.909576334317414,
                "relative_permittivity": 3.400260103869725,
                "temperature_residual_c": 0.3838939345236838,
                "thermal_conductivity_updates": [
                  {
                    "conductivity_relative_change": 0.0015256395141824586,
                    "conductivity_w_mk": 389.4050005894688,
                    "coupling_temperature_c": 36.525639514182345,
                    "element_id": "conductor_left",
                    "measured_mean_temperature_c": 36.90953344870603
                  },
                  {
                    "conductivity_relative_change": 0.0015300227630883343,
                    "conductivity_w_mk": 0.24961749430922792,
                    "coupling_temperature_c": 35.76501138154414,
                    "element_id": "dielectric_core",
                    "measured_mean_temperature_c": 35.957506937563736
                  },
                  {
                    "conductivity_relative_change": 2.6506262665648705e-6,
                    "conductivity_w_mk": 159.99957589979735,
                    "coupling_temperature_c": 35.00220885522219,
                    "element_id": "substrate_right",
                    "measured_mean_temperature_c": 35.00276165601642
                  }
                ],
                "total_joule_loss_w": 0.00006679948609344088,
                "total_loss_w": 0.0008169280967122988
              },
              {
                "converged": false,
                "coupling_temperature_c": 35.91900782635982,
                "dielectric_mean_temperature_c": 35.95775870446453,
                "iteration": 3,
                "loss_relative_change": 0.00004289611211853684,
                "loss_tangent": 0.008007352062610879,
                "max_conductivity_relative_change": 0.0003084648478702017,
                "max_temperature_c": 36.9100795518352,
                "relative_permittivity": 3.400312462660962,
                "temperature_residual_c": 0.07728204263450777,
                "thermal_conductivity_updates": [
                  {
                    "conductivity_relative_change": 0.00030758441054953877,
                    "conductivity_w_mk": 389.2852256818975,
                    "coupling_temperature_c": 36.83275466180129,
                    "element_id": "conductor_left",
                    "measured_mean_temperature_c": 36.9100367044358
                  },
                  {
                    "conductivity_relative_change": 0.0003084648478702017,
                    "conductivity_w_mk": 0.24954049608682008,
                    "coupling_temperature_c": 35.91900782635982,
                    "element_id": "dielectric_core",
                    "measured_mean_temperature_c": 35.95775870446453
                  },
                  {
                    "conductivity_relative_change": 5.306901691069652e-7,
                    "conductivity_w_mk": 159.99949098959536,
                    "coupling_temperature_c": 35.00265109585757,
                    "element_id": "substrate_right",
                    "measured_mean_temperature_c": 35.00276177594633
                  }
                ],
                "total_joule_loss_w": 0.00006671943817986733,
                "total_loss_w": 0.0008170460531033467
              },
              {
                "converged": false,
                "coupling_temperature_c": 35.95000852884359,
                "dielectric_mean_temperature_c": 35.957809451767254,
                "iteration": 4,
                "loss_relative_change": 8.66061780132558e-6,
                "loss_tangent": 0.00800760006823075,
                "max_conductivity_relative_change": 0.00006211557436544355,
                "max_temperature_c": 36.9101809826555,
                "relative_permittivity": 3.400323002899807,
                "temperature_residual_c": 0.01555784702763674,
                "thermal_conductivity_updates": [
                  {
                    "conductivity_relative_change": 0.00006193915337976202,
                    "conductivity_w_mk": 389.2611136845955,
                    "coupling_temperature_c": 36.894580295908895,
                    "element_id": "conductor_left",
                    "measured_mean_temperature_c": 36.91013814293653
                  },
                  {
                    "conductivity_relative_change": 0.00006211557436544355,
                    "conductivity_w_mk": 0.2495249957355782,
                    "coupling_temperature_c": 35.95000852884359,
                    "element_id": "dielectric_core",
                    "measured_mean_temperature_c": 35.957809451767254
                  },
                  {
                    "conductivity_relative_change": 1.0625322327077053e-7,
                    "conductivity_w_mk": 159.99947398913372,
                    "coupling_temperature_c": 35.00273963992858,
                    "element_id": "substrate_right",
                    "measured_mean_temperature_c": 35.002761800158474
                  }
                ],
                "total_joule_loss_w": 0.0000667033468527894,
                "total_loss_w": 0.0008170697983855706
              },
              {
                "converged": false,
                "coupling_temperature_c": 35.95624926718252,
                "dielectric_mean_temperature_c": 35.95781967022378,
                "iteration": 5,
                "loss_relative_change": 1.744445088616843e-6,
                "loss_tangent": 0.008007649994137462,
                "max_conductivity_relative_change": 0.000012505236841181134,
                "max_temperature_c": 36.91020140672405,
                "relative_permittivity": 3.400325124750842,
                "temperature_residual_c": 0.0031319950197641333,
                "thermal_conductivity_updates": [
                  {
                    "conductivity_relative_change": 0.00001246990285426824,
                    "conductivity_w_mk": 389.2562596363229,
                    "coupling_temperature_c": 36.907026573531006,
                    "element_id": "conductor_left",
                    "measured_mean_temperature_c": 36.91015856855077
                  },
                  {
                    "conductivity_relative_change": 0.000012505236841181134,
                    "conductivity_w_mk": 0.2495218753664087,
                    "coupling_temperature_c": 35.95624926718252,
                    "element_id": "dielectric_core",
                    "measured_mean_temperature_c": 35.95781967022378
                  },
                  {
                    "conductivity_relative_change": 2.1273890688817162e-8,
                    "conductivity_w_mk": 159.9994705853224,
                    "coupling_temperature_c": 35.0027573681125,
                    "element_id": "substrate_right",
                    "measured_mean_temperature_c": 35.002761805035036
                  }
                ],
                "total_joule_loss_w": 0.00006670010840480156,
                "total_loss_w": 0.0008170745785272811
              },
              {
                "converged": false,
                "coupling_temperature_c": 35.95750558961553,
                "dielectric_mean_temperature_c": 35.9578217273831,
                "iteration": 6,
                "loss_relative_change": 3.512050618042166e-7,
                "loss_tangent": 0.008007660044716924,
                "max_conductivity_relative_change": 2.5174595036706034e-6,
                "max_temperature_c": 36.910205518456976,
                "relative_permittivity": 3.40032555190047,
                "temperature_residual_c": 0.0006305110480226972,
                "thermal_conductivity_updates": [
                  {
                    "conductivity_relative_change": 2.5103833835902753e-6,
                    "conductivity_w_mk": 389.2552824538768,
                    "coupling_temperature_c": 36.909532169546814,
                    "element_id": "conductor_left",
                    "measured_mean_temperature_c": 36.91016268059484
                  },
                  {
                    "conductivity_relative_change": 2.5174595036706034e-6,
                    "conductivity_w_mk": 0.24952124720519225,
                    "coupling_temperature_c": 35.95750558961553,
                    "element_id": "dielectric_core",
                    "measured_mean_temperature_c": 35.9578217273831
                  },
                  {
                    "conductivity_relative_change": 4.259459690111027e-9,
                    "conductivity_w_mk": 159.9994699038111,
                    "coupling_temperature_c": 35.00276091765053,
                    "element_id": "substrate_right",
                    "measured_mean_temperature_c": 35.00276180601675
                  }
                ],
                "total_joule_loss_w": 0.00006669945650152786,
                "total_loss_w": 0.0008170755408166984
              },
              {
                "converged": false,
                "coupling_temperature_c": 35.95775849982959,
                "dielectric_mean_temperature_c": 35.95782214151878,
                "iteration": 7,
                "loss_relative_change": 7.070059293998594e-8,
                "loss_tangent": 0.008007662067998637,
                "max_conductivity_relative_change": 5.067909384109146e-7,
                "max_temperature_c": 36.9102063462078,
                "relative_permittivity": 3.400325637889942,
                "temperature_residual_c": 0.00012693002306463086,
                "thermal_conductivity_updates": [
                  {
                    "conductivity_relative_change": 5.053738660904502e-7,
                    "conductivity_w_mk": 389.25508573442977,
                    "coupling_temperature_c": 36.91003657838523,
                    "element_id": "conductor_left",
                    "measured_mean_temperature_c": 36.910163508408296
                  },
                  {
                    "conductivity_relative_change": 5.067909384109146e-7,
                    "conductivity_w_mk": 0.2495211207500852,
                    "coupling_temperature_c": 35.95775849982959,
                    "element_id": "dielectric_core",
                    "measured_mean_temperature_c": 35.95782214151878
                  },
                  {
                    "conductivity_relative_change": 8.528344086580054e-10,
                    "conductivity_w_mk": 159.99946976735805,
                    "coupling_temperature_c": 35.00276162834351,
                    "element_id": "substrate_right",
                    "measured_mean_temperature_c": 35.00276180621438
                  }
                ],
                "total_joule_loss_w": 0.00006669932526652024,
                "total_loss_w": 0.0008170757345351223
              },
              {
                "converged": false,
                "coupling_temperature_c": 35.95780941318095,
                "dielectric_mean_temperature_c": 35.95782222488151,
                "iteration": 8,
                "loss_relative_change": 1.4232367296982314e-8,
                "loss_tangent": 0.008007662475305448,
                "max_conductivity_relative_change": 1.0202212785664697e-7,
                "max_temperature_c": 36.910206512828495,
                "relative_permittivity": 3.400325655200481,
                "temperature_residual_c": 0.0000255526379291382,
                "thermal_conductivity_updates": [
                  {
                    "conductivity_relative_change": 1.0173834239588217e-7,
                    "conductivity_w_mk": 389.2550461322626,
                    "coupling_temperature_c": 36.91013812240368,
                    "element_id": "conductor_left",
                    "measured_mean_temperature_c": 36.91016367504161
                  },
                  {
                    "conductivity_relative_change": 1.0202212785664697e-7,
                    "conductivity_w_mk": 0.24952109529340952,
                    "coupling_temperature_c": 35.95780941318095,
                    "element_id": "dielectric_core",
                    "measured_mean_temperature_c": 35.95782222488151
                  },
                  {
                    "conductivity_relative_change": 1.7075659741622292e-10,
                    "conductivity_w_mk": 159.99946974003709,
                    "coupling_temperature_c": 35.002761770640205,
                    "element_id": "substrate_right",
                    "measured_mean_temperature_c": 35.002761806254156
                  }
                ],
                "total_joule_loss_w": 0.00006669929884727946,
                "total_loss_w": 0.0008170757735325744
              },
              {
                "converged": false,
                "coupling_temperature_c": 35.9578196625414,
                "dielectric_mean_temperature_c": 35.95782224167185,
                "iteration": 9,
                "loss_relative_change": 2.8650315628157835e-9,
                "loss_tangent": 0.008007662557300331,
                "max_conductivity_relative_change": 2.0538063933802713e-8,
                "max_temperature_c": 36.91020654638807,
                "relative_permittivity": 3.400325658685264,
                "temperature_residual_c": 5.144089698205789e-6,
                "thermal_conductivity_updates": [
                  {
                    "conductivity_relative_change": 2.048123243739208e-8,
                    "conductivity_w_mk": 389.2550381598395,
                    "coupling_temperature_c": 36.91015856451402,
                    "element_id": "conductor_left",
                    "measured_mean_temperature_c": 36.91016370860372
                  },
                  {
                    "conductivity_relative_change": 2.0538063933802713e-8,
                    "conductivity_w_mk": 0.2495210901687293,
                    "coupling_temperature_c": 35.9578196625414,
                    "element_id": "dielectric_core",
                    "measured_mean_temperature_c": 35.95782224167185
                  },
                  {
                    "conductivity_relative_change": 3.418947576044111e-11,
                    "conductivity_w_mk": 159.9994697345668,
                    "coupling_temperature_c": 35.00276179913136,
                    "element_id": "substrate_right",
                    "measured_mean_temperature_c": 35.00276180626217
                  }
                ],
                "total_joule_loss_w": 0.00006669929352875076,
                "total_loss_w": 0.0008170757813831465
              },
              {
                "converged": false,
                "coupling_temperature_c": 35.95782172584576,
                "dielectric_mean_temperature_c": 35.95782224504336,
                "iteration": 10,
                "loss_relative_change": 5.76744227250151e-10,
                "loss_tangent": 0.008007662573806766,
                "max_conductivity_relative_change": 4.134528987719374e-9,
                "max_temperature_c": 36.91020655312687,
                "relative_permittivity": 3.400325659386788,
                "temperature_residual_c": 1.0355572541698166e-6,
                "thermal_conductivity_updates": [
                  {
                    "conductivity_relative_change": 4.123147581086702e-9,
                    "conductivity_w_mk": 389.25503655488353,
                    "coupling_temperature_c": 36.91016267978578,
                    "element_id": "conductor_left",
                    "measured_mean_temperature_c": 36.91016371534303
                  },
                  {
                    "conductivity_relative_change": 4.134528987719374e-9,
                    "conductivity_w_mk": 0.24952108913707713,
                    "coupling_temperature_c": 35.95782172584576,
                    "element_id": "dielectric_core",
                    "measured_mean_temperature_c": 35.95782224504336
                  },
                  {
                    "conductivity_relative_change": 6.8457466755733506e-12,
                    "conductivity_w_mk": 159.99946973347147,
                    "coupling_temperature_c": 35.00276180483601,
                    "element_id": "substrate_right",
                    "measured_mean_temperature_c": 35.00276180626376
                  }
                ],
                "total_joule_loss_w": 0.0000666992924580595,
                "total_loss_w": 0.0008170757829635499
              },
              {
                "converged": false,
                "coupling_temperature_c": 35.95782214120384,
                "dielectric_mean_temperature_c": 35.95782224572592,
                "iteration": 11,
                "loss_relative_change": 1.1609816577663423e-10,
                "loss_tangent": 0.008007662577129631,
                "max_conductivity_relative_change": 8.323105728239951e-10,
                "max_temperature_c": 36.91020655449111,
                "relative_permittivity": 3.400325659528009,
                "temperature_residual_c": 2.0847578952043477e-7,
                "thermal_conductivity_updates": [
                  {
                    "conductivity_relative_change": 8.300312465955746e-10,
                    "conductivity_w_mk": 389.2550362317897,
                    "coupling_temperature_c": 36.910163508231584,
                    "element_id": "conductor_left",
                    "measured_mean_temperature_c": 36.91016371670737
                  },
                  {
                    "conductivity_relative_change": 8.323105728239951e-10,
                    "conductivity_w_mk": 0.2495210889293981,
                    "coupling_temperature_c": 35.95782214120384,
                    "element_id": "dielectric_core",
                    "measured_mean_temperature_c": 35.95782224572592
                  },
                  {
                    "conductivity_relative_change": 1.3704638435416981e-12,
                    "conductivity_w_mk": 159.9994697332522,
                    "coupling_temperature_c": 35.00276180597821,
                    "element_id": "substrate_right",
                    "measured_mean_temperature_c": 35.002761806264104
                  }
                ],
                "total_joule_loss_w": 0.00006669929224251851,
                "total_loss_w": 0.0008170757832816956
              },
              {
                "converged": true,
                "coupling_temperature_c": 35.957822224821506,
                "dielectric_mean_temperature_c": 35.95782224586533,
                "iteration": 12,
                "loss_relative_change": 2.3372220694357993e-11,
                "loss_tangent": 0.008007662577798572,
                "max_conductivity_relative_change": 1.6755631498672712e-10,
                "max_temperature_c": 36.910206554769765,
                "relative_permittivity": 3.400325659556439,
                "temperature_residual_c": 4.1973834186137544e-8,
                "thermal_conductivity_updates": [
                  {
                    "conductivity_relative_change": 1.67099819447937e-10,
                    "conductivity_w_mk": 389.2550361667453,
                    "coupling_temperature_c": 36.910163675012214,
                    "element_id": "conductor_left",
                    "measured_mean_temperature_c": 36.91016371698605
                  },
                  {
                    "conductivity_relative_change": 1.6755631498672712e-10,
                    "conductivity_w_mk": 0.24952108888758923,
                    "coupling_temperature_c": 35.957822224821506,
                    "element_id": "dielectric_core",
                    "measured_mean_temperature_c": 35.95782224586533
                  },
                  {
                    "conductivity_relative_change": 2.7462567752668426e-13,
                    "conductivity_w_mk": 159.99946973320826,
                    "coupling_temperature_c": 35.00276180620693,
                    "element_id": "substrate_right",
                    "measured_mean_temperature_c": 35.00276180626417
                  }
                ],
                "total_joule_loss_w": 0.00006669929219912637,
                "total_loss_w": 0.0008170757833457435
              }
            ],
            "loss_relative_change_tolerance": 1e-9,
            "max_iterations": 12,
            "method": "relaxed_temperature_dependent_dielectric_and_conductivity_fixed_point",
            "parameter_source": "screening_sensitivity_not_material_card",
            "relaxation_factor": 0.8,
            "schema_version": "kyuubiki.composite-electrothermal-feedback-convergence/v1",
            "status": "pass",
            "temperature_residual_tolerance_c": 1e-7
          },
          "electrothermal_loss_projection": {
            "assumptions": [
              "The solved electrostatic field magnitude is interpreted as an RMS harmonic field.",
              "Relative permittivity and loss tangent are scalar, isotropic, and frequency-local screening values.",
              "Element dielectric loss is lumped consistently to its four thermal nodes."
            ],
            "distributed_total_heat_load_w": 0.0008170757833457435,
            "effective_conductivity_s_m": 0.000015147985327775174,
            "electric_field_rms_v_m": 7741.63117421817,
            "energy_balance_relative_error": 0.0,
            "frequency_hz": 10000000.0,
            "loss_tangent": 0.008007662577798572,
            "model": "harmonic_dielectric_loss_sigma_eff_e_rms_squared",
            "relative_permittivity": 3.400325659556439,
            "schema_version": "kyuubiki.composite-electrothermal-loss-projection/v1",
            "source_element_id": "dielectric_core",
            "source_volume_m3": 9e-7,
            "target_element_count": 1,
            "target_node_count": 4,
            "total_loss_w": 0.0008170757833457435,
            "volumetric_loss_w_m3": 907.8619814952706
          },
          "heat": {
            "elements": [
              {
                "area": 0.0009,
                "average_temperature": 36.91016371698605,
                "heat_flow_rate": 1.000489383030503e-6,
                "heat_flux_magnitude": 1.1116548700338922,
                "heat_flux_x": 1.1116548700338922,
                "heat_flux_y": 8.850634825802109e-11,
                "id": "conductor_left",
                "index": 0,
                "node_i": 0,
                "node_j": 1,
                "node_k": 5,
                "node_l": 4,
                "temperature_gradient_x": -0.0028558522478761006,
                "temperature_gradient_y": -2.273736754432321e-13
              },
              {
                "area": 0.0009,
                "average_temperature": 35.95782224586533,
                "heat_flow_rate": 0.00001425711551618462,
                "heat_flux_magnitude": 15.841239462427357,
                "heat_flux_x": 15.841239462427357,
                "heat_flux_y": 2.8367263540484288e-14,
                "id": "dielectric_core",
                "index": 1,
                "node_i": 1,
                "node_j": 2,
                "node_k": 6,
                "node_l": 5,
                "temperature_gradient_x": -63.48657555579973,
                "temperature_gradient_y": -1.1368683772161605e-13
              },
              {
                "area": 0.0009,
                "average_temperature": 35.00276180626417,
                "heat_flow_rate": 0.00002651325226636562,
                "heat_flux_magnitude": 29.459169184850687,
                "heat_flux_x": 29.459169184850687,
                "heat_flux_y": -0.0,
                "id": "substrate_right",
                "index": 2,
                "node_i": 2,
                "node_j": 3,
                "node_k": 7,
                "node_l": 6,
                "temperature_gradient_x": -0.18412041761121145,
                "temperature_gradient_y": 0.0
              }
            ],
            "input": {
              "elements": [
                {
                  "conductivity": 389.2550361667453,
                  "id": "conductor_left",
                  "node_i": 0,
                  "node_j": 1,
                  "node_k": 5,
                  "node_l": 4,
                  "thickness": 0.001
                },
                {
                  "conductivity": 0.24952108888758923,
                  "id": "dielectric_core",
                  "node_i": 1,
                  "node_j": 2,
                  "node_k": 6,
                  "node_l": 5,
                  "thickness": 0.001
                },
                {
                  "conductivity": 159.99946973320826,
                  "id": "substrate_right",
                  "node_i": 2,
                  "node_j": 3,
                  "node_k": 7,
                  "node_l": 6,
                  "thickness": 0.001
                }
              ],
              "nodes": [
                {
                  "fix_temperature": false,
                  "heat_load": 0.00001667482304978159,
                  "id": "n0",
                  "temperature": 35.0,
                  "x": 0.0,
                  "y": 0.0
                },
                {
                  "fix_temperature": false,
                  "heat_load": 0.00022094376888621747,
                  "id": "n1",
                  "temperature": 35.0,
                  "x": 0.03,
                  "y": 0.0
                },
                {
                  "fix_temperature": false,
                  "heat_load": 0.00020426894583643588,
                  "id": "n2",
                  "temperature": 35.0,
                  "x": 0.06,
                  "y": 0.0
                },
                {
                  "fix_temperature": true,
                  "heat_load": 0.0,
                  "id": "n3",
                  "temperature": 35.0,
                  "x": 0.09,
                  "y": 0.0
                },
                {
                  "fix_temperature": false,
                  "heat_load": 0.00001667482304978159,
                  "id": "n4",
                  "temperature": 35.0,
                  "x": 0.0,
                  "y": 0.03
                },
                {
                  "fix_temperature": false,
                  "heat_load": 0.00022094376888621747,
                  "id": "n5",
                  "temperature": 35.0,
                  "x": 0.03,
                  "y": 0.03
                },
                {
                  "fix_temperature": false,
                  "heat_load": 0.00020426894583643588,
                  "id": "n6",
                  "temperature": 35.0,
                  "x": 0.06,
                  "y": 0.03
                },
                {
                  "fix_temperature": true,
                  "heat_load": 0.0,
                  "id": "n7",
                  "temperature": 35.0,
                  "x": 0.09,
                  "y": 0.03
                }
              ]
            },
            "max_heat_flux": 29.459169184850687,
            "max_temperature": 36.910206554769765,
            "nodes": [
              {
                "heat_load": 0.00001667482304978159,
                "id": "n0",
                "index": 0,
                "temperature": 36.910206554769765,
                "x": 0.0,
                "y": 0.0
              },
              {
                "heat_load": 0.00022094376888621747,
                "id": "n1",
                "index": 1,
                "temperature": 36.91012087920233,
                "x": 0.03,
                "y": 0.0
              },
              {
                "heat_load": 0.00020426894583643588,
                "id": "n2",
                "index": 2,
                "temperature": 35.005523612528336,
                "x": 0.06,
                "y": 0.0
              },
              {
                "heat_load": 0.0,
                "id": "n3",
                "index": 3,
                "temperature": 35.0,
                "x": 0.09,
                "y": 0.0
              },
              {
                "heat_load": 0.00001667482304978159,
                "id": "n4",
                "index": 4,
                "temperature": 36.91020655476976,
                "x": 0.0,
                "y": 0.03
              },
              {
                "heat_load": 0.00022094376888621747,
                "id": "n5",
                "index": 5,
                "temperature": 36.91012087920232,
                "x": 0.03,
                "y": 0.03
              },
              {
                "heat_load": 0.00020426894583643588,
                "id": "n6",
                "index": 6,
                "temperature": 35.005523612528336,
                "x": 0.06,
                "y": 0.03
              },
              {
                "heat_load": 0.0,
                "id": "n7",
                "index": 7,
                "temperature": 35.0,
                "x": 0.09,
                "y": 0.03
              }
            ],
            "total_abs_heat_flow_rate": 0.000041770857165580744
          },
          "heat_cross_validation": {
            "absolute_error_c": 3.304023721284466e-12,
            "conductivities_w_mk": [
              389.2550361667453,
              0.24952108888758923,
              159.99946973320826
            ],
            "expected_max_temperature_c": 36.91020655476646,
            "fem_max_temperature_c": 36.910206554769765,
            "fixed_temperature_c": 35.0,
            "method": "layered_thermal_resistance_with_regional_generation_closed_form",
            "relative_error": 8.951517831204864e-14,
            "relative_error_tolerance": 1e-9,
            "schema_version": "kyuubiki.composite-heat-cross-validation/v1",
            "status": "pass",
            "total_heat_load_w": 0.0008837750755448699
          },
          "heat_mesh_convergence": {
            "finest_pair_relative_change": 1.5975475489423612e-11,
            "max_analytic_relative_error": 1.5811653087824573e-11,
            "method": "structured_quad_h_refinement",
            "refinement_levels": [
              1,
              2,
              4,
              8
            ],
            "relative_error_tolerance": 1e-8,
            "samples": [
              {
                "analytic_relative_error": 8.951517831204864e-14,
                "element_count": 3,
                "elements_per_layer": 1,
                "max_temperature_c": 36.910206554769765,
                "node_count": 8,
                "relative_change_from_previous": null
              },
              {
                "analytic_relative_error": 1.3494653762741097e-13,
                "element_count": 6,
                "elements_per_layer": 2,
                "max_temperature_c": 36.91020655476148,
                "node_count": 14,
                "relative_change_from_previous": 2.244617159394596e-13
              },
              {
                "analytic_relative_error": 1.6382240159903953e-13,
                "element_count": 12,
                "elements_per_layer": 4,
                "max_temperature_c": 36.910206554760414,
                "node_count": 26,
                "relative_change_from_previous": 2.887586397162859e-14
              },
              {
                "analytic_relative_error": 1.5811653087824573e-11,
                "element_count": 24,
                "elements_per_layer": 8,
                "max_temperature_c": 36.91020655535007,
                "node_count": 50,
                "relative_change_from_previous": 1.5975475489423612e-11
              }
            ],
            "schema_version": "kyuubiki.composite-heat-mesh-convergence/v1",
            "status": "pass"
          },
          "heat_to_thermal_projection": {
            "mapped_node_count": 8,
            "maximum_coordinate_error_m": 0.0,
            "maximum_temperature_delta_c": 1.9102065547697649,
            "minimum_temperature_delta_c": 0.0,
            "reference_temperature_c": 35.0,
            "schema_version": "kyuubiki.composite-heat-to-thermal-projection/v1"
          },
          "joule_heating_projection": {
            "assumptions": [
              "Steady scalar electrical conductivity is solved on a two-dimensional quad mesh.",
              "Joule heating uses the solved local sigma times electric-field magnitude squared.",
              "Element Joule power integrates both triangular subcell fields before thermal projection.",
              "Recovered terminal currents gate current continuity and electrical input-power balance.",
              "Contact and terminal impedance models require explicit study-level heat mappings."
            ],
            "boundary_voltage_span_v": 0.000033600000000000004,
            "current_balance_relative_error": 0.0,
            "distributed_total_heat_load_w": 0.00006669929219912637,
            "electrical_power_balance_relative_error": 2.0318847036050431e-16,
            "energy_balance_relative_error": 0.0,
            "free_current_residual_relative_error": 0.0,
            "max_current_density_a_m2": 66169.93273722852,
            "max_free_current_residual_a": 0.0,
            "model": "solved_steady_current_density_sigma_e_squared",
            "parameter_source": "screening_reference_not_material_card",
            "regions": [
              {
                "coupling_temperature_c": 36.910163675012214,
                "current_density_magnitude_a_m2": 66169.93273722852,
                "distributed_heat_load_w": 0.00006669929219912637,
                "electric_field_magnitude_v_m": 0.00112,
                "electrical_conductivity_s_m": 59080297.08681118,
                "element_id": "conductor_left",
                "energy_balance_relative_error": 0.0,
                "joule_power_w": 0.00006669929219912637,
                "peak_current_density_magnitude_a_m2": 66169.93273722852,
                "peak_electric_field_magnitude_v_m": 0.00112,
                "rms_current_density_magnitude_a_m2": 66169.93273722852,
                "rms_electric_field_magnitude_v_m": 0.00112,
                "source_volume_m3": 9e-7,
                "volumetric_joule_heating_w_m3": 74.11032466569596
              }
            ],
            "schema_version": "kyuubiki.composite-current-to-heat-projection/v2",
            "source_power_balance_relative_error": 2.0318847036050431e-16,
            "status": "pass",
            "total_dissipated_power_w": 0.00006669929219912637,
            "total_electrical_input_power_w": 0.00006669929219912638,
            "total_extracted_current_a": 1.985097982116856,
            "total_injected_current_a": 1.985097982116856,
            "total_joule_loss_w": 0.00006669929219912637,
            "total_source_power_w": 0.00006669929219912638
          },
          "research": {
            "candidate_id": "copper_polyimide_aluminum",
            "candidate_label": "Copper / Polyimide / Aluminum",
            "coupling": "iterative_dielectric_and_conductor_joule_heating_with_temperature_dependent_electrical_thermal_feedback_and_expansion_projection",
            "materials": {
              "conductor": "copper",
              "dielectric": "polyimide",
              "substrate": "aluminum_6061"
            },
            "study": "material.composite_thermo_electric_panel.v1"
          },
          "schema_version": "kyuubiki.composite-thermo-electric-panel-result/v1",
          "thermal": {
            "elements": [
              {
                "area": 0.0009,
                "average_temperature_delta": 1.9101637169860448,
                "gamma_xy": 1.838179139006728e-20,
                "id": "conductor_left",
                "index": 0,
                "max_in_plane_shear": 567979.6822919906,
                "mechanical_strain_x": 3.3046090606079366e-6,
                "mechanical_strain_y": -0.00001032690331439984,
                "node_i": 0,
                "node_j": 1,
                "node_k": 5,
                "node_l": 4,
                "principal_stress_1": -1.6298145055770872e-9,
                "principal_stress_2": -1135959.3645839829,
                "strain_energy_density": 19.304374584005124,
                "stress_x": -1.5316143415273271e-9,
                "stress_y": -1135959.3645839829,
                "tau_xy": 7.421224129049935e-10,
                "thermal_strain": 0.0000324851888552101,
                "total_strain_x": 0.00003578979791581804,
                "total_strain_y": 0.00002215828554081026,
                "von_mises": 1135959.3645839822
              },
              {
                "area": 0.0009,
                "average_temperature_delta": 0.9578222458653318,
                "gamma_xy": 4.2415983632580255e-19,
                "id": "dielectric_core",
                "index": 1,
                "max_in_plane_shear": 25783.24689791332,
                "mechanical_strain_x": 6.600511205865577e-6,
                "mechanical_strain_y": -0.000020626597518330897,
                "node_i": 1,
                "node_j": 2,
                "node_k": 6,
                "node_l": 5,
                "principal_stress_1": -8.658389560878276e-10,
                "principal_stress_2": -51566.493795827504,
                "strain_energy_density": 1.9354520086639144,
                "stress_x": -8.684411214845669e-10,
                "stress_y": -51566.493795827504,
                "tau_xy": 4.0165401868661216e-10,
                "thermal_strain": 0.00004313502830830822,
                "total_strain_x": 0.000049735539514173785,
                "total_strain_y": 0.00002250843078997732,
                "von_mises": 51566.49379582707
              },
              {
                "area": 0.0009,
                "average_temperature_delta": 0.002761806264167888,
                "gamma_xy": -8.616464714094039e-23,
                "id": "substrate_right",
                "index": 2,
                "max_in_plane_shear": 6535.095072170545,
                "mechanical_strain_x": -6.070335045268205e-8,
                "mechanical_strain_y": 1.896979701645928e-7,
                "node_i": 2,
                "node_j": 3,
                "node_k": 7,
                "node_l": 6,
                "principal_stress_1": 13070.19014434014,
                "principal_stress_2": -9.49512468650937e-10,
                "strain_energy_density": 0.003803736892898635,
                "stress_x": -9.487472535991201e-10,
                "stress_y": 13070.19014434014,
                "tau_xy": -2.220446049250313e-12,
                "thermal_strain": 6.517868183758494e-8,
                "total_strain_x": 4.47533138490289e-9,
                "total_strain_y": 2.5487665200217777e-7,
                "von_mises": 13070.190144340611
              }
            ],
            "input": {
              "elements": [
                {
                  "id": "conductor_left",
                  "node_i": 0,
                  "node_j": 1,
                  "node_k": 5,
                  "node_l": 4,
                  "poisson_ratio": 0.32,
                  "thermal_expansion": 0.00001700649455663775,
                  "thickness": 0.001,
                  "youngs_modulus": 110000000000.0
                },
                {
                  "id": "dielectric_core",
                  "node_i": 1,
                  "node_j": 2,
                  "node_k": 6,
                  "node_l": 5,
                  "poisson_ratio": 0.32,
                  "thermal_expansion": 0.000045034481600851154,
                  "thickness": 0.001,
                  "youngs_modulus": 2500000000.0
                },
                {
                  "id": "substrate_right",
                  "node_i": 2,
                  "node_j": 3,
                  "node_k": 7,
                  "node_l": 6,
                  "poisson_ratio": 0.32,
                  "thermal_expansion": 0.000023600019553588354,
                  "thickness": 0.001,
                  "youngs_modulus": 68900000000.0
                }
              ],
              "nodes": [
                {
                  "fix_x": true,
                  "fix_y": true,
                  "id": "n0",
                  "load_x": 0.0,
                  "load_y": 0.0,
                  "temperature_delta": 1.9102065547697649,
                  "x": 0.0,
                  "y": 0.0
                },
                {
                  "fix_x": false,
                  "fix_y": false,
                  "id": "n1",
                  "load_x": 0.0,
                  "load_y": 0.0,
                  "temperature_delta": 1.9101208792023312,
                  "x": 0.03,
                  "y": 0.0
                },
                {
                  "fix_x": false,
                  "fix_y": false,
                  "id": "n2",
                  "load_x": 0.0,
                  "load_y": 0.0,
                  "temperature_delta": 0.005523612528335775,
                  "x": 0.06,
                  "y": 0.0
                },
                {
                  "fix_x": false,
                  "fix_y": false,
                  "id": "n3",
                  "load_x": 0.0,
                  "load_y": 0.0,
                  "temperature_delta": 0.0,
                  "x": 0.09,
                  "y": 0.0
                },
                {
                  "fix_x": true,
                  "fix_y": true,
                  "id": "n4",
                  "load_x": 0.0,
                  "load_y": 0.0,
                  "temperature_delta": 1.9102065547697575,
                  "x": 0.0,
                  "y": 0.03
                },
                {
                  "fix_x": false,
                  "fix_y": false,
                  "id": "n5",
                  "load_x": 0.0,
                  "load_y": 0.0,
                  "temperature_delta": 1.9101208792023243,
                  "x": 0.03,
                  "y": 0.03
                },
                {
                  "fix_x": false,
                  "fix_y": false,
                  "id": "n6",
                  "load_x": 0.0,
                  "load_y": 0.0,
                  "temperature_delta": 0.005523612528335775,
                  "x": 0.06,
                  "y": 0.03
                },
                {
                  "fix_x": false,
                  "fix_y": false,
                  "id": "n7",
                  "load_x": 0.0,
                  "load_y": 0.0,
                  "temperature_delta": 0.0,
                  "x": 0.09,
                  "y": 0.03
                }
              ]
            },
            "max_displacement": 2.5658959745850193e-6,
            "max_strain_energy_density": 19.304374584005124,
            "max_stress": 1135959.3645839822,
            "max_temperature_delta": 1.9102065547697649,
            "nodes": [
              {
                "displacement_magnitude": 0.0,
                "id": "n0",
                "index": 0,
                "temperature_delta": 1.9102065547697649,
                "ux": 0.0,
                "uy": 0.0,
                "x": 0.0,
                "y": 0.0
              },
              {
                "displacement_magnitude": 1.262818010509376e-6,
                "id": "n1",
                "index": 1,
                "temperature_delta": 1.9101208792023312,
                "ux": 1.0736939374745436e-6,
                "uy": -6.64748566224305e-7,
                "x": 0.03,
                "y": 0.0
              },
              {
                "displacement_magnitude": 2.5657816255068444e-6,
                "id": "n2",
                "index": 2,
                "temperature_delta": 0.005523612528335775,
                "ux": 2.5657601228997582e-6,
                "uy": -1.050435747499075e-8,
                "x": 0.06,
                "y": 0.0
              },
              {
                "displacement_magnitude": 2.5658959745850193e-6,
                "id": "n3",
                "index": 3,
                "temperature_delta": 0.0,
                "ux": 2.565894382841305e-6,
                "uy": 2.858057914973331e-9,
                "x": 0.09,
                "y": 0.0
              },
              {
                "displacement_magnitude": 0.0,
                "id": "n4",
                "index": 4,
                "temperature_delta": 1.9102065547697575,
                "ux": 0.0,
                "uy": 0.0,
                "x": 0.0,
                "y": 0.03
              },
              {
                "displacement_magnitude": 1.262818010509375e-6,
                "id": "n5",
                "index": 5,
                "temperature_delta": 1.9101208792023243,
                "ux": 1.073693937474539e-6,
                "uy": 6.647485662243108e-7,
                "x": 0.03,
                "y": 0.03
              },
              {
                "displacement_magnitude": 2.565781625506838e-6,
                "id": "n6",
                "index": 6,
                "temperature_delta": 0.005523612528335775,
                "ux": 2.565760122899752e-6,
                "uy": 1.0504357475032968e-8,
                "x": 0.06,
                "y": 0.03
              },
              {
                "displacement_magnitude": 2.565895974585014e-6,
                "id": "n7",
                "index": 7,
                "temperature_delta": 0.0,
                "ux": 2.5658943828413e-6,
                "uy": -2.8580579149197195e-9,
                "x": 0.09,
                "y": 0.03
              }
            ],
            "total_strain_energy": 0.000019119267296605745
          },
          "thermal_constraint_regularized_mesh_convergence": {
            "algebraic_validation": {
              "max_relative_residual": null,
              "method": "original_system_recomputed_l2_residual_over_max_rhs_l2_or_one",
              "qualification_effect": "algebraic_gate_does_not_override_discretization_gates",
              "relative_residual_tolerance": 1e-10,
              "required_series": [
                "uniform_full_edge_clamp",
                "uniform_regularized_restraint",
                "interface_graded_full_edge_clamp"
              ],
              "schema_version": "kyuubiki.composite-thermal-algebraic-validation/v1",
              "series": [],
              "status": "missing"
            },
            "convergence_tolerance": 0.02,
            "diagnostic_metrics": [
              "max_von_mises_stress_pa"
            ],
            "finest_pair_displacement_relative_change": 0.0019350142876911917,
            "finest_pair_peak_stress_relative_change": 0.3093069828573099,
            "finest_pair_strain_energy_relative_change": 0.22501722904885196,
            "method": "structured_quad_h_refinement_preserving_piecewise_linear_temperature_roller_edge_with_vertical_anchor",
            "pass_metrics": [
              "max_displacement_m",
              "total_strain_energy_j"
            ],
            "refinement_levels": [
              1,
              2,
              4,
              8
            ],
            "regime_assessment": {
              "diagnosis": "pass_metrics_lack_qualified_discretization_uncertainty",
              "gci_safety_factor": 1.25,
              "method": "four_level_constant_ratio_observed_order_and_fine_grid_gci",
              "metrics": [
                {
                  "coarse_triplet_observed_order": 0.5738593878555852,
                  "fine_grid_gci": null,
                  "fine_triplet_observed_order": 4.041298738857772,
                  "metric": "max_displacement_m",
                  "observed_order_relative_difference": 0.8580012454071188,
                  "qualification_role": "pass_metric",
                  "regime": "oscillatory",
                  "richardson_extrapolated_value": null,
                  "unit": "m"
                },
                {
                  "coarse_triplet_observed_order": 1.6974643648746612,
                  "fine_grid_gci": 0.16633405262881867,
                  "fine_triplet_observed_order": 1.66992887544609,
                  "metric": "total_strain_energy_j",
                  "observed_order_relative_difference": 0.0162215419648026,
                  "qualification_role": "pass_metric",
                  "regime": "asymptotic_converging",
                  "richardson_extrapolated_value": 3.634522589207802e-7,
                  "unit": "J"
                },
                {
                  "coarse_triplet_observed_order": -7.2235101950844225,
                  "fine_grid_gci": null,
                  "fine_triplet_observed_order": -0.6929938776710373,
                  "metric": "max_von_mises_stress_pa",
                  "observed_order_relative_difference": 0.904064110251742,
                  "qualification_role": "diagnostic_metric",
                  "regime": "monotonic_diverging",
                  "richardson_extrapolated_value": null,
                  "unit": "Pa"
                }
              ],
              "order_consistency_tolerance": 0.25,
              "qualification_effect": "gci_gates_require_asymptotic_pass_metric_evidence",
              "qualification_tolerance": 0.02,
              "refinement_ratio": 2.0,
              "schema_version": "kyuubiki.composite-thermal-convergence-regime/v1",
              "status": "fail"
            },
            "samples": [
              {
                "displacement_relative_change": null,
                "element_count": 3,
                "elements_per_original_element": 1,
                "max_displacement_m": 2.5601544600114193e-6,
                "max_von_mises_stress_pa": 64531.97107110338,
                "node_count": 8,
                "peak_stress_relative_change": null,
                "strain_energy_relative_change": null,
                "total_strain_energy_j": 2.1845371829689693e-6
              },
              {
                "displacement_relative_change": 0.04678498512665413,
                "element_count": 12,
                "elements_per_original_element": 2,
                "max_displacement_m": 2.440377671677848e-6,
                "max_von_mises_stress_pa": 64697.836506703425,
                "node_count": 21,
                "peak_stress_relative_change": 0.0025636936960459628,
                "strain_energy_relative_change": 0.5750592782696333,
                "total_strain_energy_j": 9.28298807177656e-7
              },
              {
                "displacement_relative_change": 0.03192107422754176,
                "element_count": 48,
                "elements_per_original_element": 4,
                "max_displacement_m": 2.5208457768364286e-6,
                "max_von_mises_stress_pa": 89486.27307905146,
                "node_count": 65,
                "peak_stress_relative_change": 0.2770082574614559,
                "strain_energy_relative_change": 0.41725021907213206,
                "total_strain_energy_j": 5.409659265183802e-7
              },
              {
                "displacement_relative_change": 0.0019350142876911917,
                "element_count": 192,
                "elements_per_original_element": 8,
                "max_displacement_m": 2.5257331064843705e-6,
                "max_von_mises_stress_pa": 129560.12419127225,
                "node_count": 225,
                "peak_stress_relative_change": 0.3093069828573099,
                "strain_energy_relative_change": 0.22501722904885196,
                "total_strain_energy_j": 4.192392727233694e-7
              }
            ],
            "schema_version": "kyuubiki.composite-thermal-mesh-convergence/v1",
            "status": "fail"
          },
          "thermal_constraint_sensitivity": {
            "alternative_restraint": "roller_edge_with_vertical_anchor",
            "alternative_status": "fail",
            "diagnosis": "mixed_restraint_sensitivity_and_persistent_energy_nonconvergence",
            "displacement_change_ratio_alternative_to_primary": 0.7255632488916128,
            "peak_stress_change_ratio_alternative_to_primary": 1.191186840701705,
            "primary_restraint": "full_edge_clamp",
            "primary_status": "fail",
            "qualification_effect": "diagnostic_only_does_not_override_primary_quality_gates",
            "schema_version": "kyuubiki.composite-thermal-constraint-sensitivity/v1",
            "strain_energy_change_ratio_alternative_to_primary": 1.706941132423251
          },
          "thermal_expansion_projection": {
            "coverage_fraction": 1.0,
            "declared_region_count": 3,
            "max_relative_change": 0.0007662577966922589,
            "model": "regional_linear_temperature_dependent_thermal_expansion",
            "parameter_source": "screening_sensitivity_not_material_card",
            "schema_version": "kyuubiki.composite-thermal-expansion-projection/v1",
            "status": "pass",
            "updated_region_count": 3,
            "updates": [
              {
                "adjusted_thermal_expansion_1_k": 0.00001700649455663775,
                "element_id": "conductor_left",
                "mean_temperature_c": 36.91016371698605,
                "reference_thermal_expansion_1_k": 0.000017,
                "relative_change": 0.00038203274339714384
              },
              {
                "adjusted_thermal_expansion_1_k": 0.000045034481600851154,
                "element_id": "dielectric_core",
                "mean_temperature_c": 35.95782224586533,
                "reference_thermal_expansion_1_k": 0.000045,
                "relative_change": 0.0007662577966922589
              },
              {
                "adjusted_thermal_expansion_1_k": 0.000023600019553588354,
                "element_id": "substrate_right",
                "mean_temperature_c": 35.00276180626417,
                "reference_thermal_expansion_1_k": 0.0000236,
                "relative_change": 8.285418793461249e-7
              }
            ]
          },
          "thermal_interface_grading_assessment": {
            "diagnosis": "graded_mesh_did_not_resolve_nonconvergence",
            "displacement_change_ratio_graded_to_uniform": 1.70528000987412,
            "graded_mesh_convergence": {
              "algebraic_validation": {
                "max_relative_residual": null,
                "method": "original_system_recomputed_l2_residual_over_max_rhs_l2_or_one",
                "qualification_effect": "algebraic_gate_does_not_override_discretization_gates",
                "relative_residual_tolerance": 1e-10,
                "required_series": [
                  "uniform_full_edge_clamp",
                  "uniform_regularized_restraint",
                  "interface_graded_full_edge_clamp"
                ],
                "schema_version": "kyuubiki.composite-thermal-algebraic-validation/v1",
                "series": [],
                "status": "missing"
              },
              "convergence_tolerance": 0.02,
              "diagnostic_metrics": [
                "max_von_mises_stress_pa"
              ],
              "finest_pair_displacement_relative_change": 0.0045478339602527534,
              "finest_pair_peak_stress_relative_change": 0.4148901637267273,
              "finest_pair_strain_energy_relative_change": 0.11925401334238817,
              "method": "cosine_graded_quad_h_refinement_at_clamp_interfaces_and_free_edges",
              "pass_metrics": [
                "max_displacement_m",
                "total_strain_energy_j"
              ],
              "refinement_levels": [
                1,
                2,
                4,
                8
              ],
              "regime_assessment": {
                "diagnosis": "pass_metrics_lack_qualified_discretization_uncertainty",
                "gci_safety_factor": 1.25,
                "method": "four_level_constant_ratio_observed_order_and_fine_grid_gci",
                "metrics": [
                  {
                    "coarse_triplet_observed_order": 1.9012633947908195,
                    "fine_grid_gci": null,
                    "fine_triplet_observed_order": 1.3965357301896826,
                    "metric": "max_displacement_m",
                    "observed_order_relative_difference": 0.265469616668588,
                    "qualification_role": "pass_metric",
                    "regime": "oscillatory",
                    "richardson_extrapolated_value": null,
                    "unit": "m"
                  },
                  {
                    "coarse_triplet_observed_order": 0.8546985078115295,
                    "fine_grid_gci": null,
                    "fine_triplet_observed_order": 1.773094497120987,
                    "metric": "total_strain_energy_j",
                    "observed_order_relative_difference": 0.5179622354029509,
                    "qualification_role": "pass_metric",
                    "regime": "monotonic_pre_asymptotic",
                    "richardson_extrapolated_value": null,
                    "unit": "J"
                  },
                  {
                    "coarse_triplet_observed_order": -1.058680961514677,
                    "fine_grid_gci": null,
                    "fine_triplet_observed_order": -0.5966510895004411,
                    "metric": "max_von_mises_stress_pa",
                    "observed_order_relative_difference": 0.43642030867656306,
                    "qualification_role": "diagnostic_metric",
                    "regime": "monotonic_diverging",
                    "richardson_extrapolated_value": null,
                    "unit": "Pa"
                  }
                ],
                "order_consistency_tolerance": 0.25,
                "qualification_effect": "gci_gates_require_asymptotic_pass_metric_evidence",
                "qualification_tolerance": 0.02,
                "refinement_ratio": 2.0,
                "schema_version": "kyuubiki.composite-thermal-convergence-regime/v1",
                "status": "fail"
              },
              "samples": [
                {
                  "displacement_relative_change": null,
                  "element_count": 3,
                  "elements_per_original_element": 1,
                  "max_displacement_m": 2.5658959745850193e-6,
                  "max_von_mises_stress_pa": 1135959.3645839822,
                  "node_count": 8,
                  "peak_stress_relative_change": null,
                  "strain_energy_relative_change": null,
                  "total_strain_energy_j": 0.000019119267296605745
                },
                {
                  "displacement_relative_change": 0.043305735921954094,
                  "element_count": 12,
                  "elements_per_original_element": 2,
                  "max_displacement_m": 2.4547779611064354e-6,
                  "max_von_mises_stress_pa": 1971663.6866079709,
                  "node_count": 21,
                  "peak_stress_relative_change": 0.4238574396334932,
                  "strain_energy_relative_change": 0.34368079774407656,
                  "total_strain_energy_j": 0.000012548342259826048
                },
                {
                  "displacement_relative_change": 0.011973021026038378,
                  "element_count": 48,
                  "elements_per_original_element": 4,
                  "max_displacement_m": 2.484525233972511e-6,
                  "max_von_mises_stress_pa": 3712457.655895042,
                  "node_count": 65,
                  "peak_stress_relative_change": 0.4689060807260253,
                  "strain_energy_relative_change": 0.2895678015164419,
                  "total_strain_energy_j": 8.914746378972358e-6
                },
                {
                  "displacement_relative_change": 0.0045478339602527534,
                  "element_count": 192,
                  "elements_per_original_element": 8,
                  "max_displacement_m": 2.473226025738346e-6,
                  "max_von_mises_stress_pa": 6344890.18256934,
                  "node_count": 225,
                  "peak_stress_relative_change": 0.4148901637267273,
                  "strain_energy_relative_change": 0.11925401334238817,
                  "total_strain_energy_j": 7.851627095350382e-6
                }
              ],
              "schema_version": "kyuubiki.composite-thermal-mesh-convergence/v1",
              "status": "fail"
            },
            "graded_stress_recovery": {
              "convergence_tolerance": 0.02,
              "diagnostic_metrics": [
                "max_stress_pa",
                "max_to_p95_ratio"
              ],
              "finest_pair_max_relative_change": 0.4148901637267273,
              "finest_pair_p95_relative_change": 0.3405227459880485,
              "finest_pair_rms_relative_change": 0.009214302886731692,
              "method": "interface_graded_mesh_element_area_weighted_von_mises_p95_and_rms",
              "pass_metrics": [
                "area_weighted_rms_stress_pa",
                "area_weighted_p95_stress_pa"
              ],
              "refinement_levels": [
                1,
                2,
                4,
                8
              ],
              "samples": [
                {
                  "element_count": 3,
                  "elements_per_original_element": 1,
                  "max_relative_change": null,
                  "p95_relative_change": null,
                  "rms_relative_change": null,
                  "statistics": {
                    "area_weighted_mean_stress_pa": 400198.6828413832,
                    "area_weighted_p95_stress_pa": 1135959.3645839822,
                    "area_weighted_rms_stress_pa": 656565.2064948434,
                    "max_stress_pa": 1135959.3645839822,
                    "max_to_p95_ratio": 1.0
                  }
                },
                {
                  "element_count": 12,
                  "elements_per_original_element": 2,
                  "max_relative_change": 0.4238574396334932,
                  "p95_relative_change": 0.4238574396334932,
                  "rms_relative_change": 0.19684318014506036,
                  "statistics": {
                    "area_weighted_mean_stress_pa": 405140.9729843127,
                    "area_weighted_p95_stress_pa": 1971663.6866079709,
                    "area_weighted_rms_stress_pa": 817480.708952241,
                    "max_stress_pa": 1971663.6866079709,
                    "max_to_p95_ratio": 1.0
                  }
                },
                {
                  "element_count": 48,
                  "elements_per_original_element": 4,
                  "max_relative_change": 0.4689060807260253,
                  "p95_relative_change": 0.515714762350082,
                  "rms_relative_change": 0.040854290300578466,
                  "statistics": {
                    "area_weighted_mean_stress_pa": 307581.75953695073,
                    "area_weighted_p95_stress_pa": 954847.6170346546,
                    "area_weighted_rms_stress_pa": 784083.1147535834,
                    "max_stress_pa": 3712457.655895042,
                    "max_to_p95_ratio": 3.888010599454954
                  }
                },
                {
                  "element_count": 192,
                  "elements_per_original_element": 8,
                  "max_relative_change": 0.4148901637267273,
                  "p95_relative_change": 0.3405227459880485,
                  "rms_relative_change": 0.009214302886731692,
                  "statistics": {
                    "area_weighted_mean_stress_pa": 287213.7732619226,
                    "area_weighted_p95_stress_pa": 1447885.5960926746,
                    "area_weighted_rms_stress_pa": 776858.3354458719,
                    "max_stress_pa": 6344890.18256934,
                    "max_to_p95_ratio": 4.382176464557648
                  }
                }
              ],
              "schema_version": "kyuubiki.composite-thermal-stress-recovery/v1",
              "status": "fail"
            },
            "max_change_ratio_graded_to_uniform": 1.597803252944484,
            "p95_change_ratio_graded_to_uniform": 1.144015275389339,
            "qualification_effect": "diagnostic_only_does_not_override_uniform_mesh_gates",
            "rms_change_ratio_graded_to_uniform": 0.571036794511939,
            "schema_version": "kyuubiki.composite-thermal-interface-grading-assessment/v1",
            "strain_energy_change_ratio_graded_to_uniform": 0.9046399755304074
          },
          "thermal_mesh_convergence": {
            "algebraic_validation": {
              "max_relative_residual": 2.1277926304799272e-14,
              "method": "original_system_recomputed_l2_residual_over_max_rhs_l2_or_one",
              "qualification_effect": "algebraic_gate_does_not_override_discretization_gates",
              "relative_residual_tolerance": 1e-10,
              "required_series": [
                "uniform_full_edge_clamp",
                "uniform_regularized_restraint",
                "interface_graded_full_edge_clamp"
              ],
              "schema_version": "kyuubiki.composite-thermal-algebraic-validation/v1",
              "series": [
                {
                  "label": "uniform_full_edge_clamp",
                  "max_relative_residual": 1.5114931214472042e-14,
                  "samples": [
                    {
                      "element_count": 3,
                      "elements_per_original_element": 1,
                      "matrix_non_zero_count": 112,
                      "node_count": 8,
                      "relative_residual": 2.397405339534931e-16,
                      "residual_norm": 3.8019267937284805e-14,
                      "rhs_norm": 158.58506407039246,
                      "solver_iterations": 0
                    },
                    {
                      "element_count": 12,
                      "elements_per_original_element": 2,
                      "matrix_non_zero_count": 439,
                      "node_count": 21,
                      "relative_residual": 9.108766292684514e-16,
                      "residual_norm": 1.4219937410448978e-13,
                      "rhs_norm": 156.11266063406825,
                      "solver_iterations": 0
                    },
                    {
                      "element_count": 48,
                      "elements_per_original_element": 4,
                      "matrix_non_zero_count": 1747,
                      "node_count": 65,
                      "relative_residual": 3.736711410346824e-15,
                      "residual_norm": 4.588269885846343e-13,
                      "rhs_norm": 122.78898159332248,
                      "solver_iterations": 0
                    },
                    {
                      "element_count": 192,
                      "elements_per_original_element": 8,
                      "matrix_non_zero_count": 6925,
                      "node_count": 225,
                      "relative_residual": 1.5114931214472042e-14,
                      "residual_norm": 1.373222742663881e-12,
                      "rhs_norm": 90.852066951457,
                      "solver_iterations": 0
                    }
                  ],
                  "solver_path": "dense_direct",
                  "status": "pass"
                },
                {
                  "label": "uniform_regularized_restraint",
                  "max_relative_residual": 1.7086141500533403e-14,
                  "samples": [
                    {
                      "element_count": 3,
                      "elements_per_original_element": 1,
                      "matrix_non_zero_count": 121,
                      "node_count": 8,
                      "relative_residual": 2.856744603707991e-16,
                      "residual_norm": 5.059148259118772e-14,
                      "rhs_norm": 177.09487409382373,
                      "solver_iterations": 0
                    },
                    {
                      "element_count": 12,
                      "elements_per_original_element": 2,
                      "matrix_non_zero_count": 462,
                      "node_count": 21,
                      "relative_residual": 1.079057771954648e-15,
                      "residual_norm": 1.7374012696982397e-13,
                      "rhs_norm": 161.01095926968227,
                      "solver_iterations": 0
                    },
                    {
                      "element_count": 48,
                      "elements_per_original_element": 4,
                      "matrix_non_zero_count": 1799,
                      "node_count": 65,
                      "relative_residual": 4.9593018909313146e-15,
                      "residual_norm": 6.167401560226154e-13,
                      "rhs_norm": 124.3602768265428,
                      "solver_iterations": 0
                    },
                    {
                      "element_count": 192,
                      "elements_per_original_element": 8,
                      "matrix_non_zero_count": 7030,
                      "node_count": 225,
                      "relative_residual": 1.7086141500533403e-14,
                      "residual_norm": 1.5614138924817269e-12,
                      "rhs_norm": 91.3848157252462,
                      "solver_iterations": 0
                    }
                  ],
                  "solver_path": "dense_direct",
                  "status": "pass"
                },
                {
                  "label": "interface_graded_full_edge_clamp",
                  "max_relative_residual": 2.1277926304799272e-14,
                  "samples": [
                    {
                      "element_count": 3,
                      "elements_per_original_element": 1,
                      "matrix_non_zero_count": 112,
                      "node_count": 8,
                      "relative_residual": 2.397405339534931e-16,
                      "residual_norm": 3.8019267937284805e-14,
                      "rhs_norm": 158.58506407039246,
                      "solver_iterations": 0
                    },
                    {
                      "element_count": 12,
                      "elements_per_original_element": 2,
                      "matrix_non_zero_count": 444,
                      "node_count": 21,
                      "relative_residual": 9.981414582342585e-16,
                      "residual_norm": 1.558225187341188e-13,
                      "rhs_norm": 156.11266063406825,
                      "solver_iterations": 0
                    },
                    {
                      "element_count": 48,
                      "elements_per_original_element": 4,
                      "matrix_non_zero_count": 1748,
                      "node_count": 65,
                      "relative_residual": 5.054094427260654e-15,
                      "residual_norm": 6.878065119223481e-13,
                      "rhs_norm": 136.08897139168468,
                      "solver_iterations": 0
                    },
                    {
                      "element_count": 192,
                      "elements_per_original_element": 8,
                      "matrix_non_zero_count": 6948,
                      "node_count": 225,
                      "relative_residual": 2.1277926304799272e-14,
                      "residual_norm": 2.1853091284286434e-12,
                      "rhs_norm": 102.70310636125024,
                      "solver_iterations": 0
                    }
                  ],
                  "solver_path": "dense_direct",
                  "status": "pass"
                }
              ],
              "status": "pass"
            },
            "convergence_tolerance": 0.02,
            "diagnostic_metrics": [
              "max_von_mises_stress_pa"
            ],
            "finest_pair_displacement_relative_change": 0.0026669133127224455,
            "finest_pair_peak_stress_relative_change": 0.25966286084482193,
            "finest_pair_strain_energy_relative_change": 0.13182483260533262,
            "method": "structured_quad_h_refinement_preserving_piecewise_linear_temperature_full_edge_clamp",
            "pass_metrics": [
              "max_displacement_m",
              "total_strain_energy_j"
            ],
            "refinement_levels": [
              1,
              2,
              4,
              8
            ],
            "regime_assessment": {
              "diagnosis": "pass_metrics_lack_qualified_discretization_uncertainty",
              "gci_safety_factor": 1.25,
              "method": "four_level_constant_ratio_observed_order_and_fine_grid_gci",
              "metrics": [
                {
                  "coarse_triplet_observed_order": 3.8606973995448097,
                  "fine_grid_gci": null,
                  "fine_triplet_observed_order": 0.2161470175538084,
                  "metric": "max_displacement_m",
                  "observed_order_relative_difference": 0.944013478606406,
                  "qualification_role": "pass_metric",
                  "regime": "oscillatory",
                  "richardson_extrapolated_value": null,
                  "unit": "m"
                },
                {
                  "coarse_triplet_observed_order": 1.08315090366983,
                  "fine_grid_gci": 0.12734426103005386,
                  "fine_triplet_observed_order": 1.316412596088978,
                  "metric": "total_strain_energy_j",
                  "observed_order_relative_difference": 0.1771949714794293,
                  "qualification_role": "pass_metric",
                  "regime": "asymptotic_converging",
                  "richardson_extrapolated_value": 7.366015721434987e-6,
                  "unit": "J"
                },
                {
                  "coarse_triplet_observed_order": 0.0412739077317795,
                  "fine_grid_gci": null,
                  "fine_triplet_observed_order": -0.26572131414395217,
                  "metric": "max_von_mises_stress_pa",
                  "observed_order_relative_difference": 1.155327802230497,
                  "qualification_role": "diagnostic_metric",
                  "regime": "monotonic_diverging",
                  "richardson_extrapolated_value": null,
                  "unit": "Pa"
                }
              ],
              "order_consistency_tolerance": 0.25,
              "qualification_effect": "gci_gates_require_asymptotic_pass_metric_evidence",
              "qualification_tolerance": 0.02,
              "refinement_ratio": 2.0,
              "schema_version": "kyuubiki.composite-thermal-convergence-regime/v1",
              "status": "fail"
            },
            "samples": [
              {
                "displacement_relative_change": null,
                "element_count": 3,
                "elements_per_original_element": 1,
                "max_displacement_m": 2.5658959745850193e-6,
                "max_von_mises_stress_pa": 1135959.3645839822,
                "node_count": 8,
                "peak_stress_relative_change": null,
                "strain_energy_relative_change": null,
                "total_strain_energy_j": 0.000019119267296605745
              },
              {
                "displacement_relative_change": 0.04330573592191762,
                "element_count": 12,
                "elements_per_original_element": 2,
                "max_displacement_m": 2.454777961106529e-6,
                "max_von_mises_stress_pa": 1971663.686607972,
                "node_count": 21,
                "peak_stress_relative_change": 0.42385743963349354,
                "strain_energy_relative_change": 0.3436807977440766,
                "total_strain_energy_j": 0.000012548342259826043
              },
              {
                "displacement_relative_change": 0.0031062428612493188,
                "element_count": 48,
                "elements_per_original_element": 4,
                "max_displacement_m": 2.4624268569522856e-6,
                "max_von_mises_stress_pa": 2783798.194015593,
                "node_count": 65,
                "peak_stress_relative_change": 0.2917361284138658,
                "strain_energy_relative_change": 0.24716060244018948,
                "total_strain_energy_j": 9.446886427261753e-6
              },
              {
                "displacement_relative_change": 0.0026669133127224455,
                "element_count": 192,
                "elements_per_original_element": 8,
                "max_displacement_m": 2.4690114965817843e-6,
                "max_von_mises_stress_pa": 3760176.3396501658,
                "node_count": 225,
                "peak_stress_relative_change": 0.25966286084482193,
                "strain_energy_relative_change": 0.13182483260533262,
                "total_strain_energy_j": 8.201552205346382e-6
              }
            ],
            "schema_version": "kyuubiki.composite-thermal-mesh-convergence/v1",
            "status": "fail"
          },
          "thermal_stress_recovery": {
            "convergence_tolerance": 0.02,
            "diagnostic_metrics": [
              "max_stress_pa",
              "max_to_p95_ratio"
            ],
            "finest_pair_max_relative_change": 0.25966286084482193,
            "finest_pair_p95_relative_change": 0.29765576851424436,
            "finest_pair_rms_relative_change": 0.01613609311219094,
            "method": "uniform_mesh_element_area_weighted_von_mises_p95_and_rms",
            "pass_metrics": [
              "area_weighted_rms_stress_pa",
              "area_weighted_p95_stress_pa"
            ],
            "refinement_levels": [
              1,
              2,
              4,
              8
            ],
            "samples": [
              {
                "element_count": 3,
                "elements_per_original_element": 1,
                "max_relative_change": null,
                "p95_relative_change": null,
                "rms_relative_change": null,
                "statistics": {
                  "area_weighted_mean_stress_pa": 400198.6828413832,
                  "area_weighted_p95_stress_pa": 1135959.3645839822,
                  "area_weighted_rms_stress_pa": 656565.2064948434,
                  "max_stress_pa": 1135959.3645839822,
                  "max_to_p95_ratio": 1.0
                }
              },
              {
                "element_count": 12,
                "elements_per_original_element": 2,
                "max_relative_change": 0.42385743963349354,
                "p95_relative_change": 0.42385743963349354,
                "rms_relative_change": 0.19684318014506036,
                "statistics": {
                  "area_weighted_mean_stress_pa": 405140.9729843121,
                  "area_weighted_p95_stress_pa": 1971663.686607972,
                  "area_weighted_rms_stress_pa": 817480.708952241,
                  "max_stress_pa": 1971663.686607972,
                  "max_to_p95_ratio": 1.0
                }
              },
              {
                "element_count": 48,
                "elements_per_original_element": 4,
                "max_relative_change": 0.2917361284138658,
                "p95_relative_change": 0.24522235043939425,
                "rms_relative_change": 0.02136112665799257,
                "statistics": {
                  "area_weighted_mean_stress_pa": 320432.52630149527,
                  "area_weighted_p95_stress_pa": 2612244.3977451865,
                  "area_weighted_rms_stress_pa": 800018.3999878466,
                  "max_stress_pa": 2783798.194015593,
                  "max_to_p95_ratio": 1.065672950210358
                }
              },
              {
                "element_count": 192,
                "elements_per_original_element": 8,
                "max_relative_change": 0.25966286084482193,
                "p95_relative_change": 0.29765576851424436,
                "rms_relative_change": 0.01613609311219094,
                "statistics": {
                  "area_weighted_mean_stress_pa": 294333.9911349659,
                  "area_weighted_p95_stress_pa": 1834694.7839873135,
                  "area_weighted_rms_stress_pa": 787109.2285941767,
                  "max_stress_pa": 3760176.3396501658,
                  "max_to_p95_ratio": 2.0494833105036867
                }
              }
            ],
            "schema_version": "kyuubiki.composite-thermal-stress-recovery/v1",
            "status": "fail"
          }
        },
        "status": "completed"
      },
      "requires_confirmation": false
    },
    {
      "index": 4,
      "action": "solve_composite_thermo_electric_panel",
      "risk": "normal",
      "status": "executed",
      "payload": {
        "electric_conduction_feedback": {
          "parameter_source": "screening_reference_not_material_card",
          "regions": [
            {
              "element_id": "conductor_left",
              "reference_resistivity_ohm_m": 2.82e-8,
              "reference_temperature_c": 35.0,
              "resistivity_temperature_coefficient_1_k": 0.00403
            }
          ]
        },
        "electric_conduction_model": {
          "contact_interfaces": [],
          "elements": [
            {
              "electrical_conductivity_s_m": 35460992.90780142,
              "id": "conductor_left",
              "node_i": 0,
              "node_j": 1,
              "node_k": 2,
              "node_l": 3,
              "thickness": 0.001
            }
          ],
          "nodes": [
            {
              "current_source_a": 0.0,
              "electric_potential_v": 0.0,
              "fix_electric_potential": true,
              "id": "n0",
              "x": 0.0,
              "y": 0.0
            },
            {
              "current_source_a": 0.0,
              "electric_potential_v": 0.000056399999999999995,
              "fix_electric_potential": true,
              "id": "n1",
              "x": 0.03,
              "y": 0.0
            },
            {
              "current_source_a": 0.0,
              "electric_potential_v": 0.000056399999999999995,
              "fix_electric_potential": true,
              "id": "n5",
              "x": 0.03,
              "y": 0.03
            },
            {
              "current_source_a": 0.0,
              "electric_potential_v": 0.0,
              "fix_electric_potential": true,
              "id": "n4",
              "x": 0.0,
              "y": 0.03
            }
          ],
          "terminals": []
        },
        "electrostatic_model": {
          "elements": [
            {
              "id": "conductor_left",
              "node_i": 0,
              "node_j": 1,
              "node_k": 5,
              "node_l": 4,
              "permittivity": 1.0,
              "thickness": 0.001
            },
            {
              "id": "dielectric_core",
              "node_i": 1,
              "node_j": 2,
              "node_k": 6,
              "node_l": 5,
              "permittivity": 9.8,
              "thickness": 0.001
            },
            {
              "id": "substrate_right",
              "node_i": 2,
              "node_j": 3,
              "node_k": 7,
              "node_l": 6,
              "permittivity": 4.2,
              "thickness": 0.001
            }
          ],
          "nodes": [
            {
              "charge_density": 0.0,
              "fix_potential": true,
              "id": "n0",
              "potential": 0.0,
              "x": 0.0,
              "y": 0.0
            },
            {
              "charge_density": 0.0,
              "fix_potential": false,
              "id": "n1",
              "potential": 0.0,
              "x": 0.03,
              "y": 0.0
            },
            {
              "charge_density": 0.0,
              "fix_potential": false,
              "id": "n2",
              "potential": 0.0,
              "x": 0.06,
              "y": 0.0
            },
            {
              "charge_density": 0.0,
              "fix_potential": true,
              "id": "n3",
              "potential": 1210,
              "x": 0.09,
              "y": 0.0
            },
            {
              "charge_density": 0.0,
              "fix_potential": true,
              "id": "n4",
              "potential": 0.0,
              "x": 0.0,
              "y": 0.03
            },
            {
              "charge_density": 0.0,
              "fix_potential": false,
              "id": "n5",
              "potential": 0.0,
              "x": 0.03,
              "y": 0.03
            },
            {
              "charge_density": 0.0,
              "fix_potential": false,
              "id": "n6",
              "potential": 0.0,
              "x": 0.06,
              "y": 0.03
            },
            {
              "charge_density": 0.0,
              "fix_potential": true,
              "id": "n7",
              "potential": 1210,
              "x": 0.09,
              "y": 0.03
            }
          ]
        },
        "electrothermal_feedback": {
          "conductivity_relative_change_tolerance": 1e-9,
          "loss_relative_change_tolerance": 1e-9,
          "loss_tangent_temperature_coefficient_1_k": 0.001,
          "max_iterations": 12,
          "parameter_source": "screening_sensitivity_not_material_card",
          "relative_permittivity_temperature_coefficient_1_k": 0.0001,
          "relaxation_factor": 0.8,
          "temperature_residual_tolerance_c": 1e-7,
          "thermal_conductivity_models": [
            {
              "element_id": "conductor_left",
              "reference_temperature_c": 35.0,
              "temperature_coefficient_1_k": -0.001
            },
            {
              "element_id": "dielectric_core",
              "reference_temperature_c": 35.0,
              "temperature_coefficient_1_k": -0.002
            },
            {
              "element_id": "substrate_right",
              "reference_temperature_c": 35.0,
              "temperature_coefficient_1_k": -0.0012
            }
          ]
        },
        "electrothermal_loss": {
          "frequency_hz": 10000000.0,
          "loss_tangent": 0.0002,
          "reference_temperature_c": 35.0,
          "relative_permittivity": 9.8,
          "source_element_id": "dielectric_core"
        },
        "heat_model": {
          "elements": [
            {
              "conductivity": 167.0,
              "id": "conductor_left",
              "node_i": 0,
              "node_j": 1,
              "node_k": 5,
              "node_l": 4,
              "thickness": 0.001
            },
            {
              "conductivity": 0.25,
              "id": "dielectric_core",
              "node_i": 1,
              "node_j": 2,
              "node_k": 6,
              "node_l": 5,
              "thickness": 0.001
            },
            {
              "conductivity": 160.0,
              "id": "substrate_right",
              "node_i": 2,
              "node_j": 3,
              "node_k": 7,
              "node_l": 6,
              "thickness": 0.001
            }
          ],
          "nodes": [
            {
              "fix_temperature": false,
              "heat_load": 0.0,
              "id": "n0",
              "temperature": 35.0,
              "x": 0.0,
              "y": 0.0
            },
            {
              "fix_temperature": false,
              "heat_load": 0.0,
              "id": "n1",
              "temperature": 35.0,
              "x": 0.03,
              "y": 0.0
            },
            {
              "fix_temperature": false,
              "heat_load": 0.0,
              "id": "n2",
              "temperature": 35.0,
              "x": 0.06,
              "y": 0.0
            },
            {
              "fix_temperature": true,
              "heat_load": 0.0,
              "id": "n3",
              "temperature": 35.0,
              "x": 0.09,
              "y": 0.0
            },
            {
              "fix_temperature": false,
              "heat_load": 0.0,
              "id": "n4",
              "temperature": 35.0,
              "x": 0.0,
              "y": 0.03
            },
            {
              "fix_temperature": false,
              "heat_load": 0.0,
              "id": "n5",
              "temperature": 35.0,
              "x": 0.03,
              "y": 0.03
            },
            {
              "fix_temperature": false,
              "heat_load": 0.0,
              "id": "n6",
              "temperature": 35.0,
              "x": 0.06,
              "y": 0.03
            },
            {
              "fix_temperature": true,
              "heat_load": 0.0,
              "id": "n7",
              "temperature": 35.0,
              "x": 0.09,
              "y": 0.03
            }
          ]
        },
        "research": {
          "candidate_id": "aluminum_alumina_aluminum",
          "candidate_label": "Aluminum / Alumina / Aluminum",
          "coupling": "iterative_dielectric_and_conductor_joule_heating_with_temperature_dependent_electrical_thermal_feedback_and_expansion_projection",
          "materials": {
            "conductor": "aluminum",
            "dielectric": "alumina_96",
            "substrate": "aluminum_6061"
          },
          "study": "material.composite_thermo_electric_panel.v1"
        },
        "thermal_expansion_feedback": {
          "parameter_source": "screening_sensitivity_not_material_card",
          "regions": [
            {
              "element_id": "conductor_left",
              "reference_temperature_c": 35.0,
              "temperature_coefficient_1_k": 0.0002
            },
            {
              "element_id": "dielectric_core",
              "reference_temperature_c": 35.0,
              "temperature_coefficient_1_k": 0.0008
            },
            {
              "element_id": "substrate_right",
              "reference_temperature_c": 35.0,
              "temperature_coefficient_1_k": 0.0003
            }
          ]
        },
        "thermal_model": {
          "elements": [
            {
              "id": "conductor_left",
              "node_i": 0,
              "node_j": 1,
              "node_k": 5,
              "node_l": 4,
              "poisson_ratio": 0.32,
              "thermal_expansion": 0.000017,
              "thickness": 0.001,
              "youngs_modulus": 110000000000.0
            },
            {
              "id": "dielectric_core",
              "node_i": 1,
              "node_j": 2,
              "node_k": 6,
              "node_l": 5,
              "poisson_ratio": 0.32,
              "thermal_expansion": 0.000045,
              "thickness": 0.001,
              "youngs_modulus": 2500000000.0
            },
            {
              "id": "substrate_right",
              "node_i": 2,
              "node_j": 3,
              "node_k": 7,
              "node_l": 6,
              "poisson_ratio": 0.32,
              "thermal_expansion": 0.0000236,
              "thickness": 0.001,
              "youngs_modulus": 68900000000.0
            }
          ],
          "nodes": [
            {
              "fix_x": true,
              "fix_y": true,
              "id": "n0",
              "load_x": 0.0,
              "load_y": 0.0,
              "temperature_delta": 0.0,
              "x": 0.0,
              "y": 0.0
            },
            {
              "fix_x": false,
              "fix_y": false,
              "id": "n1",
              "load_x": 0.0,
              "load_y": 0.0,
              "temperature_delta": 0.0,
              "x": 0.03,
              "y": 0.0
            },
            {
              "fix_x": false,
              "fix_y": false,
              "id": "n2",
              "load_x": 0.0,
              "load_y": 0.0,
              "temperature_delta": 0.0,
              "x": 0.06,
              "y": 0.0
            },
            {
              "fix_x": false,
              "fix_y": false,
              "id": "n3",
              "load_x": 0.0,
              "load_y": 0.0,
              "temperature_delta": 0.0,
              "x": 0.09,
              "y": 0.0
            },
            {
              "fix_x": true,
              "fix_y": true,
              "id": "n4",
              "load_x": 0.0,
              "load_y": 0.0,
              "temperature_delta": 0.0,
              "x": 0.0,
              "y": 0.03
            },
            {
              "fix_x": false,
              "fix_y": false,
              "id": "n5",
              "load_x": 0.0,
              "load_y": 0.0,
              "temperature_delta": 0.0,
              "x": 0.03,
              "y": 0.03
            },
            {
              "fix_x": false,
              "fix_y": false,
              "id": "n6",
              "load_x": 0.0,
              "load_y": 0.0,
              "temperature_delta": 0.0,
              "x": 0.06,
              "y": 0.03
            },
            {
              "fix_x": false,
              "fix_y": false,
              "id": "n7",
              "load_x": 0.0,
              "load_y": 0.0,
              "temperature_delta": 0.0,
              "x": 0.09,
              "y": 0.03
            }
          ]
        }
      },
      "result_preview": {
        "job": {
          "created_at": "2026-08-13T10:09:14.463217Z",
          "execution_started_at": null,
          "execution_timeout_ms": 120000,
          "has_result": false,
          "iteration": null,
          "job_id": "724cb10550744e83",
          "message": null,
          "model_version_id": null,
          "progress": 0.0,
          "project_id": "bdc87e398903b94c",
          "queue_timeout_ms": 1800000,
          "residual": null,
          "simulation_case_id": "a28f5df90055e329",
          "status": "queued",
          "status_detail": {
            "active": true,
            "failure_class": null,
            "lifecycle": "active",
            "recoverable": false,
            "terminal": false,
            "timing": {
              "effective_deadline": "2026-08-13T10:39:14.463217Z",
              "effective_timeout_ms": 1800000,
              "execution_elapsed_ms": null,
              "execution_started_at": null,
              "execution_timeout_ms": 120000,
              "job_submission_deadline": "2026-08-13T10:39:14.463217Z",
              "phase": "queue",
              "queue_timeout_ms": 1800000,
              "queue_wait_ms": 0,
              "total_elapsed_ms": 0
            }
          },
          "updated_at": "2026-08-13T10:09:14.463217Z",
          "worker_id": null
        },
        "job_id": "724cb10550744e83",
        "progress": 0.0,
        "raw": {
          "job": {
            "created_at": "2026-08-13T10:09:14.463217Z",
            "execution_started_at": null,
            "execution_timeout_ms": 120000,
            "has_result": false,
            "iteration": null,
            "job_id": "724cb10550744e83",
            "message": null,
            "model_version_id": null,
            "progress": 0.0,
            "project_id": "bdc87e398903b94c",
            "queue_timeout_ms": 1800000,
            "residual": null,
            "simulation_case_id": "a28f5df90055e329",
            "status": "queued",
            "status_detail": {
              "active": true,
              "failure_class": null,
              "lifecycle": "active",
              "recoverable": false,
              "terminal": false,
              "timing": {
                "effective_deadline": "2026-08-13T10:39:14.463217Z",
                "effective_timeout_ms": 1800000,
                "execution_elapsed_ms": null,
                "execution_started_at": null,
                "execution_timeout_ms": 120000,
                "job_submission_deadline": "2026-08-13T10:39:14.463217Z",
                "phase": "queue",
                "queue_timeout_ms": 1800000,
                "queue_wait_ms": 0,
                "total_elapsed_ms": 0
              }
            },
            "updated_at": "2026-08-13T10:09:14.463217Z",
            "worker_id": null
          }
        },
        "status": "queued"
      },
      "requires_confirmation": false
    },
    {
      "index": 5,
      "action": "job_wait",
      "risk": "normal",
      "status": "executed",
      "payload": {
        "interval_ms": 1000,
        "job_id": "724cb10550744e83",
        "max_total_timeout_ms": 3600000,
        "resume_policy": "server_deadline",
        "timeout_ms": 60000
      },
      "result_preview": {
        "job": {
          "created_at": "2026-08-13T10:09:14.463217Z",
          "execution_started_at": "2026-08-13T10:09:14.469078Z",
          "execution_timeout_ms": 120000,
          "iteration": 4,
          "job_id": "724cb10550744e83",
          "message": "collecting nodal and elemental responses",
          "model_version_id": null,
          "progress": 1.0,
          "project_id": "bdc87e398903b94c",
          "queue_timeout_ms": 1800000,
          "residual": 0.2,
          "simulation_case_id": "a28f5df90055e329",
          "status": "completed",
          "status_detail": {
            "active": false,
            "failure_class": null,
            "lifecycle": "terminal",
            "recoverable": false,
            "terminal": true,
            "timing": {
              "effective_deadline": "2026-08-13T10:11:14.469078Z",
              "effective_timeout_ms": 120000,
              "execution_elapsed_ms": 12067,
              "execution_started_at": "2026-08-13T10:09:14.469078Z",
              "execution_timeout_ms": 120000,
              "job_submission_deadline": "2026-08-13T10:39:14.463217Z",
              "phase": "execution",
              "queue_timeout_ms": 1800000,
              "queue_wait_ms": 5,
              "total_elapsed_ms": 12073
            }
          },
          "updated_at": "2026-08-13T10:09:26.536834Z",
          "worker_id": "rust-agent-rpc@127.0.0.1:5001"
        },
        "job_id": "724cb10550744e83",
        "progress": 1.0,
        "raw": {
          "job": {
            "created_at": "2026-08-13T10:09:14.463217Z",
            "execution_started_at": "2026-08-13T10:09:14.469078Z",
            "execution_timeout_ms": 120000,
            "iteration": 4,
            "job_id": "724cb10550744e83",
            "message": "collecting nodal and elemental responses",
            "model_version_id": null,
            "progress": 1.0,
            "project_id": "bdc87e398903b94c",
            "queue_timeout_ms": 1800000,
            "residual": 0.2,
            "simulation_case_id": "a28f5df90055e329",
            "status": "completed",
            "status_detail": {
              "active": false,
              "failure_class": null,
              "lifecycle": "terminal",
              "recoverable": false,
              "terminal": true,
              "timing": {
                "effective_deadline": "2026-08-13T10:11:14.469078Z",
                "effective_timeout_ms": 120000,
                "execution_elapsed_ms": 12067,
                "execution_started_at": "2026-08-13T10:09:14.469078Z",
                "execution_timeout_ms": 120000,
                "job_submission_deadline": "2026-08-13T10:39:14.463217Z",
                "phase": "execution",
                "queue_timeout_ms": 1800000,
                "queue_wait_ms": 5,
                "total_elapsed_ms": 12073
              }
            },
            "updated_at": "2026-08-13T10:09:26.536834Z",
            "worker_id": "rust-agent-rpc@127.0.0.1:5001"
          }
        },
        "result": null,
        "status": "completed",
        "wait": {
          "elapsed_ms": 12246,
          "policy": "server_deadline",
          "poll_attempts": 13,
          "resume_count": 0
        }
      },
      "requires_confirmation": false
    },
    {
      "index": 6,
      "action": "result_fetch",
      "risk": "normal",
      "status": "executed",
      "payload": {
        "job_id": "724cb10550744e83"
      },
      "result_preview": {
        "job": {
          "created_at": "2026-08-13T10:09:14.463217Z",
          "execution_started_at": "2026-08-13T10:09:14.469078Z",
          "execution_timeout_ms": 120000,
          "has_result": true,
          "iteration": 4,
          "job_id": "724cb10550744e83",
          "message": "collecting nodal and elemental responses",
          "model_version_id": null,
          "progress": 1.0,
          "project_id": "bdc87e398903b94c",
          "queue_timeout_ms": 1800000,
          "residual": 0.2,
          "simulation_case_id": "a28f5df90055e329",
          "status": "completed",
          "status_detail": {
            "active": false,
            "failure_class": null,
            "lifecycle": "terminal",
            "recoverable": false,
            "terminal": true,
            "timing": {
              "effective_deadline": "2026-08-13T10:11:14.469078Z",
              "effective_timeout_ms": 120000,
              "execution_elapsed_ms": 12067,
              "execution_started_at": "2026-08-13T10:09:14.469078Z",
              "execution_timeout_ms": 120000,
              "job_submission_deadline": "2026-08-13T10:39:14.463217Z",
              "phase": "execution",
              "queue_timeout_ms": 1800000,
              "queue_wait_ms": 5,
              "total_elapsed_ms": 12073
            }
          },
          "updated_at": "2026-08-13T10:09:26.536834Z",
          "worker_id": "rust-agent-rpc@127.0.0.1:5001"
        },
        "job_id": "724cb10550744e83",
        "result": {
          "electric_conduction": {
            "contact_interfaces": [],
            "current_balance_relative_error": 0.0,
            "elements": [
              {
                "area_m2": 0.0009,
                "average_electric_potential_v": 0.0000282,
                "current_density_magnitude_a_m2": 66540.62856096448,
                "current_density_x_a_m2": -66540.62856096448,
                "current_density_y_a_m2": -0.0,
                "electric_field_magnitude_v_m": 0.00188,
                "electric_field_x_v_m": -0.00188,
                "electric_field_y_v_m": -0.0,
                "electric_potential_gradient_x_v_m": 0.00188,
                "electric_potential_gradient_y_v_m": 0.0,
                "id": "conductor_left",
                "index": 0,
                "joule_power_w": 0.00011258674352515192,
                "node_i": 0,
                "node_j": 1,
                "node_k": 2,
                "node_l": 3,
                "peak_current_density_magnitude_a_m2": 66540.62856096448,
                "peak_electric_field_magnitude_v_m": 0.00188,
                "rms_current_density_magnitude_a_m2": 66540.62856096448,
                "rms_electric_field_magnitude_v_m": 0.00188,
                "volumetric_joule_heating_w_m3": 125.09638169461324
              }
            ],
            "free_current_residual_relative_error": 0.0,
            "input": {
              "contact_interfaces": [],
              "elements": [
                {
                  "electrical_conductivity_s_m": 35393951.362215154,
                  "id": "conductor_left",
                  "node_i": 0,
                  "node_j": 1,
                  "node_k": 2,
                  "node_l": 3,
                  "thickness": 0.001
                }
              ],
              "nodes": [
                {
                  "current_source_a": 0.0,
                  "electric_potential_v": 0.0,
                  "fix_electric_potential": true,
                  "id": "n0",
                  "x": 0.0,
                  "y": 0.0
                },
                {
                  "current_source_a": 0.0,
                  "electric_potential_v": 0.000056399999999999995,
                  "fix_electric_potential": true,
                  "id": "n1",
                  "x": 0.03,
                  "y": 0.0
                },
                {
                  "current_source_a": 0.0,
                  "electric_potential_v": 0.000056399999999999995,
                  "fix_electric_potential": true,
                  "id": "n5",
                  "x": 0.03,
                  "y": 0.03
                },
                {
                  "current_source_a": 0.0,
                  "electric_potential_v": 0.0,
                  "fix_electric_potential": true,
                  "id": "n4",
                  "x": 0.0,
                  "y": 0.03
                }
              ],
              "terminals": []
            },
            "max_current_density_a_m2": 66540.62856096448,
            "max_electric_field_v_m": 0.00188,
            "max_electric_potential_v": 0.000056399999999999995,
            "max_free_current_residual_a": 0.0,
            "nodes": [
              {
                "current_source_a": 0.0,
                "electric_potential_v": 0.0,
                "fix_electric_potential": true,
                "id": "n0",
                "index": 0,
                "net_injected_current_a": -0.9981094284144676,
                "reaction_current_a": -0.9981094284144676,
                "x": 0.0,
                "y": 0.0
              },
              {
                "current_source_a": 0.0,
                "electric_potential_v": 0.000056399999999999995,
                "fix_electric_potential": true,
                "id": "n1",
                "index": 1,
                "net_injected_current_a": 0.9981094284144676,
                "reaction_current_a": 0.9981094284144676,
                "x": 0.03,
                "y": 0.0
              },
              {
                "current_source_a": 0.0,
                "electric_potential_v": 0.000056399999999999995,
                "fix_electric_potential": true,
                "id": "n5",
                "index": 2,
                "net_injected_current_a": 0.9981094284144676,
                "reaction_current_a": 0.9981094284144676,
                "x": 0.03,
                "y": 0.03
              },
              {
                "current_source_a": 0.0,
                "electric_potential_v": 0.0,
                "fix_electric_potential": true,
                "id": "n4",
                "index": 3,
                "net_injected_current_a": -0.9981094284144676,
                "reaction_current_a": -0.9981094284144676,
                "x": 0.0,
                "y": 0.03
              }
            ],
            "power_balance_relative_error": 2.4074818636247643e-16,
            "source_power_balance_relative_error": 2.4074818636247643e-16,
            "terminals": [],
            "total_bulk_joule_power_w": 0.00011258674352515192,
            "total_contact_joule_power_w": -0.0,
            "total_dissipated_power_w": 0.00011258674352515192,
            "total_electrical_input_power_w": 0.00011258674352515194,
            "total_extracted_current_a": 1.9962188568289352,
            "total_injected_current_a": 1.9962188568289352,
            "total_joule_power_w": 0.00011258674352515192,
            "total_source_power_w": 0.00011258674352515194,
            "total_terminal_impedance_power_w": -0.0
          },
          "electrostatic": {
            "elements": [
              {
                "area": 0.0009,
                "average_potential": 451.44750932318584,
                "electric_energy_density": 452899674.8313511,
                "electric_field_magnitude": 30096.500621545725,
                "electric_field_x": -30096.500621545725,
                "electric_field_y": -1.8189894035458565e-12,
                "electric_flux_density_magnitude": 30096.500621545725,
                "electric_flux_density_x": -30096.500621545725,
                "electric_flux_density_y": -1.8189894035458565e-12,
                "id": "conductor_left",
                "index": 0,
                "node_i": 0,
                "node_j": 1,
                "node_k": 5,
                "node_l": 4,
                "potential_gradient_x": 30096.500621545725,
                "potential_gradient_y": 1.8189894035458565e-12,
                "stored_energy": 407.609707348216
              },
              {
                "area": 0.0009,
                "average_potential": 948.9600071033796,
                "electric_energy_density": 46213165.12426115,
                "electric_field_magnitude": 3070.9992304671887,
                "electric_field_x": -3070.9992304671887,
                "electric_field_y": -1.8189894035458565e-12,
                "electric_flux_density_magnitude": 30096.50062154576,
                "electric_flux_density_x": -30096.50062154576,
                "electric_flux_density_y": -1.7826515608105404e-11,
                "id": "dielectric_core",
                "index": 1,
                "node_i": 1,
                "node_j": 2,
                "node_k": 6,
                "node_l": 5,
                "potential_gradient_x": 3070.9992304671887,
                "potential_gradient_y": 1.8189894035458565e-12,
                "stored_energy": 41.59184861183503
              },
              {
                "area": 0.0009,
                "average_potential": 1102.5124977801938,
                "electric_energy_density": 107833255.91222674,
                "electric_field_magnitude": 7165.83348132042,
                "electric_field_x": -7165.83348132042,
                "electric_field_y": -0.0,
                "electric_flux_density_magnitude": 30096.500621545765,
                "electric_flux_density_x": -30096.500621545765,
                "electric_flux_density_y": -0.0,
                "id": "substrate_right",
                "index": 2,
                "node_i": 2,
                "node_j": 3,
                "node_k": 7,
                "node_l": 6,
                "potential_gradient_x": 7165.83348132042,
                "potential_gradient_y": 0.0,
                "stored_energy": 97.04993032100408
              }
            ],
            "input": {
              "elements": [
                {
                  "id": "conductor_left",
                  "node_i": 0,
                  "node_j": 1,
                  "node_k": 5,
                  "node_l": 4,
                  "permittivity": 1.0,
                  "thickness": 0.001
                },
                {
                  "id": "dielectric_core",
                  "node_i": 1,
                  "node_j": 2,
                  "node_k": 6,
                  "node_l": 5,
                  "permittivity": 9.80023059692112,
                  "thickness": 0.001
                },
                {
                  "id": "substrate_right",
                  "node_i": 2,
                  "node_j": 3,
                  "node_k": 7,
                  "node_l": 6,
                  "permittivity": 4.2,
                  "thickness": 0.001
                }
              ],
              "nodes": [
                {
                  "charge_density": 0.0,
                  "fix_potential": true,
                  "id": "n0",
                  "potential": 0.0,
                  "x": 0.0,
                  "y": 0.0
                },
                {
                  "charge_density": 0.0,
                  "fix_potential": false,
                  "id": "n1",
                  "potential": 0.0,
                  "x": 0.03,
                  "y": 0.0
                },
                {
                  "charge_density": 0.0,
                  "fix_potential": false,
                  "id": "n2",
                  "potential": 0.0,
                  "x": 0.06,
                  "y": 0.0
                },
                {
                  "charge_density": 0.0,
                  "fix_potential": true,
                  "id": "n3",
                  "potential": 1210.0,
                  "x": 0.09,
                  "y": 0.0
                },
                {
                  "charge_density": 0.0,
                  "fix_potential": true,
                  "id": "n4",
                  "potential": 0.0,
                  "x": 0.0,
                  "y": 0.03
                },
                {
                  "charge_density": 0.0,
                  "fix_potential": false,
                  "id": "n5",
                  "potential": 0.0,
                  "x": 0.03,
                  "y": 0.03
                },
                {
                  "charge_density": 0.0,
                  "fix_potential": false,
                  "id": "n6",
                  "potential": 0.0,
                  "x": 0.06,
                  "y": 0.03
                },
                {
                  "charge_density": 0.0,
                  "fix_potential": true,
                  "id": "n7",
                  "potential": 1210.0,
                  "x": 0.09,
                  "y": 0.03
                }
              ]
            },
            "max_electric_energy_density": 452899674.8313511,
            "max_electric_field": 30096.500621545725,
            "max_flux_density": 30096.500621545765,
            "max_potential": 1210.0,
            "nodes": [
              {
                "charge_density": 0.0,
                "id": "n0",
                "index": 0,
                "potential": 0.0,
                "x": 0.0,
                "y": 0.0
              },
              {
                "charge_density": 0.0,
                "id": "n1",
                "index": 1,
                "potential": 902.8950186463716,
                "x": 0.03,
                "y": 0.0
              },
              {
                "charge_density": 0.0,
                "id": "n2",
                "index": 2,
                "potential": 995.0249955603874,
                "x": 0.06,
                "y": 0.0
              },
              {
                "charge_density": 0.0,
                "id": "n3",
                "index": 3,
                "potential": 1210.0,
                "x": 0.09,
                "y": 0.0
              },
              {
                "charge_density": 0.0,
                "id": "n4",
                "index": 4,
                "potential": 0.0,
                "x": 0.0,
                "y": 0.03
              },
              {
                "charge_density": 0.0,
                "id": "n5",
                "index": 5,
                "potential": 902.8950186463718,
                "x": 0.03,
                "y": 0.03
              },
              {
                "charge_density": 0.0,
                "id": "n6",
                "index": 6,
                "potential": 995.0249955603872,
                "x": 0.06,
                "y": 0.03
              },
              {
                "charge_density": 0.0,
                "id": "n7",
                "index": 7,
                "potential": 1210.0,
                "x": 0.09,
                "y": 0.03
              }
            ],
            "total_stored_energy": 546.2514862810551
          },
          "electrostatic_mesh_convergence": {
            "finest_pair_relative_change": 7.800604527743073e-15,
            "max_analytic_relative_error": 0.34444444444444405,
            "method": "structured_quad_h_refinement",
            "refinement_levels": [
              1,
              2,
              4,
              8
            ],
            "relative_error_tolerance": 1e-8,
            "samples": [
              {
                "analytic_relative_error": 0.34444444444444405,
                "element_count": 3,
                "elements_per_layer": 1,
                "max_electric_field_v_m": 30096.500621545725,
                "node_count": 8,
                "relative_change_from_previous": null
              },
              {
                "analytic_relative_error": 2.600201509247691e-15,
                "element_count": 6,
                "elements_per_layer": 2,
                "max_electric_field_v_m": 22385.826908587795,
                "node_count": 14,
                "relative_change_from_previous": 0.34444444444444144
              },
              {
                "analytic_relative_error": 4.875377829839419e-16,
                "element_count": 12,
                "elements_per_layer": 4,
                "max_electric_field_v_m": 22385.826908587725,
                "node_count": 26,
                "relative_change_from_previous": 3.0877392922316328e-15
              },
              {
                "analytic_relative_error": 7.313066744759131e-15,
                "element_count": 24,
                "elements_per_layer": 8,
                "max_electric_field_v_m": 22385.8269085879,
                "node_count": 50,
                "relative_change_from_previous": 7.800604527743073e-15
              }
            ],
            "schema_version": "kyuubiki.composite-electrostatic-mesh-convergence/v1",
            "status": "fail"
          },
          "electrothermal_feedback_convergence": {
            "conductivity_relative_change_tolerance": 1e-9,
            "converged": true,
            "final_loss_relative_change": 6.763235644188483e-10,
            "final_max_conductivity_relative_change": 1.8400003151066787e-10,
            "final_temperature_residual_c": 4.5680415894366895e-8,
            "iteration_count": 11,
            "iterations": [
              {
                "converged": false,
                "coupling_temperature_c": 35.0,
                "dielectric_mean_temperature_c": 35.235618466774014,
                "iteration": 1,
                "loss_relative_change": null,
                "loss_tangent": 0.0002,
                "max_conductivity_relative_change": null,
                "max_temperature_c": 35.470811810479205,
                "relative_permittivity": 9.8,
                "temperature_residual_c": 0.4706429482037606,
                "thermal_conductivity_updates": [
                  {
                    "conductivity_relative_change": null,
                    "conductivity_w_mk": 167.0,
                    "coupling_temperature_c": 35.0,
                    "element_id": "conductor_left",
                    "measured_mean_temperature_c": 35.47064294820376
                  },
                  {
                    "conductivity_relative_change": null,
                    "conductivity_w_mk": 0.25,
                    "coupling_temperature_c": 35.0,
                    "element_id": "dielectric_core",
                    "measured_mean_temperature_c": 35.235618466774014
                  },
                  {
                    "conductivity_relative_change": null,
                    "conductivity_w_mk": 160.0,
                    "coupling_temperature_c": 35.0,
                    "element_id": "substrate_right",
                    "measured_mean_temperature_c": 35.000381423809856
                  }
                ],
                "total_joule_loss_w": 0.00011280000000000002,
                "total_loss_w": 9.255619151046442e-6
              },
              {
                "converged": false,
                "coupling_temperature_c": 35.18849477341921,
                "dielectric_mean_temperature_c": 35.23536565265586,
                "iteration": 2,
                "loss_relative_change": 0.0013870838300336836,
                "loss_tangent": 0.00020003769895468384,
                "max_conductivity_relative_change": 0.00037698954683840213,
                "max_temperature_c": 35.47030685543996,
                "relative_permittivity": 9.800184724877951,
                "temperature_residual_c": 0.09362382693030467,
                "thermal_conductivity_updates": [
                  {
                    "conductivity_relative_change": 0.0003765143585629592,
                    "conductivity_w_mk": 166.93712210212,
                    "coupling_temperature_c": 35.37651435856301,
                    "element_id": "conductor_left",
                    "measured_mean_temperature_c": 35.47013818549331
                  },
                  {
                    "conductivity_relative_change": 0.00037698954683840213,
                    "conductivity_w_mk": 0.2499057526132904,
                    "coupling_temperature_c": 35.18849477341921,
                    "element_id": "dielectric_core",
                    "measured_mean_temperature_c": 35.23536565265586
                  },
                  {
                    "conductivity_relative_change": 3.661668575460908e-7,
                    "conductivity_w_mk": 159.9999414133028,
                    "coupling_temperature_c": 35.00030513904788,
                    "element_id": "substrate_right",
                    "measured_mean_temperature_c": 35.000380894882525
                  }
                ],
                "total_joule_loss_w": 0.00011262910190953418,
                "total_loss_w": 9.25721586582311e-6
              },
              {
                "converged": false,
                "coupling_temperature_c": 35.22599147680853,
                "dielectric_mean_temperature_c": 35.23531546218604,
                "iteration": 3,
                "loss_relative_change": 0.0002758059630476985,
                "loss_tangent": 0.00020004519829536173,
                "max_conductivity_relative_change": 0.0000750216891712377,
                "max_temperature_c": 35.47020660818249,
                "relative_permittivity": 9.800221471647273,
                "temperature_residual_c": 0.01862455631290061,
                "thermal_conductivity_updates": [
                  {
                    "conductivity_relative_change": 0.00007492727273833574,
                    "conductivity_w_mk": 166.9246139588421,
                    "coupling_temperature_c": 35.45141342010725,
                    "element_id": "conductor_left",
                    "measured_mean_temperature_c": 35.47003797642015
                  },
                  {
                    "conductivity_relative_change": 0.0000750216891712377,
                    "conductivity_w_mk": 0.24988700426159577,
                    "coupling_temperature_c": 35.22599147680853,
                    "element_id": "dielectric_core",
                    "measured_mean_temperature_c": 35.23531546218604
                  },
                  {
                    "conductivity_relative_change": 7.272562781536713e-8,
                    "conductivity_w_mk": 159.9999297772066,
                    "coupling_temperature_c": 35.0003657437156,
                    "element_id": "substrate_right",
                    "measured_mean_temperature_c": 35.00038078985713
                  }
                ],
                "total_joule_loss_w": 0.00011259516731265643,
                "total_loss_w": 9.257533489444488e-6
              },
              {
                "converged": false,
                "coupling_temperature_c": 35.23345066511054,
                "dielectric_mean_temperature_c": 35.23530548180068,
                "iteration": 4,
                "loss_relative_change": 0.00005486111608046298,
                "loss_tangent": 0.0002000466901330221,
                "max_conductivity_relative_change": 0.00001492512250500906,
                "max_temperature_c": 35.47018667399584,
                "relative_permittivity": 9.800228781651809,
                "temperature_residual_c": 0.003704984668964073,
                "thermal_conductivity_updates": [
                  {
                    "conductivity_relative_change": 0.00001490637398761529,
                    "conductivity_w_mk": 166.92212571811868,
                    "coupling_temperature_c": 35.46631306515757,
                    "element_id": "conductor_left",
                    "measured_mean_temperature_c": 35.470018049826535
                  },
                  {
                    "conductivity_relative_change": 0.00001492512250500906,
                    "conductivity_w_mk": 0.24988327466744473,
                    "coupling_temperature_c": 35.23345066511054,
                    "element_id": "dielectric_core",
                    "measured_mean_temperature_c": 35.23530548180068
                  },
                  {
                    "conductivity_relative_change": 1.4444302232196896e-8,
                    "conductivity_w_mk": 159.99992746611926,
                    "coupling_temperature_c": 35.000377780628824,
                    "element_id": "substrate_right",
                    "measured_mean_temperature_c": 35.000380768972065
                  }
                ],
                "total_joule_loss_w": 0.00011258841915312874,
                "total_loss_w": 9.25759667380876e-6
              },
              {
                "converged": false,
                "coupling_temperature_c": 35.23493451846265,
                "dielectric_mean_temperature_c": 35.23530349656115,
                "iteration": 5,
                "loss_relative_change": 0.0000109133342269494,
                "loss_tangent": 0.00020004698690369256,
                "max_conductivity_relative_change": 2.969092977620824e-6,
                "max_temperature_c": 35.47018270880478,
                "relative_permittivity": 9.800230235828094,
                "temperature_residual_c": 0.0007370332530882706,
                "thermal_conductivity_updates": [
                  {
                    "conductivity_relative_change": 2.9653705261996787e-6,
                    "conductivity_w_mk": 166.9216307321669,
                    "coupling_temperature_c": 35.46927705289274,
                    "element_id": "conductor_left",
                    "measured_mean_temperature_c": 35.47001408614583
                  },
                  {
                    "conductivity_relative_change": 2.969092977620824e-6,
                    "conductivity_w_mk": 0.2498825327407687,
                    "coupling_temperature_c": 35.23493451846265,
                    "element_id": "dielectric_core",
                    "measured_mean_temperature_c": 35.23530349656115
                  },
                  {
                    "conductivity_relative_change": 2.868810846012813e-9,
                    "conductivity_w_mk": 159.99992700710973,
                    "coupling_temperature_c": 35.00038017130342,
                    "element_id": "substrate_right",
                    "measured_mean_temperature_c": 35.00038076481771
                  }
                ],
                "total_joule_loss_w": 0.000112587076837603,
                "total_loss_w": 9.25760924303956e-6
              },
              {
                "converged": false,
                "coupling_temperature_c": 35.23522970094145,
                "dielectric_mean_temperature_c": 35.23530310164505,
                "iteration": 6,
                "loss_relative_change": 2.1709839214832146e-6,
                "loss_tangent": 0.00020004704594018828,
                "max_conductivity_relative_change": 5.906424823120399e-7,
                "max_temperature_c": 35.4701819200245,
                "relative_permittivity": 9.800230525106924,
                "temperature_residual_c": 0.00014661817080252604,
                "thermal_conductivity_updates": [
                  {
                    "conductivity_relative_change": 5.899034305473488e-7,
                    "conductivity_w_mk": 166.9215322645243,
                    "coupling_temperature_c": 35.46986667949521,
                    "element_id": "conductor_left",
                    "measured_mean_temperature_c": 35.470013297666014
                  },
                  {
                    "conductivity_relative_change": 5.906424823120399e-7,
                    "conductivity_w_mk": 0.2498823851495293,
                    "coupling_temperature_c": 35.23522970094145,
                    "element_id": "dielectric_core",
                    "measured_mean_temperature_c": 35.23530310164505
                  },
                  {
                    "conductivity_relative_change": 5.697738215989755e-10,
                    "conductivity_w_mk": 159.99992691594596,
                    "coupling_temperature_c": 35.000380646114856,
                    "element_id": "substrate_right",
                    "measured_mean_temperature_c": 35.00038076399129
                  }
                ],
                "total_joule_loss_w": 0.0001125868098143558,
                "total_loss_w": 9.257611743432349e-6
              },
              {
                "converged": false,
                "coupling_temperature_c": 35.23528842150433,
                "dielectric_mean_temperature_c": 35.235303023079005,
                "iteration": 7,
                "loss_relative_change": 4.318739694857198e-7,
                "loss_tangent": 0.00020004705768430085,
                "max_conductivity_relative_change": 1.1749640300069264e-7,
                "max_temperature_c": 35.47018176310168,
                "relative_permittivity": 9.800230582653075,
                "temperature_residual_c": 0.000029166771099653488,
                "thermal_conductivity_updates": [
                  {
                    "conductivity_relative_change": 1.1734967538851677e-7,
                    "conductivity_w_mk": 166.92151267633668,
                    "coupling_temperature_c": 35.469983974031855,
                    "element_id": "conductor_left",
                    "measured_mean_temperature_c": 35.470013140802955
                  },
                  {
                    "conductivity_relative_change": 1.1749640300069264e-7,
                    "conductivity_w_mk": 0.24988235578924783,
                    "coupling_temperature_c": 35.23528842150433,
                    "element_id": "dielectric_core",
                    "measured_mean_temperature_c": 35.235303023079005
                  },
                  {
                    "conductivity_relative_change": 1.1316144305787779e-10,
                    "conductivity_w_mk": 159.99992689784014,
                    "coupling_temperature_c": 35.000380740416,
                    "element_id": "substrate_right",
                    "measured_mean_temperature_c": 35.00038076382689
                  }
                ],
                "total_joule_loss_w": 0.0001125867566955195,
                "total_loss_w": 9.25761224083466e-6
              },
              {
                "converged": false,
                "coupling_temperature_c": 35.23530010276407,
                "dielectric_mean_temperature_c": 35.23530300745408,
                "iteration": 8,
                "loss_relative_change": 8.591273300058778e-8,
                "loss_tangent": 0.00020004706002055284,
                "max_conductivity_relative_change": 2.3373518511096663e-8,
                "max_temperature_c": 35.47018173189345,
                "relative_permittivity": 9.800230594100707,
                "temperature_residual_c": 5.802157879486458e-6,
                "thermal_conductivity_updates": [
                  {
                    "conductivity_relative_change": 2.3344388400967433e-8,
                    "conductivity_w_mk": 166.92150877965605,
                    "coupling_temperature_c": 35.47000730744873,
                    "element_id": "conductor_left",
                    "measured_mean_temperature_c": 35.47001310960661
                  },
                  {
                    "conductivity_relative_change": 2.3373518511096663e-8,
                    "conductivity_w_mk": 0.24988234994861797,
                    "coupling_temperature_c": 35.23530010276407,
                    "element_id": "dielectric_core",
                    "measured_mean_temperature_c": 35.23530300745408
                  },
                  {
                    "conductivity_relative_change": 2.247447700042203e-11,
                    "conductivity_w_mk": 159.99992689424425,
                    "coupling_temperature_c": 35.00038075914471,
                    "element_id": "substrate_right",
                    "measured_mean_temperature_c": 35.00038076379419
                  }
                ],
                "total_joule_loss_w": 0.00011258674612858868,
                "total_loss_w": 9.257612339782736e-6
              },
              {
                "converged": false,
                "coupling_temperature_c": 35.23530242651608,
                "dielectric_mean_temperature_c": 35.23530300434516,
                "iteration": 9,
                "loss_relative_change": 1.7090655374220824e-8,
                "loss_tangent": 0.00020004706048530325,
                "max_conductivity_relative_change": 4.649692194374171e-9,
                "max_temperature_c": 35.47018172568391,
                "relative_permittivity": 9.800230596377988,
                "temperature_residual_c": 1.1542243996132129e-6,
                "thermal_conductivity_updates": [
                  {
                    "conductivity_relative_change": 4.643908865463198e-9,
                    "conductivity_w_mk": 166.92150800448778,
                    "coupling_temperature_c": 35.47001194917504,
                    "element_id": "conductor_left",
                    "measured_mean_temperature_c": 35.47001310339944
                  },
                  {
                    "conductivity_relative_change": 4.649692194374171e-9,
                    "conductivity_w_mk": 0.24988234878674195,
                    "coupling_temperature_c": 35.23530242651608,
                    "element_id": "dielectric_core",
                    "measured_mean_temperature_c": 35.23530300434516
                  },
                  {
                    "conductivity_relative_change": 4.463631505527166e-12,
                    "conductivity_w_mk": 159.99992689353004,
                    "coupling_temperature_c": 35.000380762864296,
                    "element_id": "substrate_right",
                    "measured_mean_temperature_c": 35.00038076378768
                  }
                ],
                "total_joule_loss_w": 0.000112586744026505,
                "total_loss_w": 9.257612359466482e-6
              },
              {
                "converged": false,
                "coupling_temperature_c": 35.235302888779344,
                "dielectric_mean_temperature_c": 35.23530300372522,
                "iteration": 10,
                "loss_relative_change": 3.3998475547079134e-9,
                "loss_tangent": 0.00020004706057775588,
                "max_conductivity_relative_change": 9.249617468794888e-10,
                "max_temperature_c": 35.470181724445666,
                "relative_permittivity": 9.800230596831003,
                "temperature_residual_c": 2.2960711731911945e-7,
                "thermal_conductivity_updates": [
                  {
                    "conductivity_relative_change": 9.238138464206341e-10,
                    "conductivity_w_mk": 166.92150785028338,
                    "coupling_temperature_c": 35.470012872554555,
                    "element_id": "conductor_left",
                    "measured_mean_temperature_c": 35.47001310216167
                  },
                  {
                    "conductivity_relative_change": 9.249617468794888e-10,
                    "conductivity_w_mk": 0.2498823485556103,
                    "coupling_temperature_c": 35.235302888779344,
                    "element_id": "dielectric_core",
                    "measured_mean_temperature_c": 35.23530300372522
                  },
                  {
                    "conductivity_relative_change": 8.864024678716961e-13,
                    "conductivity_w_mk": 159.99992689338822,
                    "coupling_temperature_c": 35.000380763603005,
                    "element_id": "substrate_right",
                    "measured_mean_temperature_c": 35.00038076378638
                  }
                ],
                "total_joule_loss_w": 0.00011258674360833708,
                "total_loss_w": 9.257612363382154e-6
              },
              {
                "converged": true,
                "coupling_temperature_c": 35.235302980736044,
                "dielectric_mean_temperature_c": 35.235303003604514,
                "iteration": 11,
                "loss_relative_change": 6.763235644188483e-10,
                "loss_tangent": 0.00020004706059614723,
                "max_conductivity_relative_change": 1.8400003151066787e-10,
                "max_temperature_c": 35.47018172420457,
                "relative_permittivity": 9.80023059692112,
                "temperature_residual_c": 4.5680415894366895e-8,
                "thermal_conductivity_updates": [
                  {
                    "conductivity_relative_change": 1.837719688725188e-10,
                    "conductivity_w_mk": 166.92150781960788,
                    "coupling_temperature_c": 35.47001305624025,
                    "element_id": "conductor_left",
                    "measured_mean_temperature_c": 35.470013101920664
                  },
                  {
                    "conductivity_relative_change": 1.8400003151066787e-10,
                    "conductivity_w_mk": 0.249882348509632,
                    "coupling_temperature_c": 35.235302980736044,
                    "element_id": "dielectric_core",
                    "measured_mean_temperature_c": 35.235303003604514
                  },
                  {
                    "conductivity_relative_change": 1.7603704321876346e-13,
                    "conductivity_w_mk": 159.99992689336003,
                    "coupling_temperature_c": 35.0003807637497,
                    "element_id": "substrate_right",
                    "measured_mean_temperature_c": 35.00038076378613
                  }
                ],
                "total_joule_loss_w": 0.00011258674352515192,
                "total_loss_w": 9.25761236416112e-6
              }
            ],
            "loss_relative_change_tolerance": 1e-9,
            "max_iterations": 12,
            "method": "relaxed_temperature_dependent_dielectric_and_conductivity_fixed_point",
            "parameter_source": "screening_sensitivity_not_material_card",
            "relaxation_factor": 0.8,
            "schema_version": "kyuubiki.composite-electrothermal-feedback-convergence/v1",
            "status": "pass",
            "temperature_residual_tolerance_c": 1e-7
          },
          "electrothermal_loss_projection": {
            "assumptions": [
              "The solved electrostatic field magnitude is interpreted as an RMS harmonic field.",
              "Relative permittivity and loss tangent are scalar, isotropic, and frequency-local screening values.",
              "Element dielectric loss is lumped consistently to its four thermal nodes."
            ],
            "distributed_total_heat_load_w": 9.25761236416112e-6,
            "effective_conductivity_s_m": 1.0906792914209474e-6,
            "electric_field_rms_v_m": 3070.9992304671887,
            "energy_balance_relative_error": 0.0,
            "frequency_hz": 10000000.0,
            "loss_tangent": 0.00020004706059614723,
            "model": "harmonic_dielectric_loss_sigma_eff_e_rms_squared",
            "relative_permittivity": 9.80023059692112,
            "schema_version": "kyuubiki.composite-electrothermal-loss-projection/v1",
            "source_element_id": "dielectric_core",
            "source_volume_m3": 9e-7,
            "target_element_count": 1,
            "target_node_count": 4,
            "total_loss_w": 9.25761236416112e-6,
            "volumetric_loss_w_m3": 10.286235960179022
          },
          "heat": {
            "elements": [
              {
                "area": 0.0009,
                "average_temperature": 35.470013101920664,
                "heat_flow_rate": 1.6888011528725072e-6,
                "heat_flux_magnitude": 1.8764457254138969,
                "heat_flux_x": 1.8764457254138969,
                "heat_flux_y": -1.8976778371735222e-11,
                "id": "conductor_left",
                "index": 0,
                "node_i": 0,
                "node_j": 1,
                "node_k": 5,
                "node_l": 4,
                "temperature_gradient_x": -0.01124148559358673,
                "temperature_gradient_y": 1.1368683772161605e-13
              },
              {
                "area": 0.0009,
                "average_temperature": 35.235303003604514,
                "heat_flow_rate": 3.516466491231218e-6,
                "heat_flux_magnitude": 3.90718499025691,
                "heat_flux_x": 3.90718499025691,
                "heat_flux_y": -0.0,
                "id": "dielectric_core",
                "index": 1,
                "node_i": 1,
                "node_j": 2,
                "node_k": 6,
                "node_l": 5,
                "temperature_gradient_x": -15.636098402149855,
                "temperature_gradient_y": 0.0
              },
              {
                "area": 0.0009,
                "average_temperature": 35.00038076378613,
                "heat_flow_rate": 3.6553306767017086e-6,
                "heat_flux_magnitude": 4.061478529668565,
                "heat_flux_x": 4.061478529668565,
                "heat_flux_y": -0.0,
                "id": "substrate_right",
                "index": 2,
                "node_i": 2,
                "node_j": 3,
                "node_k": 7,
                "node_l": 6,
                "temperature_gradient_x": -0.02538425240891229,
                "temperature_gradient_y": 0.0
              }
            ],
            "input": {
              "elements": [
                {
                  "conductivity": 166.92150781960788,
                  "id": "conductor_left",
                  "node_i": 0,
                  "node_j": 1,
                  "node_k": 5,
                  "node_l": 4,
                  "thickness": 0.001
                },
                {
                  "conductivity": 0.249882348509632,
                  "id": "dielectric_core",
                  "node_i": 1,
                  "node_j": 2,
                  "node_k": 6,
                  "node_l": 5,
                  "thickness": 0.001
                },
                {
                  "conductivity": 159.99992689336003,
                  "id": "substrate_right",
                  "node_i": 2,
                  "node_j": 3,
                  "node_k": 7,
                  "node_l": 6,
                  "thickness": 0.001
                }
              ],
              "nodes": [
                {
                  "fix_temperature": false,
                  "heat_load": 0.000028146685881287974,
                  "id": "n0",
                  "temperature": 35.0,
                  "x": 0.0,
                  "y": 0.0
                },
                {
                  "fix_temperature": false,
                  "heat_load": 0.00003046108897232826,
                  "id": "n1",
                  "temperature": 35.0,
                  "x": 0.03,
                  "y": 0.0
                },
                {
                  "fix_temperature": false,
                  "heat_load": 2.31440309104028e-6,
                  "id": "n2",
                  "temperature": 35.0,
                  "x": 0.06,
                  "y": 0.0
                },
                {
                  "fix_temperature": true,
                  "heat_load": 0.0,
                  "id": "n3",
                  "temperature": 35.0,
                  "x": 0.09,
                  "y": 0.0
                },
                {
                  "fix_temperature": false,
                  "heat_load": 0.000028146685881287974,
                  "id": "n4",
                  "temperature": 35.0,
                  "x": 0.0,
                  "y": 0.03
                },
                {
                  "fix_temperature": false,
                  "heat_load": 0.00003046108897232826,
                  "id": "n5",
                  "temperature": 35.0,
                  "x": 0.03,
                  "y": 0.03
                },
                {
                  "fix_temperature": false,
                  "heat_load": 2.31440309104028e-6,
                  "id": "n6",
                  "temperature": 35.0,
                  "x": 0.06,
                  "y": 0.03
                },
                {
                  "fix_temperature": true,
                  "heat_load": 0.0,
                  "id": "n7",
                  "temperature": 35.0,
                  "x": 0.09,
                  "y": 0.03
                }
              ]
            },
            "max_heat_flux": 4.061478529668565,
            "max_temperature": 35.47018172420457,
            "nodes": [
              {
                "heat_load": 0.000028146685881287974,
                "id": "n0",
                "index": 0,
                "temperature": 35.470181724204565,
                "x": 0.0,
                "y": 0.0
              },
              {
                "heat_load": 0.00003046108897232826,
                "id": "n1",
                "index": 1,
                "temperature": 35.46984447963676,
                "x": 0.03,
                "y": 0.0
              },
              {
                "heat_load": 2.31440309104028e-6,
                "id": "n2",
                "index": 2,
                "temperature": 35.000761527572266,
                "x": 0.06,
                "y": 0.0
              },
              {
                "heat_load": 0.0,
                "id": "n3",
                "index": 3,
                "temperature": 35.0,
                "x": 0.09,
                "y": 0.0
              },
              {
                "heat_load": 0.000028146685881287974,
                "id": "n4",
                "index": 4,
                "temperature": 35.47018172420457,
                "x": 0.0,
                "y": 0.03
              },
              {
                "heat_load": 0.00003046108897232826,
                "id": "n5",
                "index": 5,
                "temperature": 35.46984447963676,
                "x": 0.03,
                "y": 0.03
              },
              {
                "heat_load": 2.31440309104028e-6,
                "id": "n6",
                "index": 6,
                "temperature": 35.000761527572266,
                "x": 0.06,
                "y": 0.03
              },
              {
                "heat_load": 0.0,
                "id": "n7",
                "index": 7,
                "temperature": 35.0,
                "x": 0.09,
                "y": 0.03
              }
            ],
            "total_abs_heat_flow_rate": 8.860598320805434e-6
          },
          "heat_cross_validation": {
            "absolute_error_c": 1.9042545318370685e-12,
            "conductivities_w_mk": [
              166.92150781960788,
              0.249882348509632,
              159.99992689336003
            ],
            "expected_max_temperature_c": 35.47018172420267,
            "fem_max_temperature_c": 35.47018172420457,
            "fixed_temperature_c": 35.0,
            "method": "layered_thermal_resistance_with_regional_generation_closed_form",
            "relative_error": 5.3686066416110936e-14,
            "relative_error_tolerance": 1e-9,
            "schema_version": "kyuubiki.composite-heat-cross-validation/v1",
            "status": "pass",
            "total_heat_load_w": 0.00012184435588931304
          },
          "heat_mesh_convergence": {
            "finest_pair_relative_change": 2.02023873062119e-12,
            "max_analytic_relative_error": 2.9711631980737208e-12,
            "method": "structured_quad_h_refinement",
            "refinement_levels": [
              1,
              2,
              4,
              8
            ],
            "relative_error_tolerance": 1e-8,
            "samples": [
              {
                "analytic_relative_error": 5.3686066416110936e-14,
                "element_count": 3,
                "elements_per_layer": 1,
                "max_temperature_c": 35.47018172420457,
                "node_count": 8,
                "relative_change_from_previous": null
              },
              {
                "analytic_relative_error": 5.687117259527573e-13,
                "element_count": 6,
                "elements_per_layer": 2,
                "max_temperature_c": 35.470181724182495,
                "node_count": 14,
                "relative_change_from_previous": 6.223977923688682e-13
              },
              {
                "analytic_relative_error": 9.50924467452532e-13,
                "element_count": 12,
                "elements_per_layer": 4,
                "max_temperature_c": 35.47018172416894,
                "node_count": 26,
                "relative_change_from_previous": 3.822127414997748e-13
              },
              {
                "analytic_relative_error": 2.9711631980737208e-12,
                "element_count": 24,
                "elements_per_layer": 8,
                "max_temperature_c": 35.47018172409728,
                "node_count": 50,
                "relative_change_from_previous": 2.02023873062119e-12
              }
            ],
            "schema_version": "kyuubiki.composite-heat-mesh-convergence/v1",
            "status": "pass"
          },
          "heat_to_thermal_projection": {
            "mapped_node_count": 8,
            "maximum_coordinate_error_m": 0.0,
            "maximum_temperature_delta_c": 0.4701817242045721,
            "minimum_temperature_delta_c": 0.0,
            "reference_temperature_c": 35.0,
            "schema_version": "kyuubiki.composite-heat-to-thermal-projection/v1"
          },
          "joule_heating_projection": {
            "assumptions": [
              "Steady scalar electrical conductivity is solved on a two-dimensional quad mesh.",
              "Joule heating uses the solved local sigma times electric-field magnitude squared.",
              "Element Joule power integrates both triangular subcell fields before thermal projection.",
              "Recovered terminal currents gate current continuity and electrical input-power balance.",
              "Contact and terminal impedance models require explicit study-level heat mappings."
            ],
            "boundary_voltage_span_v": 0.000056399999999999995,
            "current_balance_relative_error": 0.0,
            "distributed_total_heat_load_w": 0.00011258674352515192,
            "electrical_power_balance_relative_error": 2.4074818636247643e-16,
            "energy_balance_relative_error": 0.0,
            "free_current_residual_relative_error": 0.0,
            "max_current_density_a_m2": 66540.62856096448,
            "max_free_current_residual_a": 0.0,
            "model": "solved_steady_current_density_sigma_e_squared",
            "parameter_source": "screening_reference_not_material_card",
            "regions": [
              {
                "coupling_temperature_c": 35.47001305624025,
                "current_density_magnitude_a_m2": 66540.62856096448,
                "distributed_heat_load_w": 0.00011258674352515192,
                "electric_field_magnitude_v_m": 0.00188,
                "electrical_conductivity_s_m": 35393951.362215154,
                "element_id": "conductor_left",
                "energy_balance_relative_error": 0.0,
                "joule_power_w": 0.00011258674352515192,
                "peak_current_density_magnitude_a_m2": 66540.62856096448,
                "peak_electric_field_magnitude_v_m": 0.00188,
                "rms_current_density_magnitude_a_m2": 66540.62856096448,
                "rms_electric_field_magnitude_v_m": 0.00188,
                "source_volume_m3": 9e-7,
                "volumetric_joule_heating_w_m3": 125.09638169461324
              }
            ],
            "schema_version": "kyuubiki.composite-current-to-heat-projection/v2",
            "source_power_balance_relative_error": 2.4074818636247643e-16,
            "status": "pass",
            "total_dissipated_power_w": 0.00011258674352515192,
            "total_electrical_input_power_w": 0.00011258674352515194,
            "total_extracted_current_a": 1.9962188568289352,
            "total_injected_current_a": 1.9962188568289352,
            "total_joule_loss_w": 0.00011258674352515192,
            "total_source_power_w": 0.00011258674352515194
          },
          "research": {
            "candidate_id": "aluminum_alumina_aluminum",
            "candidate_label": "Aluminum / Alumina / Aluminum",
            "coupling": "iterative_dielectric_and_conductor_joule_heating_with_temperature_dependent_electrical_thermal_feedback_and_expansion_projection",
            "materials": {
              "conductor": "aluminum",
              "dielectric": "alumina_96",
              "substrate": "aluminum_6061"
            },
            "study": "material.composite_thermo_electric_panel.v1"
          },
          "schema_version": "kyuubiki.composite-thermo-electric-panel-result/v1",
          "thermal": {
            "elements": [
              {
                "area": 0.0009,
                "average_temperature_delta": 0.4700131019206655,
                "gamma_xy": 2.6423825123221717e-21,
                "id": "conductor_left",
                "index": 0,
                "max_in_plane_shear": 139774.27298640914,
                "mechanical_strain_x": 8.13232133739105e-7,
                "mechanical_strain_y": -2.541350417934714e-6,
                "node_i": 0,
                "node_j": 1,
                "node_k": 5,
                "node_l": 4,
                "principal_stress_1": -4.074536263942718e-10,
                "principal_stress_2": -279548.5459728187,
                "strain_energy_density": 1.1688820098790915,
                "stress_x": -4.2632564145606006e-10,
                "stress_y": -279548.5459728187,
                "tau_xy": 1.1842378929335004e-10,
                "thermal_strain": 7.990973834525635e-6,
                "total_strain_x": 8.80420596826474e-6,
                "total_strain_y": 5.449623416590922e-6,
                "von_mises": 279548.54597281845
              },
              {
                "area": 0.0009,
                "average_temperature_delta": 0.2353030036045141,
                "gamma_xy": 1.0270825939200094e-19,
                "id": "dielectric_core",
                "index": 1,
                "max_in_plane_shear": 6327.742310882216,
                "mechanical_strain_x": 1.619902031585793e-6,
                "mechanical_strain_y": -5.062193848705828e-6,
                "node_i": 1,
                "node_j": 2,
                "node_k": 6,
                "node_l": 5,
                "principal_stress_1": -2.0190782379359007e-10,
                "principal_stress_2": -12655.484621764634,
                "strain_energy_density": 0.1170589018049637,
                "stress_x": -2.0132044179869507e-10,
                "stress_y": -12655.484621764634,
                "tau_xy": 9.745290993931928e-11,
                "thermal_strain": 0.000010590628392329323,
                "total_strain_x": 0.000012210530423915116,
                "total_strain_y": 5.528434543623495e-6,
                "von_mises": 12655.484621764534
              },
              {
                "area": 0.0009,
                "average_temperature_delta": 0.0003807637861328317,
                "gamma_xy": 4.412347972342322e-21,
                "id": "substrate_right",
                "index": 2,
                "max_in_plane_shear": 1600.0951237598808,
                "mechanical_strain_x": -1.4863002600963005e-8,
                "mechanical_strain_y": 4.6446883128007766e-8,
                "node_i": 2,
                "node_j": 3,
                "node_k": 7,
                "node_l": 6,
                "principal_stress_1": 3200.1902475197217,
                "principal_stress_2": -4.0017766878008836e-11,
                "strain_energy_density": 0.00022505218653816095,
                "stress_x": -4.0029707943429256e-11,
                "stress_y": 3200.1902475197217,
                "tau_xy": 1.1521647833332179e-10,
                "thermal_strain": 8.986026379200739e-9,
                "total_strain_x": -5.876976221762265e-9,
                "total_strain_y": 5.5432909507208495e-8,
                "von_mises": 3200.1902475197417
              }
            ],
            "input": {
              "elements": [
                {
                  "id": "conductor_left",
                  "node_i": 0,
                  "node_j": 1,
                  "node_k": 5,
                  "node_l": 4,
                  "poisson_ratio": 0.32,
                  "thermal_expansion": 0.00001700159804454653,
                  "thickness": 0.001,
                  "youngs_modulus": 110000000000.0
                },
                {
                  "id": "dielectric_core",
                  "node_i": 1,
                  "node_j": 2,
                  "node_k": 6,
                  "node_l": 5,
                  "poisson_ratio": 0.32,
                  "thermal_expansion": 0.000045008470908129765,
                  "thickness": 0.001,
                  "youngs_modulus": 2500000000.0
                },
                {
                  "id": "substrate_right",
                  "node_i": 2,
                  "node_j": 3,
                  "node_k": 7,
                  "node_l": 6,
                  "poisson_ratio": 0.32,
                  "thermal_expansion": 0.000023600002695807608,
                  "thickness": 0.001,
                  "youngs_modulus": 68900000000.0
                }
              ],
              "nodes": [
                {
                  "fix_x": true,
                  "fix_y": true,
                  "id": "n0",
                  "load_x": 0.0,
                  "load_y": 0.0,
                  "temperature_delta": 0.47018172420456494,
                  "x": 0.0,
                  "y": 0.0
                },
                {
                  "fix_x": false,
                  "fix_y": false,
                  "id": "n1",
                  "load_x": 0.0,
                  "load_y": 0.0,
                  "temperature_delta": 0.46984447963676246,
                  "x": 0.03,
                  "y": 0.0
                },
                {
                  "fix_x": false,
                  "fix_y": false,
                  "id": "n2",
                  "load_x": 0.0,
                  "load_y": 0.0,
                  "temperature_delta": 0.0007615275722656634,
                  "x": 0.06,
                  "y": 0.0
                },
                {
                  "fix_x": false,
                  "fix_y": false,
                  "id": "n3",
                  "load_x": 0.0,
                  "load_y": 0.0,
                  "temperature_delta": 0.0,
                  "x": 0.09,
                  "y": 0.0
                },
                {
                  "fix_x": true,
                  "fix_y": true,
                  "id": "n4",
                  "load_x": 0.0,
                  "load_y": 0.0,
                  "temperature_delta": 0.4701817242045721,
                  "x": 0.0,
                  "y": 0.03
                },
                {
                  "fix_x": false,
                  "fix_y": false,
                  "id": "n5",
                  "load_x": 0.0,
                  "load_y": 0.0,
                  "temperature_delta": 0.46984447963676246,
                  "x": 0.03,
                  "y": 0.03
                },
                {
                  "fix_x": false,
                  "fix_y": false,
                  "id": "n6",
                  "load_x": 0.0,
                  "load_y": 0.0,
                  "temperature_delta": 0.0007615275722656634,
                  "x": 0.06,
                  "y": 0.03
                },
                {
                  "fix_x": false,
                  "fix_y": false,
                  "id": "n7",
                  "load_x": 0.0,
                  "load_y": 0.0,
                  "temperature_delta": 0.0,
                  "x": 0.09,
                  "y": 0.03
                }
              ]
            },
            "max_displacement": 6.304465252056661e-7,
            "max_strain_energy_density": 1.1688820098790915,
            "max_stress": 279548.54597281845,
            "max_temperature_delta": 0.4701817242045721,
            "nodes": [
              {
                "displacement_magnitude": 0.0,
                "id": "n0",
                "index": 0,
                "temperature_delta": 0.47018172420456494,
                "ux": 0.0,
                "uy": 0.0,
                "x": 0.0,
                "y": 0.0
              },
              {
                "displacement_magnitude": 3.106303177457989e-7,
                "id": "n1",
                "index": 1,
                "temperature_delta": 0.46984447963676246,
                "ux": 2.6412617904794146e-7,
                "uy": -1.6348870249772833e-7,
                "x": 0.03,
                "y": 0.0
              },
              {
                "displacement_magnitude": 6.304465252056641e-7,
                "id": "n2",
                "index": 2,
                "temperature_delta": 0.0007615275722656634,
                "ux": 6.304420917653947e-7,
                "uy": -2.364333810976551e-9,
                "x": 0.06,
                "y": 0.0
              },
              {
                "displacement_magnitude": 6.302661727004629e-7,
                "id": "n3",
                "index": 3,
                "temperature_delta": 0.0,
                "ux": 6.302657824787417e-7,
                "uy": 7.013465257597418e-10,
                "x": 0.09,
                "y": 0.0
              },
              {
                "displacement_magnitude": 0.0,
                "id": "n4",
                "index": 4,
                "temperature_delta": 0.4701817242045721,
                "ux": 0.0,
                "uy": 0.0,
                "x": 0.0,
                "y": 0.03
              },
              {
                "displacement_magnitude": 3.1063031774579944e-7,
                "id": "n5",
                "index": 5,
                "temperature_delta": 0.46984447963676246,
                "ux": 2.64126179047943e-7,
                "uy": 1.6348870249772698e-7,
                "x": 0.03,
                "y": 0.03
              },
              {
                "displacement_magnitude": 6.304465252056661e-7,
                "id": "n6",
                "index": 6,
                "temperature_delta": 0.0007615275722656634,
                "ux": 6.304420917653967e-7,
                "uy": 2.364333810977938e-9,
                "x": 0.06,
                "y": 0.03
              },
              {
                "displacement_magnitude": 6.30266172700465e-7,
                "id": "n7",
                "index": 7,
                "temperature_delta": 0.0,
                "ux": 6.302657824787439e-7,
                "uy": -7.013465257622376e-10,
                "x": 0.09,
                "y": 0.03
              }
            ],
            "total_strain_energy": 1.1575493674835342e-6
          },
          "thermal_constraint_regularized_mesh_convergence": {
            "algebraic_validation": {
              "max_relative_residual": null,
              "method": "original_system_recomputed_l2_residual_over_max_rhs_l2_or_one",
              "qualification_effect": "algebraic_gate_does_not_override_discretization_gates",
              "relative_residual_tolerance": 1e-10,
              "required_series": [
                "uniform_full_edge_clamp",
                "uniform_regularized_restraint",
                "interface_graded_full_edge_clamp"
              ],
              "schema_version": "kyuubiki.composite-thermal-algebraic-validation/v1",
              "series": [],
              "status": "missing"
            },
            "convergence_tolerance": 0.02,
            "diagnostic_metrics": [
              "max_von_mises_stress_pa"
            ],
            "finest_pair_displacement_relative_change": 0.0019435959480280315,
            "finest_pair_peak_stress_relative_change": 0.3093439735436875,
            "finest_pair_strain_energy_relative_change": 0.22523034075492684,
            "method": "structured_quad_h_refinement_preserving_piecewise_linear_temperature_roller_edge_with_vertical_anchor",
            "pass_metrics": [
              "max_displacement_m",
              "total_strain_energy_j"
            ],
            "refinement_levels": [
              1,
              2,
              4,
              8
            ],
            "regime_assessment": {
              "diagnosis": "pass_metrics_lack_qualified_discretization_uncertainty",
              "gci_safety_factor": 1.25,
              "method": "four_level_constant_ratio_observed_order_and_fine_grid_gci",
              "metrics": [
                {
                  "coarse_triplet_observed_order": 0.5592165908746091,
                  "fine_grid_gci": null,
                  "fine_triplet_observed_order": 4.0492965583476845,
                  "metric": "max_displacement_m",
                  "observed_order_relative_difference": 0.8618978425470528,
                  "qualification_role": "pass_metric",
                  "regime": "oscillatory",
                  "richardson_extrapolated_value": null,
                  "unit": "m"
                },
                {
                  "coarse_triplet_observed_order": 1.6969060941528114,
                  "fine_grid_gci": 0.16646980893606042,
                  "fine_triplet_observed_order": 1.6703303944078711,
                  "metric": "total_strain_energy_j",
                  "observed_order_relative_difference": 0.015661267194757796,
                  "qualification_role": "pass_metric",
                  "regime": "asymptotic_converging",
                  "richardson_extrapolated_value": 2.19547524970994e-8,
                  "unit": "J"
                },
                {
                  "coarse_triplet_observed_order": -6.780015357703408,
                  "fine_grid_gci": null,
                  "fine_triplet_observed_order": -0.6942822011331119,
                  "metric": "max_von_mises_stress_pa",
                  "observed_order_relative_difference": 0.897598727362133,
                  "qualification_role": "diagnostic_metric",
                  "regime": "monotonic_diverging",
                  "richardson_extrapolated_value": null,
                  "unit": "Pa"
                }
              ],
              "order_consistency_tolerance": 0.25,
              "qualification_effect": "gci_gates_require_asymptotic_pass_metric_evidence",
              "qualification_tolerance": 0.02,
              "refinement_ratio": 2.0,
              "schema_version": "kyuubiki.composite-thermal-convergence-regime/v1",
              "status": "fail"
            },
            "samples": [
              {
                "displacement_relative_change": null,
                "element_count": 3,
                "elements_per_original_element": 1,
                "max_displacement_m": 6.290375544976182e-7,
                "max_von_mises_stress_pa": 15845.960708543624,
                "node_count": 8,
                "peak_stress_relative_change": null,
                "strain_energy_relative_change": null,
                "total_strain_energy_j": 1.321046532337463e-7
              },
              {
                "displacement_relative_change": 0.04679205285924641,
                "element_count": 12,
                "elements_per_original_element": 2,
                "max_displacement_m": 5.996035959971145e-7,
                "max_von_mises_stress_pa": 15901.343245486469,
                "node_count": 21,
                "peak_stress_relative_change": 0.003482884187067978,
                "strain_energy_relative_change": 0.5751391096288102,
                "total_strain_energy_j": 5.612610059506671e-8
              },
              {
                "displacement_relative_change": 0.03224115746849053,
                "element_count": 48,
                "elements_per_original_element": 4,
                "max_displacement_m": 6.19579558093877e-7,
                "max_von_mises_stress_pa": 21987.74813200195,
                "node_count": 65,
                "peak_stress_relative_change": 0.2768089233138458,
                "strain_energy_relative_change": 0.4175480998600659,
                "total_strain_energy_j": 3.269075393904169e-8
              },
              {
                "displacement_relative_change": 0.0019435959480280315,
                "element_count": 192,
                "elements_per_original_element": 8,
                "max_displacement_m": 6.207861154725014e-7,
                "max_von_mises_stress_pa": 31836.03311885789,
                "node_count": 225,
                "peak_stress_relative_change": 0.3093439735436875,
                "strain_energy_relative_change": 0.22523034075492684,
                "total_strain_energy_j": 2.5327804289815864e-8
              }
            ],
            "schema_version": "kyuubiki.composite-thermal-mesh-convergence/v1",
            "status": "fail"
          },
          "thermal_constraint_sensitivity": {
            "alternative_restraint": "roller_edge_with_vertical_anchor",
            "alternative_status": "fail",
            "diagnosis": "mixed_restraint_sensitivity_and_persistent_energy_nonconvergence",
            "displacement_change_ratio_alternative_to_primary": 0.7734181884988454,
            "peak_stress_change_ratio_alternative_to_primary": 1.1913704599776942,
            "primary_restraint": "full_edge_clamp",
            "primary_status": "fail",
            "qualification_effect": "diagnostic_only_does_not_override_primary_quality_gates",
            "schema_version": "kyuubiki.composite-thermal-constraint-sensitivity/v1",
            "strain_energy_change_ratio_alternative_to_primary": 1.7084085086401546
          },
          "thermal_expansion_projection": {
            "coverage_fraction": 1.0,
            "declared_region_count": 3,
            "max_relative_change": 0.0001882424028835997,
            "model": "regional_linear_temperature_dependent_thermal_expansion",
            "parameter_source": "screening_sensitivity_not_material_card",
            "schema_version": "kyuubiki.composite-thermal-expansion-projection/v1",
            "status": "pass",
            "updated_region_count": 3,
            "updates": [
              {
                "adjusted_thermal_expansion_1_k": 0.00001700159804454653,
                "element_id": "conductor_left",
                "mean_temperature_c": 35.470013101920664,
                "reference_thermal_expansion_1_k": 0.000017,
                "relative_change": 0.00009400262038419372
              },
              {
                "adjusted_thermal_expansion_1_k": 0.000045008470908129765,
                "element_id": "dielectric_core",
                "mean_temperature_c": 35.235303003604514,
                "reference_thermal_expansion_1_k": 0.000045,
                "relative_change": 0.0001882424028835997
              },
              {
                "adjusted_thermal_expansion_1_k": 0.000023600002695807608,
                "element_id": "substrate_right",
                "mean_temperature_c": 35.00038076378613,
                "reference_thermal_expansion_1_k": 0.0000236,
                "relative_change": 1.1422913589376216e-7
              }
            ]
          },
          "thermal_interface_grading_assessment": {
            "diagnosis": "graded_mesh_did_not_resolve_nonconvergence",
            "displacement_change_ratio_graded_to_uniform": 1.8134149369519916,
            "graded_mesh_convergence": {
              "algebraic_validation": {
                "max_relative_residual": null,
                "method": "original_system_recomputed_l2_residual_over_max_rhs_l2_or_one",
                "qualification_effect": "algebraic_gate_does_not_override_discretization_gates",
                "relative_residual_tolerance": 1e-10,
                "required_series": [
                  "uniform_full_edge_clamp",
                  "uniform_regularized_restraint",
                  "interface_graded_full_edge_clamp"
                ],
                "schema_version": "kyuubiki.composite-thermal-algebraic-validation/v1",
                "series": [],
                "status": "missing"
              },
              "convergence_tolerance": 0.02,
              "diagnostic_metrics": [
                "max_von_mises_stress_pa"
              ],
              "finest_pair_displacement_relative_change": 0.004557102452418807,
              "finest_pair_peak_stress_relative_change": 0.41487191954488867,
              "finest_pair_strain_energy_relative_change": 0.11926274467604556,
              "method": "cosine_graded_quad_h_refinement_at_clamp_interfaces_and_free_edges",
              "pass_metrics": [
                "max_displacement_m",
                "total_strain_energy_j"
              ],
              "refinement_levels": [
                1,
                2,
                4,
                8
              ],
              "regime_assessment": {
                "diagnosis": "pass_metrics_lack_qualified_discretization_uncertainty",
                "gci_safety_factor": 1.25,
                "method": "four_level_constant_ratio_observed_order_and_fine_grid_gci",
                "metrics": [
                  {
                    "coarse_triplet_observed_order": 1.8749975078380956,
                    "fine_grid_gci": null,
                    "fine_triplet_observed_order": 1.4180096386639491,
                    "metric": "max_displacement_m",
                    "observed_order_relative_difference": 0.24372718751027103,
                    "qualification_role": "pass_metric",
                    "regime": "oscillatory",
                    "richardson_extrapolated_value": null,
                    "unit": "m"
                  },
                  {
                    "coarse_triplet_observed_order": 0.8547922080075541,
                    "fine_grid_gci": null,
                    "fine_triplet_observed_order": 1.773207158872968,
                    "metric": "total_strain_energy_j",
                    "observed_order_relative_difference": 0.5179400197375409,
                    "qualification_role": "pass_metric",
                    "regime": "monotonic_pre_asymptotic",
                    "richardson_extrapolated_value": null,
                    "unit": "J"
                  },
                  {
                    "coarse_triplet_observed_order": -1.0589174952252352,
                    "fine_grid_gci": null,
                    "fine_triplet_observed_order": -0.5965594498732633,
                    "metric": "max_von_mises_stress_pa",
                    "observed_order_relative_difference": 0.4366327380903522,
                    "qualification_role": "diagnostic_metric",
                    "regime": "monotonic_diverging",
                    "richardson_extrapolated_value": null,
                    "unit": "Pa"
                  }
                ],
                "order_consistency_tolerance": 0.25,
                "qualification_effect": "gci_gates_require_asymptotic_pass_metric_evidence",
                "qualification_tolerance": 0.02,
                "refinement_ratio": 2.0,
                "schema_version": "kyuubiki.composite-thermal-convergence-regime/v1",
                "status": "fail"
              },
              "samples": [
                {
                  "displacement_relative_change": null,
                  "element_count": 3,
                  "elements_per_original_element": 1,
                  "max_displacement_m": 6.304465252056661e-7,
                  "max_von_mises_stress_pa": 279548.54597281845,
                  "node_count": 8,
                  "peak_stress_relative_change": null,
                  "strain_energy_relative_change": null,
                  "total_strain_energy_j": 1.1575493674835342e-6
                },
                {
                  "displacement_relative_change": 0.043261062531085255,
                  "element_count": 12,
                  "elements_per_original_element": 2,
                  "max_displacement_m": 6.031727386562384e-7,
                  "max_von_mises_stress_pa": 485140.91858770733,
                  "node_count": 21,
                  "peak_stress_relative_change": 0.423778668708029,
                  "strain_energy_relative_change": 0.34371969452565193,
                  "total_strain_energy_j": 7.596768524937322e-7
                },
                {
                  "displacement_relative_change": 0.012177334275143102,
                  "element_count": 48,
                  "elements_per_original_element": 4,
                  "max_displacement_m": 6.106083202835143e-7,
                  "max_von_mises_stress_pa": 913465.4293372591,
                  "node_count": 65,
                  "peak_stress_relative_change": 0.4689006250190677,
                  "strain_energy_relative_change": 0.28959892866440934,
                  "total_strain_energy_j": 5.396752498803968e-7
                },
                {
                  "displacement_relative_change": 0.004557102452418807,
                  "element_count": 192,
                  "elements_per_original_element": 8,
                  "max_displacement_m": 6.07825715609683e-7,
                  "max_von_mises_stress_pa": 1561137.569447646,
                  "node_count": 225,
                  "peak_stress_relative_change": 0.41487191954488867,
                  "strain_energy_relative_change": 0.11926274467604556,
                  "total_strain_energy_j": 4.7531209834593e-7
                }
              ],
              "schema_version": "kyuubiki.composite-thermal-mesh-convergence/v1",
              "status": "fail"
            },
            "graded_stress_recovery": {
              "convergence_tolerance": 0.02,
              "diagnostic_metrics": [
                "max_stress_pa",
                "max_to_p95_ratio"
              ],
              "finest_pair_max_relative_change": 0.41487191954488867,
              "finest_pair_p95_relative_change": 0.34053323674533875,
              "finest_pair_rms_relative_change": 0.009219298305792175,
              "method": "interface_graded_mesh_element_area_weighted_von_mises_p95_and_rms",
              "pass_metrics": [
                "area_weighted_rms_stress_pa",
                "area_weighted_p95_stress_pa"
              ],
              "refinement_levels": [
                1,
                2,
                4,
                8
              ],
              "samples": [
                {
                  "element_count": 3,
                  "elements_per_original_element": 1,
                  "max_relative_change": null,
                  "p95_relative_change": null,
                  "rms_relative_change": null,
                  "statistics": {
                    "area_weighted_mean_stress_pa": 98468.07361403423,
                    "area_weighted_p95_stress_pa": 279548.54597281845,
                    "area_weighted_rms_stress_pa": 161573.2981901703,
                    "max_stress_pa": 279548.54597281845,
                    "max_to_p95_ratio": 1.0
                  }
                },
                {
                  "element_count": 12,
                  "elements_per_original_element": 2,
                  "max_relative_change": 0.423778668708029,
                  "p95_relative_change": 0.423778668708029,
                  "rms_relative_change": 0.19673784362816152,
                  "statistics": {
                    "area_weighted_mean_stress_pa": 99682.33491943876,
                    "area_weighted_p95_stress_pa": 485140.91858770733,
                    "area_weighted_rms_stress_pa": 201146.40893822504,
                    "max_stress_pa": 485140.91858770733,
                    "max_to_p95_ratio": 1.0
                  }
                },
                {
                  "element_count": 48,
                  "elements_per_original_element": 4,
                  "max_relative_change": 0.4689006250190677,
                  "p95_relative_change": 0.5157582672193334,
                  "rms_relative_change": 0.040862987507218944,
                  "statistics": {
                    "area_weighted_mean_stress_pa": 75676.89594540387,
                    "area_weighted_p95_stress_pa": 234925.4790597157,
                    "area_weighted_rms_stress_pa": 192926.9657426604,
                    "max_stress_pa": 913465.4293372591,
                    "max_to_p95_ratio": 3.888319959986398
                  }
                },
                {
                  "element_count": 192,
                  "elements_per_original_element": 8,
                  "max_relative_change": 0.41487191954488867,
                  "p95_relative_change": 0.34053323674533875,
                  "rms_relative_change": 0.009219298305792175,
                  "statistics": {
                    "area_weighted_mean_stress_pa": 70664.6110198205,
                    "area_weighted_p95_stress_pa": 356235.51049076347,
                    "area_weighted_rms_stress_pa": 191148.31449424743,
                    "max_stress_pa": 1561137.569447646,
                    "max_to_p95_ratio": 4.382318784831315
                  }
                }
              ],
              "schema_version": "kyuubiki.composite-thermal-stress-recovery/v1",
              "status": "fail"
            },
            "max_change_ratio_graded_to_uniform": 1.5977881966083285,
            "p95_change_ratio_graded_to_uniform": 1.1439176951825587,
            "qualification_effect": "diagnostic_only_does_not_override_uniform_mesh_gates",
            "rms_change_ratio_graded_to_uniform": 0.5712690348161528,
            "schema_version": "kyuubiki.composite-thermal-interface-grading-assessment/v1",
            "strain_energy_change_ratio_graded_to_uniform": 0.9046271789378252
          },
          "thermal_mesh_convergence": {
            "algebraic_validation": {
              "max_relative_residual": 2.1985253206182e-14,
              "method": "original_system_recomputed_l2_residual_over_max_rhs_l2_or_one",
              "qualification_effect": "algebraic_gate_does_not_override_discretization_gates",
              "relative_residual_tolerance": 1e-10,
              "required_series": [
                "uniform_full_edge_clamp",
                "uniform_regularized_restraint",
                "interface_graded_full_edge_clamp"
              ],
              "schema_version": "kyuubiki.composite-thermal-algebraic-validation/v1",
              "series": [
                {
                  "label": "uniform_full_edge_clamp",
                  "max_relative_residual": 1.5941224607488303e-14,
                  "samples": [
                    {
                      "element_count": 3,
                      "elements_per_original_element": 1,
                      "matrix_non_zero_count": 112,
                      "node_count": 8,
                      "relative_residual": 2.4759192862206756e-16,
                      "residual_norm": 9.658015271020411e-15,
                      "rhs_norm": 39.00779530564876,
                      "solver_iterations": 0
                    },
                    {
                      "element_count": 12,
                      "elements_per_original_element": 2,
                      "matrix_non_zero_count": 439,
                      "node_count": 21,
                      "relative_residual": 8.15762655826647e-16,
                      "residual_norm": 3.132435077339529e-14,
                      "rhs_norm": 38.39885357543487,
                      "solver_iterations": 0
                    },
                    {
                      "element_count": 48,
                      "elements_per_original_element": 4,
                      "matrix_non_zero_count": 1747,
                      "node_count": 65,
                      "relative_residual": 3.920797559429319e-15,
                      "residual_norm": 1.1841575889717914e-13,
                      "rhs_norm": 30.201956898385443,
                      "solver_iterations": 0
                    },
                    {
                      "element_count": 192,
                      "elements_per_original_element": 8,
                      "matrix_non_zero_count": 6925,
                      "node_count": 225,
                      "relative_residual": 1.5941224607488303e-14,
                      "residual_norm": 3.562295265057733e-13,
                      "rhs_norm": 22.34643418413642,
                      "solver_iterations": 0
                    }
                  ],
                  "solver_path": "dense_direct",
                  "status": "pass"
                },
                {
                  "label": "uniform_regularized_restraint",
                  "max_relative_residual": 1.667129635495045e-14,
                  "samples": [
                    {
                      "element_count": 3,
                      "elements_per_original_element": 1,
                      "matrix_non_zero_count": 121,
                      "node_count": 8,
                      "relative_residual": 2.001727592090977e-16,
                      "residual_norm": 8.719964712032858e-15,
                      "rhs_norm": 43.56219470864217,
                      "solver_iterations": 0
                    },
                    {
                      "element_count": 12,
                      "elements_per_original_element": 2,
                      "matrix_non_zero_count": 462,
                      "node_count": 21,
                      "relative_residual": 1.006429563865885e-15,
                      "residual_norm": 3.9859040534304556e-14,
                      "rhs_norm": 39.60440150545507,
                      "solver_iterations": 0
                    },
                    {
                      "element_count": 48,
                      "elements_per_original_element": 4,
                      "matrix_non_zero_count": 1799,
                      "node_count": 65,
                      "relative_residual": 4.1871768160790545e-15,
                      "residual_norm": 1.2808040561802904e-13,
                      "rhs_norm": 30.58872630508251,
                      "solver_iterations": 0
                    },
                    {
                      "element_count": 192,
                      "elements_per_original_element": 8,
                      "matrix_non_zero_count": 7030,
                      "node_count": 225,
                      "relative_residual": 1.667129635495045e-14,
                      "residual_norm": 3.747303469295946e-13,
                      "rhs_norm": 22.477576965292226,
                      "solver_iterations": 0
                    }
                  ],
                  "solver_path": "dense_direct",
                  "status": "pass"
                },
                {
                  "label": "interface_graded_full_edge_clamp",
                  "max_relative_residual": 2.1985253206182e-14,
                  "samples": [
                    {
                      "element_count": 3,
                      "elements_per_original_element": 1,
                      "matrix_non_zero_count": 112,
                      "node_count": 8,
                      "relative_residual": 2.4759192862206756e-16,
                      "residual_norm": 9.658015271020411e-15,
                      "rhs_norm": 39.00779530564876,
                      "solver_iterations": 0
                    },
                    {
                      "element_count": 12,
                      "elements_per_original_element": 2,
                      "matrix_non_zero_count": 444,
                      "node_count": 21,
                      "relative_residual": 9.313663592906585e-16,
                      "residual_norm": 3.576340045548784e-14,
                      "rhs_norm": 38.39885357543486,
                      "solver_iterations": 0
                    },
                    {
                      "element_count": 48,
                      "elements_per_original_element": 4,
                      "matrix_non_zero_count": 1748,
                      "node_count": 65,
                      "relative_residual": 5.373021383516239e-15,
                      "residual_norm": 1.798530847953016e-13,
                      "rhs_norm": 33.4733610677725,
                      "solver_iterations": 0
                    },
                    {
                      "element_count": 192,
                      "elements_per_original_element": 8,
                      "matrix_non_zero_count": 6948,
                      "node_count": 225,
                      "relative_residual": 2.1985253206182e-14,
                      "residual_norm": 5.553770300042111e-13,
                      "rhs_norm": 25.26134335573836,
                      "solver_iterations": 0
                    }
                  ],
                  "solver_path": "dense_direct",
                  "status": "pass"
                }
              ],
              "status": "pass"
            },
            "convergence_tolerance": 0.02,
            "diagnostic_metrics": [
              "max_von_mises_stress_pa"
            ],
            "finest_pair_displacement_relative_change": 0.002512994880299396,
            "finest_pair_peak_stress_relative_change": 0.2596538893112049,
            "finest_pair_strain_energy_relative_change": 0.13183634921966286,
            "method": "structured_quad_h_refinement_preserving_piecewise_linear_temperature_full_edge_clamp",
            "pass_metrics": [
              "max_displacement_m",
              "total_strain_energy_j"
            ],
            "refinement_levels": [
              1,
              2,
              4,
              8
            ],
            "regime_assessment": {
              "diagnosis": "pass_metrics_lack_qualified_discretization_uncertainty",
              "gci_safety_factor": 1.25,
              "method": "four_level_constant_ratio_observed_order_and_fine_grid_gci",
              "metrics": [
                {
                  "coarse_triplet_observed_order": 3.717714298755936,
                  "fine_grid_gci": null,
                  "fine_triplet_observed_order": 0.44309807457806016,
                  "metric": "max_displacement_m",
                  "observed_order_relative_difference": 0.8808143824482869,
                  "qualification_role": "pass_metric",
                  "regime": "oscillatory",
                  "richardson_extrapolated_value": null,
                  "unit": "m"
                },
                {
                  "coarse_triplet_observed_order": 1.0832192276992143,
                  "fine_grid_gci": 0.12734031090072798,
                  "fine_triplet_observed_order": 1.316526261713176,
                  "metric": "total_strain_energy_j",
                  "observed_order_relative_difference": 0.17721411323034514,
                  "qualification_role": "pass_metric",
                  "regime": "asymptotic_converging",
                  "richardson_extrapolated_value": 4.4591605682260595e-7,
                  "unit": "J"
                },
                {
                  "coarse_triplet_observed_order": 0.04105915989794011,
                  "fine_grid_gci": null,
                  "fine_triplet_observed_order": -0.26569180013403043,
                  "metric": "max_von_mises_stress_pa",
                  "observed_order_relative_difference": 1.1545367974368328,
                  "qualification_role": "diagnostic_metric",
                  "regime": "monotonic_diverging",
                  "richardson_extrapolated_value": null,
                  "unit": "Pa"
                }
              ],
              "order_consistency_tolerance": 0.25,
              "qualification_effect": "gci_gates_require_asymptotic_pass_metric_evidence",
              "qualification_tolerance": 0.02,
              "refinement_ratio": 2.0,
              "schema_version": "kyuubiki.composite-thermal-convergence-regime/v1",
              "status": "fail"
            },
            "samples": [
              {
                "displacement_relative_change": null,
                "element_count": 3,
                "elements_per_original_element": 1,
                "max_displacement_m": 6.304465252056661e-7,
                "max_von_mises_stress_pa": 279548.54597281845,
                "node_count": 8,
                "peak_stress_relative_change": null,
                "strain_energy_relative_change": null,
                "total_strain_energy_j": 1.1575493674835342e-6
              },
              {
                "displacement_relative_change": 0.0432610625310473,
                "element_count": 12,
                "elements_per_original_element": 2,
                "max_displacement_m": 6.031727386562623e-7,
                "max_von_mises_stress_pa": 485140.9185877073,
                "node_count": 21,
                "peak_stress_relative_change": 0.4237786687080289,
                "strain_energy_relative_change": 0.34371969452565176,
                "total_strain_energy_j": 7.596768524937324e-7
              },
              {
                "displacement_relative_change": 0.0034250756536605355,
                "element_count": 48,
                "elements_per_original_element": 4,
                "max_displacement_m": 6.052457511429836e-7,
                "max_von_mises_stress_pa": 684964.6018021951,
                "node_count": 65,
                "peak_stress_relative_change": 0.2917284815722392,
                "strain_energy_relative_change": 0.24719151893472616,
                "total_strain_energy_j": 5.718911774262548e-7
              },
              {
                "displacement_relative_change": 0.002512994880299396,
                "element_count": 192,
                "elements_per_original_element": 8,
                "max_displacement_m": 6.067705624599619e-7,
                "max_von_mises_stress_pa": 925195.1106556436,
                "node_count": 225,
                "peak_stress_relative_change": 0.2596538893112049,
                "strain_energy_relative_change": 0.13183634921966286,
                "total_strain_energy_j": 4.964951324434429e-7
              }
            ],
            "schema_version": "kyuubiki.composite-thermal-mesh-convergence/v1",
            "status": "fail"
          },
          "thermal_stress_recovery": {
            "convergence_tolerance": 0.02,
            "diagnostic_metrics": [
              "max_stress_pa",
              "max_to_p95_ratio"
            ],
            "finest_pair_max_relative_change": 0.2596538893112049,
            "finest_pair_p95_relative_change": 0.29769033050143767,
            "finest_pair_rms_relative_change": 0.016138277665897215,
            "method": "uniform_mesh_element_area_weighted_von_mises_p95_and_rms",
            "pass_metrics": [
              "area_weighted_rms_stress_pa",
              "area_weighted_p95_stress_pa"
            ],
            "refinement_levels": [
              1,
              2,
              4,
              8
            ],
            "samples": [
              {
                "element_count": 3,
                "elements_per_original_element": 1,
                "max_relative_change": null,
                "p95_relative_change": null,
                "rms_relative_change": null,
                "statistics": {
                  "area_weighted_mean_stress_pa": 98468.07361403423,
                  "area_weighted_p95_stress_pa": 279548.54597281845,
                  "area_weighted_rms_stress_pa": 161573.2981901703,
                  "max_stress_pa": 279548.54597281845,
                  "max_to_p95_ratio": 1.0
                }
              },
              {
                "element_count": 12,
                "elements_per_original_element": 2,
                "max_relative_change": 0.4237786687080289,
                "p95_relative_change": 0.4237786687080289,
                "rms_relative_change": 0.19673784362816168,
                "statistics": {
                  "area_weighted_mean_stress_pa": 99682.33491943873,
                  "area_weighted_p95_stress_pa": 485140.9185877073,
                  "area_weighted_rms_stress_pa": 201146.40893822507,
                  "max_stress_pa": 485140.9185877073,
                  "max_to_p95_ratio": 1.0
                }
              },
              {
                "element_count": 48,
                "elements_per_original_element": 4,
                "max_relative_change": 0.2917284815722392,
                "p95_relative_change": 0.24521776846610263,
                "rms_relative_change": 0.021373337107847713,
                "statistics": {
                  "area_weighted_mean_stress_pa": 78838.31266386848,
                  "area_weighted_p95_stress_pa": 642756.1465004089,
                  "area_weighted_rms_stress_pa": 196847.2389319554,
                  "max_stress_pa": 684964.6018021951,
                  "max_to_p95_ratio": 1.0656679139228726
                }
              },
              {
                "element_count": 192,
                "elements_per_original_element": 8,
                "max_relative_change": 0.2596538893112049,
                "p95_relative_change": 0.29769033050143767,
                "rms_relative_change": 0.016138277665897215,
                "statistics": {
                  "area_weighted_mean_stress_pa": 72416.17343132538,
                  "area_weighted_p95_stress_pa": 451413.8568168717,
                  "area_weighted_rms_stress_pa": 193670.46353230628,
                  "max_stress_pa": 925195.1106556436,
                  "max_to_p95_ratio": 2.049549646480999
                }
              }
            ],
            "schema_version": "kyuubiki.composite-thermal-stress-recovery/v1",
            "status": "fail"
          }
        },
        "status": "completed"
      },
      "requires_confirmation": false
    },
    {
      "index": 7,
      "action": "solve_composite_thermo_electric_panel",
      "risk": "normal",
      "status": "executed",
      "payload": {
        "electric_conduction_feedback": {
          "parameter_source": "screening_reference_not_material_card",
          "regions": [
            {
              "element_id": "conductor_left",
              "reference_resistivity_ohm_m": 1.68e-8,
              "reference_temperature_c": 35.0,
              "resistivity_temperature_coefficient_1_k": 0.00393
            }
          ]
        },
        "electric_conduction_model": {
          "contact_interfaces": [],
          "elements": [
            {
              "electrical_conductivity_s_m": 59523809.523809515,
              "id": "conductor_left",
              "node_i": 0,
              "node_j": 1,
              "node_k": 2,
              "node_l": 3,
              "thickness": 0.001
            }
          ],
          "nodes": [
            {
              "current_source_a": 0.0,
              "electric_potential_v": 0.0,
              "fix_electric_potential": true,
              "id": "n0",
              "x": 0.0,
              "y": 0.0
            },
            {
              "current_source_a": 0.0,
              "electric_potential_v": 0.000033600000000000004,
              "fix_electric_potential": true,
              "id": "n1",
              "x": 0.03,
              "y": 0.0
            },
            {
              "current_source_a": 0.0,
              "electric_potential_v": 0.000033600000000000004,
              "fix_electric_potential": true,
              "id": "n5",
              "x": 0.03,
              "y": 0.03
            },
            {
              "current_source_a": 0.0,
              "electric_potential_v": 0.0,
              "fix_electric_potential": true,
              "id": "n4",
              "x": 0.0,
              "y": 0.03
            }
          ],
          "terminals": []
        },
        "electrostatic_model": {
          "elements": [
            {
              "id": "conductor_left",
              "node_i": 0,
              "node_j": 1,
              "node_k": 5,
              "node_l": 4,
              "permittivity": 1.0,
              "thickness": 0.001
            },
            {
              "id": "dielectric_core",
              "node_i": 1,
              "node_j": 2,
              "node_k": 6,
              "node_l": 5,
              "permittivity": 2.1,
              "thickness": 0.001
            },
            {
              "id": "substrate_right",
              "node_i": 2,
              "node_j": 3,
              "node_k": 7,
              "node_l": 6,
              "permittivity": 4.2,
              "thickness": 0.001
            }
          ],
          "nodes": [
            {
              "charge_density": 0.0,
              "fix_potential": true,
              "id": "n0",
              "potential": 0.0,
              "x": 0.0,
              "y": 0.0
            },
            {
              "charge_density": 0.0,
              "fix_potential": false,
              "id": "n1",
              "potential": 0.0,
              "x": 0.03,
              "y": 0.0
            },
            {
              "charge_density": 0.0,
              "fix_potential": false,
              "id": "n2",
              "potential": 0.0,
              "x": 0.06,
              "y": 0.0
            },
            {
              "charge_density": 0.0,
              "fix_potential": true,
              "id": "n3",
              "potential": 1210,
              "x": 0.09,
              "y": 0.0
            },
            {
              "charge_density": 0.0,
              "fix_potential": true,
              "id": "n4",
              "potential": 0.0,
              "x": 0.0,
              "y": 0.03
            },
            {
              "charge_density": 0.0,
              "fix_potential": false,
              "id": "n5",
              "potential": 0.0,
              "x": 0.03,
              "y": 0.03
            },
            {
              "charge_density": 0.0,
              "fix_potential": false,
              "id": "n6",
              "potential": 0.0,
              "x": 0.06,
              "y": 0.03
            },
            {
              "charge_density": 0.0,
              "fix_potential": true,
              "id": "n7",
              "potential": 1210,
              "x": 0.09,
              "y": 0.03
            }
          ]
        },
        "electrothermal_feedback": {
          "conductivity_relative_change_tolerance": 1e-9,
          "loss_relative_change_tolerance": 1e-9,
          "loss_tangent_temperature_coefficient_1_k": 0.001,
          "max_iterations": 12,
          "parameter_source": "screening_sensitivity_not_material_card",
          "relative_permittivity_temperature_coefficient_1_k": 0.0001,
          "relaxation_factor": 0.8,
          "temperature_residual_tolerance_c": 1e-7,
          "thermal_conductivity_models": [
            {
              "element_id": "conductor_left",
              "reference_temperature_c": 35.0,
              "temperature_coefficient_1_k": -0.001
            },
            {
              "element_id": "dielectric_core",
              "reference_temperature_c": 35.0,
              "temperature_coefficient_1_k": -0.002
            },
            {
              "element_id": "substrate_right",
              "reference_temperature_c": 35.0,
              "temperature_coefficient_1_k": -0.0012
            }
          ]
        },
        "electrothermal_loss": {
          "frequency_hz": 10000000.0,
          "loss_tangent": 0.0002,
          "reference_temperature_c": 35.0,
          "relative_permittivity": 2.1,
          "source_element_id": "dielectric_core"
        },
        "heat_model": {
          "elements": [
            {
              "conductivity": 390.0,
              "id": "conductor_left",
              "node_i": 0,
              "node_j": 1,
              "node_k": 5,
              "node_l": 4,
              "thickness": 0.001
            },
            {
              "conductivity": 0.25,
              "id": "dielectric_core",
              "node_i": 1,
              "node_j": 2,
              "node_k": 6,
              "node_l": 5,
              "thickness": 0.001
            },
            {
              "conductivity": 160.0,
              "id": "substrate_right",
              "node_i": 2,
              "node_j": 3,
              "node_k": 7,
              "node_l": 6,
              "thickness": 0.001
            }
          ],
          "nodes": [
            {
              "fix_temperature": false,
              "heat_load": 0.0,
              "id": "n0",
              "temperature": 35.0,
              "x": 0.0,
              "y": 0.0
            },
            {
              "fix_temperature": false,
              "heat_load": 0.0,
              "id": "n1",
              "temperature": 35.0,
              "x": 0.03,
              "y": 0.0
            },
            {
              "fix_temperature": false,
              "heat_load": 0.0,
              "id": "n2",
              "temperature": 35.0,
              "x": 0.06,
              "y": 0.0
            },
            {
              "fix_temperature": true,
              "heat_load": 0.0,
              "id": "n3",
              "temperature": 35.0,
              "x": 0.09,
              "y": 0.0
            },
            {
              "fix_temperature": false,
              "heat_load": 0.0,
              "id": "n4",
              "temperature": 35.0,
              "x": 0.0,
              "y": 0.03
            },
            {
              "fix_temperature": false,
              "heat_load": 0.0,
              "id": "n5",
              "temperature": 35.0,
              "x": 0.03,
              "y": 0.03
            },
            {
              "fix_temperature": false,
              "heat_load": 0.0,
              "id": "n6",
              "temperature": 35.0,
              "x": 0.06,
              "y": 0.03
            },
            {
              "fix_temperature": true,
              "heat_load": 0.0,
              "id": "n7",
              "temperature": 35.0,
              "x": 0.09,
              "y": 0.03
            }
          ]
        },
        "research": {
          "candidate_id": "copper_ptfe_glass_epoxy",
          "candidate_label": "Copper / PTFE / Glass epoxy",
          "coupling": "iterative_dielectric_and_conductor_joule_heating_with_temperature_dependent_electrical_thermal_feedback_and_expansion_projection",
          "materials": {
            "conductor": "copper",
            "dielectric": "ptfe",
            "substrate": "glass_epoxy"
          },
          "study": "material.composite_thermo_electric_panel.v1"
        },
        "thermal_expansion_feedback": {
          "parameter_source": "screening_sensitivity_not_material_card",
          "regions": [
            {
              "element_id": "conductor_left",
              "reference_temperature_c": 35.0,
              "temperature_coefficient_1_k": 0.0002
            },
            {
              "element_id": "dielectric_core",
              "reference_temperature_c": 35.0,
              "temperature_coefficient_1_k": 0.0008
            },
            {
              "element_id": "substrate_right",
              "reference_temperature_c": 35.0,
              "temperature_coefficient_1_k": 0.0003
            }
          ]
        },
        "thermal_model": {
          "elements": [
            {
              "id": "conductor_left",
              "node_i": 0,
              "node_j": 1,
              "node_k": 5,
              "node_l": 4,
              "poisson_ratio": 0.32,
              "thermal_expansion": 0.000017,
              "thickness": 0.001,
              "youngs_modulus": 110000000000.0
            },
            {
              "id": "dielectric_core",
              "node_i": 1,
              "node_j": 2,
              "node_k": 6,
              "node_l": 5,
              "poisson_ratio": 0.32,
              "thermal_expansion": 0.000045,
              "thickness": 0.001,
              "youngs_modulus": 2500000000.0
            },
            {
              "id": "substrate_right",
              "node_i": 2,
              "node_j": 3,
              "node_k": 7,
              "node_l": 6,
              "poisson_ratio": 0.32,
              "thermal_expansion": 0.000014,
              "thickness": 0.001,
              "youngs_modulus": 22000000000.0
            }
          ],
          "nodes": [
            {
              "fix_x": true,
              "fix_y": true,
              "id": "n0",
              "load_x": 0.0,
              "load_y": 0.0,
              "temperature_delta": 0.0,
              "x": 0.0,
              "y": 0.0
            },
            {
              "fix_x": false,
              "fix_y": false,
              "id": "n1",
              "load_x": 0.0,
              "load_y": 0.0,
              "temperature_delta": 0.0,
              "x": 0.03,
              "y": 0.0
            },
            {
              "fix_x": false,
              "fix_y": false,
              "id": "n2",
              "load_x": 0.0,
              "load_y": 0.0,
              "temperature_delta": 0.0,
              "x": 0.06,
              "y": 0.0
            },
            {
              "fix_x": false,
              "fix_y": false,
              "id": "n3",
              "load_x": 0.0,
              "load_y": 0.0,
              "temperature_delta": 0.0,
              "x": 0.09,
              "y": 0.0
            },
            {
              "fix_x": true,
              "fix_y": true,
              "id": "n4",
              "load_x": 0.0,
              "load_y": 0.0,
              "temperature_delta": 0.0,
              "x": 0.0,
              "y": 0.03
            },
            {
              "fix_x": false,
              "fix_y": false,
              "id": "n5",
              "load_x": 0.0,
              "load_y": 0.0,
              "temperature_delta": 0.0,
              "x": 0.03,
              "y": 0.03
            },
            {
              "fix_x": false,
              "fix_y": false,
              "id": "n6",
              "load_x": 0.0,
              "load_y": 0.0,
              "temperature_delta": 0.0,
              "x": 0.06,
              "y": 0.03
            },
            {
              "fix_x": false,
              "fix_y": false,
              "id": "n7",
              "load_x": 0.0,
              "load_y": 0.0,
              "temperature_delta": 0.0,
              "x": 0.09,
              "y": 0.03
            }
          ]
        }
      },
      "result_preview": {
        "job": {
          "created_at": "2026-08-13T10:09:26.737130Z",
          "execution_started_at": null,
          "execution_timeout_ms": 120000,
          "has_result": false,
          "iteration": null,
          "job_id": "d80698a283cbf923",
          "message": null,
          "model_version_id": null,
          "progress": 0.0,
          "project_id": "0b16c14aa3736257",
          "queue_timeout_ms": 1800000,
          "residual": null,
          "simulation_case_id": "a39d1a34f7f60566",
          "status": "queued",
          "status_detail": {
            "active": true,
            "failure_class": null,
            "lifecycle": "active",
            "recoverable": false,
            "terminal": false,
            "timing": {
              "effective_deadline": "2026-08-13T10:39:26.737130Z",
              "effective_timeout_ms": 1800000,
              "execution_elapsed_ms": null,
              "execution_started_at": null,
              "execution_timeout_ms": 120000,
              "job_submission_deadline": "2026-08-13T10:39:26.737130Z",
              "phase": "queue",
              "queue_timeout_ms": 1800000,
              "queue_wait_ms": 0,
              "total_elapsed_ms": 0
            }
          },
          "updated_at": "2026-08-13T10:09:26.737130Z",
          "worker_id": null
        },
        "job_id": "d80698a283cbf923",
        "progress": 0.0,
        "raw": {
          "job": {
            "created_at": "2026-08-13T10:09:26.737130Z",
            "execution_started_at": null,
            "execution_timeout_ms": 120000,
            "has_result": false,
            "iteration": null,
            "job_id": "d80698a283cbf923",
            "message": null,
            "model_version_id": null,
            "progress": 0.0,
            "project_id": "0b16c14aa3736257",
            "queue_timeout_ms": 1800000,
            "residual": null,
            "simulation_case_id": "a39d1a34f7f60566",
            "status": "queued",
            "status_detail": {
              "active": true,
              "failure_class": null,
              "lifecycle": "active",
              "recoverable": false,
              "terminal": false,
              "timing": {
                "effective_deadline": "2026-08-13T10:39:26.737130Z",
                "effective_timeout_ms": 1800000,
                "execution_elapsed_ms": null,
                "execution_started_at": null,
                "execution_timeout_ms": 120000,
                "job_submission_deadline": "2026-08-13T10:39:26.737130Z",
                "phase": "queue",
                "queue_timeout_ms": 1800000,
                "queue_wait_ms": 0,
                "total_elapsed_ms": 0
              }
            },
            "updated_at": "2026-08-13T10:09:26.737130Z",
            "worker_id": null
          }
        },
        "status": "queued"
      },
      "requires_confirmation": false
    },
    {
      "index": 8,
      "action": "job_wait",
      "risk": "normal",
      "status": "executed",
      "payload": {
        "interval_ms": 1000,
        "job_id": "d80698a283cbf923",
        "max_total_timeout_ms": 3600000,
        "resume_policy": "server_deadline",
        "timeout_ms": 60000
      },
      "result_preview": {
        "job": {
          "created_at": "2026-08-13T10:09:26.737130Z",
          "execution_started_at": "2026-08-13T10:09:26.740516Z",
          "execution_timeout_ms": 120000,
          "iteration": 4,
          "job_id": "d80698a283cbf923",
          "message": "collecting nodal and elemental responses",
          "model_version_id": null,
          "progress": 1.0,
          "project_id": "0b16c14aa3736257",
          "queue_timeout_ms": 1800000,
          "residual": 0.2,
          "simulation_case_id": "a39d1a34f7f60566",
          "status": "completed",
          "status_detail": {
            "active": false,
            "failure_class": null,
            "lifecycle": "terminal",
            "recoverable": false,
            "terminal": true,
            "timing": {
              "effective_deadline": "2026-08-13T10:11:26.740516Z",
              "effective_timeout_ms": 120000,
              "execution_elapsed_ms": 14323,
              "execution_started_at": "2026-08-13T10:09:26.740516Z",
              "execution_timeout_ms": 120000,
              "job_submission_deadline": "2026-08-13T10:39:26.737130Z",
              "phase": "execution",
              "queue_timeout_ms": 1800000,
              "queue_wait_ms": 3,
              "total_elapsed_ms": 14327
            }
          },
          "updated_at": "2026-08-13T10:09:41.064273Z",
          "worker_id": "rust-agent-rpc@127.0.0.1:5002"
        },
        "job_id": "d80698a283cbf923",
        "progress": 1.0,
        "raw": {
          "job": {
            "created_at": "2026-08-13T10:09:26.737130Z",
            "execution_started_at": "2026-08-13T10:09:26.740516Z",
            "execution_timeout_ms": 120000,
            "iteration": 4,
            "job_id": "d80698a283cbf923",
            "message": "collecting nodal and elemental responses",
            "model_version_id": null,
            "progress": 1.0,
            "project_id": "0b16c14aa3736257",
            "queue_timeout_ms": 1800000,
            "residual": 0.2,
            "simulation_case_id": "a39d1a34f7f60566",
            "status": "completed",
            "status_detail": {
              "active": false,
              "failure_class": null,
              "lifecycle": "terminal",
              "recoverable": false,
              "terminal": true,
              "timing": {
                "effective_deadline": "2026-08-13T10:11:26.740516Z",
                "effective_timeout_ms": 120000,
                "execution_elapsed_ms": 14323,
                "execution_started_at": "2026-08-13T10:09:26.740516Z",
                "execution_timeout_ms": 120000,
                "job_submission_deadline": "2026-08-13T10:39:26.737130Z",
                "phase": "execution",
                "queue_timeout_ms": 1800000,
                "queue_wait_ms": 3,
                "total_elapsed_ms": 14327
              }
            },
            "updated_at": "2026-08-13T10:09:41.064273Z",
            "worker_id": "rust-agent-rpc@127.0.0.1:5002"
          }
        },
        "result": null,
        "status": "completed",
        "wait": {
          "elapsed_ms": 14394,
          "policy": "server_deadline",
          "poll_attempts": 15,
          "resume_count": 0
        }
      },
      "requires_confirmation": false
    },
    {
      "index": 9,
      "action": "result_fetch",
      "risk": "normal",
      "status": "executed",
      "payload": {
        "job_id": "d80698a283cbf923"
      },
      "result_preview": {
        "job": {
          "created_at": "2026-08-13T10:09:26.737130Z",
          "execution_started_at": "2026-08-13T10:09:26.740516Z",
          "execution_timeout_ms": 120000,
          "has_result": true,
          "iteration": 4,
          "job_id": "d80698a283cbf923",
          "message": "collecting nodal and elemental responses",
          "model_version_id": null,
          "progress": 1.0,
          "project_id": "0b16c14aa3736257",
          "queue_timeout_ms": 1800000,
          "residual": 0.2,
          "simulation_case_id": "a39d1a34f7f60566",
          "status": "completed",
          "status_detail": {
            "active": false,
            "failure_class": null,
            "lifecycle": "terminal",
            "recoverable": false,
            "terminal": true,
            "timing": {
              "effective_deadline": "2026-08-13T10:11:26.740516Z",
              "effective_timeout_ms": 120000,
              "execution_elapsed_ms": 14323,
              "execution_started_at": "2026-08-13T10:09:26.740516Z",
              "execution_timeout_ms": 120000,
              "job_submission_deadline": "2026-08-13T10:39:26.737130Z",
              "phase": "execution",
              "queue_timeout_ms": 1800000,
              "queue_wait_ms": 3,
              "total_elapsed_ms": 14327
            }
          },
          "updated_at": "2026-08-13T10:09:41.064273Z",
          "worker_id": "rust-agent-rpc@127.0.0.1:5002"
        },
        "job_id": "d80698a283cbf923",
        "result": {
          "electric_conduction": {
            "contact_interfaces": [],
            "current_balance_relative_error": 0.0,
            "elements": [
              {
                "area_m2": 0.0009,
                "average_electric_potential_v": 0.000016800000000000002,
                "current_density_magnitude_a_m2": 66582.41132567967,
                "current_density_x_a_m2": -66582.41132567967,
                "current_density_y_a_m2": -0.0,
                "electric_field_magnitude_v_m": 0.00112,
                "electric_field_x_v_m": -0.00112,
                "electric_field_y_v_m": -0.0,
                "electric_potential_gradient_x_v_m": 0.00112,
                "electric_potential_gradient_y_v_m": 0.0,
                "id": "conductor_left",
                "index": 0,
                "joule_power_w": 0.00006711507061628511,
                "node_i": 0,
                "node_j": 1,
                "node_k": 2,
                "node_l": 3,
                "peak_current_density_magnitude_a_m2": 66582.41132567967,
                "peak_electric_field_magnitude_v_m": 0.00112,
                "rms_current_density_magnitude_a_m2": 66582.41132567967,
                "rms_electric_field_magnitude_v_m": 0.00112,
                "volumetric_joule_heating_w_m3": 74.57230068476125
              }
            ],
            "free_current_residual_relative_error": 0.0,
            "input": {
              "contact_interfaces": [],
              "elements": [
                {
                  "electrical_conductivity_s_m": 59448581.54078542,
                  "id": "conductor_left",
                  "node_i": 0,
                  "node_j": 1,
                  "node_k": 2,
                  "node_l": 3,
                  "thickness": 0.001
                }
              ],
              "nodes": [
                {
                  "current_source_a": 0.0,
                  "electric_potential_v": 0.0,
                  "fix_electric_potential": true,
                  "id": "n0",
                  "x": 0.0,
                  "y": 0.0
                },
                {
                  "current_source_a": 0.0,
                  "electric_potential_v": 0.000033600000000000004,
                  "fix_electric_potential": true,
                  "id": "n1",
                  "x": 0.03,
                  "y": 0.0
                },
                {
                  "current_source_a": 0.0,
                  "electric_potential_v": 0.000033600000000000004,
                  "fix_electric_potential": true,
                  "id": "n5",
                  "x": 0.03,
                  "y": 0.03
                },
                {
                  "current_source_a": 0.0,
                  "electric_potential_v": 0.0,
                  "fix_electric_potential": true,
                  "id": "n4",
                  "x": 0.0,
                  "y": 0.03
                }
              ],
              "terminals": []
            },
            "max_current_density_a_m2": 66582.41132567967,
            "max_electric_field_v_m": 0.00112,
            "max_electric_potential_v": 0.000033600000000000004,
            "max_free_current_residual_a": 0.0,
            "nodes": [
              {
                "current_source_a": 0.0,
                "electric_potential_v": 0.0,
                "fix_electric_potential": true,
                "id": "n0",
                "index": 0,
                "net_injected_current_a": -0.9987361698851952,
                "reaction_current_a": -0.9987361698851952,
                "x": 0.0,
                "y": 0.0
              },
              {
                "current_source_a": 0.0,
                "electric_potential_v": 0.000033600000000000004,
                "fix_electric_potential": true,
                "id": "n1",
                "index": 1,
                "net_injected_current_a": 0.9987361698851952,
                "reaction_current_a": 0.9987361698851952,
                "x": 0.03,
                "y": 0.0
              },
              {
                "current_source_a": 0.0,
                "electric_potential_v": 0.000033600000000000004,
                "fix_electric_potential": true,
                "id": "n5",
                "index": 2,
                "net_injected_current_a": 0.9987361698851952,
                "reaction_current_a": 0.9987361698851952,
                "x": 0.03,
                "y": 0.03
              },
              {
                "current_source_a": 0.0,
                "electric_potential_v": 0.0,
                "fix_electric_potential": true,
                "id": "n4",
                "index": 3,
                "net_injected_current_a": -0.9987361698851952,
                "reaction_current_a": -0.9987361698851952,
                "x": 0.0,
                "y": 0.03
              }
            ],
            "power_balance_relative_error": 2.0192971610731428e-16,
            "source_power_balance_relative_error": 2.0192971610731428e-16,
            "terminals": [],
            "total_bulk_joule_power_w": 0.00006711507061628511,
            "total_contact_joule_power_w": -0.0,
            "total_dissipated_power_w": 0.00006711507061628511,
            "total_electrical_input_power_w": 0.00006711507061628513,
            "total_extracted_current_a": 1.9974723397703904,
            "total_injected_current_a": 1.9974723397703904,
            "total_joule_power_w": 0.00006711507061628511,
            "total_source_power_w": 0.00006711507061628513,
            "total_terminal_impedance_power_w": -0.0
          },
          "electrostatic": {
            "elements": [
              {
                "area": 0.0009,
                "average_potential": 352.9182475857622,
                "electric_energy_density": 276780643.28667855,
                "electric_field_magnitude": 23527.883172384147,
                "electric_field_x": -23527.883172384147,
                "electric_field_y": -0.0,
                "electric_flux_density_magnitude": 23527.883172384147,
                "electric_flux_density_x": -23527.883172384147,
                "electric_flux_density_y": -0.0,
                "id": "conductor_left",
                "index": 0,
                "node_i": 0,
                "node_j": 1,
                "node_k": 5,
                "node_l": 4,
                "potential_gradient_x": 23527.883172384147,
                "potential_gradient_y": 0.0,
                "stored_energy": 249.1025789580107
              },
              {
                "area": 0.0009,
                "average_potential": 873.890093398676,
                "electric_energy_density": 131798180.85957356,
                "electric_field_magnitude": 11203.57321514344,
                "electric_field_x": -11203.57321514344,
                "electric_field_y": -0.0,
                "electric_flux_density_magnitude": 23527.88317238415,
                "electric_flux_density_x": -23527.88317238415,
                "electric_flux_density_y": -0.0,
                "id": "dielectric_core",
                "index": 1,
                "node_i": 1,
                "node_j": 2,
                "node_k": 6,
                "node_l": 5,
                "potential_gradient_x": 11203.57321514344,
                "potential_gradient_y": 0.0,
                "stored_energy": 118.6183627736162
              },
              {
                "area": 0.0009,
                "average_potential": 1125.9718458129137,
                "electric_energy_density": 65900153.16349493,
                "electric_field_magnitude": 5601.87694580575,
                "electric_field_x": -5601.87694580575,
                "electric_field_y": -0.0,
                "electric_flux_density_magnitude": 23527.88317238415,
                "electric_flux_density_x": -23527.88317238415,
                "electric_flux_density_y": -0.0,
                "id": "substrate_right",
                "index": 2,
                "node_i": 2,
                "node_j": 3,
                "node_k": 7,
                "node_l": 6,
                "potential_gradient_x": 5601.87694580575,
                "potential_gradient_y": 0.0,
                "stored_energy": 59.31013784714544
              }
            ],
            "input": {
              "elements": [
                {
                  "id": "conductor_left",
                  "node_i": 0,
                  "node_j": 1,
                  "node_k": 5,
                  "node_l": 4,
                  "permittivity": 1.0,
                  "thickness": 0.001
                },
                {
                  "id": "dielectric_core",
                  "node_i": 1,
                  "node_j": 2,
                  "node_k": 6,
                  "node_l": 5,
                  "permittivity": 2.100033866033242,
                  "thickness": 0.001
                },
                {
                  "id": "substrate_right",
                  "node_i": 2,
                  "node_j": 3,
                  "node_k": 7,
                  "node_l": 6,
                  "permittivity": 4.2,
                  "thickness": 0.001
                }
              ],
              "nodes": [
                {
                  "charge_density": 0.0,
                  "fix_potential": true,
                  "id": "n0",
                  "potential": 0.0,
                  "x": 0.0,
                  "y": 0.0
                },
                {
                  "charge_density": 0.0,
                  "fix_potential": false,
                  "id": "n1",
                  "potential": 0.0,
                  "x": 0.03,
                  "y": 0.0
                },
                {
                  "charge_density": 0.0,
                  "fix_potential": false,
                  "id": "n2",
                  "potential": 0.0,
                  "x": 0.06,
                  "y": 0.0
                },
                {
                  "charge_density": 0.0,
                  "fix_potential": true,
                  "id": "n3",
                  "potential": 1210.0,
                  "x": 0.09,
                  "y": 0.0
                },
                {
                  "charge_density": 0.0,
                  "fix_potential": true,
                  "id": "n4",
                  "potential": 0.0,
                  "x": 0.0,
                  "y": 0.03
                },
                {
                  "charge_density": 0.0,
                  "fix_potential": false,
                  "id": "n5",
                  "potential": 0.0,
                  "x": 0.03,
                  "y": 0.03
                },
                {
                  "charge_density": 0.0,
                  "fix_potential": false,
                  "id": "n6",
                  "potential": 0.0,
                  "x": 0.06,
                  "y": 0.03
                },
                {
                  "charge_density": 0.0,
                  "fix_potential": true,
                  "id": "n7",
                  "potential": 1210.0,
                  "x": 0.09,
                  "y": 0.03
                }
              ]
            },
            "max_electric_energy_density": 276780643.28667855,
            "max_electric_field": 23527.883172384147,
            "max_flux_density": 23527.88317238415,
            "max_potential": 1210.0,
            "nodes": [
              {
                "charge_density": 0.0,
                "id": "n0",
                "index": 0,
                "potential": 0.0,
                "x": 0.0,
                "y": 0.0
              },
              {
                "charge_density": 0.0,
                "id": "n1",
                "index": 1,
                "potential": 705.8364951715243,
                "x": 0.03,
                "y": 0.0
              },
              {
                "charge_density": 0.0,
                "id": "n2",
                "index": 2,
                "potential": 1041.9436916258276,
                "x": 0.06,
                "y": 0.0
              },
              {
                "charge_density": 0.0,
                "id": "n3",
                "index": 3,
                "potential": 1210.0,
                "x": 0.09,
                "y": 0.0
              },
              {
                "charge_density": 0.0,
                "id": "n4",
                "index": 4,
                "potential": 0.0,
                "x": 0.0,
                "y": 0.03
              },
              {
                "charge_density": 0.0,
                "id": "n5",
                "index": 5,
                "potential": 705.8364951715243,
                "x": 0.03,
                "y": 0.03
              },
              {
                "charge_density": 0.0,
                "id": "n6",
                "index": 6,
                "potential": 1041.9436916258276,
                "x": 0.06,
                "y": 0.03
              },
              {
                "charge_density": 0.0,
                "id": "n7",
                "index": 7,
                "potential": 1210.0,
                "x": 0.09,
                "y": 0.03
              }
            ],
            "total_stored_energy": 427.03107957877234
          },
          "electrostatic_mesh_convergence": {
            "finest_pair_relative_change": 9.562644313421714e-15,
            "max_analytic_relative_error": 0.3444444444444442,
            "method": "structured_quad_h_refinement",
            "refinement_levels": [
              1,
              2,
              4,
              8
            ],
            "relative_error_tolerance": 1e-8,
            "samples": [
              {
                "analytic_relative_error": 0.3444444444444442,
                "element_count": 3,
                "elements_per_layer": 1,
                "max_electric_field_v_m": 23527.883172384147,
                "node_count": 8,
                "relative_change_from_previous": null
              },
              {
                "analytic_relative_error": 4.157671440618136e-16,
                "element_count": 6,
                "elements_per_layer": 2,
                "max_electric_field_v_m": 17500.07839268242,
                "node_count": 14,
                "relative_change_from_previous": 0.34444444444444466
              },
              {
                "analytic_relative_error": 8.315342881236272e-16,
                "element_count": 12,
                "elements_per_layer": 4,
                "max_electric_field_v_m": 17500.07839268244,
                "node_count": 26,
                "relative_change_from_previous": 1.2473014321854408e-15
              },
              {
                "analytic_relative_error": 1.0394178601545341e-14,
                "element_count": 24,
                "elements_per_layer": 8,
                "max_electric_field_v_m": 17500.078392682608,
                "node_count": 50,
                "relative_change_from_previous": 9.562644313421714e-15
              }
            ],
            "schema_version": "kyuubiki.composite-electrostatic-mesh-convergence/v1",
            "status": "fail"
          },
          "electrothermal_feedback_convergence": {
            "conductivity_relative_change_tolerance": 1e-9,
            "converged": true,
            "final_loss_relative_change": 3.4507473992875685e-10,
            "final_max_conductivity_relative_change": 1.289261526893877e-10,
            "final_temperature_residual_c": 3.2077338119052e-8,
            "iteration_count": 11,
            "iterations": [
              {
                "converged": false,
                "coupling_temperature_c": 35.0,
                "dielectric_mean_temperature_c": 35.16138131186746,
                "iteration": 1,
                "loss_relative_change": null,
                "loss_tangent": 0.0002,
                "max_conductivity_relative_change": null,
                "max_temperature_c": 35.32226380048871,
                "relative_permittivity": 2.1,
                "temperature_residual_c": 0.3222207235656356,
                "thermal_conductivity_updates": [
                  {
                    "conductivity_relative_change": null,
                    "conductivity_w_mk": 390.0,
                    "coupling_temperature_c": 35.0,
                    "element_id": "conductor_left",
                    "measured_mean_temperature_c": 35.322220723565636
                  },
                  {
                    "conductivity_relative_change": null,
                    "conductivity_w_mk": 0.25,
                    "coupling_temperature_c": 35.0,
                    "element_id": "dielectric_core",
                    "measured_mean_temperature_c": 35.16138131186746
                  },
                  {
                    "conductivity_relative_change": null,
                    "conductivity_w_mk": 160.0,
                    "coupling_temperature_c": 35.0,
                    "element_id": "substrate_right",
                    "measured_mean_temperature_c": 35.00029248854618
                  }
                ],
                "total_joule_loss_w": 0.0000672,
                "total_loss_w": 0.00002639633477608472
              },
              {
                "converged": false,
                "coupling_temperature_c": 35.129105049493965,
                "dielectric_mean_temperature_c": 35.161289641689834,
                "iteration": 2,
                "loss_relative_change": 0.0006918267416426893,
                "loss_tangent": 0.0002000258210098988,
                "max_conductivity_relative_change": 0.00025821009898796543,
                "max_temperature_c": 35.322080799672946,
                "relative_permittivity": 2.1000271120603937,
                "temperature_residual_c": 0.06426117639693985,
                "thermal_conductivity_updates": [
                  {
                    "conductivity_relative_change": 0.0002577765788525236,
                    "conductivity_w_mk": 389.8994671342475,
                    "coupling_temperature_c": 35.25777657885251,
                    "element_id": "conductor_left",
                    "measured_mean_temperature_c": 35.32203775524945
                  },
                  {
                    "conductivity_relative_change": 0.00025821009898796543,
                    "conductivity_w_mk": 0.249935447475253,
                    "coupling_temperature_c": 35.129105049493965,
                    "element_id": "dielectric_core",
                    "measured_mean_temperature_c": 35.161289641689834
                  },
                  {
                    "conductivity_relative_change": 2.807890043143857e-7,
                    "conductivity_w_mk": 159.9999550737593,
                    "coupling_temperature_c": 35.000233990836946,
                    "element_id": "substrate_right",
                    "measured_mean_temperature_c": 35.00029228627685
                  }
                ],
                "total_joule_loss_w": 0.00006713199113382629,
                "total_loss_w": 0.000026399591194940593
              },
              {
                "converged": false,
                "coupling_temperature_c": 35.15485272325066,
                "dielectric_mean_temperature_c": 35.16127138708622,
                "iteration": 3,
                "loss_relative_change": 0.00013789208989487374,
                "loss_tangent": 0.00020003097054465015,
                "max_conductivity_relative_change": 0.00005150864756635078,
                "max_temperature_c": 35.32204435809513,
                "relative_permittivity": 2.100032519071883,
                "temperature_residual_c": 0.012815800174479364,
                "thermal_conductivity_updates": [
                  {
                    "conductivity_relative_change": 0.000051422196555501343,
                    "conductivity_w_mk": 389.87941764721165,
                    "coupling_temperature_c": 35.30918551997006,
                    "element_id": "conductor_left",
                    "measured_mean_temperature_c": 35.32200132014454
                  },
                  {
                    "conductivity_relative_change": 0.00005150864756635078,
                    "conductivity_w_mk": 0.24992257363837467,
                    "coupling_temperature_c": 35.15485272325066,
                    "element_id": "dielectric_core",
                    "measured_mean_temperature_c": 35.16127138708622
                  },
                  {
                    "conductivity_relative_change": 5.59636380724645e-8,
                    "conductivity_w_mk": 159.99994611957973,
                    "coupling_temperature_c": 35.00028062718887,
                    "element_id": "substrate_right",
                    "measured_mean_temperature_c": 35.000292245989236
                  }
                ],
                "total_joule_loss_w": 0.00006711844443900623,
                "total_loss_w": 0.000026400240624402163
              },
              {
                "converged": false,
                "coupling_temperature_c": 35.1599876543191,
                "dielectric_mean_temperature_c": 35.16126774759322,
                "iteration": 4,
                "loss_relative_change": 0.000027497039297054862,
                "loss_tangent": 0.0002000319975308638,
                "max_conductivity_relative_change": 0.000010273043754527524,
                "max_temperature_c": 35.3220370925933,
                "relative_permittivity": 2.1000335974074074,
                "temperature_residual_c": 0.0025558958236473472,
                "thermal_conductivity_updates": [
                  {
                    "conductivity_relative_change": 0.000010255811087724528,
                    "conductivity_w_mk": 389.87541911755727,
                    "coupling_temperature_c": 35.31943816010964,
                    "element_id": "conductor_left",
                    "measured_mean_temperature_c": 35.32199405593329
                  },
                  {
                    "conductivity_relative_change": 0.000010273043754527524,
                    "conductivity_w_mk": 0.24992000617284044,
                    "coupling_temperature_c": 35.1599876543191,
                    "element_id": "dielectric_core",
                    "measured_mean_temperature_c": 35.16126774759322
                  },
                  {
                    "conductivity_relative_change": 1.1154052107770057e-8,
                    "conductivity_w_mk": 159.999944334932,
                    "coupling_temperature_c": 35.000289922229165,
                    "element_id": "substrate_right",
                    "measured_mean_temperature_c": 35.00029223795658
                  }
                ],
                "total_joule_loss_w": 0.00006711574343468314,
                "total_loss_w": 0.000026400370141767057
              },
              {
                "converged": false,
                "coupling_temperature_c": 35.1610117289384,
                "dielectric_mean_temperature_c": 35.16126702181445,
                "iteration": 5,
                "loss_relative_change": 5.4836951911147015e-6,
                "loss_tangent": 0.0002000322023457877,
                "max_conductivity_relative_change": 2.0488048054926616e-6,
                "max_temperature_c": 35.32203564372477,
                "relative_permittivity": 2.100033812463077,
                "temperature_residual_c": 0.0005097305535741725,
                "thermal_conductivity_updates": [
                  {
                    "conductivity_relative_change": 2.045370028301923e-6,
                    "conductivity_w_mk": 389.87462167806024,
                    "coupling_temperature_c": 35.321482876768556,
                    "element_id": "conductor_left",
                    "measured_mean_temperature_c": 35.32199260732213
                  },
                  {
                    "conductivity_relative_change": 2.0488048054926616e-6,
                    "conductivity_w_mk": 0.2499194941355308,
                    "coupling_temperature_c": 35.1610117289384,
                    "element_id": "dielectric_core",
                    "measured_mean_temperature_c": 35.16126702181445
                  },
                  {
                    "conductivity_relative_change": 2.2230991010782382e-9,
                    "conductivity_w_mk": 159.99994397923626,
                    "coupling_temperature_c": 35.000291774811096,
                    "element_id": "substrate_right",
                    "measured_mean_temperature_c": 35.00029223635471
                  }
                ],
                "total_joule_loss_w": 0.00006711520479079357,
                "total_loss_w": 0.00002640039597179431
              },
              {
                "converged": false,
                "coupling_temperature_c": 35.16121596323924,
                "dielectric_mean_temperature_c": 35.16126687707193,
                "iteration": 6,
                "loss_relative_change": 1.093626029776463e-6,
                "loss_tangent": 0.00020003224319264785,
                "max_conductivity_relative_change": 4.08600180563314e-7,
                "max_temperature_c": 35.322035354776006,
                "relative_permittivity": 2.1000338553522804,
                "temperature_residual_c": 0.00010165721327837218,
                "thermal_conductivity_updates": [
                  {
                    "conductivity_relative_change": 4.079155807232135e-7,
                    "conductivity_w_mk": 389.8744626421275,
                    "coupling_temperature_c": 35.32189066121141,
                    "element_id": "conductor_left",
                    "measured_mean_temperature_c": 35.32199231842469
                  },
                  {
                    "conductivity_relative_change": 4.08600180563314e-7,
                    "conductivity_w_mk": 0.24991939201838037,
                    "coupling_temperature_c": 35.16121596323924,
                    "element_id": "dielectric_core",
                    "measured_mean_temperature_c": 35.16126687707193
                  },
                  {
                    "conductivity_relative_change": 4.4308199302263646e-10,
                    "conductivity_w_mk": 159.99994390834317,
                    "coupling_temperature_c": 35.000292144045986,
                    "element_id": "substrate_right",
                    "measured_mean_temperature_c": 35.00029223603524
                  }
                ],
                "total_joule_loss_w": 0.00006711509736833819,
                "total_loss_w": 0.00002640040112315452
              },
              {
                "converged": false,
                "coupling_temperature_c": 35.16125669430539,
                "dielectric_mean_temperature_c": 35.16126684820048,
                "iteration": 7,
                "loss_relative_change": 2.181051861588637e-7,
                "loss_tangent": 0.0002000322513388611,
                "max_conductivity_relative_change": 8.148840672597759e-8,
                "max_temperature_c": 35.32203529714006,
                "relative_permittivity": 2.100033863905804,
                "temperature_residual_c": 0.00002027381695057784,
                "thermal_conductivity_updates": [
                  {
                    "conductivity_relative_change": 8.135195692235265e-8,
                    "conductivity_w_mk": 389.87443092507704,
                    "coupling_temperature_c": 35.321971986982035,
                    "element_id": "conductor_left",
                    "measured_mean_temperature_c": 35.321992260798986
                  },
                  {
                    "conductivity_relative_change": 8.148840672597759e-8,
                    "conductivity_w_mk": 0.2499193716528473,
                    "coupling_temperature_c": 35.16125669430539,
                    "element_id": "dielectric_core",
                    "measured_mean_temperature_c": 35.16126684820048
                  },
                  {
                    "conductivity_relative_change": 8.830965723722879e-11,
                    "conductivity_w_mk": 159.99994389421363,
                    "coupling_temperature_c": 35.000292217637394,
                    "element_id": "substrate_right",
                    "measured_mean_temperature_c": 35.00029223597153
                  }
                ],
                "total_joule_loss_w": 0.00006711507594477155,
                "total_loss_w": 0.00002640040215050594
              },
              {
                "converged": false,
                "coupling_temperature_c": 35.16126481742147,
                "dielectric_mean_temperature_c": 35.16126684243949,
                "iteration": 8,
                "loss_relative_change": 4.3497396041827774e-8,
                "loss_tangent": 0.00020003225296348428,
                "max_conductivity_relative_change": 1.6251473455136362e-8,
                "max_temperature_c": 35.322035285639444,
                "relative_permittivity": 2.1000338656116586,
                "temperature_residual_c": 4.043264809183711e-6,
                "thermal_conductivity_updates": [
                  {
                    "conductivity_relative_change": 1.6224277322831992e-8,
                    "conductivity_w_mk": 389.87442459964615,
                    "coupling_temperature_c": 35.3219882060356,
                    "element_id": "conductor_left",
                    "measured_mean_temperature_c": 35.32199224930041
                  },
                  {
                    "conductivity_relative_change": 1.6251473455136362e-8,
                    "conductivity_w_mk": 0.24991936759128927,
                    "coupling_temperature_c": 35.16126481742147,
                    "element_id": "dielectric_core",
                    "measured_mean_temperature_c": 35.16126684243949
                  },
                  {
                    "conductivity_relative_change": 1.760086027945161e-11,
                    "conductivity_w_mk": 159.9999438913975,
                    "coupling_temperature_c": 35.0002922323047,
                    "element_id": "substrate_right",
                    "measured_mean_temperature_c": 35.00029223595881
                  }
                ],
                "total_joule_loss_w": 0.00006711507167220408,
                "total_loss_w": 0.000026400402355393623
              },
              {
                "converged": false,
                "coupling_temperature_c": 35.161266437435884,
                "dielectric_mean_temperature_c": 35.1612668412877,
                "iteration": 9,
                "loss_relative_change": 8.674809170507018e-9,
                "loss_tangent": 0.0002000322532874872,
                "max_conductivity_relative_change": 3.241074143270462e-9,
                "max_temperature_c": 35.3220352833401,
                "relative_permittivity": 2.1000338659518616,
                "temperature_residual_c": 8.063540306579853e-7,
                "thermal_conductivity_updates": [
                  {
                    "conductivity_relative_change": 3.235653773362658e-9,
                    "conductivity_w_mk": 389.8744233381475,
                    "coupling_temperature_c": 35.321991440647444,
                    "element_id": "conductor_left",
                    "measured_mean_temperature_c": 35.321992247001475
                  },
                  {
                    "conductivity_relative_change": 3.241074143270462e-9,
                    "conductivity_w_mk": 0.24991936678128207,
                    "coupling_temperature_c": 35.161266437435884,
                    "element_id": "dielectric_core",
                    "measured_mean_temperature_c": 35.1612668412877
                  },
                  {
                    "conductivity_relative_change": 3.507950716611442e-12,
                    "conductivity_w_mk": 159.99994389083622,
                    "coupling_temperature_c": 35.00029223522799,
                    "element_id": "substrate_right",
                    "measured_mean_temperature_c": 35.000292235956266
                  }
                ],
                "total_joule_loss_w": 0.00006711507082011389,
                "total_loss_w": 0.000026400402396254923
              },
              {
                "converged": false,
                "coupling_temperature_c": 35.161266760517336,
                "dielectric_mean_temperature_c": 35.16126684107016,
                "iteration": 10,
                "loss_relative_change": 1.7300294875396514e-9,
                "loss_tangent": 0.00020003225335210348,
                "max_conductivity_relative_change": 6.463713769819843e-10,
                "max_temperature_c": 35.32203528290586,
                "relative_permittivity": 2.1000338660197087,
                "temperature_residual_c": 1.6083663467725273e-7,
                "thermal_conductivity_updates": [
                  {
                    "conductivity_relative_change": 6.452910903313671e-10,
                    "conductivity_w_mk": 389.874423086565,
                    "coupling_temperature_c": 35.32199208573067,
                    "element_id": "conductor_left",
                    "measured_mean_temperature_c": 35.321992246567305
                  },
                  {
                    "conductivity_relative_change": 6.463713769819843e-10,
                    "conductivity_w_mk": 0.24991936661974137,
                    "coupling_temperature_c": 35.161266760517336,
                    "element_id": "dielectric_core",
                    "measured_mean_temperature_c": 35.16126684107016
                  },
                  {
                    "conductivity_relative_change": 6.991742971759709e-13,
                    "conductivity_w_mk": 159.99994389072435,
                    "coupling_temperature_c": 35.00029223581061,
                    "element_id": "substrate_right",
                    "measured_mean_temperature_c": 35.00029223595578
                  }
                ],
                "total_joule_loss_w": 0.00006711507065018032,
                "total_loss_w": 0.00002640040240440396
              },
              {
                "converged": true,
                "coupling_temperature_c": 35.1612668249596,
                "dielectric_mean_temperature_c": 35.16126684102508,
                "iteration": 11,
                "loss_relative_change": 3.4507473992875685e-10,
                "loss_tangent": 0.0002000322533649919,
                "max_conductivity_relative_change": 1.289261526893877e-10,
                "max_temperature_c": 35.32203528281585,
                "relative_permittivity": 2.100033866033242,
                "temperature_residual_c": 3.2077338119052e-8,
                "thermal_conductivity_updates": [
                  {
                    "conductivity_relative_change": 1.2871060345306996e-10,
                    "conductivity_w_mk": 389.874423036384,
                    "coupling_temperature_c": 35.32199221439998,
                    "element_id": "conductor_left",
                    "measured_mean_temperature_c": 35.321992246477315
                  },
                  {
                    "conductivity_relative_change": 1.289261526893877e-10,
                    "conductivity_w_mk": 0.2499193665875202,
                    "coupling_temperature_c": 35.1612668249596,
                    "element_id": "dielectric_core",
                    "measured_mean_temperature_c": 35.16126684102508
                  },
                  {
                    "conductivity_relative_change": 1.3926642504734357e-13,
                    "conductivity_w_mk": 159.99994389070207,
                    "coupling_temperature_c": 35.00029223592675,
                    "element_id": "substrate_right",
                    "measured_mean_temperature_c": 35.00029223595568
                  }
                ],
                "total_joule_loss_w": 0.00006711507061628511,
                "total_loss_w": 0.000026400402406029347
              }
            ],
            "loss_relative_change_tolerance": 1e-9,
            "max_iterations": 12,
            "method": "relaxed_temperature_dependent_dielectric_and_conductivity_fixed_point",
            "parameter_source": "screening_sensitivity_not_material_card",
            "relaxation_factor": 0.8,
            "schema_version": "kyuubiki.composite-electrothermal-feedback-convergence/v1",
            "status": "pass",
            "temperature_residual_tolerance_c": 1e-7
          },
          "electrothermal_loss_projection": {
            "assumptions": [
              "The solved electrostatic field magnitude is interpreted as an RMS harmonic field.",
              "Relative permittivity and loss tangent are scalar, isotropic, and frequency-local screening values.",
              "Element dielectric loss is lumped consistently to its four thermal nodes."
            ],
            "distributed_total_heat_load_w": 0.000026400402406029347,
            "effective_conductivity_s_m": 2.3369796139986347e-7,
            "electric_field_rms_v_m": 11203.57321514344,
            "energy_balance_relative_error": 0.0,
            "frequency_hz": 10000000.0,
            "loss_tangent": 0.0002000322533649919,
            "model": "harmonic_dielectric_loss_sigma_eff_e_rms_squared",
            "relative_permittivity": 2.100033866033242,
            "schema_version": "kyuubiki.composite-electrothermal-loss-projection/v1",
            "source_element_id": "dielectric_core",
            "source_volume_m3": 9e-7,
            "target_element_count": 1,
            "target_node_count": 4,
            "total_loss_w": 0.000026400402406029347,
            "volumetric_loss_w_m3": 29.33378045114372
          },
          "heat": {
            "elements": [
              {
                "area": 0.0009,
                "average_temperature": 35.321992246477315,
                "heat_flow_rate": 1.0067260593583051e-6,
                "heat_flux_magnitude": 1.118584510398117,
                "heat_flux_x": 1.118584510398117,
                "heat_flux_y": -0.0,
                "id": "conductor_left",
                "index": 0,
                "node_i": 0,
                "node_j": 1,
                "node_k": 5,
                "node_l": 4,
                "temperature_gradient_x": -0.0028690892356735276,
                "temperature_gradient_y": 0.0
              },
              {
                "area": 0.0009,
                "average_temperature": 35.16126684102508,
                "heat_flow_rate": 2.409458154640738e-6,
                "heat_flux_magnitude": 2.677175727378598,
                "heat_flux_x": 2.677175727378598,
                "heat_flux_y": -0.0,
                "id": "dielectric_core",
                "index": 1,
                "node_i": 1,
                "node_j": 2,
                "node_k": 6,
                "node_l": 5,
                "temperature_gradient_x": -10.712157940913585,
                "temperature_gradient_y": 0.0
              },
              {
                "area": 0.0009,
                "average_temperature": 35.00029223595568,
                "heat_flow_rate": 2.8054641907586217e-6,
                "heat_flux_magnitude": 3.117182434176246,
                "heat_flux_x": 3.117182434176246,
                "heat_flux_y": -0.0,
                "id": "substrate_right",
                "index": 2,
                "node_i": 2,
                "node_j": 3,
                "node_k": 7,
                "node_l": 6,
                "temperature_gradient_x": -0.019482397045749167,
                "temperature_gradient_y": 0.0
              }
            ],
            "input": {
              "elements": [
                {
                  "conductivity": 389.874423036384,
                  "id": "conductor_left",
                  "node_i": 0,
                  "node_j": 1,
                  "node_k": 5,
                  "node_l": 4,
                  "thickness": 0.001
                },
                {
                  "conductivity": 0.2499193665875202,
                  "id": "dielectric_core",
                  "node_i": 1,
                  "node_j": 2,
                  "node_k": 6,
                  "node_l": 5,
                  "thickness": 0.001
                },
                {
                  "conductivity": 159.99994389070207,
                  "id": "substrate_right",
                  "node_i": 2,
                  "node_j": 3,
                  "node_k": 7,
                  "node_l": 6,
                  "thickness": 0.001
                }
              ],
              "nodes": [
                {
                  "fix_temperature": false,
                  "heat_load": 0.00001677876765407128,
                  "id": "n0",
                  "temperature": 35.0,
                  "x": 0.0,
                  "y": 0.0
                },
                {
                  "fix_temperature": false,
                  "heat_load": 0.000023378868255578615,
                  "id": "n1",
                  "temperature": 35.0,
                  "x": 0.03,
                  "y": 0.0
                },
                {
                  "fix_temperature": false,
                  "heat_load": 6.600100601507337e-6,
                  "id": "n2",
                  "temperature": 35.0,
                  "x": 0.06,
                  "y": 0.0
                },
                {
                  "fix_temperature": true,
                  "heat_load": 0.0,
                  "id": "n3",
                  "temperature": 35.0,
                  "x": 0.09,
                  "y": 0.0
                },
                {
                  "fix_temperature": false,
                  "heat_load": 0.00001677876765407128,
                  "id": "n4",
                  "temperature": 35.0,
                  "x": 0.0,
                  "y": 0.03
                },
                {
                  "fix_temperature": false,
                  "heat_load": 0.000023378868255578615,
                  "id": "n5",
                  "temperature": 35.0,
                  "x": 0.03,
                  "y": 0.03
                },
                {
                  "fix_temperature": false,
                  "heat_load": 6.600100601507337e-6,
                  "id": "n6",
                  "temperature": 35.0,
                  "x": 0.06,
                  "y": 0.03
                },
                {
                  "fix_temperature": true,
                  "heat_load": 0.0,
                  "id": "n7",
                  "temperature": 35.0,
                  "x": 0.09,
                  "y": 0.03
                }
              ]
            },
            "max_heat_flux": 3.117182434176246,
            "max_temperature": 35.32203528281585,
            "nodes": [
              {
                "heat_load": 0.00001677876765407128,
                "id": "n0",
                "index": 0,
                "temperature": 35.32203528281585,
                "x": 0.0,
                "y": 0.0
              },
              {
                "heat_load": 0.000023378868255578615,
                "id": "n1",
                "index": 1,
                "temperature": 35.32194921013878,
                "x": 0.03,
                "y": 0.0
              },
              {
                "heat_load": 6.600100601507337e-6,
                "id": "n2",
                "index": 2,
                "temperature": 35.000584471911374,
                "x": 0.06,
                "y": 0.0
              },
              {
                "heat_load": 0.0,
                "id": "n3",
                "index": 3,
                "temperature": 35.0,
                "x": 0.09,
                "y": 0.0
              },
              {
                "heat_load": 0.00001677876765407128,
                "id": "n4",
                "index": 4,
                "temperature": 35.32203528281585,
                "x": 0.0,
                "y": 0.03
              },
              {
                "heat_load": 0.000023378868255578615,
                "id": "n5",
                "index": 5,
                "temperature": 35.32194921013878,
                "x": 0.03,
                "y": 0.03
              },
              {
                "heat_load": 6.600100601507337e-6,
                "id": "n6",
                "index": 6,
                "temperature": 35.000584471911374,
                "x": 0.06,
                "y": 0.03
              },
              {
                "heat_load": 0.0,
                "id": "n7",
                "index": 7,
                "temperature": 35.0,
                "x": 0.09,
                "y": 0.03
              }
            ],
            "total_abs_heat_flow_rate": 6.221648404757665e-6
          },
          "heat_cross_validation": {
            "absolute_error_c": 8.263612016889965e-12,
            "conductivities_w_mk": [
              389.874423036384,
              0.2499193665875202,
              159.99994389070207
            ],
            "expected_max_temperature_c": 35.32203528280758,
            "fem_max_temperature_c": 35.32203528281585,
            "fixed_temperature_c": 35.0,
            "method": "layered_thermal_resistance_with_regional_generation_closed_form",
            "relative_error": 2.33950618947265e-13,
            "relative_error_tolerance": 1e-9,
            "schema_version": "kyuubiki.composite-heat-cross-validation/v1",
            "status": "pass",
            "total_heat_load_w": 0.00009351547302231446
          },
          "heat_mesh_convergence": {
            "finest_pair_relative_change": 2.935748351604802e-12,
            "max_analytic_relative_error": 4.562137650133295e-12,
            "method": "structured_quad_h_refinement",
            "refinement_levels": [
              1,
              2,
              4,
              8
            ],
            "relative_error_tolerance": 1e-8,
            "samples": [
              {
                "analytic_relative_error": 2.33950618947265e-13,
                "element_count": 3,
                "elements_per_layer": 1,
                "max_temperature_c": 35.32203528281585,
                "node_count": 8,
                "relative_change_from_previous": null
              },
              {
                "analytic_relative_error": 1.874823532750223e-13,
                "element_count": 6,
                "elements_per_layer": 2,
                "max_temperature_c": 35.322035282814205,
                "node_count": 14,
                "relative_change_from_previous": 4.646826567224266e-14
              },
              {
                "analytic_relative_error": 1.6263892985284928e-12,
                "element_count": 12,
                "elements_per_layer": 4,
                "max_temperature_c": 35.322035282750136,
                "node_count": 26,
                "relative_change_from_previous": 1.8138716518035152e-12
              },
              {
                "analytic_relative_error": 4.562137650133295e-12,
                "element_count": 24,
                "elements_per_layer": 8,
                "max_temperature_c": 35.32203528264644,
                "node_count": 50,
                "relative_change_from_previous": 2.935748351604802e-12
              }
            ],
            "schema_version": "kyuubiki.composite-heat-mesh-convergence/v1",
            "status": "pass"
          },
          "heat_to_thermal_projection": {
            "mapped_node_count": 8,
            "maximum_coordinate_error_m": 0.0,
            "maximum_temperature_delta_c": 0.3220352828158468,
            "minimum_temperature_delta_c": 0.0,
            "reference_temperature_c": 35.0,
            "schema_version": "kyuubiki.composite-heat-to-thermal-projection/v1"
          },
          "joule_heating_projection": {
            "assumptions": [
              "Steady scalar electrical conductivity is solved on a two-dimensional quad mesh.",
              "Joule heating uses the solved local sigma times electric-field magnitude squared.",
              "Element Joule power integrates both triangular subcell fields before thermal projection.",
              "Recovered terminal currents gate current continuity and electrical input-power balance.",
              "Contact and terminal impedance models require explicit study-level heat mappings."
            ],
            "boundary_voltage_span_v": 0.000033600000000000004,
            "current_balance_relative_error": 0.0,
            "distributed_total_heat_load_w": 0.0000671150706162851,
            "electrical_power_balance_relative_error": 2.0192971610731428e-16,
            "energy_balance_relative_error": 2.019297161073143e-16,
            "free_current_residual_relative_error": 0.0,
            "max_current_density_a_m2": 66582.41132567967,
            "max_free_current_residual_a": 0.0,
            "model": "solved_steady_current_density_sigma_e_squared",
            "parameter_source": "screening_reference_not_material_card",
            "regions": [
              {
                "coupling_temperature_c": 35.32199221439998,
                "current_density_magnitude_a_m2": 66582.41132567967,
                "distributed_heat_load_w": 0.00006711507061628511,
                "electric_field_magnitude_v_m": 0.00112,
                "electrical_conductivity_s_m": 59448581.54078542,
                "element_id": "conductor_left",
                "energy_balance_relative_error": 0.0,
                "joule_power_w": 0.00006711507061628511,
                "peak_current_density_magnitude_a_m2": 66582.41132567967,
                "peak_electric_field_magnitude_v_m": 0.00112,
                "rms_current_density_magnitude_a_m2": 66582.41132567967,
                "rms_electric_field_magnitude_v_m": 0.00112,
                "source_volume_m3": 9e-7,
                "volumetric_joule_heating_w_m3": 74.57230068476125
              }
            ],
            "schema_version": "kyuubiki.composite-current-to-heat-projection/v2",
            "source_power_balance_relative_error": 2.0192971610731428e-16,
            "status": "pass",
            "total_dissipated_power_w": 0.00006711507061628511,
            "total_electrical_input_power_w": 0.00006711507061628513,
            "total_extracted_current_a": 1.9974723397703904,
            "total_injected_current_a": 1.9974723397703904,
            "total_joule_loss_w": 0.00006711507061628511,
            "total_source_power_w": 0.00006711507061628513
          },
          "research": {
            "candidate_id": "copper_ptfe_glass_epoxy",
            "candidate_label": "Copper / PTFE / Glass epoxy",
            "coupling": "iterative_dielectric_and_conductor_joule_heating_with_temperature_dependent_electrical_thermal_feedback_and_expansion_projection",
            "materials": {
              "conductor": "copper",
              "dielectric": "ptfe",
              "substrate": "glass_epoxy"
            },
            "study": "material.composite_thermo_electric_panel.v1"
          },
          "schema_version": "kyuubiki.composite-thermo-electric-panel-result/v1",
          "thermal": {
            "elements": [
              {
                "area": 0.0009,
                "average_temperature_delta": 0.3219922464773148,
                "gamma_xy": -2.0679515313825688e-21,
                "id": "conductor_left",
                "index": 0,
                "max_in_plane_shear": 95764.88056285473,
                "mechanical_strain_x": 5.571774869111542e-7,
                "mechanical_strain_y": -1.7411796465973588e-6,
                "node_i": 0,
                "node_j": 1,
                "node_k": 5,
                "node_l": 4,
                "principal_stress_1": -8.731149137020111e-11,
                "principal_stress_2": -191529.7611257095,
                "strain_energy_density": 0.5482983973246426,
                "stress_x": -7.894919286223336e-11,
                "stress_y": -191529.7611257095,
                "tau_xy": -8.684411214845669e-11,
                "thermal_strain": 5.474220698737443e-6,
                "total_strain_x": 6.031398185648597e-6,
                "total_strain_y": 3.733041052140083e-6,
                "von_mises": 191529.76112570948
              },
              {
                "area": 0.0009,
                "average_temperature_delta": 0.16126684102507835,
                "gamma_xy": 1.2292822992107495e-20,
                "id": "dielectric_core",
                "index": 1,
                "max_in_plane_shear": 4227.528141608687,
                "mechanical_strain_x": 1.082247204251823e-6,
                "mechanical_strain_y": -3.38202251328695e-6,
                "node_i": 1,
                "node_j": 2,
                "node_k": 6,
                "node_l": 5,
                "principal_stress_1": -3.637978807091713e-12,
                "principal_stress_2": -8455.056283217378,
                "strain_energy_density": 0.054586976506564105,
                "stress_x": -2.960594732333751e-12,
                "stress_y": -8455.056283217378,
                "tau_xy": 1.1472304587793284e-11,
                "thermal_strain": 7.257944097913039e-6,
                "total_strain_x": 8.34019130216486e-6,
                "total_strain_y": 3.875921584626088e-6,
                "von_mises": 8455.056283217376
              },
              {
                "area": 0.0009,
                "average_temperature_delta": 0.00029223595568694805,
                "gamma_xy": 2.3623474091141155e-21,
                "id": "substrate_right",
                "index": 2,
                "max_in_plane_shear": 1014.7804379846904,
                "mechanical_strain_x": -2.9520885468646353e-8,
                "mechanical_strain_y": 9.22527670895165e-8,
                "node_i": 2,
                "node_j": 3,
                "node_k": 7,
                "node_l": 6,
                "principal_stress_1": 2029.5608759693544,
                "principal_stress_2": -2.637534635141492e-11,
                "strain_energy_density": 0.0002818347606519203,
                "stress_x": -2.6306117777923847e-11,
                "stress_y": 2029.5608759693544,
                "tau_xy": 1.9644779630172908e-11,
                "thermal_strain": 4.091303738305058e-9,
                "total_strain_x": -2.5429581730341293e-8,
                "total_strain_y": 9.634407082782153e-8,
                "von_mises": 2029.560875969368
              }
            ],
            "input": {
              "elements": [
                {
                  "id": "conductor_left",
                  "node_i": 0,
                  "node_j": 1,
                  "node_k": 5,
                  "node_l": 4,
                  "poisson_ratio": 0.32,
                  "thermal_expansion": 0.000017001094773638023,
                  "thickness": 0.001,
                  "youngs_modulus": 110000000000.0
                },
                {
                  "id": "dielectric_core",
                  "node_i": 1,
                  "node_j": 2,
                  "node_k": 6,
                  "node_l": 5,
                  "poisson_ratio": 0.32,
                  "thermal_expansion": 0.000045005805606276906,
                  "thickness": 0.001,
                  "youngs_modulus": 2500000000.0
                },
                {
                  "id": "substrate_right",
                  "node_i": 2,
                  "node_j": 3,
                  "node_k": 7,
                  "node_l": 6,
                  "poisson_ratio": 0.32,
                  "thermal_expansion": 0.000014000001227391012,
                  "thickness": 0.001,
                  "youngs_modulus": 22000000000.0
                }
              ],
              "nodes": [
                {
                  "fix_x": true,
                  "fix_y": true,
                  "id": "n0",
                  "load_x": 0.0,
                  "load_y": 0.0,
                  "temperature_delta": 0.3220352828158468,
                  "x": 0.0,
                  "y": 0.0
                },
                {
                  "fix_x": false,
                  "fix_y": false,
                  "id": "n1",
                  "load_x": 0.0,
                  "load_y": 0.0,
                  "temperature_delta": 0.32194921013878286,
                  "x": 0.03,
                  "y": 0.0
                },
                {
                  "fix_x": false,
                  "fix_y": false,
                  "id": "n2",
                  "load_x": 0.0,
                  "load_y": 0.0,
                  "temperature_delta": 0.0005844719113738961,
                  "x": 0.06,
                  "y": 0.0
                },
                {
                  "fix_x": false,
                  "fix_y": false,
                  "id": "n3",
                  "load_x": 0.0,
                  "load_y": 0.0,
                  "temperature_delta": 0.0,
                  "x": 0.09,
                  "y": 0.0
                },
                {
                  "fix_x": true,
                  "fix_y": true,
                  "id": "n4",
                  "load_x": 0.0,
                  "load_y": 0.0,
                  "temperature_delta": 0.3220352828158468,
                  "x": 0.0,
                  "y": 0.03
                },
                {
                  "fix_x": false,
                  "fix_y": false,
                  "id": "n5",
                  "load_x": 0.0,
                  "load_y": 0.0,
                  "temperature_delta": 0.32194921013878286,
                  "x": 0.03,
                  "y": 0.03
                },
                {
                  "fix_x": false,
                  "fix_y": false,
                  "id": "n6",
                  "load_x": 0.0,
                  "load_y": 0.0,
                  "temperature_delta": 0.0005844719113738961,
                  "x": 0.06,
                  "y": 0.03
                },
                {
                  "fix_x": false,
                  "fix_y": false,
                  "id": "n7",
                  "load_x": 0.0,
                  "load_y": 0.0,
                  "temperature_delta": 0.0,
                  "x": 0.09,
                  "y": 0.03
                }
              ]
            },
            "max_displacement": 4.311689916117747e-7,
            "max_strain_energy_density": 0.5482983973246426,
            "max_stress": 191529.76112570948,
            "max_temperature_delta": 0.3220352828158468,
            "nodes": [
              {
                "displacement_magnitude": 0.0,
                "id": "n0",
                "index": 0,
                "temperature_delta": 0.3220352828158468,
                "ux": 0.0,
                "uy": 0.0,
                "x": 0.0,
                "y": 0.0
              },
              {
                "displacement_magnitude": 2.12795732132314e-7,
                "id": "n1",
                "index": 1,
                "temperature_delta": 0.32194921013878286,
                "ux": 1.8094194556945794e-7,
                "uy": -1.1199123156420258e-7,
                "x": 0.03,
                "y": 0.0
              },
              {
                "displacement_magnitude": 4.311689916117742e-7,
                "id": "n2",
                "index": 2,
                "temperature_delta": 0.0005844719113738961,
                "ux": 4.3114768463440355e-7,
                "uy": -4.286415974580005e-9,
                "x": 0.06,
                "y": 0.0
              },
              {
                "displacement_magnitude": 4.303870615200383e-7,
                "id": "n3",
                "index": 3,
                "temperature_delta": 0.0,
                "ux": 4.303847971824934e-7,
                "uy": 1.396093849745271e-9,
                "x": 0.09,
                "y": 0.0
              },
              {
                "displacement_magnitude": 0.0,
                "id": "n4",
                "index": 4,
                "temperature_delta": 0.3220352828158468,
                "ux": 0.0,
                "uy": 0.0,
                "x": 0.0,
                "y": 0.03
              },
              {
                "displacement_magnitude": 2.127957321323139e-7,
                "id": "n5",
                "index": 5,
                "temperature_delta": 0.32194921013878286,
                "ux": 1.8094194556945794e-7,
                "uy": 1.1199123156420248e-7,
                "x": 0.03,
                "y": 0.03
              },
              {
                "displacement_magnitude": 4.311689916117747e-7,
                "id": "n6",
                "index": 6,
                "temperature_delta": 0.0005844719113738961,
                "ux": 4.31147684634404e-7,
                "uy": 4.286415974580253e-9,
                "x": 0.06,
                "y": 0.03
              },
              {
                "displacement_magnitude": 4.303870615200387e-7,
                "id": "n7",
                "index": 7,
                "temperature_delta": 0.0,
                "ux": 4.303847971824938e-7,
                "uy": -1.3960938497456935e-9,
                "x": 0.09,
                "y": 0.03
              }
            ],
            "total_strain_energy": 5.428504877326727e-7
          },
          "thermal_constraint_regularized_mesh_convergence": {
            "algebraic_validation": {
              "max_relative_residual": null,
              "method": "original_system_recomputed_l2_residual_over_max_rhs_l2_or_one",
              "qualification_effect": "algebraic_gate_does_not_override_discretization_gates",
              "relative_residual_tolerance": 1e-10,
              "required_series": [
                "uniform_full_edge_clamp",
                "uniform_regularized_restraint",
                "interface_graded_full_edge_clamp"
              ],
              "schema_version": "kyuubiki.composite-thermal-algebraic-validation/v1",
              "series": [],
              "status": "missing"
            },
            "convergence_tolerance": 0.02,
            "diagnostic_metrics": [
              "max_von_mises_stress_pa"
            ],
            "finest_pair_displacement_relative_change": 0.0016649901330550566,
            "finest_pair_peak_stress_relative_change": 0.3090725958298285,
            "finest_pair_strain_energy_relative_change": 0.2272379323010476,
            "method": "structured_quad_h_refinement_preserving_piecewise_linear_temperature_roller_edge_with_vertical_anchor",
            "pass_metrics": [
              "max_displacement_m",
              "total_strain_energy_j"
            ],
            "refinement_levels": [
              1,
              2,
              4,
              8
            ],
            "regime_assessment": {
              "diagnosis": "pass_metrics_lack_qualified_discretization_uncertainty",
              "gci_safety_factor": 1.25,
              "method": "four_level_constant_ratio_observed_order_and_fine_grid_gci",
              "metrics": [
                {
                  "coarse_triplet_observed_order": 0.5432552334893983,
                  "fine_grid_gci": null,
                  "fine_triplet_observed_order": 4.097464407658934,
                  "metric": "max_displacement_m",
                  "observed_order_relative_difference": 0.8674167291181464,
                  "qualification_role": "pass_metric",
                  "regime": "oscillatory",
                  "richardson_extrapolated_value": null,
                  "unit": "m"
                },
                {
                  "coarse_triplet_observed_order": 1.6907167951721582,
                  "fine_grid_gci": 0.1674696190718002,
                  "fine_triplet_observed_order": 1.6757577103670016,
                  "metric": "total_strain_energy_j",
                  "observed_order_relative_difference": 0.008847776781937865,
                  "qualification_role": "pass_metric",
                  "regime": "asymptotic_converging",
                  "richardson_extrapolated_value": 1.0152056095417636e-8,
                  "unit": "J"
                },
                {
                  "coarse_triplet_observed_order": -3.898652351138806,
                  "fine_grid_gci": null,
                  "fine_triplet_observed_order": -0.6812932806946659,
                  "metric": "max_von_mises_stress_pa",
                  "observed_order_relative_difference": 0.8252490298357436,
                  "qualification_role": "diagnostic_metric",
                  "regime": "monotonic_diverging",
                  "richardson_extrapolated_value": null,
                  "unit": "Pa"
                }
              ],
              "order_consistency_tolerance": 0.25,
              "qualification_effect": "gci_gates_require_asymptotic_pass_metric_evidence",
              "qualification_tolerance": 0.02,
              "refinement_ratio": 2.0,
              "schema_version": "kyuubiki.composite-thermal-convergence-regime/v1",
              "status": "fail"
            },
            "samples": [
              {
                "displacement_relative_change": null,
                "element_count": 3,
                "elements_per_original_element": 1,
                "max_displacement_m": 4.306485929500839e-7,
                "max_von_mises_stress_pa": 10585.69696501058,
                "node_count": 8,
                "peak_stress_relative_change": null,
                "strain_energy_relative_change": null,
                "total_strain_energy_j": 6.173529586226518e-8
              },
              {
                "displacement_relative_change": 0.041067515491290424,
                "element_count": 12,
                "elements_per_original_element": 2,
                "max_displacement_m": 4.129629251878039e-7,
                "max_von_mises_stress_pa": 10867.600148835383,
                "node_count": 21,
                "peak_stress_relative_change": 0.025939782469362804,
                "strain_energy_relative_change": 0.5758842926549363,
                "total_strain_energy_j": 2.6182908672781376e-8
              },
              {
                "displacement_relative_change": 0.028549273143465316,
                "element_count": 48,
                "elements_per_original_element": 4,
                "max_displacement_m": 4.250991983135249e-7,
                "max_von_mises_stress_pa": 15072.07037318689,
                "node_count": 65,
                "peak_stress_relative_change": 0.27895770920969354,
                "strain_energy_relative_change": 0.4206243463108645,
                "total_strain_energy_j": 1.5169739827775646e-8
              },
              {
                "displacement_relative_change": 0.0016649901330550566,
                "element_count": 192,
                "elements_per_original_element": 8,
                "max_displacement_m": 4.258081647063352e-7,
                "max_von_mises_stress_pa": 21814.260488464755,
                "node_count": 225,
                "peak_stress_relative_change": 0.3090725958298285,
                "strain_energy_relative_change": 0.2272379323010476,
                "total_strain_energy_j": 1.1722599515767058e-8
              }
            ],
            "schema_version": "kyuubiki.composite-thermal-mesh-convergence/v1",
            "status": "fail"
          },
          "thermal_constraint_sensitivity": {
            "alternative_restraint": "roller_edge_with_vertical_anchor",
            "alternative_status": "fail",
            "diagnosis": "mixed_restraint_sensitivity_and_persistent_energy_nonconvergence",
            "displacement_change_ratio_alternative_to_primary": 0.42620740287481695,
            "peak_stress_change_ratio_alternative_to_primary": 1.190298598034547,
            "primary_restraint": "full_edge_clamp",
            "primary_status": "fail",
            "qualification_effect": "diagnostic_only_does_not_override_primary_quality_gates",
            "schema_version": "kyuubiki.composite-thermal-constraint-sensitivity/v1",
            "strain_energy_change_ratio_alternative_to_primary": 1.7229856430249482
          },
          "thermal_expansion_projection": {
            "coverage_fraction": 1.0,
            "declared_region_count": 3,
            "max_relative_change": 0.00012901347282006498,
            "model": "regional_linear_temperature_dependent_thermal_expansion",
            "parameter_source": "screening_sensitivity_not_material_card",
            "schema_version": "kyuubiki.composite-thermal-expansion-projection/v1",
            "status": "pass",
            "updated_region_count": 3,
            "updates": [
              {
                "adjusted_thermal_expansion_1_k": 0.000017001094773638023,
                "element_id": "conductor_left",
                "mean_temperature_c": 35.321992246477315,
                "reference_thermal_expansion_1_k": 0.000017,
                "relative_change": 0.00006439844929545712
              },
              {
                "adjusted_thermal_expansion_1_k": 0.000045005805606276906,
                "element_id": "dielectric_core",
                "mean_temperature_c": 35.16126684102508,
                "reference_thermal_expansion_1_k": 0.000045,
                "relative_change": 0.00012901347282006498
              },
              {
                "adjusted_thermal_expansion_1_k": 0.000014000001227391012,
                "element_id": "substrate_right",
                "mean_temperature_c": 35.00029223595568,
                "reference_thermal_expansion_1_k": 0.000014,
                "relative_change": 8.767078668571368e-8
              }
            ]
          },
          "thermal_interface_grading_assessment": {
            "diagnosis": "graded_mesh_did_not_resolve_nonconvergence",
            "displacement_change_ratio_graded_to_uniform": 1.1622233773225257,
            "graded_mesh_convergence": {
              "algebraic_validation": {
                "max_relative_residual": null,
                "method": "original_system_recomputed_l2_residual_over_max_rhs_l2_or_one",
                "qualification_effect": "algebraic_gate_does_not_override_discretization_gates",
                "relative_residual_tolerance": 1e-10,
                "required_series": [
                  "uniform_full_edge_clamp",
                  "uniform_regularized_restraint",
                  "interface_graded_full_edge_clamp"
                ],
                "schema_version": "kyuubiki.composite-thermal-algebraic-validation/v1",
                "series": [],
                "status": "missing"
              },
              "convergence_tolerance": 0.02,
              "diagnostic_metrics": [
                "max_von_mises_stress_pa"
              ],
              "finest_pair_displacement_relative_change": 0.004540255384105312,
              "finest_pair_peak_stress_relative_change": 0.4148835909465696,
              "finest_pair_strain_energy_relative_change": 0.11933626837514114,
              "method": "cosine_graded_quad_h_refinement_at_clamp_interfaces_and_free_edges",
              "pass_metrics": [
                "max_displacement_m",
                "total_strain_energy_j"
              ],
              "refinement_levels": [
                1,
                2,
                4,
                8
              ],
              "regime_assessment": {
                "diagnosis": "pass_metrics_lack_qualified_discretization_uncertainty",
                "gci_safety_factor": 1.25,
                "method": "four_level_constant_ratio_observed_order_and_fine_grid_gci",
                "metrics": [
                  {
                    "coarse_triplet_observed_order": 2.0284460254266845,
                    "fine_grid_gci": null,
                    "fine_triplet_observed_order": 1.0537062091102778,
                    "metric": "max_displacement_m",
                    "observed_order_relative_difference": 0.480535249199628,
                    "qualification_role": "pass_metric",
                    "regime": "oscillatory",
                    "richardson_extrapolated_value": null,
                    "unit": "m"
                  },
                  {
                    "coarse_triplet_observed_order": 0.8547332552383425,
                    "fine_grid_gci": null,
                    "fine_triplet_observed_order": 1.7730330631038873,
                    "metric": "total_strain_energy_j",
                    "observed_order_relative_difference": 0.5179259354915587,
                    "qualification_role": "pass_metric",
                    "regime": "monotonic_pre_asymptotic",
                    "richardson_extrapolated_value": null,
                    "unit": "J"
                  },
                  {
                    "coarse_triplet_observed_order": -1.059551035064673,
                    "fine_grid_gci": null,
                    "fine_triplet_observed_order": -0.5966197056829676,
                    "metric": "max_von_mises_stress_pa",
                    "observed_order_relative_difference": 0.4369127244101545,
                    "qualification_role": "diagnostic_metric",
                    "regime": "monotonic_diverging",
                    "richardson_extrapolated_value": null,
                    "unit": "Pa"
                  }
                ],
                "order_consistency_tolerance": 0.25,
                "qualification_effect": "gci_gates_require_asymptotic_pass_metric_evidence",
                "qualification_tolerance": 0.02,
                "refinement_ratio": 2.0,
                "schema_version": "kyuubiki.composite-thermal-convergence-regime/v1",
                "status": "fail"
              },
              "samples": [
                {
                  "displacement_relative_change": null,
                  "element_count": 3,
                  "elements_per_original_element": 1,
                  "max_displacement_m": 4.311689916117747e-7,
                  "max_von_mises_stress_pa": 191529.76112570948,
                  "node_count": 8,
                  "peak_stress_relative_change": null,
                  "strain_energy_relative_change": null,
                  "total_strain_energy_j": 5.428504877326727e-7
                },
                {
                  "displacement_relative_change": 0.03736581306697846,
                  "element_count": 12,
                  "elements_per_original_element": 2,
                  "max_displacement_m": 4.150580116709315e-7,
                  "max_von_mises_stress_pa": 332284.83623875794,
                  "node_count": 21,
                  "peak_stress_relative_change": 0.4235976480488901,
                  "strain_energy_relative_change": 0.3437898976856749,
                  "total_strain_energy_j": 3.562239740964384e-7
                },
                {
                  "displacement_relative_change": 0.009424915336792529,
                  "element_count": 48,
                  "elements_per_original_element": 4,
                  "max_displacement_m": 4.190071182862933e-7,
                  "max_von_mises_stress_pa": 625658.2175333281,
                  "node_count": 65,
                  "peak_stress_relative_change": 0.4689035851733898,
                  "strain_energy_relative_change": 0.28970090411560817,
                  "total_strain_energy_j": 2.530255667330453e-7
                },
                {
                  "displacement_relative_change": 0.004540255384105312,
                  "element_count": 192,
                  "elements_per_original_element": 8,
                  "max_displacement_m": 4.171047189615155e-7,
                  "max_von_mises_stress_pa": 1069288.449020741,
                  "node_count": 225,
                  "peak_stress_relative_change": 0.4148835909465696,
                  "strain_energy_relative_change": 0.11933626837514114,
                  "total_strain_energy_j": 2.2283043979561839e-7
                }
              ],
              "schema_version": "kyuubiki.composite-thermal-mesh-convergence/v1",
              "status": "fail"
            },
            "graded_stress_recovery": {
              "convergence_tolerance": 0.02,
              "diagnostic_metrics": [
                "max_stress_pa",
                "max_to_p95_ratio"
              ],
              "finest_pair_max_relative_change": 0.4148835909465696,
              "finest_pair_p95_relative_change": 0.3405261854348675,
              "finest_pair_rms_relative_change": 0.009227357901835626,
              "method": "interface_graded_mesh_element_area_weighted_von_mises_p95_and_rms",
              "pass_metrics": [
                "area_weighted_rms_stress_pa",
                "area_weighted_p95_stress_pa"
              ],
              "refinement_levels": [
                1,
                2,
                4,
                8
              ],
              "samples": [
                {
                  "element_count": 3,
                  "elements_per_original_element": 1,
                  "max_relative_change": null,
                  "p95_relative_change": null,
                  "rms_relative_change": null,
                  "statistics": {
                    "area_weighted_mean_stress_pa": 67338.1260949654,
                    "area_weighted_p95_stress_pa": 191529.76112570948,
                    "area_weighted_rms_stress_pa": 110693.65608286226,
                    "max_stress_pa": 191529.76112570948,
                    "max_to_p95_ratio": 1.0
                  }
                },
                {
                  "element_count": 12,
                  "elements_per_original_element": 2,
                  "max_relative_change": 0.4235976480488901,
                  "p95_relative_change": 0.4235976480488901,
                  "rms_relative_change": 0.19651380825222584,
                  "statistics": {
                    "area_weighted_mean_stress_pa": 68136.19787530984,
                    "area_weighted_p95_stress_pa": 332284.83623875794,
                    "area_weighted_rms_stress_pa": 137766.7186066722,
                    "max_stress_pa": 332284.83623875794,
                    "max_to_p95_ratio": 1.0
                  }
                },
                {
                  "element_count": 48,
                  "elements_per_original_element": 4,
                  "max_relative_change": 0.4689035851733898,
                  "p95_relative_change": 0.5157293771699252,
                  "rms_relative_change": 0.04087393305588753,
                  "statistics": {
                    "area_weighted_mean_stress_pa": 51649.533386176045,
                    "area_weighted_p95_stress_pa": 160915.78460233271,
                    "area_weighted_rms_stress_pa": 132135.65097301378,
                    "max_stress_pa": 625658.2175333281,
                    "max_to_p95_ratio": 3.888109666056081
                  }
                },
                {
                  "element_count": 192,
                  "elements_per_original_element": 8,
                  "max_relative_change": 0.4148835909465696,
                  "p95_relative_change": 0.3405261854348675,
                  "rms_relative_change": 0.009227357901835626,
                  "statistics": {
                    "area_weighted_mean_stress_pa": 48188.093699145655,
                    "area_weighted_p95_stress_pa": 244006.32905863464,
                    "area_weighted_rms_stress_pa": 130916.38802989374,
                    "max_stress_pa": 1069288.449020741,
                    "max_to_p95_ratio": 4.382216039829816
                  }
                }
              ],
              "schema_version": "kyuubiki.composite-thermal-stress-recovery/v1",
              "status": "fail"
            },
            "max_change_ratio_graded_to_uniform": 1.5977972920094794,
            "p95_change_ratio_graded_to_uniform": 1.1439858491851798,
            "qualification_effect": "diagnostic_only_does_not_override_uniform_mesh_gates",
            "rms_change_ratio_graded_to_uniform": 0.5714221206288485,
            "schema_version": "kyuubiki.composite-thermal-interface-grading-assessment/v1",
            "strain_energy_change_ratio_graded_to_uniform": 0.904843108808698
          },
          "thermal_mesh_convergence": {
            "algebraic_validation": {
              "max_relative_residual": 1.4059741322624975e-14,
              "method": "original_system_recomputed_l2_residual_over_max_rhs_l2_or_one",
              "qualification_effect": "algebraic_gate_does_not_override_discretization_gates",
              "relative_residual_tolerance": 1e-10,
              "required_series": [
                "uniform_full_edge_clamp",
                "uniform_regularized_restraint",
                "interface_graded_full_edge_clamp"
              ],
              "schema_version": "kyuubiki.composite-thermal-algebraic-validation/v1",
              "series": [
                {
                  "label": "uniform_full_edge_clamp",
                  "max_relative_residual": 1.1085738757975812e-14,
                  "samples": [
                    {
                      "element_count": 3,
                      "elements_per_original_element": 1,
                      "matrix_non_zero_count": 112,
                      "node_count": 8,
                      "relative_residual": 1.7485866198905562e-16,
                      "residual_norm": 4.672812782988154e-15,
                      "rhs_norm": 26.723370348565425,
                      "solver_iterations": 0
                    },
                    {
                      "element_count": 12,
                      "elements_per_original_element": 2,
                      "matrix_non_zero_count": 440,
                      "node_count": 21,
                      "relative_residual": 4.860983739584879e-16,
                      "residual_norm": 1.2787682972828644e-14,
                      "rhs_norm": 26.30677998096059,
                      "solver_iterations": 0
                    },
                    {
                      "element_count": 48,
                      "elements_per_original_element": 4,
                      "matrix_non_zero_count": 1746,
                      "node_count": 65,
                      "relative_residual": 2.633514781366468e-15,
                      "residual_norm": 5.4490695193301584e-14,
                      "rhs_norm": 20.691243344769703,
                      "solver_iterations": 0
                    },
                    {
                      "element_count": 192,
                      "elements_per_original_element": 8,
                      "matrix_non_zero_count": 6925,
                      "node_count": 225,
                      "relative_residual": 1.1085738757975812e-14,
                      "residual_norm": 1.6971688386032556e-13,
                      "rhs_norm": 15.3094789229288,
                      "solver_iterations": 0
                    }
                  ],
                  "solver_path": "dense_direct",
                  "status": "pass"
                },
                {
                  "label": "uniform_regularized_restraint",
                  "max_relative_residual": 1.1975947324706928e-14,
                  "samples": [
                    {
                      "element_count": 3,
                      "elements_per_original_element": 1,
                      "matrix_non_zero_count": 121,
                      "node_count": 8,
                      "relative_residual": 1.848109169521547e-16,
                      "residual_norm": 5.515276983039602e-15,
                      "rhs_norm": 29.842809472491496,
                      "solver_iterations": 0
                    },
                    {
                      "element_count": 12,
                      "elements_per_original_element": 2,
                      "matrix_non_zero_count": 463,
                      "node_count": 21,
                      "relative_residual": 4.4087902826874653e-16,
                      "residual_norm": 1.1962083092613142e-14,
                      "rhs_norm": 27.132347709044165,
                      "solver_iterations": 0
                    },
                    {
                      "element_count": 48,
                      "elements_per_original_element": 4,
                      "matrix_non_zero_count": 1798,
                      "node_count": 65,
                      "relative_residual": 3.499381356654205e-15,
                      "residual_norm": 7.333332888094453e-14,
                      "rhs_norm": 20.956083777922192,
                      "solver_iterations": 0
                    },
                    {
                      "element_count": 192,
                      "elements_per_original_element": 8,
                      "matrix_non_zero_count": 7030,
                      "node_count": 225,
                      "relative_residual": 1.1975947324706928e-14,
                      "residual_norm": 1.844209100586689e-13,
                      "rhs_norm": 15.399275318972062,
                      "solver_iterations": 0
                    }
                  ],
                  "solver_path": "dense_direct",
                  "status": "pass"
                },
                {
                  "label": "interface_graded_full_edge_clamp",
                  "max_relative_residual": 1.4059741322624975e-14,
                  "samples": [
                    {
                      "element_count": 3,
                      "elements_per_original_element": 1,
                      "matrix_non_zero_count": 112,
                      "node_count": 8,
                      "relative_residual": 1.7485866198905562e-16,
                      "residual_norm": 4.672812782988154e-15,
                      "rhs_norm": 26.723370348565425,
                      "solver_iterations": 0
                    },
                    {
                      "element_count": 12,
                      "elements_per_original_element": 2,
                      "matrix_non_zero_count": 444,
                      "node_count": 21,
                      "relative_residual": 6.154800973269378e-16,
                      "residual_norm": 1.6191299503039962e-14,
                      "rhs_norm": 26.306779980960588,
                      "solver_iterations": 0
                    },
                    {
                      "element_count": 48,
                      "elements_per_original_element": 4,
                      "matrix_non_zero_count": 1749,
                      "node_count": 65,
                      "relative_residual": 3.188293309192145e-15,
                      "residual_norm": 7.311525808133444e-14,
                      "rhs_norm": 22.932412733338044,
                      "solver_iterations": 0
                    },
                    {
                      "element_count": 192,
                      "elements_per_original_element": 8,
                      "matrix_non_zero_count": 6951,
                      "node_count": 225,
                      "relative_residual": 1.4059741322624975e-14,
                      "residual_norm": 2.4332437631451497e-13,
                      "rhs_norm": 17.306461813984917,
                      "solver_iterations": 0
                    }
                  ],
                  "solver_path": "dense_direct",
                  "status": "pass"
                }
              ],
              "status": "pass"
            },
            "convergence_tolerance": 0.02,
            "diagnostic_metrics": [
              "max_von_mises_stress_pa"
            ],
            "finest_pair_displacement_relative_change": 0.003906525606604931,
            "finest_pair_peak_stress_relative_change": 0.25965971592353165,
            "finest_pair_strain_energy_relative_change": 0.13188614381144745,
            "method": "structured_quad_h_refinement_preserving_piecewise_linear_temperature_full_edge_clamp",
            "pass_metrics": [
              "max_displacement_m",
              "total_strain_energy_j"
            ],
            "refinement_levels": [
              1,
              2,
              4,
              8
            ],
            "regime_assessment": {
              "diagnosis": "pass_metrics_lack_qualified_discretization_uncertainty",
              "gci_safety_factor": 1.25,
              "method": "four_level_constant_ratio_observed_order_and_fine_grid_gci",
              "metrics": [
                {
                  "coarse_triplet_observed_order": 11.253537975663413,
                  "fine_grid_gci": null,
                  "fine_triplet_observed_order": -7.94650650060622,
                  "metric": "max_displacement_m",
                  "observed_order_relative_difference": 1.706134063597698,
                  "qualification_role": "pass_metric",
                  "regime": "oscillatory",
                  "richardson_extrapolated_value": null,
                  "unit": "m"
                },
                {
                  "coarse_triplet_observed_order": 1.0828533264544624,
                  "fine_grid_gci": 0.12731640985888637,
                  "fine_triplet_observed_order": 1.3170639992783468,
                  "metric": "total_strain_energy_j",
                  "observed_order_relative_difference": 0.1778278602651158,
                  "qualification_role": "pass_metric",
                  "regime": "asymptotic_converging",
                  "richardson_extrapolated_value": 2.0905045669439165e-7,
                  "unit": "J"
                },
                {
                  "coarse_triplet_observed_order": 0.040416754910014056,
                  "fine_grid_gci": null,
                  "fine_triplet_observed_order": -0.2657171031126864,
                  "metric": "max_von_mises_stress_pa",
                  "observed_order_relative_difference": 1.1521044540850425,
                  "qualification_role": "diagnostic_metric",
                  "regime": "monotonic_diverging",
                  "richardson_extrapolated_value": null,
                  "unit": "Pa"
                }
              ],
              "order_consistency_tolerance": 0.25,
              "qualification_effect": "gci_gates_require_asymptotic_pass_metric_evidence",
              "qualification_tolerance": 0.02,
              "refinement_ratio": 2.0,
              "schema_version": "kyuubiki.composite-thermal-convergence-regime/v1",
              "status": "fail"
            },
            "samples": [
              {
                "displacement_relative_change": null,
                "element_count": 3,
                "elements_per_original_element": 1,
                "max_displacement_m": 4.311689916117747e-7,
                "max_von_mises_stress_pa": 191529.76112570948,
                "node_count": 8,
                "peak_stress_relative_change": null,
                "strain_energy_relative_change": null,
                "total_strain_energy_j": 5.428504877326727e-7
              },
              {
                "displacement_relative_change": 0.03736581306700388,
                "element_count": 12,
                "elements_per_original_element": 2,
                "max_displacement_m": 4.150580116709206e-7,
                "max_von_mises_stress_pa": 332284.8362387578,
                "node_count": 21,
                "peak_stress_relative_change": 0.4235976480488899,
                "strain_energy_relative_change": 0.3437898976856749,
                "total_strain_energy_j": 3.562239740964384e-7
              },
              {
                "displacement_relative_change": 0.000015898412573522342,
                "element_count": 48,
                "elements_per_original_element": 4,
                "max_displacement_m": 4.150646105393436e-7,
                "max_von_mises_stress_pa": 469151.4137205752,
                "node_count": 65,
                "peak_stress_relative_change": 0.2917322072982916,
                "strain_energy_relative_change": 0.24733117831430185,
                "total_strain_energy_j": 2.68118678839363e-7
              },
              {
                "displacement_relative_change": 0.003906525606604931,
                "element_count": 192,
                "elements_per_original_element": 8,
                "max_displacement_m": 4.166924301879513e-7,
                "max_von_mises_stress_pa": 633696.9955725352,
                "node_count": 225,
                "peak_stress_relative_change": 0.25965971592353165,
                "strain_energy_relative_change": 0.13188614381144745,
                "total_strain_energy_j": 2.3275754020341946e-7
              }
            ],
            "schema_version": "kyuubiki.composite-thermal-mesh-convergence/v1",
            "status": "fail"
          },
          "thermal_stress_recovery": {
            "convergence_tolerance": 0.02,
            "diagnostic_metrics": [
              "max_stress_pa",
              "max_to_p95_ratio"
            ],
            "finest_pair_max_relative_change": 0.25965971592353165,
            "finest_pair_p95_relative_change": 0.29766643151872213,
            "finest_pair_rms_relative_change": 0.016148058622023495,
            "method": "uniform_mesh_element_area_weighted_von_mises_p95_and_rms",
            "pass_metrics": [
              "area_weighted_rms_stress_pa",
              "area_weighted_p95_stress_pa"
            ],
            "refinement_levels": [
              1,
              2,
              4,
              8
            ],
            "samples": [
              {
                "element_count": 3,
                "elements_per_original_element": 1,
                "max_relative_change": null,
                "p95_relative_change": null,
                "rms_relative_change": null,
                "statistics": {
                  "area_weighted_mean_stress_pa": 67338.1260949654,
                  "area_weighted_p95_stress_pa": 191529.76112570948,
                  "area_weighted_rms_stress_pa": 110693.65608286226,
                  "max_stress_pa": 191529.76112570948,
                  "max_to_p95_ratio": 1.0
                }
              },
              {
                "element_count": 12,
                "elements_per_original_element": 2,
                "max_relative_change": 0.4235976480488899,
                "p95_relative_change": 0.4235976480488899,
                "rms_relative_change": 0.19651380825222567,
                "statistics": {
                  "area_weighted_mean_stress_pa": 68136.19787530984,
                  "area_weighted_p95_stress_pa": 332284.8362387578,
                  "area_weighted_rms_stress_pa": 137766.71860667216,
                  "max_stress_pa": 332284.8362387578,
                  "max_to_p95_ratio": 1.0
                }
              },
              {
                "element_count": 48,
                "elements_per_original_element": 4,
                "max_relative_change": 0.2917322072982916,
                "p95_relative_change": 0.24521958752961617,
                "rms_relative_change": 0.021383641654382883,
                "statistics": {
                  "area_weighted_mean_stress_pa": 53793.199862058675,
                  "area_weighted_p95_stress_pa": 440240.4073407192,
                  "area_weighted_rms_stress_pa": 134820.76446408688,
                  "max_stress_pa": 469151.4137205752,
                  "max_to_p95_ratio": 1.065670951366081
                }
              },
              {
                "element_count": 192,
                "elements_per_original_element": 8,
                "max_relative_change": 0.25965971592353165,
                "p95_relative_change": 0.29766643151872213,
                "rms_relative_change": 0.016148058622023495,
                "statistics": {
                  "area_weighted_mean_stress_pa": 49375.281055746,
                  "area_weighted_p95_stress_pa": 309195.61627725867,
                  "area_weighted_rms_stress_pa": 132643.67085605478,
                  "max_stress_pa": 633696.9955725352,
                  "max_to_p95_ratio": 2.049501875874893
                }
              }
            ],
            "schema_version": "kyuubiki.composite-thermal-stress-recovery/v1",
            "status": "fail"
          }
        },
        "status": "completed"
      },
      "requires_confirmation": false
    }
  ]
}
