{
  "schema_version": "kyuubiki.headless-execution-run/v1",
  "workflow_id": "template.material_composite_thermo_electric_panel_screening",
  "mode": "execute:service",
  "status": "ok",
  "executed_step_count": 9,
  "warning_count": 0,
  "blocked_by_confirmation": null,
  "validation": {
    "ok": true,
    "issue_count": 0,
    "issues": [],
    "warning_count": 0,
    "warnings": [],
    "summary": {
      "schema_version": "kyuubiki.headless-execution-batch/v1",
      "workflow_id": "template.material_composite_thermo_electric_panel_screening",
      "template_id": "material_composite_thermo_electric_panel_screening",
      "exported_at": "1970-01-01T00:00:00.000Z",
      "language": "en",
      "step_count": 9,
      "warning_count": 0,
      "actions": [
        "solve_composite_thermo_electric_panel",
        "job_wait",
        "result_fetch",
        "solve_composite_thermo_electric_panel",
        "job_wait",
        "result_fetch",
        "solve_composite_thermo_electric_panel",
        "job_wait",
        "result_fetch"
      ]
    },
    "policy": {
      "required_engines": [
        "service"
      ],
      "engine_counts": {
        "browser": 0,
        "service": 9
      },
      "risk_counts": {
        "normal": 9,
        "sensitive": 0,
        "destructive": 0
      },
      "recommended_runtime": "service_only",
      "needs_desktop_browser": false,
      "safe_for_service_only": true,
      "notes": []
    }
  },
  "execution_summary": {
    "schema_version": "kyuubiki.headless-execution-summary/v1",
    "job_count": 3,
    "job_ids": [
      "442dea6d72551c60",
      "26a9e3b10f5bc80d",
      "5c9ab8536b8d376e"
    ],
    "jobs": [
      {
        "job_id": "442dea6d72551c60",
        "status": "completed",
        "worker_id": "rust-agent-rpc@127.0.0.1:5001",
        "phase": "execution",
        "created_at": "2026-08-13T10:08:33.141403Z",
        "execution_started_at": "2026-08-13T10:08:33.144923Z",
        "updated_at": "2026-08-13T10:08:42.221525Z",
        "queue_wait_ms": 3,
        "execution_elapsed_ms": 9076,
        "total_elapsed_ms": 9080,
        "effective_timeout_ms": 120000,
        "effective_deadline": "2026-08-13T10:10:33.144923Z"
      },
      {
        "job_id": "26a9e3b10f5bc80d",
        "status": "completed",
        "worker_id": "rust-agent-rpc@127.0.0.1:5002",
        "phase": "execution",
        "created_at": "2026-08-13T10:08:42.325965Z",
        "execution_started_at": "2026-08-13T10:08:42.329425Z",
        "updated_at": "2026-08-13T10:08:52.389219Z",
        "queue_wait_ms": 3,
        "execution_elapsed_ms": 10059,
        "total_elapsed_ms": 10063,
        "effective_timeout_ms": 120000,
        "effective_deadline": "2026-08-13T10:10:42.329425Z"
      },
      {
        "job_id": "5c9ab8536b8d376e",
        "status": "completed",
        "worker_id": "rust-agent-rpc@127.0.0.1:5001",
        "phase": "execution",
        "created_at": "2026-08-13T10:08:52.606529Z",
        "execution_started_at": "2026-08-13T10:08:52.609208Z",
        "updated_at": "2026-08-13T10:09:02.666902Z",
        "queue_wait_ms": 2,
        "execution_elapsed_ms": 10057,
        "total_elapsed_ms": 10060,
        "effective_timeout_ms": 120000,
        "effective_deadline": "2026-08-13T10:10:52.609208Z"
      }
    ],
    "failure": null
  },
  "steps": [
    {
      "index": 1,
      "action": "solve_composite_thermo_electric_panel",
      "risk": "normal",
      "status": "executed",
      "payload": {
        "electric_conduction_feedback": {
          "parameter_source": "screening_reference_not_material_card",
          "regions": [
            {
              "element_id": "conductor_left",
              "reference_resistivity_ohm_m": 1.68e-8,
              "reference_temperature_c": 35.0,
              "resistivity_temperature_coefficient_1_k": 0.00393
            }
          ]
        },
        "electric_conduction_model": {
          "contact_interfaces": [],
          "elements": [
            {
              "electrical_conductivity_s_m": 59523809.523809515,
              "id": "conductor_left",
              "node_i": 0,
              "node_j": 1,
              "node_k": 2,
              "node_l": 3,
              "thickness": 0.001
            }
          ],
          "nodes": [
            {
              "current_source_a": 0.0,
              "electric_potential_v": 0.0,
              "fix_electric_potential": true,
              "id": "n0",
              "x": 0.0,
              "y": 0.0
            },
            {
              "current_source_a": 0.0,
              "electric_potential_v": 0.000033600000000000004,
              "fix_electric_potential": true,
              "id": "n1",
              "x": 0.03,
              "y": 0.0
            },
            {
              "current_source_a": 0.0,
              "electric_potential_v": 0.000033600000000000004,
              "fix_electric_potential": true,
              "id": "n5",
              "x": 0.03,
              "y": 0.03
            },
            {
              "current_source_a": 0.0,
              "electric_potential_v": 0.0,
              "fix_electric_potential": true,
              "id": "n4",
              "x": 0.0,
              "y": 0.03
            }
          ],
          "terminals": []
        },
        "electrostatic_model": {
          "elements": [
            {
              "id": "conductor_left",
              "node_i": 0,
              "node_j": 1,
              "node_k": 5,
              "node_l": 4,
              "permittivity": 1.0,
              "thickness": 0.001
            },
            {
              "id": "dielectric_core",
              "node_i": 1,
              "node_j": 2,
              "node_k": 6,
              "node_l": 5,
              "permittivity": 3.4,
              "thickness": 0.001
            },
            {
              "id": "substrate_right",
              "node_i": 2,
              "node_j": 3,
              "node_k": 7,
              "node_l": 6,
              "permittivity": 4.2,
              "thickness": 0.001
            }
          ],
          "nodes": [
            {
              "charge_density": 0.0,
              "fix_potential": true,
              "id": "n0",
              "potential": 0.0,
              "x": 0.0,
              "y": 0.0
            },
            {
              "charge_density": 0.0,
              "fix_potential": false,
              "id": "n1",
              "potential": 0.0,
              "x": 0.03,
              "y": 0.0
            },
            {
              "charge_density": 0.0,
              "fix_potential": false,
              "id": "n2",
              "potential": 0.0,
              "x": 0.06,
              "y": 0.0
            },
            {
              "charge_density": 0.0,
              "fix_potential": true,
              "id": "n3",
              "potential": 1100,
              "x": 0.09,
              "y": 0.0
            },
            {
              "charge_density": 0.0,
              "fix_potential": true,
              "id": "n4",
              "potential": 0.0,
              "x": 0.0,
              "y": 0.03
            },
            {
              "charge_density": 0.0,
              "fix_potential": false,
              "id": "n5",
              "potential": 0.0,
              "x": 0.03,
              "y": 0.03
            },
            {
              "charge_density": 0.0,
              "fix_potential": false,
              "id": "n6",
              "potential": 0.0,
              "x": 0.06,
              "y": 0.03
            },
            {
              "charge_density": 0.0,
              "fix_potential": true,
              "id": "n7",
              "potential": 1100,
              "x": 0.09,
              "y": 0.03
            }
          ]
        },
        "electrothermal_feedback": {
          "conductivity_relative_change_tolerance": 1e-9,
          "loss_relative_change_tolerance": 1e-9,
          "loss_tangent_temperature_coefficient_1_k": 0.001,
          "max_iterations": 12,
          "parameter_source": "screening_sensitivity_not_material_card",
          "relative_permittivity_temperature_coefficient_1_k": 0.0001,
          "relaxation_factor": 0.8,
          "temperature_residual_tolerance_c": 1e-7,
          "thermal_conductivity_models": [
            {
              "element_id": "conductor_left",
              "reference_temperature_c": 35.0,
              "temperature_coefficient_1_k": -0.001
            },
            {
              "element_id": "dielectric_core",
              "reference_temperature_c": 35.0,
              "temperature_coefficient_1_k": -0.002
            },
            {
              "element_id": "substrate_right",
              "reference_temperature_c": 35.0,
              "temperature_coefficient_1_k": -0.0012
            }
          ]
        },
        "electrothermal_loss": {
          "frequency_hz": 10000000.0,
          "loss_tangent": 0.008,
          "reference_temperature_c": 35.0,
          "relative_permittivity": 3.4,
          "source_element_id": "dielectric_core"
        },
        "heat_model": {
          "elements": [
            {
              "conductivity": 390.0,
              "id": "conductor_left",
              "node_i": 0,
              "node_j": 1,
              "node_k": 5,
              "node_l": 4,
              "thickness": 0.001
            },
            {
              "conductivity": 0.25,
              "id": "dielectric_core",
              "node_i": 1,
              "node_j": 2,
              "node_k": 6,
              "node_l": 5,
              "thickness": 0.001
            },
            {
              "conductivity": 160.0,
              "id": "substrate_right",
              "node_i": 2,
              "node_j": 3,
              "node_k": 7,
              "node_l": 6,
              "thickness": 0.001
            }
          ],
          "nodes": [
            {
              "fix_temperature": false,
              "heat_load": 0.0,
              "id": "n0",
              "temperature": 35.0,
              "x": 0.0,
              "y": 0.0
            },
            {
              "fix_temperature": false,
              "heat_load": 0.0,
              "id": "n1",
              "temperature": 35.0,
              "x": 0.03,
              "y": 0.0
            },
            {
              "fix_temperature": false,
              "heat_load": 0.0,
              "id": "n2",
              "temperature": 35.0,
              "x": 0.06,
              "y": 0.0
            },
            {
              "fix_temperature": true,
              "heat_load": 0.0,
              "id": "n3",
              "temperature": 35.0,
              "x": 0.09,
              "y": 0.0
            },
            {
              "fix_temperature": false,
              "heat_load": 0.0,
              "id": "n4",
              "temperature": 35.0,
              "x": 0.0,
              "y": 0.03
            },
            {
              "fix_temperature": false,
              "heat_load": 0.0,
              "id": "n5",
              "temperature": 35.0,
              "x": 0.03,
              "y": 0.03
            },
            {
              "fix_temperature": false,
              "heat_load": 0.0,
              "id": "n6",
              "temperature": 35.0,
              "x": 0.06,
              "y": 0.03
            },
            {
              "fix_temperature": true,
              "heat_load": 0.0,
              "id": "n7",
              "temperature": 35.0,
              "x": 0.09,
              "y": 0.03
            }
          ]
        },
        "research": {
          "candidate_id": "copper_polyimide_aluminum",
          "candidate_label": "Copper / Polyimide / Aluminum",
          "coupling": "iterative_dielectric_and_conductor_joule_heating_with_temperature_dependent_electrical_thermal_feedback_and_expansion_projection",
          "materials": {
            "conductor": "copper",
            "dielectric": "polyimide",
            "substrate": "aluminum_6061"
          },
          "study": "material.composite_thermo_electric_panel.v1"
        },
        "thermal_expansion_feedback": {
          "parameter_source": "screening_sensitivity_not_material_card",
          "regions": [
            {
              "element_id": "conductor_left",
              "reference_temperature_c": 35.0,
              "temperature_coefficient_1_k": 0.0002
            },
            {
              "element_id": "dielectric_core",
              "reference_temperature_c": 35.0,
              "temperature_coefficient_1_k": 0.0008
            },
            {
              "element_id": "substrate_right",
              "reference_temperature_c": 35.0,
              "temperature_coefficient_1_k": 0.0003
            }
          ]
        },
        "thermal_model": {
          "elements": [
            {
              "id": "conductor_left",
              "node_i": 0,
              "node_j": 1,
              "node_k": 5,
              "node_l": 4,
              "poisson_ratio": 0.32,
              "thermal_expansion": 0.000017,
              "thickness": 0.001,
              "youngs_modulus": 110000000000.0
            },
            {
              "id": "dielectric_core",
              "node_i": 1,
              "node_j": 2,
              "node_k": 6,
              "node_l": 5,
              "poisson_ratio": 0.32,
              "thermal_expansion": 0.000045,
              "thickness": 0.001,
              "youngs_modulus": 2500000000.0
            },
            {
              "id": "substrate_right",
              "node_i": 2,
              "node_j": 3,
              "node_k": 7,
              "node_l": 6,
              "poisson_ratio": 0.32,
              "thermal_expansion": 0.0000236,
              "thickness": 0.001,
              "youngs_modulus": 68900000000.0
            }
          ],
          "nodes": [
            {
              "fix_x": true,
              "fix_y": true,
              "id": "n0",
              "load_x": 0.0,
              "load_y": 0.0,
              "temperature_delta": 0.0,
              "x": 0.0,
              "y": 0.0
            },
            {
              "fix_x": false,
              "fix_y": false,
              "id": "n1",
              "load_x": 0.0,
              "load_y": 0.0,
              "temperature_delta": 0.0,
              "x": 0.03,
              "y": 0.0
            },
            {
              "fix_x": false,
              "fix_y": false,
              "id": "n2",
              "load_x": 0.0,
              "load_y": 0.0,
              "temperature_delta": 0.0,
              "x": 0.06,
              "y": 0.0
            },
            {
              "fix_x": false,
              "fix_y": false,
              "id": "n3",
              "load_x": 0.0,
              "load_y": 0.0,
              "temperature_delta": 0.0,
              "x": 0.09,
              "y": 0.0
            },
            {
              "fix_x": true,
              "fix_y": true,
              "id": "n4",
              "load_x": 0.0,
              "load_y": 0.0,
              "temperature_delta": 0.0,
              "x": 0.0,
              "y": 0.03
            },
            {
              "fix_x": false,
              "fix_y": false,
              "id": "n5",
              "load_x": 0.0,
              "load_y": 0.0,
              "temperature_delta": 0.0,
              "x": 0.03,
              "y": 0.03
            },
            {
              "fix_x": false,
              "fix_y": false,
              "id": "n6",
              "load_x": 0.0,
              "load_y": 0.0,
              "temperature_delta": 0.0,
              "x": 0.06,
              "y": 0.03
            },
            {
              "fix_x": false,
              "fix_y": false,
              "id": "n7",
              "load_x": 0.0,
              "load_y": 0.0,
              "temperature_delta": 0.0,
              "x": 0.09,
              "y": 0.03
            }
          ]
        }
      },
      "result_preview": {
        "job": {
          "created_at": "2026-08-13T10:08:33.141403Z",
          "execution_started_at": null,
          "execution_timeout_ms": 120000,
          "has_result": false,
          "iteration": null,
          "job_id": "442dea6d72551c60",
          "message": null,
          "model_version_id": null,
          "progress": 0.0,
          "project_id": "cab22ffd2f36b13f",
          "queue_timeout_ms": 1800000,
          "residual": null,
          "simulation_case_id": "c59b9e21df66b187",
          "status": "queued",
          "status_detail": {
            "active": true,
            "failure_class": null,
            "lifecycle": "active",
            "recoverable": false,
            "terminal": false,
            "timing": {
              "effective_deadline": "2026-08-13T10:38:33.141403Z",
              "effective_timeout_ms": 1800000,
              "execution_elapsed_ms": null,
              "execution_started_at": null,
              "execution_timeout_ms": 120000,
              "job_submission_deadline": "2026-08-13T10:38:33.141403Z",
              "phase": "queue",
              "queue_timeout_ms": 1800000,
              "queue_wait_ms": 0,
              "total_elapsed_ms": 0
            }
          },
          "updated_at": "2026-08-13T10:08:33.141403Z",
          "worker_id": null
        },
        "job_id": "442dea6d72551c60",
        "progress": 0.0,
        "raw": {
          "job": {
            "created_at": "2026-08-13T10:08:33.141403Z",
            "execution_started_at": null,
            "execution_timeout_ms": 120000,
            "has_result": false,
            "iteration": null,
            "job_id": "442dea6d72551c60",
            "message": null,
            "model_version_id": null,
            "progress": 0.0,
            "project_id": "cab22ffd2f36b13f",
            "queue_timeout_ms": 1800000,
            "residual": null,
            "simulation_case_id": "c59b9e21df66b187",
            "status": "queued",
            "status_detail": {
              "active": true,
              "failure_class": null,
              "lifecycle": "active",
              "recoverable": false,
              "terminal": false,
              "timing": {
                "effective_deadline": "2026-08-13T10:38:33.141403Z",
                "effective_timeout_ms": 1800000,
                "execution_elapsed_ms": null,
                "execution_started_at": null,
                "execution_timeout_ms": 120000,
                "job_submission_deadline": "2026-08-13T10:38:33.141403Z",
                "phase": "queue",
                "queue_timeout_ms": 1800000,
                "queue_wait_ms": 0,
                "total_elapsed_ms": 0
              }
            },
            "updated_at": "2026-08-13T10:08:33.141403Z",
            "worker_id": null
          }
        },
        "status": "queued"
      },
      "requires_confirmation": false
    },
    {
      "index": 2,
      "action": "job_wait",
      "risk": "normal",
      "status": "executed",
      "payload": {
        "interval_ms": 1000,
        "job_id": "442dea6d72551c60",
        "max_total_timeout_ms": 3600000,
        "resume_policy": "server_deadline",
        "timeout_ms": 60000
      },
      "result_preview": {
        "job": {
          "created_at": "2026-08-13T10:08:33.141403Z",
          "execution_started_at": "2026-08-13T10:08:33.144923Z",
          "execution_timeout_ms": 120000,
          "iteration": 4,
          "job_id": "442dea6d72551c60",
          "message": "collecting nodal and elemental responses",
          "model_version_id": null,
          "progress": 1.0,
          "project_id": "cab22ffd2f36b13f",
          "queue_timeout_ms": 1800000,
          "residual": 0.2,
          "simulation_case_id": "c59b9e21df66b187",
          "status": "completed",
          "status_detail": {
            "active": false,
            "failure_class": null,
            "lifecycle": "terminal",
            "recoverable": false,
            "terminal": true,
            "timing": {
              "effective_deadline": "2026-08-13T10:10:33.144923Z",
              "effective_timeout_ms": 120000,
              "execution_elapsed_ms": 9076,
              "execution_started_at": "2026-08-13T10:08:33.144923Z",
              "execution_timeout_ms": 120000,
              "job_submission_deadline": "2026-08-13T10:38:33.141403Z",
              "phase": "execution",
              "queue_timeout_ms": 1800000,
              "queue_wait_ms": 3,
              "total_elapsed_ms": 9080
            }
          },
          "updated_at": "2026-08-13T10:08:42.221525Z",
          "worker_id": "rust-agent-rpc@127.0.0.1:5001"
        },
        "job_id": "442dea6d72551c60",
        "progress": 1.0,
        "raw": {
          "job": {
            "created_at": "2026-08-13T10:08:33.141403Z",
            "execution_started_at": "2026-08-13T10:08:33.144923Z",
            "execution_timeout_ms": 120000,
            "iteration": 4,
            "job_id": "442dea6d72551c60",
            "message": "collecting nodal and elemental responses",
            "model_version_id": null,
            "progress": 1.0,
            "project_id": "cab22ffd2f36b13f",
            "queue_timeout_ms": 1800000,
            "residual": 0.2,
            "simulation_case_id": "c59b9e21df66b187",
            "status": "completed",
            "status_detail": {
              "active": false,
              "failure_class": null,
              "lifecycle": "terminal",
              "recoverable": false,
              "terminal": true,
              "timing": {
                "effective_deadline": "2026-08-13T10:10:33.144923Z",
                "effective_timeout_ms": 120000,
                "execution_elapsed_ms": 9076,
                "execution_started_at": "2026-08-13T10:08:33.144923Z",
                "execution_timeout_ms": 120000,
                "job_submission_deadline": "2026-08-13T10:38:33.141403Z",
                "phase": "execution",
                "queue_timeout_ms": 1800000,
                "queue_wait_ms": 3,
                "total_elapsed_ms": 9080
              }
            },
            "updated_at": "2026-08-13T10:08:42.221525Z",
            "worker_id": "rust-agent-rpc@127.0.0.1:5001"
          }
        },
        "result": null,
        "status": "completed",
        "wait": {
          "elapsed_ms": 9156,
          "policy": "server_deadline",
          "poll_attempts": 10,
          "resume_count": 0
        }
      },
      "requires_confirmation": false
    },
    {
      "index": 3,
      "action": "result_fetch",
      "risk": "normal",
      "status": "executed",
      "payload": {
        "job_id": "442dea6d72551c60"
      },
      "result_preview": {
        "job": {
          "created_at": "2026-08-13T10:08:33.141403Z",
          "execution_started_at": "2026-08-13T10:08:33.144923Z",
          "execution_timeout_ms": 120000,
          "has_result": true,
          "iteration": 4,
          "job_id": "442dea6d72551c60",
          "message": "collecting nodal and elemental responses",
          "model_version_id": null,
          "progress": 1.0,
          "project_id": "cab22ffd2f36b13f",
          "queue_timeout_ms": 1800000,
          "residual": 0.2,
          "simulation_case_id": "c59b9e21df66b187",
          "status": "completed",
          "status_detail": {
            "active": false,
            "failure_class": null,
            "lifecycle": "terminal",
            "recoverable": false,
            "terminal": true,
            "timing": {
              "effective_deadline": "2026-08-13T10:10:33.144923Z",
              "effective_timeout_ms": 120000,
              "execution_elapsed_ms": 9076,
              "execution_started_at": "2026-08-13T10:08:33.144923Z",
              "execution_timeout_ms": 120000,
              "job_submission_deadline": "2026-08-13T10:38:33.141403Z",
              "phase": "execution",
              "queue_timeout_ms": 1800000,
              "queue_wait_ms": 3,
              "total_elapsed_ms": 9080
            }
          },
          "updated_at": "2026-08-13T10:08:42.221525Z",
          "worker_id": "rust-agent-rpc@127.0.0.1:5001"
        },
        "job_id": "442dea6d72551c60",
        "result": {
          "electric_conduction": {
            "contact_interfaces": [],
            "current_balance_relative_error": 0.0,
            "elements": [
              {
                "area_m2": 0.0009,
                "average_electric_potential_v": 0.000016800000000000002,
                "current_density_magnitude_a_m2": 66243.67745707165,
                "current_density_x_a_m2": -66243.67745707165,
                "current_density_y_a_m2": -0.0,
                "electric_field_magnitude_v_m": 0.00112,
                "electric_field_x_v_m": -0.00112,
                "electric_field_y_v_m": -0.0,
                "electric_potential_gradient_x_v_m": 0.00112,
                "electric_potential_gradient_y_v_m": 0.0,
                "id": "conductor_left",
                "index": 0,
                "joule_power_w": 0.00006677362687672824,
                "node_i": 0,
                "node_j": 1,
                "node_k": 2,
                "node_l": 3,
                "peak_current_density_magnitude_a_m2": 66243.67745707165,
                "peak_electric_field_magnitude_v_m": 0.00112,
                "rms_current_density_magnitude_a_m2": 66243.67745707165,
                "rms_electric_field_magnitude_v_m": 0.00112,
                "volumetric_joule_heating_w_m3": 74.19291875192026
              }
            ],
            "free_current_residual_relative_error": 0.0,
            "input": {
              "contact_interfaces": [],
              "elements": [
                {
                  "electrical_conductivity_s_m": 59146140.586671114,
                  "id": "conductor_left",
                  "node_i": 0,
                  "node_j": 1,
                  "node_k": 2,
                  "node_l": 3,
                  "thickness": 0.001
                }
              ],
              "nodes": [
                {
                  "current_source_a": 0.0,
                  "electric_potential_v": 0.0,
                  "fix_electric_potential": true,
                  "id": "n0",
                  "x": 0.0,
                  "y": 0.0
                },
                {
                  "current_source_a": 0.0,
                  "electric_potential_v": 0.000033600000000000004,
                  "fix_electric_potential": true,
                  "id": "n1",
                  "x": 0.03,
                  "y": 0.0
                },
                {
                  "current_source_a": 0.0,
                  "electric_potential_v": 0.000033600000000000004,
                  "fix_electric_potential": true,
                  "id": "n5",
                  "x": 0.03,
                  "y": 0.03
                },
                {
                  "current_source_a": 0.0,
                  "electric_potential_v": 0.0,
                  "fix_electric_potential": true,
                  "id": "n4",
                  "x": 0.0,
                  "y": 0.03
                }
              ],
              "terminals": []
            },
            "max_current_density_a_m2": 66243.67745707165,
            "max_electric_field_v_m": 0.00112,
            "max_electric_potential_v": 0.000033600000000000004,
            "max_free_current_residual_a": 0.0,
            "nodes": [
              {
                "current_source_a": 0.0,
                "electric_potential_v": 0.0,
                "fix_electric_potential": true,
                "id": "n0",
                "index": 0,
                "net_injected_current_a": -0.993655161856075,
                "reaction_current_a": -0.993655161856075,
                "x": 0.0,
                "y": 0.0
              },
              {
                "current_source_a": 0.0,
                "electric_potential_v": 0.000033600000000000004,
                "fix_electric_potential": true,
                "id": "n1",
                "index": 1,
                "net_injected_current_a": 0.993655161856075,
                "reaction_current_a": 0.993655161856075,
                "x": 0.03,
                "y": 0.0
              },
              {
                "current_source_a": 0.0,
                "electric_potential_v": 0.000033600000000000004,
                "fix_electric_potential": true,
                "id": "n5",
                "index": 2,
                "net_injected_current_a": 0.993655161856075,
                "reaction_current_a": 0.993655161856075,
                "x": 0.03,
                "y": 0.03
              },
              {
                "current_source_a": 0.0,
                "electric_potential_v": 0.0,
                "fix_electric_potential": true,
                "id": "n4",
                "index": 3,
                "net_injected_current_a": -0.993655161856075,
                "reaction_current_a": -0.993655161856075,
                "x": 0.0,
                "y": 0.03
              }
            ],
            "power_balance_relative_error": 2.029622740290612e-16,
            "source_power_balance_relative_error": 2.029622740290612e-16,
            "terminals": [],
            "total_bulk_joule_power_w": 0.00006677362687672824,
            "total_contact_joule_power_w": -0.0,
            "total_dissipated_power_w": 0.00006677362687672824,
            "total_electrical_input_power_w": 0.00006677362687672825,
            "total_extracted_current_a": 1.98731032371215,
            "total_injected_current_a": 1.98731032371215,
            "total_joule_power_w": 0.00006677362687672824,
            "total_source_power_w": 0.00006677362687672825,
            "total_terminal_impedance_power_w": -0.0
          },
          "electrostatic": {
            "elements": [
              {
                "area": 0.0009,
                "average_potential": 358.9635656042923,
                "electric_energy_density": 286344092.06966025,
                "electric_field_magnitude": 23930.90437361949,
                "electric_field_x": -23930.90437361949,
                "electric_field_y": -1.8189894035458565e-12,
                "electric_flux_density_magnitude": 23930.90437361949,
                "electric_flux_density_x": -23930.90437361949,
                "electric_flux_density_y": -1.8189894035458565e-12,
                "id": "conductor_left",
                "index": 0,
                "node_i": 0,
                "node_j": 1,
                "node_k": 5,
                "node_l": 4,
                "potential_gradient_x": 23930.90437361949,
                "potential_gradient_y": 1.8189894035458565e-12,
                "stored_energy": 257.7096828626942
              },
              {
                "area": 0.0009,
                "average_potential": 823.4960499842227,
                "electric_energy_density": 84211990.0015399,
                "electric_field_magnitude": 7037.927918375872,
                "electric_field_x": -7037.927918375872,
                "electric_field_y": -5.4569682106375694e-12,
                "electric_flux_density_magnitude": 23930.90437361948,
                "electric_flux_density_x": -23930.90437361948,
                "electric_flux_density_y": -1.8555203453800808e-11,
                "id": "dielectric_core",
                "index": 1,
                "node_i": 1,
                "node_j": 2,
                "node_k": 6,
                "node_l": 5,
                "potential_gradient_x": 7037.927918375872,
                "potential_gradient_y": 5.4569682106375694e-12,
                "stored_energy": 75.79079100138591
              },
              {
                "area": 0.0009,
                "average_potential": 1014.5324843799305,
                "electric_energy_density": 68177164.77849059,
                "electric_field_magnitude": 5697.83437467131,
                "electric_field_x": -5697.83437467131,
                "electric_field_y": -3.637978807091713e-12,
                "electric_flux_density_magnitude": 23930.9043736195,
                "electric_flux_density_x": -23930.9043736195,
                "electric_flux_density_y": -1.5279510989785195e-11,
                "id": "substrate_right",
                "index": 2,
                "node_i": 2,
                "node_j": 3,
                "node_k": 7,
                "node_l": 6,
                "potential_gradient_x": 5697.83437467131,
                "potential_gradient_y": 3.637978807091713e-12,
                "stored_energy": 61.359448300641525
              }
            ],
            "input": {
              "elements": [
                {
                  "id": "conductor_left",
                  "node_i": 0,
                  "node_j": 1,
                  "node_k": 5,
                  "node_l": 4,
                  "permittivity": 1.0,
                  "thickness": 0.001
                },
                {
                  "id": "dielectric_core",
                  "node_i": 1,
                  "node_j": 2,
                  "node_k": 6,
                  "node_l": 5,
                  "permittivity": 3.4002769922005633,
                  "thickness": 0.001
                },
                {
                  "id": "substrate_right",
                  "node_i": 2,
                  "node_j": 3,
                  "node_k": 7,
                  "node_l": 6,
                  "permittivity": 4.2,
                  "thickness": 0.001
                }
              ],
              "nodes": [
                {
                  "charge_density": 0.0,
                  "fix_potential": true,
                  "id": "n0",
                  "potential": 0.0,
                  "x": 0.0,
                  "y": 0.0
                },
                {
                  "charge_density": 0.0,
                  "fix_potential": false,
                  "id": "n1",
                  "potential": 0.0,
                  "x": 0.03,
                  "y": 0.0
                },
                {
                  "charge_density": 0.0,
                  "fix_potential": false,
                  "id": "n2",
                  "potential": 0.0,
                  "x": 0.06,
                  "y": 0.0
                },
                {
                  "charge_density": 0.0,
                  "fix_potential": true,
                  "id": "n3",
                  "potential": 1100.0,
                  "x": 0.09,
                  "y": 0.0
                },
                {
                  "charge_density": 0.0,
                  "fix_potential": true,
                  "id": "n4",
                  "potential": 0.0,
                  "x": 0.0,
                  "y": 0.03
                },
                {
                  "charge_density": 0.0,
                  "fix_potential": false,
                  "id": "n5",
                  "potential": 0.0,
                  "x": 0.03,
                  "y": 0.03
                },
                {
                  "charge_density": 0.0,
                  "fix_potential": false,
                  "id": "n6",
                  "potential": 0.0,
                  "x": 0.06,
                  "y": 0.03
                },
                {
                  "charge_density": 0.0,
                  "fix_potential": true,
                  "id": "n7",
                  "potential": 1100.0,
                  "x": 0.09,
                  "y": 0.03
                }
              ]
            },
            "max_electric_energy_density": 286344092.06966025,
            "max_electric_field": 23930.90437361949,
            "max_flux_density": 23930.9043736195,
            "max_potential": 1100.0,
            "nodes": [
              {
                "charge_density": 0.0,
                "id": "n0",
                "index": 0,
                "potential": 0.0,
                "x": 0.0,
                "y": 0.0
              },
              {
                "charge_density": 0.0,
                "id": "n1",
                "index": 1,
                "potential": 717.9271312085846,
                "x": 0.03,
                "y": 0.0
              },
              {
                "charge_density": 0.0,
                "id": "n2",
                "index": 2,
                "potential": 929.0649687598608,
                "x": 0.06,
                "y": 0.0
              },
              {
                "charge_density": 0.0,
                "id": "n3",
                "index": 3,
                "potential": 1100.0,
                "x": 0.09,
                "y": 0.0
              },
              {
                "charge_density": 0.0,
                "id": "n4",
                "index": 4,
                "potential": 0.0,
                "x": 0.0,
                "y": 0.03
              },
              {
                "charge_density": 0.0,
                "id": "n5",
                "index": 5,
                "potential": 717.9271312085847,
                "x": 0.03,
                "y": 0.03
              },
              {
                "charge_density": 0.0,
                "id": "n6",
                "index": 6,
                "potential": 929.0649687598608,
                "x": 0.06,
                "y": 0.03
              },
              {
                "charge_density": 0.0,
                "id": "n7",
                "index": 7,
                "potential": 1100.0,
                "x": 0.09,
                "y": 0.03
              }
            ],
            "total_stored_energy": 394.8599221647216
          },
          "electrostatic_mesh_convergence": {
            "finest_pair_relative_change": 5.3882684793213995e-15,
            "max_analytic_relative_error": 0.22222222222222252,
            "method": "structured_quad_h_refinement",
            "refinement_levels": [
              1,
              2,
              4,
              8
            ],
            "relative_error_tolerance": 1e-8,
            "samples": [
              {
                "analytic_relative_error": 0.22222222222222252,
                "element_count": 3,
                "elements_per_layer": 1,
                "max_electric_field_v_m": 23930.90437361949,
                "node_count": 8,
                "relative_change_from_previous": null
              },
              {
                "analytic_relative_error": 3.7160472271182064e-16,
                "element_count": 6,
                "elements_per_layer": 2,
                "max_electric_field_v_m": 19579.830851143222,
                "node_count": 14,
                "relative_change_from_previous": 0.22222222222222213
              },
              {
                "analytic_relative_error": 2.787035420338655e-15,
                "element_count": 12,
                "elements_per_layer": 4,
                "max_electric_field_v_m": 19579.83085114327,
                "node_count": 26,
                "relative_change_from_previous": 2.4154306976268344e-15
              },
              {
                "analytic_relative_error": 2.601233058982745e-15,
                "element_count": 24,
                "elements_per_layer": 8,
                "max_electric_field_v_m": 19579.830851143164,
                "node_count": 50,
                "relative_change_from_previous": 5.3882684793213995e-15
              }
            ],
            "schema_version": "kyuubiki.composite-electrostatic-mesh-convergence/v1",
            "status": "fail"
          },
          "electrothermal_feedback_convergence": {
            "conductivity_relative_change_tolerance": 1e-9,
            "converged": true,
            "final_loss_relative_change": 1.0648660995374426e-11,
            "final_max_conductivity_relative_change": 1.401487621851997e-10,
            "final_temperature_residual_c": 3.507577872596812e-8,
            "iteration_count": 12,
            "iterations": [
              {
                "converged": false,
                "coupling_temperature_c": 35.0,
                "dielectric_mean_temperature_c": 35.813699526388405,
                "iteration": 1,
                "loss_relative_change": null,
                "loss_tangent": 0.008,
                "max_conductivity_relative_change": null,
                "max_temperature_c": 36.622848563601885,
                "relative_permittivity": 3.4,
                "temperature_residual_c": 1.6228054866788142,
                "thermal_conductivity_updates": [
                  {
                    "conductivity_relative_change": null,
                    "conductivity_w_mk": 390.0,
                    "coupling_temperature_c": 35.0,
                    "element_id": "conductor_left",
                    "measured_mean_temperature_c": 36.622805486678814
                  },
                  {
                    "conductivity_relative_change": null,
                    "conductivity_w_mk": 0.25,
                    "coupling_temperature_c": 35.0,
                    "element_id": "dielectric_core",
                    "measured_mean_temperature_c": 35.813699526388405
                  },
                  {
                    "conductivity_relative_change": null,
                    "conductivity_w_mk": 160.0,
                    "coupling_temperature_c": 35.0,
                    "element_id": "substrate_right",
                    "measured_mean_temperature_c": 35.00231832151053
                  }
                ],
                "total_joule_loss_w": 0.0000672,
                "total_loss_w": 0.0006746628833683583
              },
              {
                "converged": false,
                "coupling_temperature_c": 35.65095962111072,
                "dielectric_mean_temperature_c": 35.81448419886617,
                "iteration": 2,
                "loss_relative_change": 0.00009568305525805446,
                "loss_tangent": 0.008005207676968886,
                "max_conductivity_relative_change": 0.0013019192422214498,
                "max_temperature_c": 36.62441712868042,
                "relative_permittivity": 3.400221326271178,
                "temperature_residual_c": 0.32612982536859647,
                "thermal_conductivity_updates": [
                  {
                    "conductivity_relative_change": 0.0012982443893429843,
                    "conductivity_w_mk": 389.49368468815624,
                    "coupling_temperature_c": 36.298244389343054,
                    "element_id": "conductor_left",
                    "measured_mean_temperature_c": 36.62437421471165
                  },
                  {
                    "conductivity_relative_change": 0.0013019192422214498,
                    "conductivity_w_mk": 0.24967452018944464,
                    "coupling_temperature_c": 35.65095962111072,
                    "element_id": "dielectric_core",
                    "measured_mean_temperature_c": 35.81448419886617
                  },
                  {
                    "conductivity_relative_change": 2.225588650084376e-6,
                    "conductivity_w_mk": 159.999643905816,
                    "coupling_temperature_c": 35.001854657208426,
                    "element_id": "substrate_right",
                    "measured_mean_temperature_c": 35.00231854849473
                  }
                ],
                "total_joule_loss_w": 0.00006685887928192132,
                "total_loss_w": 0.0006750749877937003
              },
              {
                "converged": false,
                "coupling_temperature_c": 35.78177928331508,
                "dielectric_mean_temperature_c": 35.8146429701151,
                "iteration": 3,
                "loss_relative_change": 0.000019783272500563276,
                "loss_tangent": 0.008006254234266522,
                "max_conductivity_relative_change": 0.0002619804017348058,
                "max_temperature_c": 36.62473451231321,
                "relative_permittivity": 3.4002658049563266,
                "temperature_residual_c": 0.06554338123798686,
                "thermal_conductivity_updates": [
                  {
                    "conductivity_relative_change": 0.0002612430175766454,
                    "conductivity_w_mk": 389.39193218264126,
                    "coupling_temperature_c": 36.55914824963793,
                    "element_id": "conductor_left",
                    "measured_mean_temperature_c": 36.624691630875915
                  },
                  {
                    "conductivity_relative_change": 0.0002619804017348058,
                    "conductivity_w_mk": 0.2496091103583425,
                    "coupling_temperature_c": 35.78177928331508,
                    "element_id": "dielectric_core",
                    "measured_mean_temperature_c": 35.8146429701151
                  },
                  {
                    "conductivity_relative_change": 4.453366259938534e-7,
                    "conductivity_w_mk": 159.9995726521144,
                    "coupling_temperature_c": 35.002225770237466,
                    "element_id": "substrate_right",
                    "measured_mean_temperature_c": 35.002318595395785
                  }
                ],
                "total_joule_loss_w": 0.00006679074288743073,
                "total_loss_w": 0.0006751578020680605
              },
              {
                "converged": false,
                "coupling_temperature_c": 35.8080702327551,
                "dielectric_mean_temperature_c": 35.814674921734145,
                "iteration": 4,
                "loss_relative_change": 3.997934161073187e-6,
                "loss_tangent": 0.00800646456186204,
                "max_conductivity_relative_change": 0.00005266424250754973,
                "max_temperature_c": 36.624798383540394,
                "relative_permittivity": 3.400274743879137,
                "temperature_residual_c": 0.013172554004036384,
                "thermal_conductivity_updates": [
                  {
                    "conductivity_relative_change": 0.000052516586133846343,
                    "conductivity_w_mk": 389.37148264769496,
                    "coupling_temperature_c": 36.61158295462832,
                    "element_id": "conductor_left",
                    "measured_mean_temperature_c": 36.624755508632354
                  },
                  {
                    "conductivity_relative_change": 0.00005266424250754973,
                    "conductivity_w_mk": 0.24959596488362248,
                    "coupling_temperature_c": 35.8080702327551,
                    "element_id": "dielectric_core",
                    "measured_mean_temperature_c": 35.814674921734145
                  },
                  {
                    "conductivity_relative_change": 8.911238998105315e-8,
                    "conductivity_w_mk": 159.9995583941701,
                    "coupling_temperature_c": 35.00230003036412,
                    "element_id": "substrate_right",
                    "measured_mean_temperature_c": 35.00231860487199
                  }
                ],
                "total_joule_loss_w": 0.0000667770660490792,
                "total_loss_w": 0.0006751744451678457
              },
              {
                "converged": false,
                "coupling_temperature_c": 35.813353983938335,
                "dielectric_mean_temperature_c": 35.8146813448168,
                "iteration": 5,
                "loss_relative_change": 8.043296693720819e-7,
                "loss_tangent": 0.008006506831871507,
                "max_conductivity_relative_change": 0.000010584608580737532,
                "max_temperature_c": 36.62481122326945,
                "relative_permittivity": 3.4002765403545387,
                "temperature_residual_c": 0.0026473518417233777,
                "thermal_conductivity_updates": [
                  {
                    "conductivity_relative_change": 0.00001055505354755805,
                    "conductivity_w_mk": 389.3673728108457,
                    "coupling_temperature_c": 36.622120997831544,
                    "element_id": "conductor_left",
                    "measured_mean_temperature_c": 36.62476834967327
                  },
                  {
                    "conductivity_relative_change": 0.000010584608580737532,
                    "conductivity_w_mk": 0.24959332300803083,
                    "coupling_temperature_c": 35.813353983938335,
                    "element_id": "dielectric_core",
                    "measured_mean_temperature_c": 35.8146813448168
                  },
                  {
                    "conductivity_relative_change": 1.7831576759223127e-8,
                    "conductivity_w_mk": 159.9995555411257,
                    "coupling_temperature_c": 35.002314889970414,
                    "element_id": "substrate_right",
                    "measured_mean_temperature_c": 35.00231860677825
                  }
                ],
                "total_joule_loss_w": 0.00006677431802808033,
                "total_loss_w": 0.0006751777899624583
              },
              {
                "converged": false,
                "coupling_temperature_c": 35.814415872641106,
                "dielectric_mean_temperature_c": 35.814682635744646,
                "iteration": 6,
                "loss_relative_change": 1.6167582122227805e-7,
                "loss_tangent": 0.008006515326981128,
                "max_conductivity_relative_change": 2.127237800172964e-6,
                "max_temperature_c": 36.62481380383158,
                "relative_permittivity": 3.4002769013966976,
                "temperature_residual_c": 0.0005320511941064865,
                "thermal_conductivity_updates": [
                  {
                    "conductivity_relative_change": 2.121322515336808e-6,
                    "conductivity_w_mk": 389.36654683707104,
                    "coupling_temperature_c": 36.624238879304926,
                    "element_id": "conductor_left",
                    "measured_mean_temperature_c": 36.62477093049903
                  },
                  {
                    "conductivity_relative_change": 2.127237800172964e-6,
                    "conductivity_w_mk": 0.24959279206367943,
                    "coupling_temperature_c": 35.814415872641106,
                    "element_id": "dielectric_core",
                    "measured_mean_temperature_c": 35.814682635744646
                  },
                  {
                    "conductivity_relative_change": 3.568145387809887e-9,
                    "conductivity_w_mk": 159.999554970224,
                    "coupling_temperature_c": 35.002317863416685,
                    "element_id": "substrate_right",
                    "measured_mean_temperature_c": 35.0023186071614
                  }
                ],
                "total_joule_loss_w": 0.00006677376577231399,
                "total_loss_w": 0.0006751784621739411
              },
              {
                "converged": false,
                "coupling_temperature_c": 35.814629283123935,
                "dielectric_mean_temperature_c": 35.814682895181676,
                "iteration": 7,
                "loss_relative_change": 3.2492143917963215e-8,
                "loss_tangent": 0.008006517034264991,
                "max_conductivity_relative_change": 4.275173194637403e-7,
                "max_temperature_c": 36.624814322445715,
                "relative_permittivity": 3.4002769739562617,
                "temperature_residual_c": 0.000106928905935888,
                "thermal_conductivity_updates": [
                  {
                    "conductivity_relative_change": 4.263334225086496e-7,
                    "conductivity_w_mk": 389.3663808370985,
                    "coupling_temperature_c": 36.62466452026021,
                    "element_id": "conductor_left",
                    "measured_mean_temperature_c": 36.62477144916615
                  },
                  {
                    "conductivity_relative_change": 4.275173194637403e-7,
                    "conductivity_w_mk": 0.24959268535843804,
                    "coupling_temperature_c": 35.814629283123935,
                    "element_id": "dielectric_core",
                    "measured_mean_temperature_c": 35.814682895181676
                  },
                  {
                    "conductivity_relative_change": 7.139970712147037e-10,
                    "conductivity_w_mk": 159.9995548559848,
                    "coupling_temperature_c": 35.002318458412454,
                    "element_id": "substrate_right",
                    "measured_mean_temperature_c": 35.00231860723838
                  }
                ],
                "total_joule_loss_w": 0.00006677365478388516,
                "total_loss_w": 0.0006751785972699885
              },
              {
                "converged": false,
                "coupling_temperature_c": 35.81467217277013,
                "dielectric_mean_temperature_c": 35.814682947319625,
                "iteration": 8,
                "loss_relative_change": 6.52974094340625e-9,
                "loss_tangent": 0.008006517377382161,
                "max_conductivity_relative_change": 8.591927716523535e-8,
                "max_temperature_c": 36.624814426669346,
                "relative_permittivity": 3.400276988538742,
                "temperature_residual_c": 0.00002149001547735452,
                "thermal_conductivity_updates": [
                  {
                    "conductivity_relative_change": 8.568232971606262e-8,
                    "conductivity_w_mk": 389.3663474752799,
                    "coupling_temperature_c": 36.62475006338496,
                    "element_id": "conductor_left",
                    "measured_mean_temperature_c": 36.62477155340043
                  },
                  {
                    "conductivity_relative_change": 8.591927716523535e-8,
                    "conductivity_w_mk": 0.24959266391361493,
                    "coupling_temperature_c": 35.81467217277013,
                    "element_id": "dielectric_core",
                    "measured_mean_temperature_c": 35.814682947319625
                  },
                  {
                    "conductivity_relative_change": 1.4287313335883158e-10,
                    "conductivity_w_mk": 159.99955483312516,
                    "coupling_temperature_c": 35.0023185774732,
                    "element_id": "substrate_right",
                    "measured_mean_temperature_c": 35.00231860725386
                  }
                ],
                "total_joule_loss_w": 0.00006677363247804748,
                "total_loss_w": 0.0006751786244205821
              },
              {
                "converged": false,
                "coupling_temperature_c": 35.814680792409725,
                "dielectric_mean_temperature_c": 35.81468295779901,
                "iteration": 9,
                "loss_relative_change": 1.3122317844564087e-9,
                "loss_tangent": 0.008006517446339277,
                "max_conductivity_relative_change": 1.7267413678182826e-8,
                "max_temperature_c": 36.6248144476176,
                "relative_permittivity": 3.400276991469419,
                "temperature_residual_c": 4.318953493509525e-6,
                "thermal_conductivity_updates": [
                  {
                    "conductivity_relative_change": 1.7219990516363065e-8,
                    "conductivity_w_mk": 389.3663407703951,
                    "coupling_temperature_c": 36.62476725539734,
                    "element_id": "conductor_left",
                    "measured_mean_temperature_c": 36.62477157435083
                  },
                  {
                    "conductivity_relative_change": 1.7267413678182826e-8,
                    "conductivity_w_mk": 0.24959265960379515,
                    "coupling_temperature_c": 35.814680792409725,
                    "element_id": "dielectric_core",
                    "measured_mean_temperature_c": 35.81468295779901
                  },
                  {
                    "conductivity_relative_change": 2.8589654696522545e-11,
                    "conductivity_w_mk": 159.99955482855083,
                    "coupling_temperature_c": 35.00231860129773,
                    "element_id": "substrate_right",
                    "measured_mean_temperature_c": 35.00231860725697
                  }
                ],
                "total_joule_loss_w": 0.00006677362799513802,
                "total_loss_w": 0.0006751786298771049
              },
              {
                "converged": false,
                "coupling_temperature_c": 35.81468252472115,
                "dielectric_mean_temperature_c": 35.81468295991144,
                "iteration": 10,
                "loss_relative_change": 2.6370881732514045e-10,
                "loss_tangent": 0.008006517460197768,
                "max_conductivity_relative_change": 3.470277258342731e-9,
                "max_temperature_c": 36.62481445184036,
                "relative_permittivity": 3.400276992058405,
                "temperature_residual_c": 8.680138847694252e-7,
                "thermal_conductivity_updates": [
                  {
                    "conductivity_relative_change": 3.460785910290175e-9,
                    "conductivity_w_mk": 389.36633942288154,
                    "coupling_temperature_c": 36.624770710560135,
                    "element_id": "conductor_left",
                    "measured_mean_temperature_c": 36.62477157857402
                  },
                  {
                    "conductivity_relative_change": 3.470277258342731e-9,
                    "conductivity_w_mk": 0.24959265873763944,
                    "coupling_temperature_c": 35.81468252472115,
                    "element_id": "dielectric_core",
                    "measured_mean_temperature_c": 35.81468295991144
                  },
                  {
                    "conductivity_relative_change": 5.720773118318879e-12,
                    "conductivity_w_mk": 159.9995548276355,
                    "coupling_temperature_c": 35.00231860606512,
                    "element_id": "substrate_right",
                    "measured_mean_temperature_c": 35.0023186072576
                  }
                ],
                "total_joule_loss_w": 0.00006677362709418584,
                "total_loss_w": 0.0006751786309737164
              },
              {
                "converged": false,
                "coupling_temperature_c": 35.81468287287338,
                "dielectric_mean_temperature_c": 35.81468296032368,
                "iteration": 11,
                "loss_relative_change": 5.29967865487444e-11,
                "loss_tangent": 0.008006517462982988,
                "max_conductivity_relative_change": 6.974408442719001e-10,
                "max_temperature_c": 36.62481445266447,
                "relative_permittivity": 3.400276992176777,
                "temperature_residual_c": 1.7442697242131547e-7,
                "thermal_conductivity_updates": [
                  {
                    "conductivity_relative_change": 6.955411055607768e-10,
                    "conductivity_w_mk": 389.3663391520613,
                    "coupling_temperature_c": 36.62477140497124,
                    "element_id": "conductor_left",
                    "measured_mean_temperature_c": 36.624771579398214
                  },
                  {
                    "conductivity_relative_change": 6.974408442719001e-10,
                    "conductivity_w_mk": 0.2495926585635633,
                    "coupling_temperature_c": 35.81468287287338,
                    "element_id": "dielectric_core",
                    "measured_mean_temperature_c": 35.81468296032368
                  },
                  {
                    "conductivity_relative_change": 1.144865168383049e-12,
                    "conductivity_w_mk": 159.99955482745233,
                    "coupling_temperature_c": 35.002318607019106,
                    "element_id": "substrate_right",
                    "measured_mean_temperature_c": 35.002318607257706
                  }
                ],
                "total_joule_loss_w": 0.00006677362691311443,
                "total_loss_w": 0.0006751786311941089
              },
              {
                "converged": true,
                "coupling_temperature_c": 35.81468294283362,
                "dielectric_mean_temperature_c": 35.814682960418935,
                "iteration": 12,
                "loss_relative_change": 1.0648660995374426e-11,
                "loss_tangent": 0.00800651746354267,
                "max_conductivity_relative_change": 1.401487621851997e-10,
                "max_temperature_c": 36.624814452854835,
                "relative_permittivity": 3.4002769922005633,
                "temperature_residual_c": 3.507577872596812e-8,
                "thermal_conductivity_updates": [
                  {
                    "conductivity_relative_change": 1.397686487610267e-10,
                    "conductivity_w_mk": 389.36633909764,
                    "coupling_temperature_c": 36.62477154451282,
                    "element_id": "conductor_left",
                    "measured_mean_temperature_c": 36.6247715795886
                  },
                  {
                    "conductivity_relative_change": 1.401487621851997e-10,
                    "conductivity_w_mk": 0.2495926585285832,
                    "coupling_temperature_c": 35.81468294283362,
                    "element_id": "dielectric_core",
                    "measured_mean_temperature_c": 35.814682960418935
                  },
                  {
                    "conductivity_relative_change": 2.291506698550542e-13,
                    "conductivity_w_mk": 159.99955482741566,
                    "coupling_temperature_c": 35.002318607209986,
                    "element_id": "substrate_right",
                    "measured_mean_temperature_c": 35.00231860725775
                  }
                ],
                "total_joule_loss_w": 0.00006677362687672824,
                "total_loss_w": 0.0006751786312383959
              }
            ],
            "loss_relative_change_tolerance": 1e-9,
            "max_iterations": 12,
            "method": "relaxed_temperature_dependent_dielectric_and_conductivity_fixed_point",
            "parameter_source": "screening_sensitivity_not_material_card",
            "relaxation_factor": 0.8,
            "schema_version": "kyuubiki.composite-electrothermal-feedback-convergence/v1",
            "status": "pass",
            "temperature_residual_tolerance_c": 1e-7
          },
          "electrothermal_loss_projection": {
            "assumptions": [
              "The solved electrostatic field magnitude is interpreted as an RMS harmonic field.",
              "Relative permittivity and loss tangent are scalar, isotropic, and frequency-local screening values.",
              "Element dielectric loss is lumped consistently to its four thermal nodes."
            ],
            "distributed_total_heat_load_w": 0.0006751786312383959,
            "effective_conductivity_s_m": 0.000015145602355459025,
            "electric_field_rms_v_m": 7037.927918375872,
            "energy_balance_relative_error": 0.0,
            "frequency_hz": 10000000.0,
            "loss_tangent": 0.00800651746354267,
            "model": "harmonic_dielectric_loss_sigma_eff_e_rms_squared",
            "relative_permittivity": 3.4002769922005633,
            "schema_version": "kyuubiki.composite-electrothermal-loss-projection/v1",
            "source_element_id": "dielectric_core",
            "source_volume_m3": 9e-7,
            "target_element_count": 1,
            "target_node_count": 4,
            "total_loss_w": 0.0006751786312383959,
            "volumetric_loss_w_m3": 750.1984791537732
          },
          "heat": {
            "elements": [
              {
                "area": 0.0009,
                "average_temperature": 36.6247715795886,
                "heat_flow_rate": 1.001604403147615e-6,
                "heat_flux_magnitude": 1.1128937812751278,
                "heat_flux_x": 1.1128937812751278,
                "heat_flux_y": -0.0,
                "id": "conductor_left",
                "index": 0,
                "node_i": 0,
                "node_j": 1,
                "node_k": 5,
                "node_l": 4,
                "temperature_gradient_x": -0.002858217749007963,
                "temperature_gradient_y": 0.0
              },
              {
                "area": 0.0009,
                "average_temperature": 35.814682960418935,
                "heat_flow_rate": 0.000012130888274988462,
                "heat_flux_magnitude": 13.47876474998718,
                "heat_flux_x": 13.47876474998718,
                "heat_flux_y": 2.837540006664576e-14,
                "id": "dielectric_core",
                "index": 1,
                "node_i": 1,
                "node_j": 2,
                "node_k": 6,
                "node_l": 5,
                "temperature_gradient_x": -54.00304972689571,
                "temperature_gradient_y": -1.1368683772161605e-13
              },
              {
                "area": 0.0009,
                "average_temperature": 35.00231860725775,
                "heat_flow_rate": 0.000022258567743554415,
                "heat_flux_magnitude": 24.731741937282685,
                "heat_flux_x": 24.731741937282685,
                "heat_flux_y": 1.8189843425195208e-11,
                "id": "substrate_right",
                "index": 2,
                "node_i": 2,
                "node_j": 3,
                "node_k": 7,
                "node_l": 6,
                "temperature_gradient_x": -0.1545738171831772,
                "temperature_gradient_y": -1.1368683772161605e-13
              }
            ],
            "input": {
              "elements": [
                {
                  "conductivity": 389.36633909764,
                  "id": "conductor_left",
                  "node_i": 0,
                  "node_j": 1,
                  "node_k": 5,
                  "node_l": 4,
                  "thickness": 0.001
                },
                {
                  "conductivity": 0.2495926585285832,
                  "id": "dielectric_core",
                  "node_i": 1,
                  "node_j": 2,
                  "node_k": 6,
                  "node_l": 5,
                  "thickness": 0.001
                },
                {
                  "conductivity": 159.99955482741566,
                  "id": "substrate_right",
                  "node_i": 2,
                  "node_j": 3,
                  "node_k": 7,
                  "node_l": 6,
                  "thickness": 0.001
                }
              ],
              "nodes": [
                {
                  "fix_temperature": false,
                  "heat_load": 0.00001669340671918206,
                  "id": "n0",
                  "temperature": 35.0,
                  "x": 0.0,
                  "y": 0.0
                },
                {
                  "fix_temperature": false,
                  "heat_load": 0.00018548806452878104,
                  "id": "n1",
                  "temperature": 35.0,
                  "x": 0.03,
                  "y": 0.0
                },
                {
                  "fix_temperature": false,
                  "heat_load": 0.00016879465780959897,
                  "id": "n2",
                  "temperature": 35.0,
                  "x": 0.06,
                  "y": 0.0
                },
                {
                  "fix_temperature": true,
                  "heat_load": 0.0,
                  "id": "n3",
                  "temperature": 35.0,
                  "x": 0.09,
                  "y": 0.0
                },
                {
                  "fix_temperature": false,
                  "heat_load": 0.00001669340671918206,
                  "id": "n4",
                  "temperature": 35.0,
                  "x": 0.0,
                  "y": 0.03
                },
                {
                  "fix_temperature": false,
                  "heat_load": 0.00018548806452878104,
                  "id": "n5",
                  "temperature": 35.0,
                  "x": 0.03,
                  "y": 0.03
                },
                {
                  "fix_temperature": false,
                  "heat_load": 0.00016879465780959897,
                  "id": "n6",
                  "temperature": 35.0,
                  "x": 0.06,
                  "y": 0.03
                },
                {
                  "fix_temperature": true,
                  "heat_load": 0.0,
                  "id": "n7",
                  "temperature": 35.0,
                  "x": 0.09,
                  "y": 0.03
                }
              ]
            },
            "max_heat_flux": 24.731741937282685,
            "max_temperature": 36.624814452854835,
            "nodes": [
              {
                "heat_load": 0.00001669340671918206,
                "id": "n0",
                "index": 0,
                "temperature": 36.624814452854835,
                "x": 0.0,
                "y": 0.0
              },
              {
                "heat_load": 0.00018548806452878104,
                "id": "n1",
                "index": 1,
                "temperature": 36.624728706322365,
                "x": 0.03,
                "y": 0.0
              },
              {
                "heat_load": 0.00016879465780959897,
                "id": "n2",
                "index": 2,
                "temperature": 35.0046372145155,
                "x": 0.06,
                "y": 0.0
              },
              {
                "heat_load": 0.0,
                "id": "n3",
                "index": 3,
                "temperature": 35.0,
                "x": 0.09,
                "y": 0.0
              },
              {
                "heat_load": 0.00001669340671918206,
                "id": "n4",
                "index": 4,
                "temperature": 36.624814452854835,
                "x": 0.0,
                "y": 0.03
              },
              {
                "heat_load": 0.00018548806452878104,
                "id": "n5",
                "index": 5,
                "temperature": 36.624728706322365,
                "x": 0.03,
                "y": 0.03
              },
              {
                "heat_load": 0.00016879465780959897,
                "id": "n6",
                "index": 6,
                "temperature": 35.00463721451549,
                "x": 0.06,
                "y": 0.03
              },
              {
                "heat_load": 0.0,
                "id": "n7",
                "index": 7,
                "temperature": 35.0,
                "x": 0.09,
                "y": 0.03
              }
            ],
            "total_abs_heat_flow_rate": 0.00003539106042169049
          },
          "heat_cross_validation": {
            "absolute_error_c": 1.4800605185882887e-11,
            "conductivities_w_mk": [
              389.36633909764,
              0.2495926585285832,
              159.99955482741566
            ],
            "expected_max_temperature_c": 36.624814452840035,
            "fem_max_temperature_c": 36.624814452854835,
            "fixed_temperature_c": 35.0,
            "method": "layered_thermal_resistance_with_regional_generation_closed_form",
            "relative_error": 4.0411413428294354e-13,
            "relative_error_tolerance": 1e-9,
            "schema_version": "kyuubiki.composite-heat-cross-validation/v1",
            "status": "pass",
            "total_heat_load_w": 0.0007419522581151242
          },
          "heat_mesh_convergence": {
            "finest_pair_relative_change": 7.434303228863367e-13,
            "max_analytic_relative_error": 3.722777783367932e-12,
            "method": "structured_quad_h_refinement",
            "refinement_levels": [
              1,
              2,
              4,
              8
            ],
            "relative_error_tolerance": 1e-8,
            "samples": [
              {
                "analytic_relative_error": 4.0411413428294354e-13,
                "element_count": 3,
                "elements_per_layer": 1,
                "max_temperature_c": 36.624814452854835,
                "node_count": 8,
                "relative_change_from_previous": null
              },
              {
                "analytic_relative_error": 1.2629779232750658e-12,
                "element_count": 6,
                "elements_per_layer": 2,
                "max_temperature_c": 36.62481445279378,
                "node_count": 14,
                "relative_change_from_previous": 1.6670920575580093e-12
              },
              {
                "analytic_relative_error": 2.9793474604815953e-12,
                "element_count": 12,
                "elements_per_layer": 4,
                "max_temperature_c": 36.62481445273092,
                "node_count": 26,
                "relative_change_from_previous": 1.7163695372065294e-12
              },
              {
                "analytic_relative_error": 3.722777783367932e-12,
                "element_count": 24,
                "elements_per_layer": 8,
                "max_temperature_c": 36.62481445270369,
                "node_count": 50,
                "relative_change_from_previous": 7.434303228863367e-13
              }
            ],
            "schema_version": "kyuubiki.composite-heat-mesh-convergence/v1",
            "status": "pass"
          },
          "heat_to_thermal_projection": {
            "mapped_node_count": 8,
            "maximum_coordinate_error_m": 0.0,
            "maximum_temperature_delta_c": 1.6248144528548352,
            "minimum_temperature_delta_c": 0.0,
            "reference_temperature_c": 35.0,
            "schema_version": "kyuubiki.composite-heat-to-thermal-projection/v1"
          },
          "joule_heating_projection": {
            "assumptions": [
              "Steady scalar electrical conductivity is solved on a two-dimensional quad mesh.",
              "Joule heating uses the solved local sigma times electric-field magnitude squared.",
              "Element Joule power integrates both triangular subcell fields before thermal projection.",
              "Recovered terminal currents gate current continuity and electrical input-power balance.",
              "Contact and terminal impedance models require explicit study-level heat mappings."
            ],
            "boundary_voltage_span_v": 0.000033600000000000004,
            "current_balance_relative_error": 0.0,
            "distributed_total_heat_load_w": 0.00006677362687672827,
            "electrical_power_balance_relative_error": 2.029622740290612e-16,
            "energy_balance_relative_error": 4.0592454805812246e-16,
            "free_current_residual_relative_error": 0.0,
            "max_current_density_a_m2": 66243.67745707165,
            "max_free_current_residual_a": 0.0,
            "model": "solved_steady_current_density_sigma_e_squared",
            "parameter_source": "screening_reference_not_material_card",
            "regions": [
              {
                "coupling_temperature_c": 36.62477154451282,
                "current_density_magnitude_a_m2": 66243.67745707165,
                "distributed_heat_load_w": 0.00006677362687672824,
                "electric_field_magnitude_v_m": 0.00112,
                "electrical_conductivity_s_m": 59146140.586671114,
                "element_id": "conductor_left",
                "energy_balance_relative_error": 0.0,
                "joule_power_w": 0.00006677362687672824,
                "peak_current_density_magnitude_a_m2": 66243.67745707165,
                "peak_electric_field_magnitude_v_m": 0.00112,
                "rms_current_density_magnitude_a_m2": 66243.67745707165,
                "rms_electric_field_magnitude_v_m": 0.00112,
                "source_volume_m3": 9e-7,
                "volumetric_joule_heating_w_m3": 74.19291875192026
              }
            ],
            "schema_version": "kyuubiki.composite-current-to-heat-projection/v2",
            "source_power_balance_relative_error": 2.029622740290612e-16,
            "status": "pass",
            "total_dissipated_power_w": 0.00006677362687672824,
            "total_electrical_input_power_w": 0.00006677362687672825,
            "total_extracted_current_a": 1.98731032371215,
            "total_injected_current_a": 1.98731032371215,
            "total_joule_loss_w": 0.00006677362687672824,
            "total_source_power_w": 0.00006677362687672825
          },
          "research": {
            "candidate_id": "copper_polyimide_aluminum",
            "candidate_label": "Copper / Polyimide / Aluminum",
            "coupling": "iterative_dielectric_and_conductor_joule_heating_with_temperature_dependent_electrical_thermal_feedback_and_expansion_projection",
            "materials": {
              "conductor": "copper",
              "dielectric": "polyimide",
              "substrate": "aluminum_6061"
            },
            "study": "material.composite_thermo_electric_panel.v1"
          },
          "schema_version": "kyuubiki.composite-thermo-electric-panel-result/v1",
          "thermal": {
            "elements": [
              {
                "area": 0.0009,
                "average_temperature_delta": 1.6247715795886002,
                "gamma_xy": -9.190895695033639e-22,
                "id": "conductor_left",
                "index": 0,
                "max_in_plane_shear": 483096.8009760496,
                "mechanical_strain_x": 2.810745023860652e-6,
                "mechanical_strain_y": -8.783578199564537e-6,
                "node_i": 0,
                "node_j": 1,
                "node_k": 5,
                "node_l": 4,
                "principal_stress_1": 0.0,
                "principal_stress_2": -966193.6019520992,
                "strain_energy_density": 13.965384504477251,
                "stress_x": 4.7369515717340015e-11,
                "stress_y": -966193.6019520992,
                "tau_xy": -3.157967714489334e-11,
                "thermal_strain": 0.00002763009245413805,
                "total_strain_x": 0.0000304408374779987,
                "total_strain_y": 0.00001884651425457351,
                "von_mises": 966193.6019520992
              },
              {
                "area": 0.0009,
                "average_temperature_delta": 0.8146829604189295,
                "gamma_xy": 3.8739625354566804e-19,
                "id": "dielectric_core",
                "index": 1,
                "max_in_plane_shear": 21926.332621079193,
                "mechanical_strain_x": 5.613141150996072e-6,
                "mechanical_strain_y": -0.000017541066096863555,
                "node_i": 1,
                "node_j": 2,
                "node_k": 6,
                "node_l": 5,
                "principal_stress_1": -7.34871719032526e-10,
                "principal_stress_2": -43852.66524215912,
                "strain_energy_density": 1.3999620410967129,
                "stress_x": -7.381749532618819e-10,
                "stress_y": -43852.66524215912,
                "tau_xy": 3.6662031435399617e-10,
                "thermal_strain": 0.000036684626718587715,
                "total_strain_x": 0.00004229776786958379,
                "total_strain_y": 0.00001914356062172417,
                "von_mises": 43852.66524215875
              },
              {
                "area": 0.0009,
                "average_temperature_delta": 0.002318607257747018,
                "gamma_xy": 3.116288071597344e-21,
                "id": "substrate_right",
                "index": 2,
                "max_in_plane_shear": 5557.13210978312,
                "mechanical_strain_x": -5.1619224241827515e-8,
                "mechanical_strain_y": 1.613100757556679e-7,
                "node_i": 2,
                "node_j": 3,
                "node_k": 7,
                "node_l": 6,
                "principal_stress_1": 11114.264219565182,
                "principal_stress_2": -1.0568328434601424e-9,
                "strain_energy_density": 0.002749145324277913,
                "stress_x": -1.0574874309554616e-9,
                "stress_y": 11114.264219565182,
                "tau_xy": 8.116963891148367e-11,
                "thermal_strain": 5.471916934448211e-8,
                "total_strain_x": 3.099945102654603e-9,
                "total_strain_y": 2.1602924510015002e-7,
                "von_mises": 11114.264219565712
              }
            ],
            "input": {
              "elements": [
                {
                  "id": "conductor_left",
                  "node_i": 0,
                  "node_j": 1,
                  "node_k": 5,
                  "node_l": 4,
                  "poisson_ratio": 0.32,
                  "thermal_expansion": 0.0000170055242233706,
                  "thickness": 0.001,
                  "youngs_modulus": 110000000000.0
                },
                {
                  "id": "dielectric_core",
                  "node_i": 1,
                  "node_j": 2,
                  "node_k": 6,
                  "node_l": 5,
                  "poisson_ratio": 0.32,
                  "thermal_expansion": 0.00004502932858657508,
                  "thickness": 0.001,
                  "youngs_modulus": 2500000000.0
                },
                {
                  "id": "substrate_right",
                  "node_i": 2,
                  "node_j": 3,
                  "node_k": 7,
                  "node_l": 6,
                  "poisson_ratio": 0.32,
                  "thermal_expansion": 0.000023600016415739388,
                  "thickness": 0.001,
                  "youngs_modulus": 68900000000.0
                }
              ],
              "nodes": [
                {
                  "fix_x": true,
                  "fix_y": true,
                  "id": "n0",
                  "load_x": 0.0,
                  "load_y": 0.0,
                  "temperature_delta": 1.6248144528548352,
                  "x": 0.0,
                  "y": 0.0
                },
                {
                  "fix_x": false,
                  "fix_y": false,
                  "id": "n1",
                  "load_x": 0.0,
                  "load_y": 0.0,
                  "temperature_delta": 1.6247287063223652,
                  "x": 0.03,
                  "y": 0.0
                },
                {
                  "fix_x": false,
                  "fix_y": false,
                  "id": "n2",
                  "load_x": 0.0,
                  "load_y": 0.0,
                  "temperature_delta": 0.00463721451549759,
                  "x": 0.06,
                  "y": 0.0
                },
                {
                  "fix_x": false,
                  "fix_y": false,
                  "id": "n3",
                  "load_x": 0.0,
                  "load_y": 0.0,
                  "temperature_delta": 0.0,
                  "x": 0.09,
                  "y": 0.0
                },
                {
                  "fix_x": true,
                  "fix_y": true,
                  "id": "n4",
                  "load_x": 0.0,
                  "load_y": 0.0,
                  "temperature_delta": 1.6248144528548352,
                  "x": 0.0,
                  "y": 0.03
                },
                {
                  "fix_x": false,
                  "fix_y": false,
                  "id": "n5",
                  "load_x": 0.0,
                  "load_y": 0.0,
                  "temperature_delta": 1.6247287063223652,
                  "x": 0.03,
                  "y": 0.03
                },
                {
                  "fix_x": false,
                  "fix_y": false,
                  "id": "n6",
                  "load_x": 0.0,
                  "load_y": 0.0,
                  "temperature_delta": 0.004637214515490484,
                  "x": 0.06,
                  "y": 0.03
                },
                {
                  "fix_x": false,
                  "fix_y": false,
                  "id": "n7",
                  "load_x": 0.0,
                  "load_y": 0.0,
                  "temperature_delta": 0.0,
                  "x": 0.09,
                  "y": 0.03
                }
              ]
            },
            "max_displacement": 2.18225251228994e-6,
            "max_strain_energy_density": 13.965384504477251,
            "max_stress": 966193.6019520992,
            "max_temperature_delta": 1.6248144528548352,
            "nodes": [
              {
                "displacement_magnitude": 0.0,
                "id": "n0",
                "index": 0,
                "temperature_delta": 1.6248144528548352,
                "ux": 0.0,
                "uy": 0.0,
                "x": 0.0,
                "y": 0.0
              },
              {
                "displacement_magnitude": 1.0740819881735269e-6,
                "id": "n1",
                "index": 1,
                "temperature_delta": 1.6247287063223652,
                "ux": 9.132251243399612e-7,
                "uy": -5.653954276372054e-7,
                "x": 0.03,
                "y": 0.0
              },
              {
                "displacement_magnitude": 2.1821763563035074e-6,
                "id": "n2",
                "index": 2,
                "temperature_delta": 0.00463721451549759,
                "ux": 2.1821581604274788e-6,
                "uy": -8.91139101450423e-9,
                "x": 0.06,
                "y": 0.0
              },
              {
                "displacement_magnitude": 2.18225251228994e-6,
                "id": "n3",
                "index": 3,
                "temperature_delta": 0.0,
                "ux": 2.1822511587805594e-6,
                "uy": 2.4305136615395803e-9,
                "x": 0.09,
                "y": 0.0
              },
              {
                "displacement_magnitude": 0.0,
                "id": "n4",
                "index": 4,
                "temperature_delta": 1.6248144528548352,
                "ux": 0.0,
                "uy": 0.0,
                "x": 0.0,
                "y": 0.03
              },
              {
                "displacement_magnitude": 1.0740819881735269e-6,
                "id": "n5",
                "index": 5,
                "temperature_delta": 1.6247287063223652,
                "ux": 9.132251243399612e-7,
                "uy": 5.653954276372055e-7,
                "x": 0.03,
                "y": 0.03
              },
              {
                "displacement_magnitude": 2.1821763563035e-6,
                "id": "n6",
                "index": 6,
                "temperature_delta": 0.004637214515490484,
                "ux": 2.182158160427471e-6,
                "uy": 8.911391014535244e-9,
                "x": 0.06,
                "y": 0.03
              },
              {
                "displacement_magnitude": 2.1822525122899304e-6,
                "id": "n7",
                "index": 7,
                "temperature_delta": 0.0,
                "ux": 2.18225115878055e-6,
                "uy": -2.430513661490891e-9,
                "x": 0.09,
                "y": 0.03
              }
            ],
            "total_strain_energy": 0.00001383128612180842
          },
          "thermal_constraint_regularized_mesh_convergence": {
            "algebraic_validation": {
              "max_relative_residual": null,
              "method": "original_system_recomputed_l2_residual_over_max_rhs_l2_or_one",
              "qualification_effect": "algebraic_gate_does_not_override_discretization_gates",
              "relative_residual_tolerance": 1e-10,
              "required_series": [
                "uniform_full_edge_clamp",
                "uniform_regularized_restraint",
                "interface_graded_full_edge_clamp"
              ],
              "schema_version": "kyuubiki.composite-thermal-algebraic-validation/v1",
              "series": [],
              "status": "missing"
            },
            "convergence_tolerance": 0.02,
            "diagnostic_metrics": [
              "max_von_mises_stress_pa"
            ],
            "finest_pair_displacement_relative_change": 0.0019353473705530616,
            "finest_pair_peak_stress_relative_change": 0.30930961815529445,
            "finest_pair_strain_energy_relative_change": 0.22502749332431707,
            "method": "structured_quad_h_refinement_preserving_piecewise_linear_temperature_roller_edge_with_vertical_anchor",
            "pass_metrics": [
              "max_displacement_m",
              "total_strain_energy_j"
            ],
            "refinement_levels": [
              1,
              2,
              4,
              8
            ],
            "regime_assessment": {
              "diagnosis": "pass_metrics_lack_qualified_discretization_uncertainty",
              "gci_safety_factor": 1.25,
              "method": "four_level_constant_ratio_observed_order_and_fine_grid_gci",
              "metrics": [
                {
                  "coarse_triplet_observed_order": 0.5733368094500073,
                  "fine_grid_gci": null,
                  "fine_triplet_observed_order": 4.041492627081933,
                  "metric": "max_displacement_m",
                  "observed_order_relative_difference": 0.8581373610313939,
                  "qualification_role": "pass_metric",
                  "regime": "oscillatory",
                  "richardson_extrapolated_value": null,
                  "unit": "m"
                },
                {
                  "coarse_triplet_observed_order": 1.6974502718064373,
                  "fine_grid_gci": 0.16634051631418742,
                  "fine_triplet_observed_order": 1.6699486616939565,
                  "metric": "total_strain_energy_j",
                  "observed_order_relative_difference": 0.016201717699343022,
                  "qualification_role": "pass_metric",
                  "regime": "asymptotic_converging",
                  "richardson_extrapolated_value": 2.628796635405891e-7,
                  "unit": "J"
                },
                {
                  "coarse_triplet_observed_order": -7.20938641276746,
                  "fine_grid_gci": null,
                  "fine_triplet_observed_order": -0.6930704302219415,
                  "metric": "max_von_mises_stress_pa",
                  "observed_order_relative_difference": 0.9038655454790788,
                  "qualification_role": "diagnostic_metric",
                  "regime": "monotonic_diverging",
                  "richardson_extrapolated_value": null,
                  "unit": "Pa"
                }
              ],
              "order_consistency_tolerance": 0.25,
              "qualification_effect": "gci_gates_require_asymptotic_pass_metric_evidence",
              "qualification_tolerance": 0.02,
              "refinement_ratio": 2.0,
              "schema_version": "kyuubiki.composite-thermal-convergence-regime/v1",
              "status": "fail"
            },
            "samples": [
              {
                "displacement_relative_change": null,
                "element_count": 3,
                "elements_per_original_element": 1,
                "max_displacement_m": 2.1773885652138542e-6,
                "max_von_mises_stress_pa": 54880.43796649961,
                "node_count": 8,
                "peak_stress_relative_change": null,
                "strain_energy_relative_change": null,
                "total_strain_energy_j": 1.5801355636341935e-6
              },
              {
                "displacement_relative_change": 0.046782966847334774,
                "element_count": 12,
                "elements_per_original_element": 2,
                "max_displacement_m": 2.0755238681536887e-6,
                "max_von_mises_stress_pa": 55022.87950905383,
                "node_count": 21,
                "peak_stress_relative_change": 0.0025887693233282425,
                "strain_energy_relative_change": 0.5750653397863076,
                "total_strain_energy_j": 6.714543688244674e-7
              },
              {
                "displacement_relative_change": 0.03193087060246886,
                "element_count": 48,
                "elements_per_original_element": 4,
                "max_displacement_m": 2.1439831155915195e-6,
                "max_von_mises_stress_pa": 76103.24948262273,
                "node_count": 65,
                "peak_stress_relative_change": 0.2769969760408503,
                "strain_energy_relative_change": 0.41726464519702455,
                "total_strain_energy_j": 3.9128019985093393e-7
              },
              {
                "displacement_relative_change": 0.0019353473705530616,
                "element_count": 192,
                "elements_per_original_element": 8,
                "max_displacement_m": 2.1481405136862607e-6,
                "max_von_mises_stress_pa": 110184.31917260106,
                "node_count": 225,
                "peak_stress_relative_change": 0.30930961815529445,
                "strain_energy_relative_change": 0.22502749332431707,
                "total_strain_energy_j": 3.0323139729104045e-7
              }
            ],
            "schema_version": "kyuubiki.composite-thermal-mesh-convergence/v1",
            "status": "fail"
          },
          "thermal_constraint_sensitivity": {
            "alternative_restraint": "roller_edge_with_vertical_anchor",
            "alternative_status": "fail",
            "diagnosis": "mixed_restraint_sensitivity_and_persistent_energy_nonconvergence",
            "displacement_change_ratio_alternative_to_primary": 0.7269497939939396,
            "peak_stress_change_ratio_alternative_to_primary": 1.1911978848730007,
            "primary_restraint": "full_edge_clamp",
            "primary_status": "fail",
            "qualification_effect": "diagnostic_only_does_not_override_primary_quality_gates",
            "schema_version": "kyuubiki.composite-thermal-constraint-sensitivity/v1",
            "strain_energy_change_ratio_alternative_to_primary": 1.7070224770802165
          },
          "thermal_expansion_projection": {
            "coverage_fraction": 1.0,
            "declared_region_count": 3,
            "max_relative_change": 0.0006517463683350996,
            "model": "regional_linear_temperature_dependent_thermal_expansion",
            "parameter_source": "screening_sensitivity_not_material_card",
            "schema_version": "kyuubiki.composite-thermal-expansion-projection/v1",
            "status": "pass",
            "updated_region_count": 3,
            "updates": [
              {
                "adjusted_thermal_expansion_1_k": 0.0000170055242233706,
                "element_id": "conductor_left",
                "mean_temperature_c": 36.6247715795886,
                "reference_thermal_expansion_1_k": 0.000017,
                "relative_change": 0.00032495431591756464
              },
              {
                "adjusted_thermal_expansion_1_k": 0.00004502932858657508,
                "element_id": "dielectric_core",
                "mean_temperature_c": 35.814682960418935,
                "reference_thermal_expansion_1_k": 0.000045,
                "relative_change": 0.0006517463683350996
              },
              {
                "adjusted_thermal_expansion_1_k": 0.000023600016415739388,
                "element_id": "substrate_right",
                "mean_temperature_c": 35.00231860725775,
                "reference_thermal_expansion_1_k": 0.0000236,
                "relative_change": 6.95582177409046e-7
              }
            ]
          },
          "thermal_interface_grading_assessment": {
            "diagnosis": "graded_mesh_did_not_resolve_nonconvergence",
            "displacement_change_ratio_graded_to_uniform": 1.7082969408386408,
            "graded_mesh_convergence": {
              "algebraic_validation": {
                "max_relative_residual": null,
                "method": "original_system_recomputed_l2_residual_over_max_rhs_l2_or_one",
                "qualification_effect": "algebraic_gate_does_not_override_discretization_gates",
                "relative_residual_tolerance": 1e-10,
                "required_series": [
                  "uniform_full_edge_clamp",
                  "uniform_regularized_restraint",
                  "interface_graded_full_edge_clamp"
                ],
                "schema_version": "kyuubiki.composite-thermal-algebraic-validation/v1",
                "series": [],
                "status": "missing"
              },
              "convergence_tolerance": 0.02,
              "diagnostic_metrics": [
                "max_von_mises_stress_pa"
              ],
              "finest_pair_displacement_relative_change": 0.004547972941035684,
              "finest_pair_peak_stress_relative_change": 0.4148898948865987,
              "finest_pair_strain_energy_relative_change": 0.1192536178827273,
              "method": "cosine_graded_quad_h_refinement_at_clamp_interfaces_and_free_edges",
              "pass_metrics": [
                "max_displacement_m",
                "total_strain_energy_j"
              ],
              "refinement_levels": [
                1,
                2,
                4,
                8
              ],
              "regime_assessment": {
                "diagnosis": "pass_metrics_lack_qualified_discretization_uncertainty",
                "gci_safety_factor": 1.25,
                "method": "four_level_constant_ratio_observed_order_and_fine_grid_gci",
                "metrics": [
                  {
                    "coarse_triplet_observed_order": 1.9001296238332055,
                    "fine_grid_gci": null,
                    "fine_triplet_observed_order": 1.3972130800862228,
                    "metric": "max_displacement_m",
                    "observed_order_relative_difference": 0.26467486082998365,
                    "qualification_role": "pass_metric",
                    "regime": "oscillatory",
                    "richardson_extrapolated_value": null,
                    "unit": "m"
                  },
                  {
                    "coarse_triplet_observed_order": 0.8546935870577504,
                    "fine_grid_gci": null,
                    "fine_triplet_observed_order": 1.7730964529498725,
                    "metric": "total_strain_energy_j",
                    "observed_order_relative_difference": 0.5179655423506091,
                    "qualification_role": "pass_metric",
                    "regime": "monotonic_pre_asymptotic",
                    "richardson_extrapolated_value": null,
                    "unit": "J"
                  },
                  {
                    "coarse_triplet_observed_order": -1.0586942859523407,
                    "fine_grid_gci": null,
                    "fine_triplet_observed_order": -0.5966495392234997,
                    "metric": "max_von_mises_stress_pa",
                    "observed_order_relative_difference": 0.43642886606610143,
                    "qualification_role": "diagnostic_metric",
                    "regime": "monotonic_diverging",
                    "richardson_extrapolated_value": null,
                    "unit": "Pa"
                  }
                ],
                "order_consistency_tolerance": 0.25,
                "qualification_effect": "gci_gates_require_asymptotic_pass_metric_evidence",
                "qualification_tolerance": 0.02,
                "refinement_ratio": 2.0,
                "schema_version": "kyuubiki.composite-thermal-convergence-regime/v1",
                "status": "fail"
              },
              "samples": [
                {
                  "displacement_relative_change": null,
                  "element_count": 3,
                  "elements_per_original_element": 1,
                  "max_displacement_m": 2.18225251228994e-6,
                  "max_von_mises_stress_pa": 966193.6019520992,
                  "node_count": 8,
                  "peak_stress_relative_change": null,
                  "strain_energy_relative_change": null,
                  "total_strain_energy_j": 0.00001383128612180842
                },
                {
                  "displacement_relative_change": 0.04329414741497625,
                  "element_count": 12,
                  "elements_per_original_element": 2,
                  "max_displacement_m": 2.087773750326157e-6,
                  "max_von_mises_stress_pa": 1676992.9173525495,
                  "node_count": 21,
                  "peak_stress_relative_change": 0.4238534987509557,
                  "strain_energy_relative_change": 0.34367971423166555,
                  "total_strain_energy_j": 9.0777536600089e-6
                },
                {
                  "displacement_relative_change": 0.01197900978186718,
                  "element_count": 48,
                  "elements_per_original_element": 4,
                  "max_displacement_m": 2.1130864333815654e-6,
                  "max_von_mises_stress_pa": 3157620.164365978,
                  "node_count": 65,
                  "peak_stress_relative_change": 0.4689060653090696,
                  "strain_energy_relative_change": 0.2895673982182054,
                  "total_strain_energy_j": 6.449132151014332e-6
                },
                {
                  "displacement_relative_change": 0.004547972941035684,
                  "element_count": 192,
                  "elements_per_original_element": 8,
                  "max_displacement_m": 2.1034761734604765e-6,
                  "max_von_mises_stress_pa": 5396625.586826934,
                  "node_count": 225,
                  "peak_stress_relative_change": 0.4148898948865987,
                  "strain_energy_relative_change": 0.1192536178827273,
                  "total_strain_energy_j": 5.680049809802058e-6
                }
              ],
              "schema_version": "kyuubiki.composite-thermal-mesh-convergence/v1",
              "status": "fail"
            },
            "graded_stress_recovery": {
              "convergence_tolerance": 0.02,
              "diagnostic_metrics": [
                "max_stress_pa",
                "max_to_p95_ratio"
              ],
              "finest_pair_max_relative_change": 0.4148898948865987,
              "finest_pair_p95_relative_change": 0.34052279736815927,
              "finest_pair_rms_relative_change": 0.009214326354455056,
              "method": "interface_graded_mesh_element_area_weighted_von_mises_p95_and_rms",
              "pass_metrics": [
                "area_weighted_rms_stress_pa",
                "area_weighted_p95_stress_pa"
              ],
              "refinement_levels": [
                1,
                2,
                4,
                8
              ],
              "samples": [
                {
                  "element_count": 3,
                  "elements_per_original_element": 1,
                  "max_relative_change": null,
                  "p95_relative_change": null,
                  "rms_relative_change": null,
                  "statistics": {
                    "area_weighted_mean_stress_pa": 340386.84380460787,
                    "area_weighted_p95_stress_pa": 966193.6019520992,
                    "area_weighted_rms_stress_pa": 558443.2706405532,
                    "max_stress_pa": 966193.6019520992,
                    "max_to_p95_ratio": 1.0
                  }
                },
                {
                  "element_count": 12,
                  "elements_per_original_element": 2,
                  "max_relative_change": 0.4238534987509557,
                  "p95_relative_change": 0.4238534987509557,
                  "rms_relative_change": 0.1968376685344373,
                  "statistics": {
                    "area_weighted_mean_stress_pa": 344589.478947113,
                    "area_weighted_p95_stress_pa": 1676992.9173525495,
                    "area_weighted_rms_stress_pa": 695305.6048103492,
                    "max_stress_pa": 1676992.9173525495,
                    "max_to_p95_ratio": 1.0
                  }
                },
                {
                  "element_count": 48,
                  "elements_per_original_element": 4,
                  "max_relative_change": 0.4689060653090696,
                  "p95_relative_change": 0.5157155663198741,
                  "rms_relative_change": 0.04085436523487132,
                  "statistics": {
                    "area_weighted_mean_stress_pa": 261611.0106155048,
                    "area_weighted_p95_stress_pa": 812141.5652656615,
                    "area_weighted_rms_stress_pa": 666899.3356815741,
                    "max_stress_pa": 3157620.164365978,
                    "max_to_p95_ratio": 3.888016941151241
                  }
                },
                {
                  "element_count": 192,
                  "elements_per_original_element": 8,
                  "max_relative_change": 0.4148898948865987,
                  "p95_relative_change": 0.34052279736815927,
                  "rms_relative_change": 0.009214326354455056,
                  "statistics": {
                    "area_weighted_mean_stress_pa": 244287.10958762793,
                    "area_weighted_p95_stress_pa": 1231493.0099548069,
                    "area_weighted_rms_stress_pa": 660754.3075570348,
                    "max_stress_pa": 5396625.586826934,
                    "max_to_p95_ratio": 4.3821812573869
                  }
                }
              ],
              "schema_version": "kyuubiki.composite-thermal-stress-recovery/v1",
              "status": "fail"
            },
            "max_change_ratio_graded_to_uniform": 1.5978034184374053,
            "p95_change_ratio_graded_to_uniform": 1.14401278001593,
            "qualification_effect": "diagnostic_only_does_not_override_uniform_mesh_gates",
            "rms_change_ratio_graded_to_uniform": 0.5710379508025848,
            "schema_version": "kyuubiki.composite-thermal-interface-grading-assessment/v1",
            "strain_energy_change_ratio_graded_to_uniform": 0.9046388207576082
          },
          "thermal_mesh_convergence": {
            "algebraic_validation": {
              "max_relative_residual": 2.7085682592097708e-14,
              "method": "original_system_recomputed_l2_residual_over_max_rhs_l2_or_one",
              "qualification_effect": "algebraic_gate_does_not_override_discretization_gates",
              "relative_residual_tolerance": 1e-10,
              "required_series": [
                "uniform_full_edge_clamp",
                "uniform_regularized_restraint",
                "interface_graded_full_edge_clamp"
              ],
              "schema_version": "kyuubiki.composite-thermal-algebraic-validation/v1",
              "series": [
                {
                  "label": "uniform_full_edge_clamp",
                  "max_relative_residual": 1.5026353023153027e-14,
                  "samples": [
                    {
                      "element_count": 3,
                      "elements_per_original_element": 1,
                      "matrix_non_zero_count": 112,
                      "node_count": 8,
                      "relative_residual": 2.1684870706743221e-16,
                      "residual_norm": 2.9249310340948466e-14,
                      "rhs_norm": 134.88348967583642,
                      "solver_iterations": 0
                    },
                    {
                      "element_count": 12,
                      "elements_per_original_element": 2,
                      "matrix_non_zero_count": 439,
                      "node_count": 21,
                      "relative_residual": 7.968872979993799e-16,
                      "residual_norm": 1.0581124601076609e-13,
                      "rhs_norm": 132.78069091628112,
                      "solver_iterations": 0
                    },
                    {
                      "element_count": 48,
                      "elements_per_original_element": 4,
                      "matrix_non_zero_count": 1747,
                      "node_count": 65,
                      "relative_residual": 3.3763005350386668e-15,
                      "residual_norm": 3.526122012761922e-13,
                      "rhs_norm": 104.43744495397948,
                      "solver_iterations": 0
                    },
                    {
                      "element_count": 192,
                      "elements_per_original_element": 8,
                      "matrix_non_zero_count": 6925,
                      "node_count": 225,
                      "relative_residual": 1.5026353023153027e-14,
                      "residual_norm": 1.1611417779004301e-12,
                      "rhs_norm": 77.27369216677594,
                      "solver_iterations": 0
                    }
                  ],
                  "solver_path": "dense_direct",
                  "status": "pass"
                },
                {
                  "label": "uniform_regularized_restraint",
                  "max_relative_residual": 1.7178140820813192e-14,
                  "samples": [
                    {
                      "element_count": 3,
                      "elements_per_original_element": 1,
                      "matrix_non_zero_count": 121,
                      "node_count": 8,
                      "relative_residual": 2.522640640451482e-16,
                      "residual_norm": 3.7997768228361064e-14,
                      "rhs_norm": 150.62695660671082,
                      "solver_iterations": 0
                    },
                    {
                      "element_count": 12,
                      "elements_per_original_element": 2,
                      "matrix_non_zero_count": 462,
                      "node_count": 21,
                      "relative_residual": 8.881091403081491e-16,
                      "residual_norm": 1.216238237694174e-13,
                      "rhs_norm": 136.94693394014314,
                      "solver_iterations": 0
                    },
                    {
                      "element_count": 48,
                      "elements_per_original_element": 4,
                      "matrix_non_zero_count": 1799,
                      "node_count": 65,
                      "relative_residual": 4.486399693318206e-15,
                      "residual_norm": 4.745440384814561e-13,
                      "rhs_norm": 105.77391024438047,
                      "solver_iterations": 0
                    },
                    {
                      "element_count": 192,
                      "elements_per_original_element": 8,
                      "matrix_non_zero_count": 7030,
                      "node_count": 225,
                      "relative_residual": 1.7178140820813192e-14,
                      "residual_norm": 1.335202293506973e-12,
                      "rhs_norm": 77.72682197885057,
                      "solver_iterations": 0
                    }
                  ],
                  "solver_path": "dense_direct",
                  "status": "pass"
                },
                {
                  "label": "interface_graded_full_edge_clamp",
                  "max_relative_residual": 2.7085682592097708e-14,
                  "samples": [
                    {
                      "element_count": 3,
                      "elements_per_original_element": 1,
                      "matrix_non_zero_count": 112,
                      "node_count": 8,
                      "relative_residual": 2.1684870706743221e-16,
                      "residual_norm": 2.9249310340948466e-14,
                      "rhs_norm": 134.88348967583642,
                      "solver_iterations": 0
                    },
                    {
                      "element_count": 12,
                      "elements_per_original_element": 2,
                      "matrix_non_zero_count": 444,
                      "node_count": 21,
                      "relative_residual": 6.467080496848199e-16,
                      "residual_norm": 8.5870341658271e-14,
                      "rhs_norm": 132.7806909162811,
                      "solver_iterations": 0
                    },
                    {
                      "element_count": 48,
                      "elements_per_original_element": 4,
                      "matrix_non_zero_count": 1748,
                      "node_count": 65,
                      "relative_residual": 4.993826209351976e-15,
                      "residual_norm": 5.780338185305567e-13,
                      "rhs_norm": 115.74968657260608,
                      "solver_iterations": 0
                    },
                    {
                      "element_count": 192,
                      "elements_per_original_element": 8,
                      "matrix_non_zero_count": 6948,
                      "node_count": 225,
                      "relative_residual": 2.7085682592097708e-14,
                      "residual_norm": 2.366029935926541e-12,
                      "rhs_norm": 87.35352811883108,
                      "solver_iterations": 0
                    }
                  ],
                  "solver_path": "dense_direct",
                  "status": "pass"
                }
              ],
              "status": "pass"
            },
            "convergence_tolerance": 0.02,
            "diagnostic_metrics": [
              "max_von_mises_stress_pa"
            ],
            "finest_pair_displacement_relative_change": 0.002662284777494821,
            "finest_pair_peak_stress_relative_change": 0.25966266569409785,
            "finest_pair_strain_energy_relative_change": 0.1318245637334643,
            "method": "structured_quad_h_refinement_preserving_piecewise_linear_temperature_full_edge_clamp",
            "pass_metrics": [
              "max_displacement_m",
              "total_strain_energy_j"
            ],
            "refinement_levels": [
              1,
              2,
              4,
              8
            ],
            "regime_assessment": {
              "diagnosis": "pass_metrics_lack_qualified_discretization_uncertainty",
              "gci_safety_factor": 1.25,
              "method": "four_level_constant_ratio_observed_order_and_fine_grid_gci",
              "metrics": [
                {
                  "coarse_triplet_observed_order": 3.8558228153528424,
                  "fine_grid_gci": null,
                  "fine_triplet_observed_order": 0.22311682956194576,
                  "metric": "max_displacement_m",
                  "observed_order_relative_difference": 0.9421350927554152,
                  "qualification_role": "pass_metric",
                  "regime": "oscillatory",
                  "richardson_extrapolated_value": null,
                  "unit": "m"
                },
                {
                  "coarse_triplet_observed_order": 1.083147398374931,
                  "fine_grid_gci": 0.1273441988186622,
                  "fine_triplet_observed_order": 1.3164109894754097,
                  "metric": "total_strain_energy_j",
                  "observed_order_relative_difference": 0.17719663005353245,
                  "qualification_role": "pass_metric",
                  "regime": "asymptotic_converging",
                  "richardson_extrapolated_value": 5.328747918838411e-6,
                  "unit": "J"
                },
                {
                  "coarse_triplet_observed_order": 0.04126020204804811,
                  "fine_grid_gci": null,
                  "fine_triplet_observed_order": -0.26571964282433685,
                  "metric": "max_von_mises_stress_pa",
                  "observed_order_relative_difference": 1.15527719971882,
                  "qualification_role": "diagnostic_metric",
                  "regime": "monotonic_diverging",
                  "richardson_extrapolated_value": null,
                  "unit": "Pa"
                }
              ],
              "order_consistency_tolerance": 0.25,
              "qualification_effect": "gci_gates_require_asymptotic_pass_metric_evidence",
              "qualification_tolerance": 0.02,
              "refinement_ratio": 2.0,
              "schema_version": "kyuubiki.composite-thermal-convergence-regime/v1",
              "status": "fail"
            },
            "samples": [
              {
                "displacement_relative_change": null,
                "element_count": 3,
                "elements_per_original_element": 1,
                "max_displacement_m": 2.18225251228994e-6,
                "max_von_mises_stress_pa": 966193.6019520992,
                "node_count": 8,
                "peak_stress_relative_change": null,
                "strain_energy_relative_change": null,
                "total_strain_energy_j": 0.00001383128612180842
              },
              {
                "displacement_relative_change": 0.04329414741494016,
                "element_count": 12,
                "elements_per_original_element": 2,
                "max_displacement_m": 2.0877737503262356e-6,
                "max_von_mises_stress_pa": 1676992.9173525511,
                "node_count": 21,
                "peak_stress_relative_change": 0.42385349875095624,
                "strain_energy_relative_change": 0.34367971423166527,
                "total_strain_energy_j": 9.077753660008904e-6
              },
              {
                "displacement_relative_change": 0.003115854178732817,
                "element_count": 48,
                "elements_per_original_element": 4,
                "max_displacement_m": 2.094299281493996e-6,
                "max_von_mises_stress_pa": 2367751.74285787,
                "node_count": 65,
                "peak_stress_relative_change": 0.29173617022516685,
                "strain_energy_relative_change": 0.24716001571088897,
                "total_strain_energy_j": 6.834095922781523e-6
              },
              {
                "displacement_relative_change": 0.002662284777494821,
                "element_count": 192,
                "elements_per_original_element": 8,
                "max_displacement_m": 2.0998897861059626e-6,
                "max_von_mises_stress_pa": 3198206.5919689685,
                "node_count": 225,
                "peak_stress_relative_change": 0.25966266569409785,
                "strain_energy_relative_change": 0.1318245637334643,
                "total_strain_energy_j": 5.933194209248202e-6
              }
            ],
            "schema_version": "kyuubiki.composite-thermal-mesh-convergence/v1",
            "status": "fail"
          },
          "thermal_stress_recovery": {
            "convergence_tolerance": 0.02,
            "diagnostic_metrics": [
              "max_stress_pa",
              "max_to_p95_ratio"
            ],
            "finest_pair_max_relative_change": 0.25966266569409785,
            "finest_pair_p95_relative_change": 0.2976564626869095,
            "finest_pair_rms_relative_change": 0.016136101534940835,
            "method": "uniform_mesh_element_area_weighted_von_mises_p95_and_rms",
            "pass_metrics": [
              "area_weighted_rms_stress_pa",
              "area_weighted_p95_stress_pa"
            ],
            "refinement_levels": [
              1,
              2,
              4,
              8
            ],
            "samples": [
              {
                "element_count": 3,
                "elements_per_original_element": 1,
                "max_relative_change": null,
                "p95_relative_change": null,
                "rms_relative_change": null,
                "statistics": {
                  "area_weighted_mean_stress_pa": 340386.84380460787,
                  "area_weighted_p95_stress_pa": 966193.6019520992,
                  "area_weighted_rms_stress_pa": 558443.2706405532,
                  "max_stress_pa": 966193.6019520992,
                  "max_to_p95_ratio": 1.0
                }
              },
              {
                "element_count": 12,
                "elements_per_original_element": 2,
                "max_relative_change": 0.42385349875095624,
                "p95_relative_change": 0.42385349875095624,
                "rms_relative_change": 0.19683766853443757,
                "statistics": {
                  "area_weighted_mean_stress_pa": 344589.4789471131,
                  "area_weighted_p95_stress_pa": 1676992.9173525511,
                  "area_weighted_rms_stress_pa": 695305.6048103494,
                  "max_stress_pa": 1676992.9173525511,
                  "max_to_p95_ratio": 1.0
                }
              },
              {
                "element_count": 48,
                "elements_per_original_element": 4,
                "max_relative_change": 0.29173617022516685,
                "p95_relative_change": 0.24522212635225185,
                "rms_relative_change": 0.0213612192571332,
                "statistics": {
                  "area_weighted_mean_stress_pa": 272541.08285344957,
                  "area_weighted_p95_stress_pa": 2221836.3519956563,
                  "area_weighted_rms_stress_pa": 680453.0293352819,
                  "max_stress_pa": 2367751.74285787,
                  "max_to_p95_ratio": 1.0656733295101382
                }
              },
              {
                "element_count": 192,
                "elements_per_original_element": 8,
                "max_relative_change": 0.25966266569409785,
                "p95_relative_change": 0.2976564626869095,
                "rms_relative_change": 0.016136101534940835,
                "statistics": {
                  "area_weighted_mean_stress_pa": 250343.09428071533,
                  "area_weighted_p95_stress_pa": 1560492.402791442,
                  "area_weighted_rms_stress_pa": 669473.1701641697,
                  "max_stress_pa": 3198206.5919689685,
                  "max_to_p95_ratio": 2.0494855253687545
                }
              }
            ],
            "schema_version": "kyuubiki.composite-thermal-stress-recovery/v1",
            "status": "fail"
          }
        },
        "status": "completed"
      },
      "requires_confirmation": false
    },
    {
      "index": 4,
      "action": "solve_composite_thermo_electric_panel",
      "risk": "normal",
      "status": "executed",
      "payload": {
        "electric_conduction_feedback": {
          "parameter_source": "screening_reference_not_material_card",
          "regions": [
            {
              "element_id": "conductor_left",
              "reference_resistivity_ohm_m": 2.82e-8,
              "reference_temperature_c": 35.0,
              "resistivity_temperature_coefficient_1_k": 0.00403
            }
          ]
        },
        "electric_conduction_model": {
          "contact_interfaces": [],
          "elements": [
            {
              "electrical_conductivity_s_m": 35460992.90780142,
              "id": "conductor_left",
              "node_i": 0,
              "node_j": 1,
              "node_k": 2,
              "node_l": 3,
              "thickness": 0.001
            }
          ],
          "nodes": [
            {
              "current_source_a": 0.0,
              "electric_potential_v": 0.0,
              "fix_electric_potential": true,
              "id": "n0",
              "x": 0.0,
              "y": 0.0
            },
            {
              "current_source_a": 0.0,
              "electric_potential_v": 0.000056399999999999995,
              "fix_electric_potential": true,
              "id": "n1",
              "x": 0.03,
              "y": 0.0
            },
            {
              "current_source_a": 0.0,
              "electric_potential_v": 0.000056399999999999995,
              "fix_electric_potential": true,
              "id": "n5",
              "x": 0.03,
              "y": 0.03
            },
            {
              "current_source_a": 0.0,
              "electric_potential_v": 0.0,
              "fix_electric_potential": true,
              "id": "n4",
              "x": 0.0,
              "y": 0.03
            }
          ],
          "terminals": []
        },
        "electrostatic_model": {
          "elements": [
            {
              "id": "conductor_left",
              "node_i": 0,
              "node_j": 1,
              "node_k": 5,
              "node_l": 4,
              "permittivity": 1.0,
              "thickness": 0.001
            },
            {
              "id": "dielectric_core",
              "node_i": 1,
              "node_j": 2,
              "node_k": 6,
              "node_l": 5,
              "permittivity": 9.8,
              "thickness": 0.001
            },
            {
              "id": "substrate_right",
              "node_i": 2,
              "node_j": 3,
              "node_k": 7,
              "node_l": 6,
              "permittivity": 4.2,
              "thickness": 0.001
            }
          ],
          "nodes": [
            {
              "charge_density": 0.0,
              "fix_potential": true,
              "id": "n0",
              "potential": 0.0,
              "x": 0.0,
              "y": 0.0
            },
            {
              "charge_density": 0.0,
              "fix_potential": false,
              "id": "n1",
              "potential": 0.0,
              "x": 0.03,
              "y": 0.0
            },
            {
              "charge_density": 0.0,
              "fix_potential": false,
              "id": "n2",
              "potential": 0.0,
              "x": 0.06,
              "y": 0.0
            },
            {
              "charge_density": 0.0,
              "fix_potential": true,
              "id": "n3",
              "potential": 1100,
              "x": 0.09,
              "y": 0.0
            },
            {
              "charge_density": 0.0,
              "fix_potential": true,
              "id": "n4",
              "potential": 0.0,
              "x": 0.0,
              "y": 0.03
            },
            {
              "charge_density": 0.0,
              "fix_potential": false,
              "id": "n5",
              "potential": 0.0,
              "x": 0.03,
              "y": 0.03
            },
            {
              "charge_density": 0.0,
              "fix_potential": false,
              "id": "n6",
              "potential": 0.0,
              "x": 0.06,
              "y": 0.03
            },
            {
              "charge_density": 0.0,
              "fix_potential": true,
              "id": "n7",
              "potential": 1100,
              "x": 0.09,
              "y": 0.03
            }
          ]
        },
        "electrothermal_feedback": {
          "conductivity_relative_change_tolerance": 1e-9,
          "loss_relative_change_tolerance": 1e-9,
          "loss_tangent_temperature_coefficient_1_k": 0.001,
          "max_iterations": 12,
          "parameter_source": "screening_sensitivity_not_material_card",
          "relative_permittivity_temperature_coefficient_1_k": 0.0001,
          "relaxation_factor": 0.8,
          "temperature_residual_tolerance_c": 1e-7,
          "thermal_conductivity_models": [
            {
              "element_id": "conductor_left",
              "reference_temperature_c": 35.0,
              "temperature_coefficient_1_k": -0.001
            },
            {
              "element_id": "dielectric_core",
              "reference_temperature_c": 35.0,
              "temperature_coefficient_1_k": -0.002
            },
            {
              "element_id": "substrate_right",
              "reference_temperature_c": 35.0,
              "temperature_coefficient_1_k": -0.0012
            }
          ]
        },
        "electrothermal_loss": {
          "frequency_hz": 10000000.0,
          "loss_tangent": 0.0002,
          "reference_temperature_c": 35.0,
          "relative_permittivity": 9.8,
          "source_element_id": "dielectric_core"
        },
        "heat_model": {
          "elements": [
            {
              "conductivity": 167.0,
              "id": "conductor_left",
              "node_i": 0,
              "node_j": 1,
              "node_k": 5,
              "node_l": 4,
              "thickness": 0.001
            },
            {
              "conductivity": 0.25,
              "id": "dielectric_core",
              "node_i": 1,
              "node_j": 2,
              "node_k": 6,
              "node_l": 5,
              "thickness": 0.001
            },
            {
              "conductivity": 160.0,
              "id": "substrate_right",
              "node_i": 2,
              "node_j": 3,
              "node_k": 7,
              "node_l": 6,
              "thickness": 0.001
            }
          ],
          "nodes": [
            {
              "fix_temperature": false,
              "heat_load": 0.0,
              "id": "n0",
              "temperature": 35.0,
              "x": 0.0,
              "y": 0.0
            },
            {
              "fix_temperature": false,
              "heat_load": 0.0,
              "id": "n1",
              "temperature": 35.0,
              "x": 0.03,
              "y": 0.0
            },
            {
              "fix_temperature": false,
              "heat_load": 0.0,
              "id": "n2",
              "temperature": 35.0,
              "x": 0.06,
              "y": 0.0
            },
            {
              "fix_temperature": true,
              "heat_load": 0.0,
              "id": "n3",
              "temperature": 35.0,
              "x": 0.09,
              "y": 0.0
            },
            {
              "fix_temperature": false,
              "heat_load": 0.0,
              "id": "n4",
              "temperature": 35.0,
              "x": 0.0,
              "y": 0.03
            },
            {
              "fix_temperature": false,
              "heat_load": 0.0,
              "id": "n5",
              "temperature": 35.0,
              "x": 0.03,
              "y": 0.03
            },
            {
              "fix_temperature": false,
              "heat_load": 0.0,
              "id": "n6",
              "temperature": 35.0,
              "x": 0.06,
              "y": 0.03
            },
            {
              "fix_temperature": true,
              "heat_load": 0.0,
              "id": "n7",
              "temperature": 35.0,
              "x": 0.09,
              "y": 0.03
            }
          ]
        },
        "research": {
          "candidate_id": "aluminum_alumina_aluminum",
          "candidate_label": "Aluminum / Alumina / Aluminum",
          "coupling": "iterative_dielectric_and_conductor_joule_heating_with_temperature_dependent_electrical_thermal_feedback_and_expansion_projection",
          "materials": {
            "conductor": "aluminum",
            "dielectric": "alumina_96",
            "substrate": "aluminum_6061"
          },
          "study": "material.composite_thermo_electric_panel.v1"
        },
        "thermal_expansion_feedback": {
          "parameter_source": "screening_sensitivity_not_material_card",
          "regions": [
            {
              "element_id": "conductor_left",
              "reference_temperature_c": 35.0,
              "temperature_coefficient_1_k": 0.0002
            },
            {
              "element_id": "dielectric_core",
              "reference_temperature_c": 35.0,
              "temperature_coefficient_1_k": 0.0008
            },
            {
              "element_id": "substrate_right",
              "reference_temperature_c": 35.0,
              "temperature_coefficient_1_k": 0.0003
            }
          ]
        },
        "thermal_model": {
          "elements": [
            {
              "id": "conductor_left",
              "node_i": 0,
              "node_j": 1,
              "node_k": 5,
              "node_l": 4,
              "poisson_ratio": 0.32,
              "thermal_expansion": 0.000017,
              "thickness": 0.001,
              "youngs_modulus": 110000000000.0
            },
            {
              "id": "dielectric_core",
              "node_i": 1,
              "node_j": 2,
              "node_k": 6,
              "node_l": 5,
              "poisson_ratio": 0.32,
              "thermal_expansion": 0.000045,
              "thickness": 0.001,
              "youngs_modulus": 2500000000.0
            },
            {
              "id": "substrate_right",
              "node_i": 2,
              "node_j": 3,
              "node_k": 7,
              "node_l": 6,
              "poisson_ratio": 0.32,
              "thermal_expansion": 0.0000236,
              "thickness": 0.001,
              "youngs_modulus": 68900000000.0
            }
          ],
          "nodes": [
            {
              "fix_x": true,
              "fix_y": true,
              "id": "n0",
              "load_x": 0.0,
              "load_y": 0.0,
              "temperature_delta": 0.0,
              "x": 0.0,
              "y": 0.0
            },
            {
              "fix_x": false,
              "fix_y": false,
              "id": "n1",
              "load_x": 0.0,
              "load_y": 0.0,
              "temperature_delta": 0.0,
              "x": 0.03,
              "y": 0.0
            },
            {
              "fix_x": false,
              "fix_y": false,
              "id": "n2",
              "load_x": 0.0,
              "load_y": 0.0,
              "temperature_delta": 0.0,
              "x": 0.06,
              "y": 0.0
            },
            {
              "fix_x": false,
              "fix_y": false,
              "id": "n3",
              "load_x": 0.0,
              "load_y": 0.0,
              "temperature_delta": 0.0,
              "x": 0.09,
              "y": 0.0
            },
            {
              "fix_x": true,
              "fix_y": true,
              "id": "n4",
              "load_x": 0.0,
              "load_y": 0.0,
              "temperature_delta": 0.0,
              "x": 0.0,
              "y": 0.03
            },
            {
              "fix_x": false,
              "fix_y": false,
              "id": "n5",
              "load_x": 0.0,
              "load_y": 0.0,
              "temperature_delta": 0.0,
              "x": 0.03,
              "y": 0.03
            },
            {
              "fix_x": false,
              "fix_y": false,
              "id": "n6",
              "load_x": 0.0,
              "load_y": 0.0,
              "temperature_delta": 0.0,
              "x": 0.06,
              "y": 0.03
            },
            {
              "fix_x": false,
              "fix_y": false,
              "id": "n7",
              "load_x": 0.0,
              "load_y": 0.0,
              "temperature_delta": 0.0,
              "x": 0.09,
              "y": 0.03
            }
          ]
        }
      },
      "result_preview": {
        "job": {
          "created_at": "2026-08-13T10:08:42.325965Z",
          "execution_started_at": null,
          "execution_timeout_ms": 120000,
          "has_result": false,
          "iteration": null,
          "job_id": "26a9e3b10f5bc80d",
          "message": null,
          "model_version_id": null,
          "progress": 0.0,
          "project_id": "2a4cc7e05f893a9a",
          "queue_timeout_ms": 1800000,
          "residual": null,
          "simulation_case_id": "b98eee6d9bfe13fa",
          "status": "queued",
          "status_detail": {
            "active": true,
            "failure_class": null,
            "lifecycle": "active",
            "recoverable": false,
            "terminal": false,
            "timing": {
              "effective_deadline": "2026-08-13T10:38:42.325965Z",
              "effective_timeout_ms": 1800000,
              "execution_elapsed_ms": null,
              "execution_started_at": null,
              "execution_timeout_ms": 120000,
              "job_submission_deadline": "2026-08-13T10:38:42.325965Z",
              "phase": "queue",
              "queue_timeout_ms": 1800000,
              "queue_wait_ms": 0,
              "total_elapsed_ms": 0
            }
          },
          "updated_at": "2026-08-13T10:08:42.325965Z",
          "worker_id": null
        },
        "job_id": "26a9e3b10f5bc80d",
        "progress": 0.0,
        "raw": {
          "job": {
            "created_at": "2026-08-13T10:08:42.325965Z",
            "execution_started_at": null,
            "execution_timeout_ms": 120000,
            "has_result": false,
            "iteration": null,
            "job_id": "26a9e3b10f5bc80d",
            "message": null,
            "model_version_id": null,
            "progress": 0.0,
            "project_id": "2a4cc7e05f893a9a",
            "queue_timeout_ms": 1800000,
            "residual": null,
            "simulation_case_id": "b98eee6d9bfe13fa",
            "status": "queued",
            "status_detail": {
              "active": true,
              "failure_class": null,
              "lifecycle": "active",
              "recoverable": false,
              "terminal": false,
              "timing": {
                "effective_deadline": "2026-08-13T10:38:42.325965Z",
                "effective_timeout_ms": 1800000,
                "execution_elapsed_ms": null,
                "execution_started_at": null,
                "execution_timeout_ms": 120000,
                "job_submission_deadline": "2026-08-13T10:38:42.325965Z",
                "phase": "queue",
                "queue_timeout_ms": 1800000,
                "queue_wait_ms": 0,
                "total_elapsed_ms": 0
              }
            },
            "updated_at": "2026-08-13T10:08:42.325965Z",
            "worker_id": null
          }
        },
        "status": "queued"
      },
      "requires_confirmation": false
    },
    {
      "index": 5,
      "action": "job_wait",
      "risk": "normal",
      "status": "executed",
      "payload": {
        "interval_ms": 1000,
        "job_id": "26a9e3b10f5bc80d",
        "max_total_timeout_ms": 3600000,
        "resume_policy": "server_deadline",
        "timeout_ms": 60000
      },
      "result_preview": {
        "job": {
          "created_at": "2026-08-13T10:08:42.325965Z",
          "execution_started_at": "2026-08-13T10:08:42.329425Z",
          "execution_timeout_ms": 120000,
          "iteration": 4,
          "job_id": "26a9e3b10f5bc80d",
          "message": "collecting nodal and elemental responses",
          "model_version_id": null,
          "progress": 1.0,
          "project_id": "2a4cc7e05f893a9a",
          "queue_timeout_ms": 1800000,
          "residual": 0.2,
          "simulation_case_id": "b98eee6d9bfe13fa",
          "status": "completed",
          "status_detail": {
            "active": false,
            "failure_class": null,
            "lifecycle": "terminal",
            "recoverable": false,
            "terminal": true,
            "timing": {
              "effective_deadline": "2026-08-13T10:10:42.329425Z",
              "effective_timeout_ms": 120000,
              "execution_elapsed_ms": 10059,
              "execution_started_at": "2026-08-13T10:08:42.329425Z",
              "execution_timeout_ms": 120000,
              "job_submission_deadline": "2026-08-13T10:38:42.325965Z",
              "phase": "execution",
              "queue_timeout_ms": 1800000,
              "queue_wait_ms": 3,
              "total_elapsed_ms": 10063
            }
          },
          "updated_at": "2026-08-13T10:08:52.389219Z",
          "worker_id": "rust-agent-rpc@127.0.0.1:5002"
        },
        "job_id": "26a9e3b10f5bc80d",
        "progress": 1.0,
        "raw": {
          "job": {
            "created_at": "2026-08-13T10:08:42.325965Z",
            "execution_started_at": "2026-08-13T10:08:42.329425Z",
            "execution_timeout_ms": 120000,
            "iteration": 4,
            "job_id": "26a9e3b10f5bc80d",
            "message": "collecting nodal and elemental responses",
            "model_version_id": null,
            "progress": 1.0,
            "project_id": "2a4cc7e05f893a9a",
            "queue_timeout_ms": 1800000,
            "residual": 0.2,
            "simulation_case_id": "b98eee6d9bfe13fa",
            "status": "completed",
            "status_detail": {
              "active": false,
              "failure_class": null,
              "lifecycle": "terminal",
              "recoverable": false,
              "terminal": true,
              "timing": {
                "effective_deadline": "2026-08-13T10:10:42.329425Z",
                "effective_timeout_ms": 120000,
                "execution_elapsed_ms": 10059,
                "execution_started_at": "2026-08-13T10:08:42.329425Z",
                "execution_timeout_ms": 120000,
                "job_submission_deadline": "2026-08-13T10:38:42.325965Z",
                "phase": "execution",
                "queue_timeout_ms": 1800000,
                "queue_wait_ms": 3,
                "total_elapsed_ms": 10063
              }
            },
            "updated_at": "2026-08-13T10:08:52.389219Z",
            "worker_id": "rust-agent-rpc@127.0.0.1:5002"
          }
        },
        "result": null,
        "status": "completed",
        "wait": {
          "elapsed_ms": 10230,
          "policy": "server_deadline",
          "poll_attempts": 11,
          "resume_count": 0
        }
      },
      "requires_confirmation": false
    },
    {
      "index": 6,
      "action": "result_fetch",
      "risk": "normal",
      "status": "executed",
      "payload": {
        "job_id": "26a9e3b10f5bc80d"
      },
      "result_preview": {
        "job": {
          "created_at": "2026-08-13T10:08:42.325965Z",
          "execution_started_at": "2026-08-13T10:08:42.329425Z",
          "execution_timeout_ms": 120000,
          "has_result": true,
          "iteration": 4,
          "job_id": "26a9e3b10f5bc80d",
          "message": "collecting nodal and elemental responses",
          "model_version_id": null,
          "progress": 1.0,
          "project_id": "2a4cc7e05f893a9a",
          "queue_timeout_ms": 1800000,
          "residual": 0.2,
          "simulation_case_id": "b98eee6d9bfe13fa",
          "status": "completed",
          "status_detail": {
            "active": false,
            "failure_class": null,
            "lifecycle": "terminal",
            "recoverable": false,
            "terminal": true,
            "timing": {
              "effective_deadline": "2026-08-13T10:10:42.329425Z",
              "effective_timeout_ms": 120000,
              "execution_elapsed_ms": 10059,
              "execution_started_at": "2026-08-13T10:08:42.329425Z",
              "execution_timeout_ms": 120000,
              "job_submission_deadline": "2026-08-13T10:38:42.325965Z",
              "phase": "execution",
              "queue_timeout_ms": 1800000,
              "queue_wait_ms": 3,
              "total_elapsed_ms": 10063
            }
          },
          "updated_at": "2026-08-13T10:08:52.389219Z",
          "worker_id": "rust-agent-rpc@127.0.0.1:5002"
        },
        "job_id": "26a9e3b10f5bc80d",
        "result": {
          "electric_conduction": {
            "contact_interfaces": [],
            "current_balance_relative_error": 0.0,
            "elements": [
              {
                "area_m2": 0.0009,
                "average_electric_potential_v": 0.0000282,
                "current_density_magnitude_a_m2": 66541.49057712522,
                "current_density_x_a_m2": -66541.49057712522,
                "current_density_y_a_m2": -0.0,
                "electric_field_magnitude_v_m": 0.00188,
                "electric_field_x_v_m": -0.00188,
                "electric_field_y_v_m": -0.0,
                "electric_potential_gradient_x_v_m": 0.00188,
                "electric_potential_gradient_y_v_m": 0.0,
                "id": "conductor_left",
                "index": 0,
                "joule_power_w": 0.00011258820205649588,
                "node_i": 0,
                "node_j": 1,
                "node_k": 2,
                "node_l": 3,
                "peak_current_density_magnitude_a_m2": 66541.49057712522,
                "peak_electric_field_magnitude_v_m": 0.00188,
                "rms_current_density_magnitude_a_m2": 66541.49057712522,
                "rms_electric_field_magnitude_v_m": 0.00188,
                "volumetric_joule_heating_w_m3": 125.09800228499542
              }
            ],
            "free_current_residual_relative_error": 0.0,
            "input": {
              "contact_interfaces": [],
              "elements": [
                {
                  "electrical_conductivity_s_m": 35394409.88144959,
                  "id": "conductor_left",
                  "node_i": 0,
                  "node_j": 1,
                  "node_k": 2,
                  "node_l": 3,
                  "thickness": 0.001
                }
              ],
              "nodes": [
                {
                  "current_source_a": 0.0,
                  "electric_potential_v": 0.0,
                  "fix_electric_potential": true,
                  "id": "n0",
                  "x": 0.0,
                  "y": 0.0
                },
                {
                  "current_source_a": 0.0,
                  "electric_potential_v": 0.000056399999999999995,
                  "fix_electric_potential": true,
                  "id": "n1",
                  "x": 0.03,
                  "y": 0.0
                },
                {
                  "current_source_a": 0.0,
                  "electric_potential_v": 0.000056399999999999995,
                  "fix_electric_potential": true,
                  "id": "n5",
                  "x": 0.03,
                  "y": 0.03
                },
                {
                  "current_source_a": 0.0,
                  "electric_potential_v": 0.0,
                  "fix_electric_potential": true,
                  "id": "n4",
                  "x": 0.0,
                  "y": 0.03
                }
              ],
              "terminals": []
            },
            "max_current_density_a_m2": 66541.49057712522,
            "max_electric_field_v_m": 0.00188,
            "max_electric_potential_v": 0.000056399999999999995,
            "max_free_current_residual_a": 0.0,
            "nodes": [
              {
                "current_source_a": 0.0,
                "electric_potential_v": 0.0,
                "fix_electric_potential": true,
                "id": "n0",
                "index": 0,
                "net_injected_current_a": -0.9981223586568784,
                "reaction_current_a": -0.9981223586568784,
                "x": 0.0,
                "y": 0.0
              },
              {
                "current_source_a": 0.0,
                "electric_potential_v": 0.000056399999999999995,
                "fix_electric_potential": true,
                "id": "n1",
                "index": 1,
                "net_injected_current_a": 0.9981223586568784,
                "reaction_current_a": 0.9981223586568784,
                "x": 0.03,
                "y": 0.0
              },
              {
                "current_source_a": 0.0,
                "electric_potential_v": 0.000056399999999999995,
                "fix_electric_potential": true,
                "id": "n5",
                "index": 2,
                "net_injected_current_a": 0.9981223586568784,
                "reaction_current_a": 0.9981223586568784,
                "x": 0.03,
                "y": 0.03
              },
              {
                "current_source_a": 0.0,
                "electric_potential_v": 0.0,
                "fix_electric_potential": true,
                "id": "n4",
                "index": 3,
                "net_injected_current_a": -0.9981223586568784,
                "reaction_current_a": -0.9981223586568784,
                "x": 0.0,
                "y": 0.03
              }
            ],
            "power_balance_relative_error": 0.0,
            "source_power_balance_relative_error": 0.0,
            "terminals": [],
            "total_bulk_joule_power_w": 0.00011258820205649588,
            "total_contact_joule_power_w": -0.0,
            "total_dissipated_power_w": 0.00011258820205649588,
            "total_electrical_input_power_w": 0.00011258820205649588,
            "total_extracted_current_a": 1.996244717313757,
            "total_injected_current_a": 1.996244717313757,
            "total_joule_power_w": 0.00011258820205649588,
            "total_source_power_w": 0.00011258820205649588,
            "total_terminal_impedance_power_w": -0.0
          },
          "electrostatic": {
            "elements": [
              {
                "area": 0.0009,
                "average_potential": 410.4068216098909,
                "electric_energy_density": 374297242.7198508,
                "electric_field_magnitude": 27360.45477399273,
                "electric_field_x": -27360.45477399273,
                "electric_field_y": -0.0,
                "electric_flux_density_magnitude": 27360.45477399273,
                "electric_flux_density_x": -27360.45477399273,
                "electric_flux_density_y": -0.0,
                "id": "conductor_left",
                "index": 0,
                "node_i": 0,
                "node_j": 1,
                "node_k": 5,
                "node_l": 4,
                "potential_gradient_x": 27360.45477399273,
                "potential_gradient_y": 0.0,
                "stored_energy": 336.8675184478657
              },
              {
                "area": 0.0009,
                "average_potential": 862.6909117027742,
                "electric_energy_density": 38192703.67957545,
                "electric_field_magnitude": 2791.8178988661566,
                "electric_field_x": -2791.8178988661566,
                "electric_field_y": -0.0,
                "electric_flux_density_magnitude": 27360.454773992737,
                "electric_flux_density_x": -27360.454773992737,
                "electric_flux_density_y": -0.0,
                "id": "dielectric_core",
                "index": 1,
                "node_i": 1,
                "node_j": 2,
                "node_k": 6,
                "node_l": 5,
                "potential_gradient_x": 2791.8178988661566,
                "potential_gradient_y": 0.0,
                "stored_energy": 34.3734333116179
              },
              {
                "area": 0.0009,
                "average_potential": 1002.2840900928832,
                "electric_energy_density": 89118391.1237738,
                "electric_field_magnitude": 6514.393993807786,
                "electric_field_x": -6514.393993807786,
                "electric_field_y": -0.0,
                "electric_flux_density_magnitude": 27360.4547739927,
                "electric_flux_density_x": -27360.4547739927,
                "electric_flux_density_y": -0.0,
                "id": "substrate_right",
                "index": 2,
                "node_i": 2,
                "node_j": 3,
                "node_k": 7,
                "node_l": 6,
                "potential_gradient_x": 6514.393993807786,
                "potential_gradient_y": 0.0,
                "stored_energy": 80.20655201139641
              }
            ],
            "input": {
              "elements": [
                {
                  "id": "conductor_left",
                  "node_i": 0,
                  "node_j": 1,
                  "node_k": 5,
                  "node_l": 4,
                  "permittivity": 1.0,
                  "thickness": 0.001
                },
                {
                  "id": "dielectric_core",
                  "node_i": 1,
                  "node_j": 2,
                  "node_k": 6,
                  "node_l": 5,
                  "permittivity": 9.800229013899749,
                  "thickness": 0.001
                },
                {
                  "id": "substrate_right",
                  "node_i": 2,
                  "node_j": 3,
                  "node_k": 7,
                  "node_l": 6,
                  "permittivity": 4.2,
                  "thickness": 0.001
                }
              ],
              "nodes": [
                {
                  "charge_density": 0.0,
                  "fix_potential": true,
                  "id": "n0",
                  "potential": 0.0,
                  "x": 0.0,
                  "y": 0.0
                },
                {
                  "charge_density": 0.0,
                  "fix_potential": false,
                  "id": "n1",
                  "potential": 0.0,
                  "x": 0.03,
                  "y": 0.0
                },
                {
                  "charge_density": 0.0,
                  "fix_potential": false,
                  "id": "n2",
                  "potential": 0.0,
                  "x": 0.06,
                  "y": 0.0
                },
                {
                  "charge_density": 0.0,
                  "fix_potential": true,
                  "id": "n3",
                  "potential": 1100.0,
                  "x": 0.09,
                  "y": 0.0
                },
                {
                  "charge_density": 0.0,
                  "fix_potential": true,
                  "id": "n4",
                  "potential": 0.0,
                  "x": 0.0,
                  "y": 0.03
                },
                {
                  "charge_density": 0.0,
                  "fix_potential": false,
                  "id": "n5",
                  "potential": 0.0,
                  "x": 0.03,
                  "y": 0.03
                },
                {
                  "charge_density": 0.0,
                  "fix_potential": false,
                  "id": "n6",
                  "potential": 0.0,
                  "x": 0.06,
                  "y": 0.03
                },
                {
                  "charge_density": 0.0,
                  "fix_potential": true,
                  "id": "n7",
                  "potential": 1100.0,
                  "x": 0.09,
                  "y": 0.03
                }
              ]
            },
            "max_electric_energy_density": 374297242.7198508,
            "max_electric_field": 27360.45477399273,
            "max_flux_density": 27360.454773992737,
            "max_potential": 1100.0,
            "nodes": [
              {
                "charge_density": 0.0,
                "id": "n0",
                "index": 0,
                "potential": 0.0,
                "x": 0.0,
                "y": 0.0
              },
              {
                "charge_density": 0.0,
                "id": "n1",
                "index": 1,
                "potential": 820.8136432197819,
                "x": 0.03,
                "y": 0.0
              },
              {
                "charge_density": 0.0,
                "id": "n2",
                "index": 2,
                "potential": 904.5681801857666,
                "x": 0.06,
                "y": 0.0
              },
              {
                "charge_density": 0.0,
                "id": "n3",
                "index": 3,
                "potential": 1100.0,
                "x": 0.09,
                "y": 0.0
              },
              {
                "charge_density": 0.0,
                "id": "n4",
                "index": 4,
                "potential": 0.0,
                "x": 0.0,
                "y": 0.03
              },
              {
                "charge_density": 0.0,
                "id": "n5",
                "index": 5,
                "potential": 820.8136432197819,
                "x": 0.03,
                "y": 0.03
              },
              {
                "charge_density": 0.0,
                "id": "n6",
                "index": 6,
                "potential": 904.5681801857666,
                "x": 0.06,
                "y": 0.03
              },
              {
                "charge_density": 0.0,
                "id": "n7",
                "index": 7,
                "potential": 1100.0,
                "x": 0.09,
                "y": 0.03
              }
            ],
            "total_stored_energy": 451.44750377088
          },
          "electrostatic_mesh_convergence": {
            "finest_pair_relative_change": 2.7464628779213364e-14,
            "max_analytic_relative_error": 0.22222222222222268,
            "method": "structured_quad_h_refinement",
            "refinement_levels": [
              1,
              2,
              4,
              8
            ],
            "relative_error_tolerance": 1e-8,
            "samples": [
              {
                "analytic_relative_error": 0.22222222222222268,
                "element_count": 3,
                "elements_per_layer": 1,
                "max_electric_field_v_m": 27360.45477399273,
                "node_count": 8,
                "relative_change_from_previous": null
              },
              {
                "analytic_relative_error": 3.2502519265341255e-16,
                "element_count": 6,
                "elements_per_layer": 2,
                "max_electric_field_v_m": 22385.826633266777,
                "node_count": 14,
                "relative_change_from_previous": 0.2222222222222224
              },
              {
                "analytic_relative_error": 1.4626133669403565e-15,
                "element_count": 12,
                "elements_per_layer": 4,
                "max_electric_field_v_m": 22385.826633266803,
                "node_count": 26,
                "relative_change_from_previous": 1.137588174286944e-15
              },
              {
                "analytic_relative_error": 2.8927242146153725e-14,
                "element_count": 24,
                "elements_per_layer": 8,
                "max_electric_field_v_m": 22385.826633267417,
                "node_count": 50,
                "relative_change_from_previous": 2.7464628779213364e-14
              }
            ],
            "schema_version": "kyuubiki.composite-electrostatic-mesh-convergence/v1",
            "status": "fail"
          },
          "electrothermal_feedback_convergence": {
            "conductivity_relative_change_tolerance": 1e-9,
            "converged": true,
            "final_loss_relative_change": 6.816785633209287e-10,
            "final_max_conductivity_relative_change": 1.8270608862353495e-10,
            "final_temperature_residual_c": 4.5361574052549265e-8,
            "iteration_count": 11,
            "iterations": [
              {
                "converged": false,
                "coupling_temperature_c": 35.0,
                "dielectric_mean_temperature_c": 35.23400207997908,
                "iteration": 1,
                "loss_relative_change": null,
                "loss_tangent": 0.0002,
                "max_conductivity_relative_change": null,
                "max_temperature_c": 35.46758907655889,
                "relative_permittivity": 9.8,
                "temperature_residual_c": 0.46742021428343605,
                "thermal_conductivity_updates": [
                  {
                    "conductivity_relative_change": null,
                    "conductivity_w_mk": 167.0,
                    "coupling_temperature_c": 35.0,
                    "element_id": "conductor_left",
                    "measured_mean_temperature_c": 35.467420214283436
                  },
                  {
                    "conductivity_relative_change": null,
                    "conductivity_w_mk": 0.25,
                    "coupling_temperature_c": 35.0,
                    "element_id": "dielectric_core",
                    "measured_mean_temperature_c": 35.23400207997908
                  },
                  {
                    "conductivity_relative_change": null,
                    "conductivity_w_mk": 160.0,
                    "coupling_temperature_c": 35.0,
                    "element_id": "substrate_right",
                    "measured_mean_temperature_c": 35.00037640397508
                  }
                ],
                "total_joule_loss_w": 0.00011280000000000002,
                "total_loss_w": 7.649272025658185e-6
              },
              {
                "converged": false,
                "coupling_temperature_c": 35.18720166398326,
                "dielectric_mean_temperature_c": 35.233750114284945,
                "iteration": 2,
                "loss_relative_change": 0.0013982573332144417,
                "loss_tangent": 0.00020003744033279664,
                "max_conductivity_relative_change": 0.00037440332796656595,
                "max_temperature_c": 35.467085815490265,
                "relative_permittivity": 9.800183457630704,
                "temperature_residual_c": 0.09298097280204588,
                "thermal_conductivity_updates": [
                  {
                    "conductivity_relative_change": 0.00037393617142675154,
                    "conductivity_w_mk": 166.93755265937173,
                    "coupling_temperature_c": 35.37393617142675,
                    "element_id": "conductor_left",
                    "measured_mean_temperature_c": 35.466917144228795
                  },
                  {
                    "conductivity_relative_change": 0.00037440332796656595,
                    "conductivity_w_mk": 0.24990639916800836,
                    "coupling_temperature_c": 35.18720166398326,
                    "element_id": "dielectric_core",
                    "measured_mean_temperature_c": 35.233750114284945
                  },
                  {
                    "conductivity_relative_change": 3.613478160247041e-7,
                    "conductivity_w_mk": 159.99994218434944,
                    "coupling_temperature_c": 35.000301123180066,
                    "element_id": "substrate_right",
                    "measured_mean_temperature_c": 35.00037587780128
                  }
                ],
                "total_joule_loss_w": 0.00011263027037567311,
                "total_loss_w": 7.650582572094855e-6
              },
              {
                "converged": false,
                "coupling_temperature_c": 35.22444042422461,
                "dielectric_mean_temperature_c": 35.233700092084234,
                "iteration": 3,
                "loss_relative_change": 0.0002780298351966288,
                "loss_tangent": 0.00020004488808484497,
                "max_conductivity_relative_change": 0.0000745054155581552,
                "max_temperature_c": 35.4669859041993,
                "relative_permittivity": 9.80021995161574,
                "temperature_residual_c": 0.018496321192500886,
                "thermal_conductivity_updates": [
                  {
                    "conductivity_relative_change": 0.00007441260380587222,
                    "conductivity_w_mk": 166.92513040140537,
                    "coupling_temperature_c": 35.448320949668386,
                    "element_id": "conductor_left",
                    "measured_mean_temperature_c": 35.466817270860886
                  },
                  {
                    "conductivity_relative_change": 0.0000745054155581552,
                    "conductivity_w_mk": 0.2498877797878877,
                    "coupling_temperature_c": 35.22444042422461,
                    "element_id": "dielectric_core",
                    "measured_mean_temperature_c": 35.233700092084234
                  },
                  {
                    "conductivity_relative_change": 7.176446228097388e-8,
                    "conductivity_w_mk": 159.99993070203962,
                    "coupling_temperature_c": 35.000360926877036,
                    "element_id": "substrate_right",
                    "measured_mean_temperature_c": 35.000375773323
                  }
                ],
                "total_joule_loss_w": 0.00011259656801678015,
                "total_loss_w": 7.650843265265441e-6
              },
              {
                "converged": false,
                "coupling_temperature_c": 35.23184815851231,
                "dielectric_mean_temperature_c": 35.233690145307506,
                "iteration": 4,
                "loss_relative_change": 0.0000553027109770908,
                "loss_tangent": 0.0002000463696317025,
                "max_conductivity_relative_change": 0.000014822121942075234,
                "max_temperature_c": 35.46696603711578,
                "relative_permittivity": 9.800227211195342,
                "temperature_residual_c": 0.003679404695930089,
                "thermal_conductivity_updates": [
                  {
                    "conductivity_relative_change": 0.0000148036937600294,
                    "conductivity_w_mk": 166.92265929289405,
                    "coupling_temperature_c": 35.46311800662239,
                    "element_id": "conductor_left",
                    "measured_mean_temperature_c": 35.46679741131832
                  },
                  {
                    "conductivity_relative_change": 0.000014822121942075234,
                    "conductivity_w_mk": 0.24988407592074385,
                    "coupling_temperature_c": 35.23184815851231,
                    "element_id": "dielectric_core",
                    "measured_mean_temperature_c": 35.233690145307506
                  },
                  {
                    "conductivity_relative_change": 1.4252594438124468e-8,
                    "conductivity_w_mk": 159.9999284216255,
                    "coupling_temperature_c": 35.00037280403381,
                    "element_id": "substrate_right",
                    "measured_mean_temperature_c": 35.00037575254707
                  }
                ],
                "total_joule_loss_w": 0.0001125898661506584,
                "total_loss_w": 7.650895123555342e-6
              },
              {
                "converged": false,
                "coupling_temperature_c": 35.233321747948466,
                "dielectric_mean_temperature_c": 35.233688166786195,
                "iteration": 5,
                "loss_relative_change": 0.00001100098104234453,
                "loss_tangent": 0.0002000466643495897,
                "max_conductivity_relative_change": 2.948546102360506e-6,
                "max_temperature_c": 35.46696208533835,
                "relative_permittivity": 9.80022865531299,
                "temperature_residual_c": 0.0007319306617361576,
                "thermal_conductivity_updates": [
                  {
                    "conductivity_relative_change": 2.9448875871615626e-6,
                    "conductivity_w_mk": 166.92216772442669,
                    "coupling_temperature_c": 35.46606153037913,
                    "element_id": "conductor_left",
                    "measured_mean_temperature_c": 35.466793461040865
                  },
                  {
                    "conductivity_relative_change": 2.948546102360506e-6,
                    "conductivity_w_mk": 0.24988333912602576,
                    "coupling_temperature_c": 35.233321747948466,
                    "element_id": "dielectric_core",
                    "measured_mean_temperature_c": 35.233688166786195
                  },
                  {
                    "conductivity_relative_change": 2.83057384262812e-9,
                    "conductivity_w_mk": 159.99992796873389,
                    "coupling_temperature_c": 35.00037516284442,
                    "element_id": "substrate_right",
                    "measured_mean_temperature_c": 35.0003757484145
                  }
                ],
                "total_joule_loss_w": 0.00011258853306837927,
                "total_loss_w": 7.65090543949915e-6
              },
              {
                "converged": false,
                "coupling_temperature_c": 35.233614883018646,
                "dielectric_mean_temperature_c": 35.233687773215365,
                "iteration": 6,
                "loss_relative_change": 2.1883781632194673e-6,
                "loss_tangent": 0.00020004672297660377,
                "max_conductivity_relative_change": 5.865438471949934e-7,
                "max_temperature_c": 35.46696129924408,
                "relative_permittivity": 9.800228942585358,
                "temperature_residual_c": 0.00014560033645949488,
                "thermal_conductivity_updates": [
                  {
                    "conductivity_relative_change": 5.858175564784172e-7,
                    "conductivity_w_mk": 166.92206993849027,
                    "coupling_temperature_c": 35.466647074908515,
                    "element_id": "conductor_left",
                    "measured_mean_temperature_c": 35.466792675244974
                  },
                  {
                    "conductivity_relative_change": 5.865438471949934e-7,
                    "conductivity_w_mk": 0.24988319255849067,
                    "coupling_temperature_c": 35.233614883018646,
                    "element_id": "dielectric_core",
                    "measured_mean_temperature_c": 35.233687773215365
                  },
                  {
                    "conductivity_relative_change": 5.621477371940914e-10,
                    "conductivity_w_mk": 159.9999278787903,
                    "coupling_temperature_c": 35.000375631300486,
                    "element_id": "substrate_right",
                    "measured_mean_temperature_c": 35.00037574759243
                  }
                ],
                "total_joule_loss_w": 0.00011258826788690988,
                "total_loss_w": 7.650907491606978e-6
              },
              {
                "converged": false,
                "coupling_temperature_c": 35.233673195176024,
                "dielectric_mean_temperature_c": 35.233687694923844,
                "iteration": 7,
                "loss_relative_change": 4.353259264509117e-7,
                "loss_tangent": 0.0002000467346390352,
                "max_conductivity_relative_change": 1.1667883058371981e-7,
                "max_temperature_c": 35.466961142869394,
                "relative_permittivity": 9.800228999731273,
                "temperature_residual_c": 0.000028963751951494032,
                "thermal_conductivity_updates": [
                  {
                    "conductivity_relative_change": 1.1653464973058285e-7,
                    "conductivity_w_mk": 166.92205048628531,
                    "coupling_temperature_c": 35.466763555177685,
                    "element_id": "conductor_left",
                    "measured_mean_temperature_c": 35.46679251892964
                  },
                  {
                    "conductivity_relative_change": 1.1667883058371981e-7,
                    "conductivity_w_mk": 0.249883163402412,
                    "coupling_temperature_c": 35.233673195176024,
                    "element_id": "dielectric_core",
                    "measured_mean_temperature_c": 35.233687694923844
                  },
                  {
                    "conductivity_relative_change": 1.1164016969390963e-10,
                    "conductivity_w_mk": 159.99992786092787,
                    "coupling_temperature_c": 35.00037572433404,
                    "element_id": "substrate_right",
                    "measured_mean_temperature_c": 35.000375747428905
                  }
                ],
                "total_joule_loss_w": 0.00011258821513546204,
                "total_loss_w": 7.650907899824393e-6
              },
              {
                "converged": false,
                "coupling_temperature_c": 35.23368479497428,
                "dielectric_mean_temperature_c": 35.23368767934681,
                "iteration": 8,
                "loss_relative_change": 8.659781354475754e-8,
                "loss_tangent": 0.0002000467369589949,
                "max_conductivity_relative_change": 2.3210443783248583e-8,
                "max_temperature_c": 35.466961111756746,
                "relative_permittivity": 9.800229011099075,
                "temperature_residual_c": 5.761649561009108e-6,
                "thermal_conductivity_updates": [
                  {
                    "conductivity_relative_change": 2.3181821909079826e-8,
                    "conductivity_w_mk": 166.92204661672807,
                    "coupling_temperature_c": 35.466786726179244,
                    "element_id": "conductor_left",
                    "measured_mean_temperature_c": 35.466792487828805
                  },
                  {
                    "conductivity_relative_change": 2.3210443783248583e-8,
                    "conductivity_w_mk": 0.24988315760251287,
                    "coupling_temperature_c": 35.23368479497428,
                    "element_id": "dielectric_core",
                    "measured_mean_temperature_c": 35.23368767934681
                  },
                  {
                    "conductivity_relative_change": 2.2171074980177262e-11,
                    "conductivity_w_mk": 159.9999278573805,
                    "coupling_temperature_c": 35.00037574280993,
                    "element_id": "substrate_right",
                    "measured_mean_temperature_c": 35.00037574739637
                  }
                ],
                "total_joule_loss_w": 0.00011258820464181184,
                "total_loss_w": 7.650907981029417e-6
              },
              {
                "converged": false,
                "coupling_temperature_c": 35.2336871024723,
                "dielectric_mean_temperature_c": 35.2336876762475,
                "iteration": 9,
                "loss_relative_change": 1.7226575558032432e-8,
                "loss_tangent": 0.0002000467374204945,
                "max_conductivity_relative_change": 4.6171539693343934e-9,
                "max_temperature_c": 35.466961105566384,
                "relative_permittivity": 9.800229013360424,
                "temperature_residual_c": 1.1461419049396682e-6,
                "thermal_conductivity_updates": [
                  {
                    "conductivity_relative_change": 4.611472233181424e-9,
                    "conductivity_w_mk": 166.92204584697168,
                    "coupling_temperature_c": 35.46679133549889,
                    "element_id": "conductor_left",
                    "measured_mean_temperature_c": 35.466792481640795
                  },
                  {
                    "conductivity_relative_change": 4.6171539693343934e-9,
                    "conductivity_w_mk": 0.24988315644876383,
                    "coupling_temperature_c": 35.2336871024723,
                    "element_id": "dielectric_core",
                    "measured_mean_temperature_c": 35.2336876762475
                  },
                  {
                    "conductivity_relative_change": 4.4030576831221194e-12,
                    "conductivity_w_mk": 159.999927856676,
                    "coupling_temperature_c": 35.00037574647908,
                    "element_id": "substrate_right",
                    "measured_mean_temperature_c": 35.000375747389896
                  }
                ],
                "total_joule_loss_w": 0.00011258820255434996,
                "total_loss_w": 7.650907997183134e-6
              },
              {
                "converged": false,
                "coupling_temperature_c": 35.23368756149246,
                "dielectric_mean_temperature_c": 35.233687675630385,
                "iteration": 10,
                "loss_relative_change": 3.426813512654146e-9,
                "loss_tangent": 0.00020004673751229852,
                "max_conductivity_relative_change": 9.184695794275235e-10,
                "max_temperature_c": 35.466961104333805,
                "relative_permittivity": 9.800229013810265,
                "temperature_residual_c": 2.2799626009373242e-7,
                "thermal_conductivity_updates": [
                  {
                    "conductivity_relative_change": 9.173416558304047e-10,
                    "conductivity_w_mk": 166.92204569384714,
                    "coupling_temperature_c": 35.46679225241241,
                    "element_id": "conductor_left",
                    "measured_mean_temperature_c": 35.46679248040867
                  },
                  {
                    "conductivity_relative_change": 9.184695794275235e-10,
                    "conductivity_w_mk": 0.24988315621925375,
                    "coupling_temperature_c": 35.23368756149246,
                    "element_id": "dielectric_core",
                    "measured_mean_temperature_c": 35.233687675630385
                  },
                  {
                    "conductivity_relative_change": 8.743232305814539e-13,
                    "conductivity_w_mk": 159.99992785653612,
                    "coupling_temperature_c": 35.000375747207734,
                    "element_id": "substrate_right",
                    "measured_mean_temperature_c": 35.00037574738861
                  }
                ],
                "total_joule_loss_w": 0.00011258820213909955,
                "total_loss_w": 7.650908000396547e-6
              },
              {
                "converged": true,
                "coupling_temperature_c": 35.2336876528028,
                "dielectric_mean_temperature_c": 35.23368767551135,
                "iteration": 11,
                "loss_relative_change": 6.816785633209287e-10,
                "loss_tangent": 0.00020004673753056055,
                "max_conductivity_relative_change": 1.8270608862353495e-10,
                "max_temperature_c": 35.46696110409603,
                "relative_permittivity": 9.800229013899749,
                "temperature_residual_c": 4.5361574052549265e-8,
                "thermal_conductivity_updates": [
                  {
                    "conductivity_relative_change": 1.8248226743270368e-10,
                    "conductivity_w_mk": 166.92204566338685,
                    "coupling_temperature_c": 35.46679243480942,
                    "element_id": "conductor_left",
                    "measured_mean_temperature_c": 35.466792480170994
                  },
                  {
                    "conductivity_relative_change": 1.8270608862353495e-10,
                    "conductivity_w_mk": 0.2498831561735986,
                    "coupling_temperature_c": 35.2336876528028,
                    "element_id": "dielectric_core",
                    "measured_mean_temperature_c": 35.23368767551135
                  },
                  {
                    "conductivity_relative_change": 1.7355014146258177e-13,
                    "conductivity_w_mk": 159.99992785650835,
                    "coupling_temperature_c": 35.000375747352436,
                    "element_id": "substrate_right",
                    "measured_mean_temperature_c": 35.00037574738836
                  }
                ],
                "total_joule_loss_w": 0.00011258820205649588,
                "total_loss_w": 7.650908001035791e-6
              }
            ],
            "loss_relative_change_tolerance": 1e-9,
            "max_iterations": 12,
            "method": "relaxed_temperature_dependent_dielectric_and_conductivity_fixed_point",
            "parameter_source": "screening_sensitivity_not_material_card",
            "relaxation_factor": 0.8,
            "schema_version": "kyuubiki.composite-electrothermal-feedback-convergence/v1",
            "status": "pass",
            "temperature_residual_tolerance_c": 1e-7
          },
          "electrothermal_loss_projection": {
            "assumptions": [
              "The solved electrostatic field magnitude is interpreted as an RMS harmonic field.",
              "Relative permittivity and loss tangent are scalar, isotropic, and frequency-local screening values.",
              "Element dielectric loss is lumped consistently to its four thermal nodes."
            ],
            "distributed_total_heat_load_w": 7.650908001035791e-6,
            "effective_conductivity_s_m": 1.0906773538546394e-6,
            "electric_field_rms_v_m": 2791.8178988661566,
            "energy_balance_relative_error": 0.0,
            "frequency_hz": 10000000.0,
            "loss_tangent": 0.00020004673753056055,
            "model": "harmonic_dielectric_loss_sigma_eff_e_rms_squared",
            "relative_permittivity": 9.800229013899749,
            "schema_version": "kyuubiki.composite-electrothermal-loss-projection/v1",
            "source_element_id": "dielectric_core",
            "source_volume_m3": 9e-7,
            "target_element_count": 1,
            "target_node_count": 4,
            "total_loss_w": 7.650908001035791e-6,
            "volumetric_loss_w_m3": 8.501008890039769
          },
          "heat": {
            "elements": [
              {
                "area": 0.0009,
                "average_temperature": 35.466792480170994,
                "heat_flow_rate": 1.6888230308520738e-6,
                "heat_flux_magnitude": 1.8764700342800824,
                "heat_flux_x": 1.8764700342800824,
                "heat_flux_y": 1.897683951749364e-11,
                "id": "conductor_left",
                "index": 0,
                "node_i": 0,
                "node_j": 1,
                "node_k": 5,
                "node_l": 4,
                "temperature_gradient_x": -0.011241595002161375,
                "temperature_gradient_y": -1.1368683772161605e-13
              },
              {
                "area": 0.0009,
                "average_temperature": 35.23368767551135,
                "heat_flow_rate": 3.4924096817394768e-6,
                "heat_flux_magnitude": 3.880455201932752,
                "heat_flux_x": 3.880455201932752,
                "heat_flux_y": 8.522527747581943e-14,
                "id": "dielectric_core",
                "index": 1,
                "node_i": 1,
                "node_j": 2,
                "node_k": 6,
                "node_l": 5,
                "temperature_gradient_x": -15.529078715641504,
                "temperature_gradient_y": -3.410605131648482e-13
              },
              {
                "area": 0.0009,
                "average_temperature": 35.00037574738836,
                "heat_flow_rate": 3.607173301785437e-6,
                "heat_flux_magnitude": 4.007970335317152,
                "heat_flux_x": 4.007970335317152,
                "heat_flux_y": 3.6379771667386274e-11,
                "id": "substrate_right",
                "index": 2,
                "node_i": 2,
                "node_j": 3,
                "node_k": 7,
                "node_l": 6,
                "temperature_gradient_x": -0.025049825890619104,
                "temperature_gradient_y": -2.273736754432321e-13
              }
            ],
            "input": {
              "elements": [
                {
                  "conductivity": 166.92204566338685,
                  "id": "conductor_left",
                  "node_i": 0,
                  "node_j": 1,
                  "node_k": 5,
                  "node_l": 4,
                  "thickness": 0.001
                },
                {
                  "conductivity": 0.2498831561735986,
                  "id": "dielectric_core",
                  "node_i": 1,
                  "node_j": 2,
                  "node_k": 6,
                  "node_l": 5,
                  "thickness": 0.001
                },
                {
                  "conductivity": 159.99992785650835,
                  "id": "substrate_right",
                  "node_i": 2,
                  "node_j": 3,
                  "node_k": 7,
                  "node_l": 6,
                  "thickness": 0.001
                }
              ],
              "nodes": [
                {
                  "fix_temperature": false,
                  "heat_load": 0.00002814705051412397,
                  "id": "n0",
                  "temperature": 35.0,
                  "x": 0.0,
                  "y": 0.0
                },
                {
                  "fix_temperature": false,
                  "heat_load": 0.00003005977751438292,
                  "id": "n1",
                  "temperature": 35.0,
                  "x": 0.03,
                  "y": 0.0
                },
                {
                  "fix_temperature": false,
                  "heat_load": 1.9127270002589477e-6,
                  "id": "n2",
                  "temperature": 35.0,
                  "x": 0.06,
                  "y": 0.0
                },
                {
                  "fix_temperature": true,
                  "heat_load": 0.0,
                  "id": "n3",
                  "temperature": 35.0,
                  "x": 0.09,
                  "y": 0.0
                },
                {
                  "fix_temperature": false,
                  "heat_load": 0.00002814705051412397,
                  "id": "n4",
                  "temperature": 35.0,
                  "x": 0.0,
                  "y": 0.03
                },
                {
                  "fix_temperature": false,
                  "heat_load": 0.00003005977751438292,
                  "id": "n5",
                  "temperature": 35.0,
                  "x": 0.03,
                  "y": 0.03
                },
                {
                  "fix_temperature": false,
                  "heat_load": 1.9127270002589477e-6,
                  "id": "n6",
                  "temperature": 35.0,
                  "x": 0.06,
                  "y": 0.03
                },
                {
                  "fix_temperature": true,
                  "heat_load": 0.0,
                  "id": "n7",
                  "temperature": 35.0,
                  "x": 0.09,
                  "y": 0.03
                }
              ]
            },
            "max_heat_flux": 4.007970335317152,
            "max_temperature": 35.46696110409603,
            "nodes": [
              {
                "heat_load": 0.00002814705051412397,
                "id": "n0",
                "index": 0,
                "temperature": 35.46696110409603,
                "x": 0.0,
                "y": 0.0
              },
              {
                "heat_load": 0.00003005977751438292,
                "id": "n1",
                "index": 1,
                "temperature": 35.46662385624597,
                "x": 0.03,
                "y": 0.0
              },
              {
                "heat_load": 1.9127270002589477e-6,
                "id": "n2",
                "index": 2,
                "temperature": 35.00075149477672,
                "x": 0.06,
                "y": 0.0
              },
              {
                "heat_load": 0.0,
                "id": "n3",
                "index": 3,
                "temperature": 35.0,
                "x": 0.09,
                "y": 0.0
              },
              {
                "heat_load": 0.00002814705051412397,
                "id": "n4",
                "index": 4,
                "temperature": 35.46696110409603,
                "x": 0.0,
                "y": 0.03
              },
              {
                "heat_load": 0.00003005977751438292,
                "id": "n5",
                "index": 5,
                "temperature": 35.46662385624596,
                "x": 0.03,
                "y": 0.03
              },
              {
                "heat_load": 1.9127270002589477e-6,
                "id": "n6",
                "index": 6,
                "temperature": 35.000751494776715,
                "x": 0.06,
                "y": 0.03
              },
              {
                "heat_load": 0.0,
                "id": "n7",
                "index": 7,
                "temperature": 35.0,
                "x": 0.09,
                "y": 0.03
              }
            ],
            "total_abs_heat_flow_rate": 8.788406014376987e-6
          },
          "heat_cross_validation": {
            "absolute_error_c": 3.893774191965349e-12,
            "conductivities_w_mk": [
              166.92204566338685,
              0.2498831561735986,
              159.99992785650835
            ],
            "expected_max_temperature_c": 35.466961104092135,
            "fem_max_temperature_c": 35.46696110409603,
            "fixed_temperature_c": 35.0,
            "method": "layered_thermal_resistance_with_regional_generation_closed_form",
            "relative_error": 1.097859548929917e-13,
            "relative_error_tolerance": 1e-9,
            "schema_version": "kyuubiki.composite-heat-cross-validation/v1",
            "status": "pass",
            "total_heat_load_w": 0.00012023911005753168
          },
          "heat_mesh_convergence": {
            "finest_pair_relative_change": 1.5219779184709079e-12,
            "max_analytic_relative_error": 4.899699085434119e-12,
            "method": "structured_quad_h_refinement",
            "refinement_levels": [
              1,
              2,
              4,
              8
            ],
            "relative_error_tolerance": 1e-8,
            "samples": [
              {
                "analytic_relative_error": 1.097859548929917e-13,
                "element_count": 3,
                "elements_per_layer": 1,
                "max_temperature_c": 35.46696110409603,
                "node_count": 8,
                "relative_change_from_previous": null
              },
              {
                "analytic_relative_error": 3.391744920325455e-13,
                "element_count": 6,
                "elements_per_layer": 2,
                "max_temperature_c": 35.466961104080106,
                "node_count": 14,
                "relative_change_from_previous": 4.4896044692553707e-13
              },
              {
                "analytic_relative_error": 3.377721166963211e-12,
                "element_count": 12,
                "elements_per_layer": 4,
                "max_temperature_c": 35.46696110421193,
                "node_count": 26,
                "relative_change_from_previous": 3.716895658995756e-12
              },
              {
                "analytic_relative_error": 4.899699085434119e-12,
                "element_count": 24,
                "elements_per_layer": 8,
                "max_temperature_c": 35.46696110426591,
                "node_count": 50,
                "relative_change_from_previous": 1.5219779184709079e-12
              }
            ],
            "schema_version": "kyuubiki.composite-heat-mesh-convergence/v1",
            "status": "pass"
          },
          "heat_to_thermal_projection": {
            "mapped_node_count": 8,
            "maximum_coordinate_error_m": 0.0,
            "maximum_temperature_delta_c": 0.4669611040960291,
            "minimum_temperature_delta_c": 0.0,
            "reference_temperature_c": 35.0,
            "schema_version": "kyuubiki.composite-heat-to-thermal-projection/v1"
          },
          "joule_heating_projection": {
            "assumptions": [
              "Steady scalar electrical conductivity is solved on a two-dimensional quad mesh.",
              "Joule heating uses the solved local sigma times electric-field magnitude squared.",
              "Element Joule power integrates both triangular subcell fields before thermal projection.",
              "Recovered terminal currents gate current continuity and electrical input-power balance.",
              "Contact and terminal impedance models require explicit study-level heat mappings."
            ],
            "boundary_voltage_span_v": 0.000056399999999999995,
            "current_balance_relative_error": 0.0,
            "distributed_total_heat_load_w": 0.00011258820205649588,
            "electrical_power_balance_relative_error": 0.0,
            "energy_balance_relative_error": 0.0,
            "free_current_residual_relative_error": 0.0,
            "max_current_density_a_m2": 66541.49057712522,
            "max_free_current_residual_a": 0.0,
            "model": "solved_steady_current_density_sigma_e_squared",
            "parameter_source": "screening_reference_not_material_card",
            "regions": [
              {
                "coupling_temperature_c": 35.46679243480942,
                "current_density_magnitude_a_m2": 66541.49057712522,
                "distributed_heat_load_w": 0.00011258820205649588,
                "electric_field_magnitude_v_m": 0.00188,
                "electrical_conductivity_s_m": 35394409.88144959,
                "element_id": "conductor_left",
                "energy_balance_relative_error": 0.0,
                "joule_power_w": 0.00011258820205649588,
                "peak_current_density_magnitude_a_m2": 66541.49057712522,
                "peak_electric_field_magnitude_v_m": 0.00188,
                "rms_current_density_magnitude_a_m2": 66541.49057712522,
                "rms_electric_field_magnitude_v_m": 0.00188,
                "source_volume_m3": 9e-7,
                "volumetric_joule_heating_w_m3": 125.09800228499542
              }
            ],
            "schema_version": "kyuubiki.composite-current-to-heat-projection/v2",
            "source_power_balance_relative_error": 0.0,
            "status": "pass",
            "total_dissipated_power_w": 0.00011258820205649588,
            "total_electrical_input_power_w": 0.00011258820205649588,
            "total_extracted_current_a": 1.996244717313757,
            "total_injected_current_a": 1.996244717313757,
            "total_joule_loss_w": 0.00011258820205649588,
            "total_source_power_w": 0.00011258820205649588
          },
          "research": {
            "candidate_id": "aluminum_alumina_aluminum",
            "candidate_label": "Aluminum / Alumina / Aluminum",
            "coupling": "iterative_dielectric_and_conductor_joule_heating_with_temperature_dependent_electrical_thermal_feedback_and_expansion_projection",
            "materials": {
              "conductor": "aluminum",
              "dielectric": "alumina_96",
              "substrate": "aluminum_6061"
            },
            "study": "material.composite_thermo_electric_panel.v1"
          },
          "schema_version": "kyuubiki.composite-thermo-electric-panel-result/v1",
          "thermal": {
            "elements": [
              {
                "area": 0.0009,
                "average_temperature_delta": 0.46679248017099617,
                "gamma_xy": -8.042033733154436e-22,
                "id": "conductor_left",
                "index": 0,
                "max_in_plane_shear": 138816.83012549352,
                "mechanical_strain_x": 8.076615570937802e-7,
                "mechanical_strain_y": -2.523942365918064e-6,
                "node_i": 0,
                "node_j": 1,
                "node_k": 5,
                "node_l": 4,
                "principal_stress_1": -5.820766091346741e-11,
                "principal_stress_2": -277633.6602509871,
                "strain_energy_density": 1.1529221983537254,
                "stress_x": -3.947459643111668e-11,
                "stress_y": -277633.6602509871,
                "tau_xy": -3.947459643111668e-11,
                "thermal_strain": 7.936213006653382e-6,
                "total_strain_x": 8.743874563747164e-6,
                "total_strain_y": 5.4122706407353195e-6,
                "von_mises": 277633.6602509871
              },
              {
                "area": 0.0009,
                "average_temperature_delta": 0.2336876755113408,
                "gamma_xy": 1.0132962503774588e-19,
                "id": "dielectric_core",
                "index": 1,
                "max_in_plane_shear": 6284.285516044386,
                "mechanical_strain_x": 1.6087770921073069e-6,
                "mechanical_strain_y": -5.027428412835564e-6,
                "node_i": 1,
                "node_j": 2,
                "node_k": 6,
                "node_l": 5,
                "principal_stress_1": -2.037268131971359e-10,
                "principal_stress_2": -12568.571032088976,
                "strain_energy_density": 0.1154602128812835,
                "stress_x": -2.0428103653102878e-10,
                "stress_y": -12568.571032088976,
                "tau_xy": 9.634268691469414e-11,
                "thermal_strain": 0.00001051791135547903,
                "total_strain_x": 0.00001212668844758634,
                "total_strain_y": 5.490482942643466e-6,
                "von_mises": 12568.571032088874
              },
              {
                "area": 0.0009,
                "average_temperature_delta": 0.0003757473883592155,
                "gamma_xy": 3.263486010463117e-21,
                "id": "substrate_right",
                "index": 2,
                "max_in_plane_shear": 1589.0758573429914,
                "mechanical_strain_x": -1.47606465703864e-8,
                "mechanical_strain_y": 4.612702053245101e-8,
                "node_i": 2,
                "node_j": 3,
                "node_k": 7,
                "node_l": 6,
                "principal_stress_1": 3178.1517146858237,
                "principal_stress_2": -1.5916157281026244e-10,
                "strain_energy_density": 0.00022194592645482844,
                "stress_x": -1.5913196686293912e-10,
                "stress_y": 3178.1517146858237,
                "tau_xy": 8.511709855459533e-11,
                "thermal_strain": 8.867639364875072e-9,
                "total_strain_x": -5.8930072055113274e-9,
                "total_strain_y": 5.499465989732608e-8,
                "von_mises": 3178.1517146859032
              }
            ],
            "input": {
              "elements": [
                {
                  "id": "conductor_left",
                  "node_i": 0,
                  "node_j": 1,
                  "node_k": 5,
                  "node_l": 4,
                  "poisson_ratio": 0.32,
                  "thermal_expansion": 0.00001700158709443258,
                  "thickness": 0.001,
                  "youngs_modulus": 110000000000.0
                },
                {
                  "id": "dielectric_core",
                  "node_i": 1,
                  "node_j": 2,
                  "node_k": 6,
                  "node_l": 5,
                  "poisson_ratio": 0.32,
                  "thermal_expansion": 0.00004500841275631841,
                  "thickness": 0.001,
                  "youngs_modulus": 2500000000.0
                },
                {
                  "id": "substrate_right",
                  "node_i": 2,
                  "node_j": 3,
                  "node_k": 7,
                  "node_l": 6,
                  "poisson_ratio": 0.32,
                  "thermal_expansion": 0.00002360000266029151,
                  "thickness": 0.001,
                  "youngs_modulus": 68900000000.0
                }
              ],
              "nodes": [
                {
                  "fix_x": true,
                  "fix_y": true,
                  "id": "n0",
                  "load_x": 0.0,
                  "load_y": 0.0,
                  "temperature_delta": 0.4669611040960291,
                  "x": 0.0,
                  "y": 0.0
                },
                {
                  "fix_x": false,
                  "fix_y": false,
                  "id": "n1",
                  "load_x": 0.0,
                  "load_y": 0.0,
                  "temperature_delta": 0.4666238562459668,
                  "x": 0.03,
                  "y": 0.0
                },
                {
                  "fix_x": false,
                  "fix_y": false,
                  "id": "n2",
                  "load_x": 0.0,
                  "load_y": 0.0,
                  "temperature_delta": 0.0007514947767219837,
                  "x": 0.06,
                  "y": 0.0
                },
                {
                  "fix_x": false,
                  "fix_y": false,
                  "id": "n3",
                  "load_x": 0.0,
                  "load_y": 0.0,
                  "temperature_delta": 0.0,
                  "x": 0.09,
                  "y": 0.0
                },
                {
                  "fix_x": true,
                  "fix_y": true,
                  "id": "n4",
                  "load_x": 0.0,
                  "load_y": 0.0,
                  "temperature_delta": 0.4669611040960291,
                  "x": 0.0,
                  "y": 0.03
                },
                {
                  "fix_x": false,
                  "fix_y": false,
                  "id": "n5",
                  "load_x": 0.0,
                  "load_y": 0.0,
                  "temperature_delta": 0.4666238562459597,
                  "x": 0.03,
                  "y": 0.03
                },
                {
                  "fix_x": false,
                  "fix_y": false,
                  "id": "n6",
                  "load_x": 0.0,
                  "load_y": 0.0,
                  "temperature_delta": 0.0007514947767148783,
                  "x": 0.06,
                  "y": 0.03
                },
                {
                  "fix_x": false,
                  "fix_y": false,
                  "id": "n7",
                  "load_x": 0.0,
                  "load_y": 0.0,
                  "temperature_delta": 0.0,
                  "x": 0.09,
                  "y": 0.03
                }
              ]
            },
            "max_displacement": 6.261212868261212e-7,
            "max_strain_energy_density": 1.1529221983537254,
            "max_stress": 277633.6602509871,
            "max_temperature_delta": 0.4669611040960291,
            "nodes": [
              {
                "displacement_magnitude": 0.0,
                "id": "n0",
                "index": 0,
                "temperature_delta": 0.4669611040960291,
                "ux": 0.0,
                "uy": 0.0,
                "x": 0.0,
                "y": 0.0
              },
              {
                "displacement_magnitude": 3.0850156286087e-7,
                "id": "n1",
                "index": 1,
                "temperature_delta": 0.4666238562459668,
                "ux": 2.623162369124158e-7,
                "uy": -1.6236811922205876e-7,
                "x": 0.03,
                "y": 0.0
              },
              {
                "displacement_magnitude": 6.261212868261212e-7,
                "id": "n2",
                "index": 2,
                "temperature_delta": 0.0007514947767219837,
                "ux": 6.261168903400109e-7,
                "uy": -2.346369057233873e-9,
                "x": 0.06,
                "y": 0.0
              },
              {
                "displacement_magnitude": 6.259404876632136e-7,
                "id": "n3",
                "index": 3,
                "temperature_delta": 0.0,
                "ux": 6.259401001238466e-7,
                "uy": 6.96529260347915e-10,
                "x": 0.09,
                "y": 0.0
              },
              {
                "displacement_magnitude": 0.0,
                "id": "n4",
                "index": 4,
                "temperature_delta": 0.4669611040960291,
                "ux": 0.0,
                "uy": 0.0,
                "x": 0.0,
                "y": 0.03
              },
              {
                "displacement_magnitude": 3.085015628608695e-7,
                "id": "n5",
                "index": 5,
                "temperature_delta": 0.4666238562459597,
                "ux": 2.623162369124141e-7,
                "uy": 1.6236811922206046e-7,
                "x": 0.03,
                "y": 0.03
              },
              {
                "displacement_magnitude": 6.261212868261096e-7,
                "id": "n6",
                "index": 6,
                "temperature_delta": 0.0007514947767148783,
                "ux": 6.261168903399992e-7,
                "uy": 2.3463690572549192e-9,
                "x": 0.06,
                "y": 0.03
              },
              {
                "displacement_magnitude": 6.259404876631997e-7,
                "id": "n7",
                "index": 7,
                "temperature_delta": 0.0,
                "ux": 6.259401001238328e-7,
                "uy": -6.965292603013117e-10,
                "x": 0.09,
                "y": 0.03
              }
            ],
            "total_strain_energy": 1.1417439214453174e-6
          },
          "thermal_constraint_regularized_mesh_convergence": {
            "algebraic_validation": {
              "max_relative_residual": null,
              "method": "original_system_recomputed_l2_residual_over_max_rhs_l2_or_one",
              "qualification_effect": "algebraic_gate_does_not_override_discretization_gates",
              "relative_residual_tolerance": 1e-10,
              "required_series": [
                "uniform_full_edge_clamp",
                "uniform_regularized_restraint",
                "interface_graded_full_edge_clamp"
              ],
              "schema_version": "kyuubiki.composite-thermal-algebraic-validation/v1",
              "series": [],
              "status": "missing"
            },
            "convergence_tolerance": 0.02,
            "diagnostic_metrics": [
              "max_von_mises_stress_pa"
            ],
            "finest_pair_displacement_relative_change": 0.0019436636937675224,
            "finest_pair_peak_stress_relative_change": 0.309344243369338,
            "finest_pair_strain_energy_relative_change": 0.22523194547737116,
            "method": "structured_quad_h_refinement_preserving_piecewise_linear_temperature_roller_edge_with_vertical_anchor",
            "pass_metrics": [
              "max_displacement_m",
              "total_strain_energy_j"
            ],
            "refinement_levels": [
              1,
              2,
              4,
              8
            ],
            "regime_assessment": {
              "diagnosis": "pass_metrics_lack_qualified_discretization_uncertainty",
              "gci_safety_factor": 1.25,
              "method": "four_level_constant_ratio_observed_order_and_fine_grid_gci",
              "metrics": [
                {
                  "coarse_triplet_observed_order": 0.5591018882176303,
                  "fine_grid_gci": null,
                  "fine_triplet_observed_order": 4.049361746203193,
                  "metric": "max_displacement_m",
                  "observed_order_relative_difference": 0.8619283918652461,
                  "qualification_role": "pass_metric",
                  "regime": "oscillatory",
                  "richardson_extrapolated_value": null,
                  "unit": "m"
                },
                {
                  "coarse_triplet_observed_order": 1.6969014780237943,
                  "fine_grid_gci": 0.16647083214667174,
                  "fine_triplet_observed_order": 1.670333411670346,
                  "metric": "total_strain_energy_j",
                  "observed_order_relative_difference": 0.015656811369148853,
                  "qualification_role": "pass_metric",
                  "regime": "asymptotic_converging",
                  "richardson_extrapolated_value": 2.1654704026742252e-8,
                  "unit": "J"
                },
                {
                  "coarse_triplet_observed_order": -6.776900957312868,
                  "fine_grid_gci": null,
                  "fine_triplet_observed_order": -0.6942918239340101,
                  "metric": "max_von_mises_stress_pa",
                  "observed_order_relative_difference": 0.8975502477744185,
                  "qualification_role": "diagnostic_metric",
                  "regime": "monotonic_diverging",
                  "richardson_extrapolated_value": null,
                  "unit": "Pa"
                }
              ],
              "order_consistency_tolerance": 0.25,
              "qualification_effect": "gci_gates_require_asymptotic_pass_metric_evidence",
              "qualification_tolerance": 0.02,
              "refinement_ratio": 2.0,
              "schema_version": "kyuubiki.composite-thermal-convergence-regime/v1",
              "status": "fail"
            },
            "samples": [
              {
                "displacement_relative_change": null,
                "element_count": 3,
                "elements_per_original_element": 1,
                "max_displacement_m": 6.247217554648641e-7,
                "max_von_mises_stress_pa": 15737.191425136303,
                "node_count": 8,
                "peak_stress_relative_change": null,
                "strain_energy_relative_change": null,
                "total_strain_energy_j": 1.3030027869477988e-7
              },
              {
                "displacement_relative_change": 0.046792198755750226,
                "element_count": 12,
                "elements_per_original_element": 2,
                "max_displacement_m": 5.95489650916111e-7,
                "max_von_mises_stress_pa": 15792.312673969938,
                "node_count": 21,
                "peak_stress_relative_change": 0.0034903848455641313,
                "strain_energy_relative_change": 0.5751396394663277,
                "total_strain_energy_j": 5.5359423383902164e-8
              },
              {
                "displacement_relative_change": 0.03224374034415302,
                "element_count": 48,
                "elements_per_original_element": 4,
                "max_displacement_m": 6.153301980478832e-7,
                "max_von_mises_stress_pa": 21836.9397786627,
                "node_count": 65,
                "peak_stress_relative_change": 0.27680742658818364,
                "strain_energy_relative_change": 0.417550341254072,
                "total_strain_energy_j": 3.2244077258325166e-8
              },
              {
                "displacement_relative_change": 0.0019436636937675224,
                "element_count": 192,
                "elements_per_original_element": 8,
                "max_displacement_m": 6.165285221525633e-7,
                "max_von_mises_stress_pa": 31617.690244403937,
                "node_count": 225,
                "peak_stress_relative_change": 0.309344243369338,
                "strain_energy_relative_change": 0.22523194547737116,
                "total_strain_energy_j": 2.4981681007309923e-8
              }
            ],
            "schema_version": "kyuubiki.composite-thermal-mesh-convergence/v1",
            "status": "fail"
          },
          "thermal_constraint_sensitivity": {
            "alternative_restraint": "roller_edge_with_vertical_anchor",
            "alternative_status": "fail",
            "diagnosis": "mixed_restraint_sensitivity_and_persistent_energy_nonconvergence",
            "displacement_change_ratio_alternative_to_primary": 0.7738286201155375,
            "peak_stress_change_ratio_alternative_to_primary": 1.1913717933427102,
            "primary_restraint": "full_edge_clamp",
            "primary_status": "fail",
            "qualification_effect": "diagnostic_only_does_not_override_primary_quality_gates",
            "schema_version": "kyuubiki.composite-thermal-constraint-sensitivity/v1",
            "strain_energy_change_ratio_alternative_to_primary": 1.7084192356080417
          },
          "thermal_expansion_projection": {
            "coverage_fraction": 1.0,
            "declared_region_count": 3,
            "max_relative_change": 0.00018695014040903007,
            "model": "regional_linear_temperature_dependent_thermal_expansion",
            "parameter_source": "screening_sensitivity_not_material_card",
            "schema_version": "kyuubiki.composite-thermal-expansion-projection/v1",
            "status": "pass",
            "updated_region_count": 3,
            "updates": [
              {
                "adjusted_thermal_expansion_1_k": 0.00001700158709443258,
                "element_id": "conductor_left",
                "mean_temperature_c": 35.466792480170994,
                "reference_thermal_expansion_1_k": 0.000017,
                "relative_change": 0.0000933584960341574
              },
              {
                "adjusted_thermal_expansion_1_k": 0.00004500841275631841,
                "element_id": "dielectric_core",
                "mean_temperature_c": 35.23368767551135,
                "reference_thermal_expansion_1_k": 0.000045,
                "relative_change": 0.00018695014040903007
              },
              {
                "adjusted_thermal_expansion_1_k": 0.00002360000266029151,
                "element_id": "substrate_right",
                "mean_temperature_c": 35.00037574738836,
                "reference_thermal_expansion_1_k": 0.0000236,
                "relative_change": 1.1272421647619284e-7
              }
            ]
          },
          "thermal_interface_grading_assessment": {
            "diagnosis": "graded_mesh_did_not_resolve_nonconvergence",
            "displacement_change_ratio_graded_to_uniform": 1.8143455415006216,
            "graded_mesh_convergence": {
              "algebraic_validation": {
                "max_relative_residual": null,
                "method": "original_system_recomputed_l2_residual_over_max_rhs_l2_or_one",
                "qualification_effect": "algebraic_gate_does_not_override_discretization_gates",
                "relative_residual_tolerance": 1e-10,
                "required_series": [
                  "uniform_full_edge_clamp",
                  "uniform_regularized_restraint",
                  "interface_graded_full_edge_clamp"
                ],
                "schema_version": "kyuubiki.composite-thermal-algebraic-validation/v1",
                "series": [],
                "status": "missing"
              },
              "convergence_tolerance": 0.02,
              "diagnostic_metrics": [
                "max_von_mises_stress_pa"
              ],
              "finest_pair_displacement_relative_change": 0.00455718161010536,
              "finest_pair_peak_stress_relative_change": 0.414871786387312,
              "finest_pair_strain_energy_relative_change": 0.11926284126413772,
              "method": "cosine_graded_quad_h_refinement_at_clamp_interfaces_and_free_edges",
              "pass_metrics": [
                "max_displacement_m",
                "total_strain_energy_j"
              ],
              "refinement_levels": [
                1,
                2,
                4,
                8
              ],
              "regime_assessment": {
                "diagnosis": "pass_metrics_lack_qualified_discretization_uncertainty",
                "gci_safety_factor": 1.25,
                "method": "four_level_constant_ratio_observed_order_and_fine_grid_gci",
                "metrics": [
                  {
                    "coarse_triplet_observed_order": 1.8747997514851404,
                    "fine_grid_gci": null,
                    "fine_triplet_observed_order": 1.4181825339321514,
                    "metric": "max_displacement_m",
                    "observed_order_relative_difference": 0.24355519419675373,
                    "qualification_role": "pass_metric",
                    "regime": "oscillatory",
                    "richardson_extrapolated_value": null,
                    "unit": "m"
                  },
                  {
                    "coarse_triplet_observed_order": 0.8547931936162961,
                    "fine_grid_gci": null,
                    "fine_triplet_observed_order": 1.7732079552723163,
                    "metric": "total_strain_energy_j",
                    "observed_order_relative_difference": 0.5179396804110191,
                    "qualification_role": "pass_metric",
                    "regime": "monotonic_pre_asymptotic",
                    "richardson_extrapolated_value": null,
                    "unit": "J"
                  },
                  {
                    "coarse_triplet_observed_order": -1.058918997818551,
                    "fine_grid_gci": null,
                    "fine_triplet_observed_order": -0.5965587841919995,
                    "metric": "max_von_mises_stress_pa",
                    "observed_order_relative_difference": 0.43663416614400785,
                    "qualification_role": "diagnostic_metric",
                    "regime": "monotonic_diverging",
                    "richardson_extrapolated_value": null,
                    "unit": "Pa"
                  }
                ],
                "order_consistency_tolerance": 0.25,
                "qualification_effect": "gci_gates_require_asymptotic_pass_metric_evidence",
                "qualification_tolerance": 0.02,
                "refinement_ratio": 2.0,
                "schema_version": "kyuubiki.composite-thermal-convergence-regime/v1",
                "status": "fail"
              },
              "samples": [
                {
                  "displacement_relative_change": null,
                  "element_count": 3,
                  "elements_per_original_element": 1,
                  "max_displacement_m": 6.261212868261212e-7,
                  "max_von_mises_stress_pa": 277633.6602509871,
                  "node_count": 8,
                  "peak_stress_relative_change": null,
                  "strain_energy_relative_change": null,
                  "total_strain_energy_j": 1.1417439214453174e-6
                },
                {
                  "displacement_relative_change": 0.04326113824205302,
                  "element_count": 12,
                  "elements_per_original_element": 2,
                  "max_displacement_m": 5.990345672804443e-7,
                  "max_von_mises_stress_pa": 481817.31397435867,
                  "node_count": 21,
                  "peak_stress_relative_change": 0.4237781578231906,
                  "strain_energy_relative_change": 0.34372006687706347,
                  "total_strain_energy_j": 7.493036244096522e-7
                },
                {
                  "displacement_relative_change": 0.012179005264905623,
                  "element_count": 48,
                  "elements_per_original_element": 4,
                  "max_displacement_m": 6.064201616215784e-7,
                  "max_von_mises_stress_pa": 907207.3883226644,
                  "node_count": 65,
                  "peak_stress_relative_change": 0.4689005841705162,
                  "strain_energy_relative_change": 0.2895992088496813,
                  "total_strain_energy_j": 5.323058875924182e-7
                },
                {
                  "displacement_relative_change": 0.00455718161010536,
                  "element_count": 192,
                  "elements_per_original_element": 8,
                  "max_displacement_m": 6.036565948130394e-7,
                  "max_von_mises_stress_pa": 1550442.0522151904,
                  "node_count": 225,
                  "peak_stress_relative_change": 0.414871786387312,
                  "strain_energy_relative_change": 0.11926284126413772,
                  "total_strain_energy_j": 4.688215750165177e-7
                }
              ],
              "schema_version": "kyuubiki.composite-thermal-mesh-convergence/v1",
              "status": "fail"
            },
            "graded_stress_recovery": {
              "convergence_tolerance": 0.02,
              "diagnostic_metrics": [
                "max_stress_pa",
                "max_to_p95_ratio"
              ],
              "finest_pair_max_relative_change": 0.414871786387312,
              "finest_pair_p95_relative_change": 0.34053331592041997,
              "finest_pair_rms_relative_change": 0.009219335762655123,
              "method": "interface_graded_mesh_element_area_weighted_von_mises_p95_and_rms",
              "pass_metrics": [
                "area_weighted_rms_stress_pa",
                "area_weighted_p95_stress_pa"
              ],
              "refinement_levels": [
                1,
                2,
                4,
                8
              ],
              "samples": [
                {
                  "element_count": 3,
                  "elements_per_original_element": 1,
                  "max_relative_change": null,
                  "p95_relative_change": null,
                  "rms_relative_change": null,
                  "statistics": {
                    "area_weighted_mean_stress_pa": 97793.46099925396,
                    "area_weighted_p95_stress_pa": 277633.6602509871,
                    "area_weighted_rms_stress_pa": 160466.5270707786,
                    "max_stress_pa": 277633.6602509871,
                    "max_to_p95_ratio": 1.0
                  }
                },
                {
                  "element_count": 12,
                  "elements_per_original_element": 2,
                  "max_relative_change": 0.4237781578231906,
                  "p95_relative_change": 0.4237781578231906,
                  "rms_relative_change": 0.1967371672881021,
                  "statistics": {
                    "area_weighted_mean_stress_pa": 98999.404658003,
                    "area_weighted_p95_stress_pa": 481817.31397435867,
                    "area_weighted_rms_stress_pa": 199768.39526986092,
                    "max_stress_pa": 481817.31397435867,
                    "max_to_p95_ratio": 1.0
                  }
                },
                {
                  "element_count": 48,
                  "elements_per_original_element": 4,
                  "max_relative_change": 0.4689005841705162,
                  "p95_relative_change": 0.5157585817113108,
                  "rms_relative_change": 0.040863051012830304,
                  "statistics": {
                    "area_weighted_mean_stress_pa": 75158.41842303029,
                    "area_weighted_p95_stress_pa": 233315.8994749901,
                    "area_weighted_rms_stress_pa": 191605.24914319735,
                    "max_stress_pa": 907207.3883226644,
                    "max_to_p95_ratio": 3.888322186203649
                  }
                },
                {
                  "element_count": 192,
                  "elements_per_original_element": 8,
                  "max_relative_change": 0.414871786387312,
                  "p95_relative_change": 0.34053331592041997,
                  "rms_relative_change": 0.009219335762655123,
                  "statistics": {
                    "area_weighted_mean_stress_pa": 70180.46631312477,
                    "area_weighted_p95_stress_pa": 353794.82407156006,
                    "area_weighted_rms_stress_pa": 189838.77601745905,
                    "max_stress_pa": 1550442.0522151904,
                    "max_to_p95_ratio": 4.38231977045993
                  }
                }
              ],
              "schema_version": "kyuubiki.composite-thermal-stress-recovery/v1",
              "status": "fail"
            },
            "max_change_ratio_graded_to_uniform": 1.5977880783300105,
            "p95_change_ratio_graded_to_uniform": 1.1439170050881622,
            "qualification_effect": "diagnostic_only_does_not_override_uniform_mesh_gates",
            "rms_change_ratio_graded_to_uniform": 0.5712707775530423,
            "schema_version": "kyuubiki.composite-thermal-interface-grading-assessment/v1",
            "strain_energy_change_ratio_graded_to_uniform": 0.9046271463716148
          },
          "thermal_mesh_convergence": {
            "algebraic_validation": {
              "max_relative_residual": 2.3243473865466863e-14,
              "method": "original_system_recomputed_l2_residual_over_max_rhs_l2_or_one",
              "qualification_effect": "algebraic_gate_does_not_override_discretization_gates",
              "relative_residual_tolerance": 1e-10,
              "required_series": [
                "uniform_full_edge_clamp",
                "uniform_regularized_restraint",
                "interface_graded_full_edge_clamp"
              ],
              "schema_version": "kyuubiki.composite-thermal-algebraic-validation/v1",
              "series": [
                {
                  "label": "uniform_full_edge_clamp",
                  "max_relative_residual": 1.4594989284728188e-14,
                  "samples": [
                    {
                      "element_count": 3,
                      "elements_per_original_element": 1,
                      "matrix_non_zero_count": 112,
                      "node_count": 8,
                      "relative_residual": 2.183119691184369e-16,
                      "residual_norm": 8.457507276914511e-15,
                      "rhs_norm": 38.740465358205846,
                      "solver_iterations": 0
                    },
                    {
                      "element_count": 12,
                      "elements_per_original_element": 2,
                      "matrix_non_zero_count": 439,
                      "node_count": 21,
                      "relative_residual": 6.776272399054556e-16,
                      "residual_norm": 2.5841782520749722e-14,
                      "rhs_norm": 38.13569024225655,
                      "solver_iterations": 0
                    },
                    {
                      "element_count": 48,
                      "elements_per_original_element": 4,
                      "matrix_non_zero_count": 1747,
                      "node_count": 65,
                      "relative_residual": 3.834441084661003e-15,
                      "residual_norm": 1.1501393662914818e-13,
                      "rhs_norm": 29.994967738385892,
                      "solver_iterations": 0
                    },
                    {
                      "element_count": 192,
                      "elements_per_original_element": 8,
                      "matrix_non_zero_count": 6925,
                      "node_count": 225,
                      "relative_residual": 1.4594989284728188e-14,
                      "residual_norm": 3.239107113560244e-13,
                      "rhs_norm": 22.193281888528418,
                      "solver_iterations": 0
                    }
                  ],
                  "solver_path": "dense_direct",
                  "status": "pass"
                },
                {
                  "label": "uniform_regularized_restraint",
                  "max_relative_residual": 1.6884345495867852e-14,
                  "samples": [
                    {
                      "element_count": 3,
                      "elements_per_original_element": 1,
                      "matrix_non_zero_count": 121,
                      "node_count": 8,
                      "relative_residual": 2.15971732078167e-16,
                      "residual_norm": 9.343728226077828e-15,
                      "rhs_norm": 43.26366296259567,
                      "solver_iterations": 0
                    },
                    {
                      "element_count": 12,
                      "elements_per_original_element": 2,
                      "matrix_non_zero_count": 462,
                      "node_count": 21,
                      "relative_residual": 1.0661209991209822e-15,
                      "residual_norm": 4.1933717349606017e-14,
                      "rhs_norm": 39.33298132592868,
                      "solver_iterations": 0
                    },
                    {
                      "element_count": 48,
                      "elements_per_original_element": 4,
                      "matrix_non_zero_count": 1799,
                      "node_count": 65,
                      "relative_residual": 4.639045244860401e-15,
                      "residual_norm": 1.409299660902436e-13,
                      "rhs_norm": 30.379088508865035,
                      "solver_iterations": 0
                    },
                    {
                      "element_count": 192,
                      "elements_per_original_element": 8,
                      "matrix_non_zero_count": 7030,
                      "node_count": 225,
                      "relative_residual": 1.6884345495867852e-14,
                      "residual_norm": 3.769181366837753e-13,
                      "rhs_norm": 22.323526652307574,
                      "solver_iterations": 0
                    }
                  ],
                  "solver_path": "dense_direct",
                  "status": "pass"
                },
                {
                  "label": "interface_graded_full_edge_clamp",
                  "max_relative_residual": 2.3243473865466863e-14,
                  "samples": [
                    {
                      "element_count": 3,
                      "elements_per_original_element": 1,
                      "matrix_non_zero_count": 112,
                      "node_count": 8,
                      "relative_residual": 2.183119691184369e-16,
                      "residual_norm": 8.457507276914511e-15,
                      "rhs_norm": 38.740465358205846,
                      "solver_iterations": 0
                    },
                    {
                      "element_count": 12,
                      "elements_per_original_element": 2,
                      "matrix_non_zero_count": 444,
                      "node_count": 21,
                      "relative_residual": 8.662486417995489e-16,
                      "residual_norm": 3.303498987644304e-14,
                      "rhs_norm": 38.13569024225655,
                      "solver_iterations": 0
                    },
                    {
                      "element_count": 48,
                      "elements_per_original_element": 4,
                      "matrix_non_zero_count": 1748,
                      "node_count": 65,
                      "relative_residual": 5.42288888412119e-15,
                      "residual_norm": 1.8027825542556618e-13,
                      "rhs_norm": 33.24395156858931,
                      "solver_iterations": 0
                    },
                    {
                      "element_count": 192,
                      "elements_per_original_element": 8,
                      "matrix_non_zero_count": 6948,
                      "node_count": 225,
                      "relative_residual": 2.3243473865466863e-14,
                      "residual_norm": 5.831372293195721e-13,
                      "rhs_norm": 25.08821326342044,
                      "solver_iterations": 0
                    }
                  ],
                  "solver_path": "dense_direct",
                  "status": "pass"
                }
              ],
              "status": "pass"
            },
            "convergence_tolerance": 0.02,
            "diagnostic_metrics": [
              "max_von_mises_stress_pa"
            ],
            "finest_pair_displacement_relative_change": 0.002511749556997932,
            "finest_pair_peak_stress_relative_change": 0.25965382519372104,
            "finest_pair_strain_energy_relative_change": 0.1318364607368806,
            "method": "structured_quad_h_refinement_preserving_piecewise_linear_temperature_full_edge_clamp",
            "pass_metrics": [
              "max_displacement_m",
              "total_strain_energy_j"
            ],
            "refinement_levels": [
              1,
              2,
              4,
              8
            ],
            "regime_assessment": {
              "diagnosis": "pass_metrics_lack_qualified_discretization_uncertainty",
              "gci_safety_factor": 1.25,
              "method": "four_level_constant_ratio_observed_order_and_fine_grid_gci",
              "metrics": [
                {
                  "coarse_triplet_observed_order": 3.716622570290919,
                  "fine_grid_gci": null,
                  "fine_triplet_observed_order": 0.4449056032171186,
                  "metric": "max_displacement_m",
                  "observed_order_relative_difference": 0.8802930362707523,
                  "qualification_role": "pass_metric",
                  "regime": "oscillatory",
                  "richardson_extrapolated_value": null,
                  "unit": "m"
                },
                {
                  "coarse_triplet_observed_order": 1.0832199149581114,
                  "fine_grid_gci": 0.12734028305519968,
                  "fine_triplet_observed_order": 1.316527291810044,
                  "metric": "total_strain_energy_j",
                  "observed_order_relative_difference": 0.177214234982677,
                  "qualification_role": "pass_metric",
                  "regime": "asymptotic_converging",
                  "richardson_extrapolated_value": 4.3982695141375907e-7,
                  "unit": "J"
                },
                {
                  "coarse_triplet_observed_order": 0.04105782965377737,
                  "fine_grid_gci": null,
                  "fine_triplet_observed_order": -0.2656916086165555,
                  "metric": "max_von_mises_stress_pa",
                  "observed_order_relative_difference": 1.154531902108477,
                  "qualification_role": "diagnostic_metric",
                  "regime": "monotonic_diverging",
                  "richardson_extrapolated_value": null,
                  "unit": "Pa"
                }
              ],
              "order_consistency_tolerance": 0.25,
              "qualification_effect": "gci_gates_require_asymptotic_pass_metric_evidence",
              "qualification_tolerance": 0.02,
              "refinement_ratio": 2.0,
              "schema_version": "kyuubiki.composite-thermal-convergence-regime/v1",
              "status": "fail"
            },
            "samples": [
              {
                "displacement_relative_change": null,
                "element_count": 3,
                "elements_per_original_element": 1,
                "max_displacement_m": 6.261212868261212e-7,
                "max_von_mises_stress_pa": 277633.6602509871,
                "node_count": 8,
                "peak_stress_relative_change": null,
                "strain_energy_relative_change": null,
                "total_strain_energy_j": 1.1417439214453174e-6
              },
              {
                "displacement_relative_change": 0.04326113824201582,
                "element_count": 12,
                "elements_per_original_element": 2,
                "max_displacement_m": 5.990345672804676e-7,
                "max_von_mises_stress_pa": 481817.3139743591,
                "node_count": 21,
                "peak_stress_relative_change": 0.4237781578231911,
                "strain_energy_relative_change": 0.3437200668770635,
                "total_strain_energy_j": 7.493036244096521e-7
              },
              {
                "displacement_relative_change": 0.0034276658480944314,
                "element_count": 48,
                "elements_per_original_element": 4,
                "max_displacement_m": 6.010949198085584e-7,
                "max_von_mises_stress_pa": 680271.9883418595,
                "node_count": 65,
                "peak_stress_relative_change": 0.29172842299625945,
                "strain_energy_relative_change": 0.24719180921042547,
                "total_strain_energy_j": 5.640819058439011e-7
              },
              {
                "displacement_relative_change": 0.002511749556997932,
                "element_count": 192,
                "elements_per_original_element": 8,
                "max_displacement_m": 6.026085214954678e-7,
                "max_von_mises_stress_pa": 918856.6261179931,
                "node_count": 225,
                "peak_stress_relative_change": 0.25965382519372104,
                "strain_energy_relative_change": 0.1318364607368806,
                "total_strain_energy_j": 4.897153438117268e-7
              }
            ],
            "schema_version": "kyuubiki.composite-thermal-mesh-convergence/v1",
            "status": "fail"
          },
          "thermal_stress_recovery": {
            "convergence_tolerance": 0.02,
            "diagnostic_metrics": [
              "max_stress_pa",
              "max_to_p95_ratio"
            ],
            "finest_pair_max_relative_change": 0.25965382519372104,
            "finest_pair_p95_relative_change": 0.2976905793040247,
            "finest_pair_rms_relative_change": 0.016138294001567605,
            "method": "uniform_mesh_element_area_weighted_von_mises_p95_and_rms",
            "pass_metrics": [
              "area_weighted_rms_stress_pa",
              "area_weighted_p95_stress_pa"
            ],
            "refinement_levels": [
              1,
              2,
              4,
              8
            ],
            "samples": [
              {
                "element_count": 3,
                "elements_per_original_element": 1,
                "max_relative_change": null,
                "p95_relative_change": null,
                "rms_relative_change": null,
                "statistics": {
                  "area_weighted_mean_stress_pa": 97793.46099925396,
                  "area_weighted_p95_stress_pa": 277633.6602509871,
                  "area_weighted_rms_stress_pa": 160466.5270707786,
                  "max_stress_pa": 277633.6602509871,
                  "max_to_p95_ratio": 1.0
                }
              },
              {
                "element_count": 12,
                "elements_per_original_element": 2,
                "max_relative_change": 0.4237781578231911,
                "p95_relative_change": 0.4237781578231911,
                "rms_relative_change": 0.19673716728810264,
                "statistics": {
                  "area_weighted_mean_stress_pa": 98999.404658003,
                  "area_weighted_p95_stress_pa": 481817.3139743591,
                  "area_weighted_rms_stress_pa": 199768.39526986107,
                  "max_stress_pa": 481817.3139743591,
                  "max_to_p95_ratio": 1.0
                }
              },
              {
                "element_count": 48,
                "elements_per_original_element": 4,
                "max_relative_change": 0.29172842299625945,
                "p95_relative_change": 0.24521773886827236,
                "rms_relative_change": 0.02137342703729724,
                "statistics": {
                  "area_weighted_mean_stress_pa": 78298.1723423376,
                  "area_weighted_p95_stress_pa": 638352.7260589268,
                  "area_weighted_rms_stress_pa": 195498.6600492027,
                  "max_stress_pa": 680271.9883418595,
                  "max_to_p95_ratio": 1.0656678675780624
                }
              },
              {
                "element_count": 192,
                "elements_per_original_element": 8,
                "max_relative_change": 0.25965382519372104,
                "p95_relative_change": 0.2976905793040247,
                "rms_relative_change": 0.016138294001567605,
                "statistics": {
                  "area_weighted_mean_stress_pa": 71920.02638516776,
                  "area_weighted_p95_stress_pa": 448321.1332381415,
                  "area_weighted_rms_stress_pa": 192343.64519641615,
                  "max_stress_pa": 918856.6261179931,
                  "max_to_p95_ratio": 2.049550105927999
                }
              }
            ],
            "schema_version": "kyuubiki.composite-thermal-stress-recovery/v1",
            "status": "fail"
          }
        },
        "status": "completed"
      },
      "requires_confirmation": false
    },
    {
      "index": 7,
      "action": "solve_composite_thermo_electric_panel",
      "risk": "normal",
      "status": "executed",
      "payload": {
        "electric_conduction_feedback": {
          "parameter_source": "screening_reference_not_material_card",
          "regions": [
            {
              "element_id": "conductor_left",
              "reference_resistivity_ohm_m": 1.68e-8,
              "reference_temperature_c": 35.0,
              "resistivity_temperature_coefficient_1_k": 0.00393
            }
          ]
        },
        "electric_conduction_model": {
          "contact_interfaces": [],
          "elements": [
            {
              "electrical_conductivity_s_m": 59523809.523809515,
              "id": "conductor_left",
              "node_i": 0,
              "node_j": 1,
              "node_k": 2,
              "node_l": 3,
              "thickness": 0.001
            }
          ],
          "nodes": [
            {
              "current_source_a": 0.0,
              "electric_potential_v": 0.0,
              "fix_electric_potential": true,
              "id": "n0",
              "x": 0.0,
              "y": 0.0
            },
            {
              "current_source_a": 0.0,
              "electric_potential_v": 0.000033600000000000004,
              "fix_electric_potential": true,
              "id": "n1",
              "x": 0.03,
              "y": 0.0
            },
            {
              "current_source_a": 0.0,
              "electric_potential_v": 0.000033600000000000004,
              "fix_electric_potential": true,
              "id": "n5",
              "x": 0.03,
              "y": 0.03
            },
            {
              "current_source_a": 0.0,
              "electric_potential_v": 0.0,
              "fix_electric_potential": true,
              "id": "n4",
              "x": 0.0,
              "y": 0.03
            }
          ],
          "terminals": []
        },
        "electrostatic_model": {
          "elements": [
            {
              "id": "conductor_left",
              "node_i": 0,
              "node_j": 1,
              "node_k": 5,
              "node_l": 4,
              "permittivity": 1.0,
              "thickness": 0.001
            },
            {
              "id": "dielectric_core",
              "node_i": 1,
              "node_j": 2,
              "node_k": 6,
              "node_l": 5,
              "permittivity": 2.1,
              "thickness": 0.001
            },
            {
              "id": "substrate_right",
              "node_i": 2,
              "node_j": 3,
              "node_k": 7,
              "node_l": 6,
              "permittivity": 4.2,
              "thickness": 0.001
            }
          ],
          "nodes": [
            {
              "charge_density": 0.0,
              "fix_potential": true,
              "id": "n0",
              "potential": 0.0,
              "x": 0.0,
              "y": 0.0
            },
            {
              "charge_density": 0.0,
              "fix_potential": false,
              "id": "n1",
              "potential": 0.0,
              "x": 0.03,
              "y": 0.0
            },
            {
              "charge_density": 0.0,
              "fix_potential": false,
              "id": "n2",
              "potential": 0.0,
              "x": 0.06,
              "y": 0.0
            },
            {
              "charge_density": 0.0,
              "fix_potential": true,
              "id": "n3",
              "potential": 1100,
              "x": 0.09,
              "y": 0.0
            },
            {
              "charge_density": 0.0,
              "fix_potential": true,
              "id": "n4",
              "potential": 0.0,
              "x": 0.0,
              "y": 0.03
            },
            {
              "charge_density": 0.0,
              "fix_potential": false,
              "id": "n5",
              "potential": 0.0,
              "x": 0.03,
              "y": 0.03
            },
            {
              "charge_density": 0.0,
              "fix_potential": false,
              "id": "n6",
              "potential": 0.0,
              "x": 0.06,
              "y": 0.03
            },
            {
              "charge_density": 0.0,
              "fix_potential": true,
              "id": "n7",
              "potential": 1100,
              "x": 0.09,
              "y": 0.03
            }
          ]
        },
        "electrothermal_feedback": {
          "conductivity_relative_change_tolerance": 1e-9,
          "loss_relative_change_tolerance": 1e-9,
          "loss_tangent_temperature_coefficient_1_k": 0.001,
          "max_iterations": 12,
          "parameter_source": "screening_sensitivity_not_material_card",
          "relative_permittivity_temperature_coefficient_1_k": 0.0001,
          "relaxation_factor": 0.8,
          "temperature_residual_tolerance_c": 1e-7,
          "thermal_conductivity_models": [
            {
              "element_id": "conductor_left",
              "reference_temperature_c": 35.0,
              "temperature_coefficient_1_k": -0.001
            },
            {
              "element_id": "dielectric_core",
              "reference_temperature_c": 35.0,
              "temperature_coefficient_1_k": -0.002
            },
            {
              "element_id": "substrate_right",
              "reference_temperature_c": 35.0,
              "temperature_coefficient_1_k": -0.0012
            }
          ]
        },
        "electrothermal_loss": {
          "frequency_hz": 10000000.0,
          "loss_tangent": 0.0002,
          "reference_temperature_c": 35.0,
          "relative_permittivity": 2.1,
          "source_element_id": "dielectric_core"
        },
        "heat_model": {
          "elements": [
            {
              "conductivity": 390.0,
              "id": "conductor_left",
              "node_i": 0,
              "node_j": 1,
              "node_k": 5,
              "node_l": 4,
              "thickness": 0.001
            },
            {
              "conductivity": 0.25,
              "id": "dielectric_core",
              "node_i": 1,
              "node_j": 2,
              "node_k": 6,
              "node_l": 5,
              "thickness": 0.001
            },
            {
              "conductivity": 160.0,
              "id": "substrate_right",
              "node_i": 2,
              "node_j": 3,
              "node_k": 7,
              "node_l": 6,
              "thickness": 0.001
            }
          ],
          "nodes": [
            {
              "fix_temperature": false,
              "heat_load": 0.0,
              "id": "n0",
              "temperature": 35.0,
              "x": 0.0,
              "y": 0.0
            },
            {
              "fix_temperature": false,
              "heat_load": 0.0,
              "id": "n1",
              "temperature": 35.0,
              "x": 0.03,
              "y": 0.0
            },
            {
              "fix_temperature": false,
              "heat_load": 0.0,
              "id": "n2",
              "temperature": 35.0,
              "x": 0.06,
              "y": 0.0
            },
            {
              "fix_temperature": true,
              "heat_load": 0.0,
              "id": "n3",
              "temperature": 35.0,
              "x": 0.09,
              "y": 0.0
            },
            {
              "fix_temperature": false,
              "heat_load": 0.0,
              "id": "n4",
              "temperature": 35.0,
              "x": 0.0,
              "y": 0.03
            },
            {
              "fix_temperature": false,
              "heat_load": 0.0,
              "id": "n5",
              "temperature": 35.0,
              "x": 0.03,
              "y": 0.03
            },
            {
              "fix_temperature": false,
              "heat_load": 0.0,
              "id": "n6",
              "temperature": 35.0,
              "x": 0.06,
              "y": 0.03
            },
            {
              "fix_temperature": true,
              "heat_load": 0.0,
              "id": "n7",
              "temperature": 35.0,
              "x": 0.09,
              "y": 0.03
            }
          ]
        },
        "research": {
          "candidate_id": "copper_ptfe_glass_epoxy",
          "candidate_label": "Copper / PTFE / Glass epoxy",
          "coupling": "iterative_dielectric_and_conductor_joule_heating_with_temperature_dependent_electrical_thermal_feedback_and_expansion_projection",
          "materials": {
            "conductor": "copper",
            "dielectric": "ptfe",
            "substrate": "glass_epoxy"
          },
          "study": "material.composite_thermo_electric_panel.v1"
        },
        "thermal_expansion_feedback": {
          "parameter_source": "screening_sensitivity_not_material_card",
          "regions": [
            {
              "element_id": "conductor_left",
              "reference_temperature_c": 35.0,
              "temperature_coefficient_1_k": 0.0002
            },
            {
              "element_id": "dielectric_core",
              "reference_temperature_c": 35.0,
              "temperature_coefficient_1_k": 0.0008
            },
            {
              "element_id": "substrate_right",
              "reference_temperature_c": 35.0,
              "temperature_coefficient_1_k": 0.0003
            }
          ]
        },
        "thermal_model": {
          "elements": [
            {
              "id": "conductor_left",
              "node_i": 0,
              "node_j": 1,
              "node_k": 5,
              "node_l": 4,
              "poisson_ratio": 0.32,
              "thermal_expansion": 0.000017,
              "thickness": 0.001,
              "youngs_modulus": 110000000000.0
            },
            {
              "id": "dielectric_core",
              "node_i": 1,
              "node_j": 2,
              "node_k": 6,
              "node_l": 5,
              "poisson_ratio": 0.32,
              "thermal_expansion": 0.000045,
              "thickness": 0.001,
              "youngs_modulus": 2500000000.0
            },
            {
              "id": "substrate_right",
              "node_i": 2,
              "node_j": 3,
              "node_k": 7,
              "node_l": 6,
              "poisson_ratio": 0.32,
              "thermal_expansion": 0.000014,
              "thickness": 0.001,
              "youngs_modulus": 22000000000.0
            }
          ],
          "nodes": [
            {
              "fix_x": true,
              "fix_y": true,
              "id": "n0",
              "load_x": 0.0,
              "load_y": 0.0,
              "temperature_delta": 0.0,
              "x": 0.0,
              "y": 0.0
            },
            {
              "fix_x": false,
              "fix_y": false,
              "id": "n1",
              "load_x": 0.0,
              "load_y": 0.0,
              "temperature_delta": 0.0,
              "x": 0.03,
              "y": 0.0
            },
            {
              "fix_x": false,
              "fix_y": false,
              "id": "n2",
              "load_x": 0.0,
              "load_y": 0.0,
              "temperature_delta": 0.0,
              "x": 0.06,
              "y": 0.0
            },
            {
              "fix_x": false,
              "fix_y": false,
              "id": "n3",
              "load_x": 0.0,
              "load_y": 0.0,
              "temperature_delta": 0.0,
              "x": 0.09,
              "y": 0.0
            },
            {
              "fix_x": true,
              "fix_y": true,
              "id": "n4",
              "load_x": 0.0,
              "load_y": 0.0,
              "temperature_delta": 0.0,
              "x": 0.0,
              "y": 0.03
            },
            {
              "fix_x": false,
              "fix_y": false,
              "id": "n5",
              "load_x": 0.0,
              "load_y": 0.0,
              "temperature_delta": 0.0,
              "x": 0.03,
              "y": 0.03
            },
            {
              "fix_x": false,
              "fix_y": false,
              "id": "n6",
              "load_x": 0.0,
              "load_y": 0.0,
              "temperature_delta": 0.0,
              "x": 0.06,
              "y": 0.03
            },
            {
              "fix_x": false,
              "fix_y": false,
              "id": "n7",
              "load_x": 0.0,
              "load_y": 0.0,
              "temperature_delta": 0.0,
              "x": 0.09,
              "y": 0.03
            }
          ]
        }
      },
      "result_preview": {
        "job": {
          "created_at": "2026-08-13T10:08:52.606529Z",
          "execution_started_at": null,
          "execution_timeout_ms": 120000,
          "has_result": false,
          "iteration": null,
          "job_id": "5c9ab8536b8d376e",
          "message": null,
          "model_version_id": null,
          "progress": 0.0,
          "project_id": "ddcadc96acb92b1d",
          "queue_timeout_ms": 1800000,
          "residual": null,
          "simulation_case_id": "396f794b56eec889",
          "status": "queued",
          "status_detail": {
            "active": true,
            "failure_class": null,
            "lifecycle": "active",
            "recoverable": false,
            "terminal": false,
            "timing": {
              "effective_deadline": "2026-08-13T10:38:52.606529Z",
              "effective_timeout_ms": 1800000,
              "execution_elapsed_ms": null,
              "execution_started_at": null,
              "execution_timeout_ms": 120000,
              "job_submission_deadline": "2026-08-13T10:38:52.606529Z",
              "phase": "queue",
              "queue_timeout_ms": 1800000,
              "queue_wait_ms": 0,
              "total_elapsed_ms": 0
            }
          },
          "updated_at": "2026-08-13T10:08:52.606529Z",
          "worker_id": null
        },
        "job_id": "5c9ab8536b8d376e",
        "progress": 0.0,
        "raw": {
          "job": {
            "created_at": "2026-08-13T10:08:52.606529Z",
            "execution_started_at": null,
            "execution_timeout_ms": 120000,
            "has_result": false,
            "iteration": null,
            "job_id": "5c9ab8536b8d376e",
            "message": null,
            "model_version_id": null,
            "progress": 0.0,
            "project_id": "ddcadc96acb92b1d",
            "queue_timeout_ms": 1800000,
            "residual": null,
            "simulation_case_id": "396f794b56eec889",
            "status": "queued",
            "status_detail": {
              "active": true,
              "failure_class": null,
              "lifecycle": "active",
              "recoverable": false,
              "terminal": false,
              "timing": {
                "effective_deadline": "2026-08-13T10:38:52.606529Z",
                "effective_timeout_ms": 1800000,
                "execution_elapsed_ms": null,
                "execution_started_at": null,
                "execution_timeout_ms": 120000,
                "job_submission_deadline": "2026-08-13T10:38:52.606529Z",
                "phase": "queue",
                "queue_timeout_ms": 1800000,
                "queue_wait_ms": 0,
                "total_elapsed_ms": 0
              }
            },
            "updated_at": "2026-08-13T10:08:52.606529Z",
            "worker_id": null
          }
        },
        "status": "queued"
      },
      "requires_confirmation": false
    },
    {
      "index": 8,
      "action": "job_wait",
      "risk": "normal",
      "status": "executed",
      "payload": {
        "interval_ms": 1000,
        "job_id": "5c9ab8536b8d376e",
        "max_total_timeout_ms": 3600000,
        "resume_policy": "server_deadline",
        "timeout_ms": 60000
      },
      "result_preview": {
        "job": {
          "created_at": "2026-08-13T10:08:52.606529Z",
          "execution_started_at": "2026-08-13T10:08:52.609208Z",
          "execution_timeout_ms": 120000,
          "iteration": 4,
          "job_id": "5c9ab8536b8d376e",
          "message": "collecting nodal and elemental responses",
          "model_version_id": null,
          "progress": 1.0,
          "project_id": "ddcadc96acb92b1d",
          "queue_timeout_ms": 1800000,
          "residual": 0.2,
          "simulation_case_id": "396f794b56eec889",
          "status": "completed",
          "status_detail": {
            "active": false,
            "failure_class": null,
            "lifecycle": "terminal",
            "recoverable": false,
            "terminal": true,
            "timing": {
              "effective_deadline": "2026-08-13T10:10:52.609208Z",
              "effective_timeout_ms": 120000,
              "execution_elapsed_ms": 10057,
              "execution_started_at": "2026-08-13T10:08:52.609208Z",
              "execution_timeout_ms": 120000,
              "job_submission_deadline": "2026-08-13T10:38:52.606529Z",
              "phase": "execution",
              "queue_timeout_ms": 1800000,
              "queue_wait_ms": 2,
              "total_elapsed_ms": 10060
            }
          },
          "updated_at": "2026-08-13T10:09:02.666902Z",
          "worker_id": "rust-agent-rpc@127.0.0.1:5001"
        },
        "job_id": "5c9ab8536b8d376e",
        "progress": 1.0,
        "raw": {
          "job": {
            "created_at": "2026-08-13T10:08:52.606529Z",
            "execution_started_at": "2026-08-13T10:08:52.609208Z",
            "execution_timeout_ms": 120000,
            "iteration": 4,
            "job_id": "5c9ab8536b8d376e",
            "message": "collecting nodal and elemental responses",
            "model_version_id": null,
            "progress": 1.0,
            "project_id": "ddcadc96acb92b1d",
            "queue_timeout_ms": 1800000,
            "residual": 0.2,
            "simulation_case_id": "396f794b56eec889",
            "status": "completed",
            "status_detail": {
              "active": false,
              "failure_class": null,
              "lifecycle": "terminal",
              "recoverable": false,
              "terminal": true,
              "timing": {
                "effective_deadline": "2026-08-13T10:10:52.609208Z",
                "effective_timeout_ms": 120000,
                "execution_elapsed_ms": 10057,
                "execution_started_at": "2026-08-13T10:08:52.609208Z",
                "execution_timeout_ms": 120000,
                "job_submission_deadline": "2026-08-13T10:38:52.606529Z",
                "phase": "execution",
                "queue_timeout_ms": 1800000,
                "queue_wait_ms": 2,
                "total_elapsed_ms": 10060
              }
            },
            "updated_at": "2026-08-13T10:09:02.666902Z",
            "worker_id": "rust-agent-rpc@127.0.0.1:5001"
          }
        },
        "result": null,
        "status": "completed",
        "wait": {
          "elapsed_ms": 10153,
          "policy": "server_deadline",
          "poll_attempts": 11,
          "resume_count": 0
        }
      },
      "requires_confirmation": false
    },
    {
      "index": 9,
      "action": "result_fetch",
      "risk": "normal",
      "status": "executed",
      "payload": {
        "job_id": "5c9ab8536b8d376e"
      },
      "result_preview": {
        "job": {
          "created_at": "2026-08-13T10:08:52.606529Z",
          "execution_started_at": "2026-08-13T10:08:52.609208Z",
          "execution_timeout_ms": 120000,
          "has_result": true,
          "iteration": 4,
          "job_id": "5c9ab8536b8d376e",
          "message": "collecting nodal and elemental responses",
          "model_version_id": null,
          "progress": 1.0,
          "project_id": "ddcadc96acb92b1d",
          "queue_timeout_ms": 1800000,
          "residual": 0.2,
          "simulation_case_id": "396f794b56eec889",
          "status": "completed",
          "status_detail": {
            "active": false,
            "failure_class": null,
            "lifecycle": "terminal",
            "recoverable": false,
            "terminal": true,
            "timing": {
              "effective_deadline": "2026-08-13T10:10:52.609208Z",
              "effective_timeout_ms": 120000,
              "execution_elapsed_ms": 10057,
              "execution_started_at": "2026-08-13T10:08:52.609208Z",
              "execution_timeout_ms": 120000,
              "job_submission_deadline": "2026-08-13T10:38:52.606529Z",
              "phase": "execution",
              "queue_timeout_ms": 1800000,
              "queue_wait_ms": 2,
              "total_elapsed_ms": 10060
            }
          },
          "updated_at": "2026-08-13T10:09:02.666902Z",
          "worker_id": "rust-agent-rpc@127.0.0.1:5001"
        },
        "job_id": "5c9ab8536b8d376e",
        "result": {
          "electric_conduction": {
            "contact_interfaces": [],
            "current_balance_relative_error": 0.0,
            "elements": [
              {
                "area_m2": 0.0009,
                "average_electric_potential_v": 0.000016800000000000002,
                "current_density_magnitude_a_m2": 66584.81278024617,
                "current_density_x_a_m2": -66584.81278024617,
                "current_density_y_a_m2": -0.0,
                "electric_field_magnitude_v_m": 0.00112,
                "electric_field_x_v_m": -0.00112,
                "electric_field_y_v_m": -0.0,
                "electric_potential_gradient_x_v_m": 0.00112,
                "electric_potential_gradient_y_v_m": 0.0,
                "id": "conductor_left",
                "index": 0,
                "joule_power_w": 0.00006711749128248815,
                "node_i": 0,
                "node_j": 1,
                "node_k": 2,
                "node_l": 3,
                "peak_current_density_magnitude_a_m2": 66584.81278024617,
                "peak_electric_field_magnitude_v_m": 0.00112,
                "rms_current_density_magnitude_a_m2": 66584.81278024617,
                "rms_electric_field_magnitude_v_m": 0.00112,
                "volumetric_joule_heating_w_m3": 74.57499031387572
              }
            ],
            "free_current_residual_relative_error": 0.0,
            "input": {
              "contact_interfaces": [],
              "elements": [
                {
                  "electrical_conductivity_s_m": 59450725.69664836,
                  "id": "conductor_left",
                  "node_i": 0,
                  "node_j": 1,
                  "node_k": 2,
                  "node_l": 3,
                  "thickness": 0.001
                }
              ],
              "nodes": [
                {
                  "current_source_a": 0.0,
                  "electric_potential_v": 0.0,
                  "fix_electric_potential": true,
                  "id": "n0",
                  "x": 0.0,
                  "y": 0.0
                },
                {
                  "current_source_a": 0.0,
                  "electric_potential_v": 0.000033600000000000004,
                  "fix_electric_potential": true,
                  "id": "n1",
                  "x": 0.03,
                  "y": 0.0
                },
                {
                  "current_source_a": 0.0,
                  "electric_potential_v": 0.000033600000000000004,
                  "fix_electric_potential": true,
                  "id": "n5",
                  "x": 0.03,
                  "y": 0.03
                },
                {
                  "current_source_a": 0.0,
                  "electric_potential_v": 0.0,
                  "fix_electric_potential": true,
                  "id": "n4",
                  "x": 0.0,
                  "y": 0.03
                }
              ],
              "terminals": []
            },
            "max_current_density_a_m2": 66584.81278024617,
            "max_electric_field_v_m": 0.00112,
            "max_electric_potential_v": 0.000033600000000000004,
            "max_free_current_residual_a": 0.0,
            "nodes": [
              {
                "current_source_a": 0.0,
                "electric_potential_v": 0.0,
                "fix_electric_potential": true,
                "id": "n0",
                "index": 0,
                "net_injected_current_a": -0.9987721917036928,
                "reaction_current_a": -0.9987721917036928,
                "x": 0.0,
                "y": 0.0
              },
              {
                "current_source_a": 0.0,
                "electric_potential_v": 0.000033600000000000004,
                "fix_electric_potential": true,
                "id": "n1",
                "index": 1,
                "net_injected_current_a": 0.9987721917036928,
                "reaction_current_a": 0.9987721917036928,
                "x": 0.03,
                "y": 0.0
              },
              {
                "current_source_a": 0.0,
                "electric_potential_v": 0.000033600000000000004,
                "fix_electric_potential": true,
                "id": "n5",
                "index": 2,
                "net_injected_current_a": 0.9987721917036928,
                "reaction_current_a": 0.9987721917036928,
                "x": 0.03,
                "y": 0.03
              },
              {
                "current_source_a": 0.0,
                "electric_potential_v": 0.0,
                "fix_electric_potential": true,
                "id": "n4",
                "index": 3,
                "net_injected_current_a": -0.9987721917036928,
                "reaction_current_a": -0.9987721917036928,
                "x": 0.0,
                "y": 0.03
              }
            ],
            "power_balance_relative_error": 2.0192243328982767e-16,
            "source_power_balance_relative_error": 2.0192243328982767e-16,
            "terminals": [],
            "total_bulk_joule_power_w": 0.00006711749128248815,
            "total_contact_joule_power_w": -0.0,
            "total_dissipated_power_w": 0.00006711749128248815,
            "total_electrical_input_power_w": 0.00006711749128248816,
            "total_extracted_current_a": 1.9975443834073856,
            "total_injected_current_a": 1.9975443834073856,
            "total_joule_power_w": 0.00006711749128248815,
            "total_source_power_w": 0.00006711749128248816,
            "total_terminal_impedance_power_w": -0.0
          },
          "electrostatic": {
            "elements": [
              {
                "area": 0.0009,
                "average_potential": 320.8347294607214,
                "electric_energy_density": 228744274.7291873,
                "electric_field_magnitude": 21388.981964048093,
                "electric_field_x": -21388.981964048093,
                "electric_field_y": 1.8189894035458565e-12,
                "electric_flux_density_magnitude": 21388.981964048093,
                "electric_flux_density_x": -21388.981964048093,
                "electric_flux_density_y": 1.8189894035458565e-12,
                "id": "conductor_left",
                "index": 0,
                "node_i": 0,
                "node_j": 1,
                "node_k": 5,
                "node_l": 4,
                "potential_gradient_x": 21388.981964048093,
                "potential_gradient_y": -1.8189894035458565e-12,
                "stored_energy": 205.86984725626857
              },
              {
                "area": 0.0009,
                "average_potential": 794.4455081605496,
                "electric_energy_density": 108924138.7237926,
                "electric_field_magnitude": 10185.069949273786,
                "electric_field_x": -10185.069949273786,
                "electric_field_y": 1.8189894035458565e-12,
                "electric_flux_density_magnitude": 21388.98196404809,
                "electric_flux_density_x": -21388.98196404809,
                "electric_flux_density_y": 3.819937588942235e-12,
                "id": "dielectric_core",
                "index": 1,
                "node_i": 1,
                "node_j": 2,
                "node_k": 6,
                "node_l": 5,
                "potential_gradient_x": 10185.069949273786,
                "potential_gradient_y": -1.8189894035458565e-12,
                "stored_energy": 98.03172485141334
              },
              {
                "area": 0.0009,
                "average_potential": 1023.6107786998282,
                "electric_energy_density": 54462922.55456854,
                "electric_field_magnitude": 5092.61475334479,
                "electric_field_x": -5092.61475334479,
                "electric_field_y": -0.0,
                "electric_flux_density_magnitude": 21388.98196404812,
                "electric_flux_density_x": -21388.98196404812,
                "electric_flux_density_y": -0.0,
                "id": "substrate_right",
                "index": 2,
                "node_i": 2,
                "node_j": 3,
                "node_k": 7,
                "node_l": 6,
                "potential_gradient_x": 5092.61475334479,
                "potential_gradient_y": 0.0,
                "stored_energy": 49.01663029911168
              }
            ],
            "input": {
              "elements": [
                {
                  "id": "conductor_left",
                  "node_i": 0,
                  "node_j": 1,
                  "node_k": 5,
                  "node_l": 4,
                  "permittivity": 1.0,
                  "thickness": 0.001
                },
                {
                  "id": "dielectric_core",
                  "node_i": 1,
                  "node_j": 2,
                  "node_k": 6,
                  "node_l": 5,
                  "permittivity": 2.1000328982103027,
                  "thickness": 0.001
                },
                {
                  "id": "substrate_right",
                  "node_i": 2,
                  "node_j": 3,
                  "node_k": 7,
                  "node_l": 6,
                  "permittivity": 4.2,
                  "thickness": 0.001
                }
              ],
              "nodes": [
                {
                  "charge_density": 0.0,
                  "fix_potential": true,
                  "id": "n0",
                  "potential": 0.0,
                  "x": 0.0,
                  "y": 0.0
                },
                {
                  "charge_density": 0.0,
                  "fix_potential": false,
                  "id": "n1",
                  "potential": 0.0,
                  "x": 0.03,
                  "y": 0.0
                },
                {
                  "charge_density": 0.0,
                  "fix_potential": false,
                  "id": "n2",
                  "potential": 0.0,
                  "x": 0.06,
                  "y": 0.0
                },
                {
                  "charge_density": 0.0,
                  "fix_potential": true,
                  "id": "n3",
                  "potential": 1100.0,
                  "x": 0.09,
                  "y": 0.0
                },
                {
                  "charge_density": 0.0,
                  "fix_potential": true,
                  "id": "n4",
                  "potential": 0.0,
                  "x": 0.0,
                  "y": 0.03
                },
                {
                  "charge_density": 0.0,
                  "fix_potential": false,
                  "id": "n5",
                  "potential": 0.0,
                  "x": 0.03,
                  "y": 0.03
                },
                {
                  "charge_density": 0.0,
                  "fix_potential": false,
                  "id": "n6",
                  "potential": 0.0,
                  "x": 0.06,
                  "y": 0.03
                },
                {
                  "charge_density": 0.0,
                  "fix_potential": true,
                  "id": "n7",
                  "potential": 1100.0,
                  "x": 0.09,
                  "y": 0.03
                }
              ]
            },
            "max_electric_energy_density": 228744274.7291873,
            "max_electric_field": 21388.981964048093,
            "max_flux_density": 21388.98196404812,
            "max_potential": 1100.0,
            "nodes": [
              {
                "charge_density": 0.0,
                "id": "n0",
                "index": 0,
                "potential": 0.0,
                "x": 0.0,
                "y": 0.0
              },
              {
                "charge_density": 0.0,
                "id": "n1",
                "index": 1,
                "potential": 641.6694589214428,
                "x": 0.03,
                "y": 0.0
              },
              {
                "charge_density": 0.0,
                "id": "n2",
                "index": 2,
                "potential": 947.2215573996564,
                "x": 0.06,
                "y": 0.0
              },
              {
                "charge_density": 0.0,
                "id": "n3",
                "index": 3,
                "potential": 1100.0,
                "x": 0.09,
                "y": 0.0
              },
              {
                "charge_density": 0.0,
                "id": "n4",
                "index": 4,
                "potential": 0.0,
                "x": 0.0,
                "y": 0.03
              },
              {
                "charge_density": 0.0,
                "id": "n5",
                "index": 5,
                "potential": 641.6694589214427,
                "x": 0.03,
                "y": 0.03
              },
              {
                "charge_density": 0.0,
                "id": "n6",
                "index": 6,
                "potential": 947.2215573996564,
                "x": 0.06,
                "y": 0.03
              },
              {
                "charge_density": 0.0,
                "id": "n7",
                "index": 7,
                "potential": 1100.0,
                "x": 0.09,
                "y": 0.03
              }
            ],
            "total_stored_energy": 352.91820240679357
          },
          "electrostatic_mesh_convergence": {
            "finest_pair_relative_change": 3.949788374220947e-15,
            "max_analytic_relative_error": 0.2222222222222223,
            "method": "structured_quad_h_refinement",
            "refinement_levels": [
              1,
              2,
              4,
              8
            ],
            "relative_error_tolerance": 1e-8,
            "samples": [
              {
                "analytic_relative_error": 0.2222222222222223,
                "element_count": 3,
                "elements_per_layer": 1,
                "max_electric_field_v_m": 21388.981964048093,
                "node_count": 8,
                "relative_change_from_previous": null
              },
              {
                "analytic_relative_error": 1.0394179932160386e-15,
                "element_count": 6,
                "elements_per_layer": 2,
                "max_electric_field_v_m": 17500.076152403002,
                "node_count": 14,
                "relative_change_from_previous": 0.22222222222222124
              },
              {
                "analytic_relative_error": 1.2473015918592464e-15,
                "element_count": 12,
                "elements_per_layer": 4,
                "max_electric_field_v_m": 17500.076152403006,
                "node_count": 26,
                "relative_change_from_previous": 2.0788359864320774e-16
              },
              {
                "analytic_relative_error": 5.197089966080193e-15,
                "element_count": 24,
                "elements_per_layer": 8,
                "max_electric_field_v_m": 17500.076152403075,
                "node_count": 50,
                "relative_change_from_previous": 3.949788374220947e-15
              }
            ],
            "schema_version": "kyuubiki.composite-electrostatic-mesh-convergence/v1",
            "status": "fail"
          },
          "electrothermal_feedback_convergence": {
            "conductivity_relative_change_tolerance": 1e-9,
            "converged": true,
            "final_loss_relative_change": 3.55333311080183e-10,
            "final_max_conductivity_relative_change": 1.2514713464063716e-10,
            "final_temperature_residual_c": 3.113695612455558e-8,
            "iteration_count": 11,
            "iterations": [
              {
                "converged": false,
                "coupling_temperature_c": 35.0,
                "dielectric_mean_temperature_c": 35.15677149741096,
                "iteration": 1,
                "loss_relative_change": null,
                "loss_tangent": 0.0002,
                "max_conductivity_relative_change": null,
                "max_temperature_c": 35.31307280396363,
                "relative_permittivity": 2.1,
                "temperature_residual_c": 0.31302972704055776,
                "thermal_conductivity_updates": [
                  {
                    "conductivity_relative_change": null,
                    "conductivity_w_mk": 390.0,
                    "coupling_temperature_c": 35.0,
                    "element_id": "conductor_left",
                    "measured_mean_temperature_c": 35.31302972704056
                  },
                  {
                    "conductivity_relative_change": null,
                    "conductivity_w_mk": 0.25,
                    "coupling_temperature_c": 35.0,
                    "element_id": "dielectric_core",
                    "measured_mean_temperature_c": 35.15677149741096
                  },
                  {
                    "conductivity_relative_change": null,
                    "conductivity_w_mk": 160.0,
                    "coupling_temperature_c": 35.0,
                    "element_id": "substrate_right",
                    "measured_mean_temperature_c": 35.00027817235222
                  }
                ],
                "total_joule_loss_w": 0.0000672,
                "total_loss_w": 0.00002181515270750804
              },
              {
                "converged": false,
                "coupling_temperature_c": 35.12541719792877,
                "dielectric_mean_temperature_c": 35.156680735014135,
                "iteration": 2,
                "loss_relative_change": 0.0007128731650349555,
                "loss_tangent": 0.00020002508343958575,
                "max_conductivity_relative_change": 0.000250834395857491,
                "max_temperature_c": 35.31289161247763,
                "relative_permittivity": 2.100026337611565,
                "temperature_residual_c": 0.062424785495657886,
                "thermal_conductivity_updates": [
                  {
                    "conductivity_relative_change": 0.00025042378163238235,
                    "conductivity_w_mk": 389.90233472516337,
                    "coupling_temperature_c": 35.25042378163245,
                    "element_id": "conductor_left",
                    "measured_mean_temperature_c": 35.31284856712811
                  },
                  {
                    "conductivity_relative_change": 0.000250834395857491,
                    "conductivity_w_mk": 0.24993729140103563,
                    "coupling_temperature_c": 35.12541719792877,
                    "element_id": "dielectric_core",
                    "measured_mean_temperature_c": 35.156680735014135
                  },
                  {
                    "conductivity_relative_change": 2.670454581021886e-7,
                    "conductivity_w_mk": 159.9999572727267,
                    "coupling_temperature_c": 35.000222537881776,
                    "element_id": "substrate_right",
                    "measured_mean_temperature_c": 35.000277974124835
                  }
                ],
                "total_joule_loss_w": 0.00006713392910565824,
                "total_loss_w": 0.00002181776708820313
              },
              {
                "converged": false,
                "coupling_temperature_c": 35.15042802759706,
                "dielectric_mean_temperature_c": 35.15666266080867,
                "iteration": 3,
                "loss_relative_change": 0.00014208888898963572,
                "loss_tangent": 0.0002000300856055194,
                "max_conductivity_relative_change": 0.00005003420963739864,
                "max_temperature_c": 35.312855530454435,
                "relative_permittivity": 2.1000315898857953,
                "temperature_residual_c": 0.01244888136431399,
                "thermal_conductivity_updates": [
                  {
                    "conductivity_relative_change": 0.0000499523376499122,
                    "conductivity_w_mk": 389.8828581920887,
                    "coupling_temperature_c": 35.300363610028974,
                    "element_id": "conductor_left",
                    "measured_mean_temperature_c": 35.31281249139329
                  },
                  {
                    "conductivity_relative_change": 0.00005003420963739864,
                    "conductivity_w_mk": 0.24992478598620144,
                    "coupling_temperature_c": 35.15042802759706,
                    "element_id": "dielectric_core",
                    "measured_mean_temperature_c": 35.15666266080867
                  },
                  {
                    "conductivity_relative_change": 5.3218807495190274e-8,
                    "conductivity_w_mk": 159.99994875771978,
                    "coupling_temperature_c": 35.000266886876226,
                    "element_id": "substrate_right",
                    "measured_mean_temperature_c": 35.000277934642604
                  }
                ],
                "total_joule_loss_w": 0.00006712076869897023,
                "total_loss_w": 0.000021818288447205195
              },
              {
                "converged": false,
                "coupling_temperature_c": 35.15541573416635,
                "dielectric_mean_temperature_c": 35.15665905743096,
                "iteration": 4,
                "loss_relative_change": 0.00002833275524614218,
                "loss_tangent": 0.0002000310831468333,
                "max_conductivity_relative_change": 9.978415205154507e-6,
                "max_temperature_c": 35.31284833693499,
                "relative_permittivity": 2.100032637304175,
                "temperature_residual_c": 0.002482584007125866,
                "thermal_conductivity_updates": [
                  {
                    "conductivity_relative_change": 9.962097342996936e-6,
                    "conductivity_w_mk": 389.878974141103,
                    "coupling_temperature_c": 35.31032271512043,
                    "element_id": "conductor_left",
                    "measured_mean_temperature_c": 35.312805299127554
                  },
                  {
                    "conductivity_relative_change": 9.978415205154507e-6,
                    "conductivity_w_mk": 0.24992229213291683,
                    "coupling_temperature_c": 35.15541573416635,
                    "element_id": "dielectric_core",
                    "measured_mean_temperature_c": 35.15665905743096
                  },
                  {
                    "conductivity_relative_change": 1.0605859145868137e-8,
                    "conductivity_w_mk": 159.99994706078286,
                    "coupling_temperature_c": 35.00027572508933,
                    "element_id": "substrate_right",
                    "measured_mean_temperature_c": 35.00027792677089
                  }
                ],
                "total_joule_loss_w": 0.00006711814484018325,
                "total_loss_w": 0.000021818392417454224
              },
              {
                "converged": false,
                "coupling_temperature_c": 35.156410392778035,
                "dielectric_mean_temperature_c": 35.156658338878266,
                "iteration": 5,
                "loss_relative_change": 5.650066520749734e-6,
                "loss_tangent": 0.0002000312820785556,
                "max_conductivity_relative_change": 1.9899357580477995e-6,
                "max_temperature_c": 35.31284690246903,
                "relative_permittivity": 2.1000328461824833,
                "temperature_residual_c": 0.0004950825854805885,
                "thermal_conductivity_updates": [
                  {
                    "conductivity_relative_change": 1.986683718791349e-6,
                    "conductivity_w_mk": 389.8781995748928,
                    "coupling_temperature_c": 35.31230878232613,
                    "element_id": "conductor_left",
                    "measured_mean_temperature_c": 35.31280386491161
                  },
                  {
                    "conductivity_relative_change": 1.9899357580477995e-6,
                    "conductivity_w_mk": 0.249921794803611,
                    "coupling_temperature_c": 35.156410392778035,
                    "element_id": "dielectric_core",
                    "measured_mean_temperature_c": 35.156658338878266
                  },
                  {
                    "conductivity_relative_change": 2.113615049539664e-9,
                    "conductivity_w_mk": 159.99994672260456,
                    "coupling_temperature_c": 35.00027748643458,
                    "element_id": "substrate_right",
                    "measured_mean_temperature_c": 35.000277925201175
                  }
                ],
                "total_joule_loss_w": 0.00006711762160887824,
                "total_loss_w": 0.000021818413151407617
              },
              {
                "converged": false,
                "coupling_temperature_c": 35.15660874965822,
                "dielectric_mean_temperature_c": 35.1566581955759,
                "iteration": 6,
                "loss_relative_change": 1.1267446482966188e-6,
                "loss_tangent": 0.0002000313217499317,
                "max_conductivity_relative_change": 3.968378995412107e-7,
                "max_temperature_c": 35.31284661639069,
                "relative_permittivity": 2.100032887837428,
                "temperature_residual_c": 0.00009873048860953304,
                "thermal_conductivity_updates": [
                  {
                    "conductivity_relative_change": 3.961898018295903e-7,
                    "conductivity_w_mk": 389.87804510912616,
                    "coupling_temperature_c": 35.31270484839451,
                    "element_id": "conductor_left",
                    "measured_mean_temperature_c": 35.31280357888312
                  },
                  {
                    "conductivity_relative_change": 3.968378995412107e-7,
                    "conductivity_w_mk": 0.2499216956251709,
                    "coupling_temperature_c": 35.15660874965822,
                    "element_id": "dielectric_core",
                    "measured_mean_temperature_c": 35.1566581955759
                  },
                  {
                    "conductivity_relative_change": 4.2121609126562684e-10,
                    "conductivity_w_mk": 159.99994665521,
                    "coupling_temperature_c": 35.000277837447854,
                    "element_id": "substrate_right",
                    "measured_mean_temperature_c": 35.00027792488813
                  }
                ],
                "total_joule_loss_w": 0.00006711751726586934,
                "total_loss_w": 0.000021818417286215314
              },
              {
                "converged": false,
                "coupling_temperature_c": 35.15664830639236,
                "dielectric_mean_temperature_c": 35.15665816700594,
                "iteration": 7,
                "loss_relative_change": 2.2469779252151803e-7,
                "loss_tangent": 0.00020003132966127848,
                "max_conductivity_relative_change": 7.913825570753451e-8,
                "max_temperature_c": 35.31284655935572,
                "relative_permittivity": 2.100032896144343,
                "temperature_residual_c": 0.00001968907269400688,
                "thermal_conductivity_updates": [
                  {
                    "conductivity_relative_change": 7.90090974666306e-8,
                    "conductivity_w_mk": 389.8780143052137,
                    "coupling_temperature_c": 35.3127838327854,
                    "element_id": "conductor_left",
                    "measured_mean_temperature_c": 35.31280352185809
                  },
                  {
                    "conductivity_relative_change": 7.913825570753451e-8,
                    "conductivity_w_mk": 0.24992167584680383,
                    "coupling_temperature_c": 35.15664830639236,
                    "element_id": "dielectric_core",
                    "measured_mean_temperature_c": 35.15665816700594
                  },
                  {
                    "conductivity_relative_change": 8.394265861117538e-11,
                    "conductivity_w_mk": 159.9999466417792,
                    "coupling_temperature_c": 35.000277907400076,
                    "element_id": "substrate_right",
                    "measured_mean_temperature_c": 35.00027792482571
                  }
                ],
                "total_joule_loss_w": 0.00006711749645758935,
                "total_loss_w": 0.00002181841811078713
              },
              {
                "converged": false,
                "coupling_temperature_c": 35.156656194883226,
                "dielectric_mean_temperature_c": 35.15665816130792,
                "iteration": 8,
                "loss_relative_change": 4.480977179096461e-8,
                "loss_tangent": 0.00020003133123897663,
                "max_conductivity_relative_change": 1.578192625612224e-8,
                "max_temperature_c": 35.31284654798057,
                "relative_permittivity": 2.1000328978009257,
                "temperature_residual_c": 3.9264413729256376e-6,
                "thermal_conductivity_updates": [
                  {
                    "conductivity_relative_change": 1.5756186447106952e-8,
                    "conductivity_w_mk": 389.878008162223,
                    "coupling_temperature_c": 35.31279958404355,
                    "element_id": "conductor_left",
                    "measured_mean_temperature_c": 35.312803510484926
                  },
                  {
                    "conductivity_relative_change": 1.578192625612224e-8,
                    "conductivity_w_mk": 0.24992167190255837,
                    "coupling_temperature_c": 35.156656194883226,
                    "element_id": "dielectric_core",
                    "measured_mean_temperature_c": 35.15665816130792
                  },
                  {
                    "conductivity_relative_change": 1.6728668478192834e-11,
                    "conductivity_w_mk": 159.9999466391026,
                    "coupling_temperature_c": 35.00027792134058,
                    "element_id": "substrate_right",
                    "measured_mean_temperature_c": 35.00027792481327
                  }
                ],
                "total_joule_loss_w": 0.00006711749230795342,
                "total_loss_w": 0.000021818418275225023
              },
              {
                "converged": false,
                "coupling_temperature_c": 35.15665776802298,
                "dielectric_mean_temperature_c": 35.1566581601748,
                "iteration": 9,
                "loss_relative_change": 8.936070497961568e-9,
                "loss_tangent": 0.0002000313315536046,
                "max_conductivity_relative_change": 3.147265536473902e-9,
                "max_temperature_c": 35.31284654571852,
                "relative_permittivity": 2.100032898131285,
                "temperature_residual_c": 7.830266142150322e-7,
                "thermal_conductivity_updates": [
                  {
                    "conductivity_relative_change": 3.142135901320299e-9,
                    "conductivity_w_mk": 389.8780069371733,
                    "coupling_temperature_c": 35.312802725196654,
                    "element_id": "conductor_left",
                    "measured_mean_temperature_c": 35.31280350822327
                  },
                  {
                    "conductivity_relative_change": 3.147265536473902e-9,
                    "conductivity_w_mk": 0.2499216711159885,
                    "coupling_temperature_c": 35.15665776802298,
                    "element_id": "dielectric_core",
                    "measured_mean_temperature_c": 35.1566581601748
                  },
                  {
                    "conductivity_relative_change": 3.3336899923067604e-12,
                    "conductivity_w_mk": 159.9999466385692,
                    "coupling_temperature_c": 35.000277924118734,
                    "element_id": "substrate_right",
                    "measured_mean_temperature_c": 35.00027792481079
                  }
                ],
                "total_joule_loss_w": 0.00006711749148042327,
                "total_loss_w": 0.0000218184183080176
              },
              {
                "converged": false,
                "coupling_temperature_c": 35.15665808174444,
                "dielectric_mean_temperature_c": 35.15665815993687,
                "iteration": 10,
                "loss_relative_change": 1.782066326082233e-9,
                "loss_tangent": 0.0002000313316163489,
                "max_conductivity_relative_change": 6.276395246479233e-10,
                "max_temperature_c": 35.3128465452435,
                "relative_permittivity": 2.1000328981971665,
                "temperature_residual_c": 1.561303903940825e-7,
                "thermal_conductivity_updates": [
                  {
                    "conductivity_relative_change": 6.26617333816512e-10,
                    "conductivity_w_mk": 389.878006692869,
                    "coupling_temperature_c": 35.312803351617944,
                    "element_id": "conductor_left",
                    "measured_mean_temperature_c": 35.312803507748335
                  },
                  {
                    "conductivity_relative_change": 6.276395246479233e-10,
                    "conductivity_w_mk": 0.2499216709591278,
                    "coupling_temperature_c": 35.15665808174444,
                    "element_id": "dielectric_core",
                    "measured_mean_temperature_c": 35.15665815993687
                  },
                  {
                    "conductivity_relative_change": 6.643576795049207e-13,
                    "conductivity_w_mk": 159.99994663846292,
                    "coupling_temperature_c": 35.000277924672375,
                    "element_id": "substrate_right",
                    "measured_mean_temperature_c": 35.00027792481028
                  }
                ],
                "total_joule_loss_w": 0.00006711749131539396,
                "total_loss_w": 0.00002181841831455723
              },
              {
                "converged": true,
                "coupling_temperature_c": 35.15665814429838,
                "dielectric_mean_temperature_c": 35.1566581598922,
                "iteration": 11,
                "loss_relative_change": 3.55333311080183e-10,
                "loss_tangent": 0.0002000313316288597,
                "max_conductivity_relative_change": 1.2514713464063716e-10,
                "max_temperature_c": 35.312846545154365,
                "relative_permittivity": 2.1000328982103027,
                "temperature_residual_c": 3.113695612455558e-8,
                "thermal_conductivity_updates": [
                  {
                    "conductivity_relative_change": 1.2494345903329867e-10,
                    "conductivity_w_mk": 389.8780066441563,
                    "coupling_temperature_c": 35.312803476522255,
                    "element_id": "conductor_left",
                    "measured_mean_temperature_c": 35.31280350765921
                  },
                  {
                    "conductivity_relative_change": 1.2514713464063716e-10,
                    "conductivity_w_mk": 0.2499216709278508,
                    "coupling_temperature_c": 35.15665814429838,
                    "element_id": "dielectric_core",
                    "measured_mean_temperature_c": 35.1566581598922
                  },
                  {
                    "conductivity_relative_change": 1.325162644147059e-13,
                    "conductivity_w_mk": 159.9999466384417,
                    "coupling_temperature_c": 35.000277924782694,
                    "element_id": "substrate_right",
                    "measured_mean_temperature_c": 35.00027792481018
                  }
                ],
                "total_joule_loss_w": 0.00006711749128248815,
                "total_loss_w": 0.000021818418315861148
              }
            ],
            "loss_relative_change_tolerance": 1e-9,
            "max_iterations": 12,
            "method": "relaxed_temperature_dependent_dielectric_and_conductivity_fixed_point",
            "parameter_source": "screening_sensitivity_not_material_card",
            "relaxation_factor": 0.8,
            "schema_version": "kyuubiki.composite-electrothermal-feedback-convergence/v1",
            "status": "pass",
            "temperature_residual_tolerance_c": 1e-7
          },
          "electrothermal_loss_projection": {
            "assumptions": [
              "The solved electrostatic field magnitude is interpreted as an RMS harmonic field.",
              "Relative permittivity and loss tangent are scalar, isotropic, and frequency-local screening values.",
              "Element dielectric loss is lumped consistently to its four thermal nodes."
            ],
            "distributed_total_heat_load_w": 0.000021818418315861148,
            "effective_conductivity_s_m": 2.336967768325565e-7,
            "electric_field_rms_v_m": 10185.069949273786,
            "energy_balance_relative_error": 0.0,
            "frequency_hz": 10000000.0,
            "loss_tangent": 0.0002000313316288597,
            "model": "harmonic_dielectric_loss_sigma_eff_e_rms_squared",
            "relative_permittivity": 2.1000328982103027,
            "schema_version": "kyuubiki.composite-electrothermal-loss-projection/v1",
            "source_element_id": "dielectric_core",
            "source_volume_m3": 9e-7,
            "target_element_count": 1,
            "target_node_count": 4,
            "total_loss_w": 0.000021818418315861148,
            "volumetric_loss_w_m3": 24.2426870176235
          },
          "heat": {
            "elements": [
              {
                "area": 0.0009,
                "average_temperature": 35.31280350765921,
                "heat_flow_rate": 1.0067623691964538e-6,
                "heat_flux_magnitude": 1.1186248546627264,
                "heat_flux_x": 1.1186248546627264,
                "heat_flux_y": -0.0,
                "id": "conductor_left",
                "index": 0,
                "node_i": 0,
                "node_j": 1,
                "node_k": 5,
                "node_l": 4,
                "temperature_gradient_x": -0.002869166343316465,
                "temperature_gradient_y": 0.0
              },
              {
                "area": 0.0009,
                "average_temperature": 35.1566581598922,
                "heat_flow_rate": 2.3408010131303853e-6,
                "heat_flux_magnitude": 2.600890014589317,
                "heat_flux_x": 2.600890014589317,
                "heat_flux_y": -0.0,
                "id": "dielectric_core",
                "index": 1,
                "node_i": 1,
                "node_j": 2,
                "node_k": 6,
                "node_l": 5,
                "temperature_gradient_x": -10.406820684790318,
                "temperature_gradient_y": 0.0
              },
              {
                "area": 0.0009,
                "average_temperature": 35.00027792481018,
                "heat_flow_rate": 2.6680772878676224e-6,
                "heat_flux_magnitude": 2.964530319852914,
                "heat_flux_x": 2.964530319852914,
                "heat_flux_y": 1.8189887968951747e-11,
                "id": "substrate_right",
                "index": 2,
                "node_i": 2,
                "node_j": 3,
                "node_k": 7,
                "node_l": 6,
                "temperature_gradient_x": -0.01852832067845611,
                "temperature_gradient_y": -1.1368683772161605e-13
              }
            ],
            "input": {
              "elements": [
                {
                  "conductivity": 389.8780066441563,
                  "id": "conductor_left",
                  "node_i": 0,
                  "node_j": 1,
                  "node_k": 5,
                  "node_l": 4,
                  "thickness": 0.001
                },
                {
                  "conductivity": 0.2499216709278508,
                  "id": "dielectric_core",
                  "node_i": 1,
                  "node_j": 2,
                  "node_k": 6,
                  "node_l": 5,
                  "thickness": 0.001
                },
                {
                  "conductivity": 159.9999466384417,
                  "id": "substrate_right",
                  "node_i": 2,
                  "node_j": 3,
                  "node_k": 7,
                  "node_l": 6,
                  "thickness": 0.001
                }
              ],
              "nodes": [
                {
                  "fix_temperature": false,
                  "heat_load": 0.000016779372820622037,
                  "id": "n0",
                  "temperature": 35.0,
                  "x": 0.0,
                  "y": 0.0
                },
                {
                  "fix_temperature": false,
                  "heat_load": 0.000022233977399587323,
                  "id": "n1",
                  "temperature": 35.0,
                  "x": 0.03,
                  "y": 0.0
                },
                {
                  "fix_temperature": false,
                  "heat_load": 5.454604578965287e-6,
                  "id": "n2",
                  "temperature": 35.0,
                  "x": 0.06,
                  "y": 0.0
                },
                {
                  "fix_temperature": true,
                  "heat_load": 0.0,
                  "id": "n3",
                  "temperature": 35.0,
                  "x": 0.09,
                  "y": 0.0
                },
                {
                  "fix_temperature": false,
                  "heat_load": 0.000016779372820622037,
                  "id": "n4",
                  "temperature": 35.0,
                  "x": 0.0,
                  "y": 0.03
                },
                {
                  "fix_temperature": false,
                  "heat_load": 0.000022233977399587323,
                  "id": "n5",
                  "temperature": 35.0,
                  "x": 0.03,
                  "y": 0.03
                },
                {
                  "fix_temperature": false,
                  "heat_load": 5.454604578965287e-6,
                  "id": "n6",
                  "temperature": 35.0,
                  "x": 0.06,
                  "y": 0.03
                },
                {
                  "fix_temperature": true,
                  "heat_load": 0.0,
                  "id": "n7",
                  "temperature": 35.0,
                  "x": 0.09,
                  "y": 0.03
                }
              ]
            },
            "max_heat_flux": 2.964530319852914,
            "max_temperature": 35.312846545154365,
            "nodes": [
              {
                "heat_load": 0.000016779372820622037,
                "id": "n0",
                "index": 0,
                "temperature": 35.312846545154365,
                "x": 0.0,
                "y": 0.0
              },
              {
                "heat_load": 0.000022233977399587323,
                "id": "n1",
                "index": 1,
                "temperature": 35.31276047016406,
                "x": 0.03,
                "y": 0.0
              },
              {
                "heat_load": 5.454604578965287e-6,
                "id": "n2",
                "index": 2,
                "temperature": 35.000555849620355,
                "x": 0.06,
                "y": 0.0
              },
              {
                "heat_load": 0.0,
                "id": "n3",
                "index": 3,
                "temperature": 35.0,
                "x": 0.09,
                "y": 0.0
              },
              {
                "heat_load": 0.000016779372820622037,
                "id": "n4",
                "index": 4,
                "temperature": 35.31284654515436,
                "x": 0.0,
                "y": 0.03
              },
              {
                "heat_load": 0.000022233977399587323,
                "id": "n5",
                "index": 5,
                "temperature": 35.312760470164065,
                "x": 0.03,
                "y": 0.03
              },
              {
                "heat_load": 5.454604578965287e-6,
                "id": "n6",
                "index": 6,
                "temperature": 35.00055584962035,
                "x": 0.06,
                "y": 0.03
              },
              {
                "heat_load": 0.0,
                "id": "n7",
                "index": 7,
                "temperature": 35.0,
                "x": 0.09,
                "y": 0.03
              }
            ],
            "total_abs_heat_flow_rate": 6.015640670194462e-6
          },
          "heat_cross_validation": {
            "absolute_error_c": 1.0977885267493548e-11,
            "conductivities_w_mk": [
              389.8780066441563,
              0.2499216709278508,
              159.9999466384417
            ],
            "expected_max_temperature_c": 35.31284654516534,
            "fem_max_temperature_c": 35.312846545154365,
            "fixed_temperature_c": 35.0,
            "method": "layered_thermal_resistance_with_regional_generation_closed_form",
            "relative_error": 3.1087511604177154e-13,
            "relative_error_tolerance": 1e-9,
            "schema_version": "kyuubiki.composite-heat-cross-validation/v1",
            "status": "pass",
            "total_heat_load_w": 0.00008893590959834929
          },
          "heat_mesh_convergence": {
            "finest_pair_relative_change": 2.1990641703692694e-11,
            "max_analytic_relative_error": 2.8548999977003696e-11,
            "method": "structured_quad_h_refinement",
            "refinement_levels": [
              1,
              2,
              4,
              8
            ],
            "relative_error_tolerance": 1e-8,
            "samples": [
              {
                "analytic_relative_error": 3.1087511604177154e-13,
                "element_count": 3,
                "elements_per_layer": 1,
                "max_temperature_c": 35.312846545154365,
                "node_count": 8,
                "relative_change_from_previous": null
              },
              {
                "analytic_relative_error": 2.4125518714180197e-12,
                "element_count": 6,
                "elements_per_layer": 2,
                "max_temperature_c": 35.31284654525054,
                "node_count": 14,
                "relative_change_from_previous": 2.723426987459792e-12
              },
              {
                "analytic_relative_error": 6.558358273311005e-12,
                "element_count": 12,
                "elements_per_layer": 4,
                "max_temperature_c": 35.31284654539694,
                "node_count": 26,
                "relative_change_from_previous": 4.145806401892984e-12
              },
              {
                "analytic_relative_error": 2.8548999977003696e-11,
                "element_count": 24,
                "elements_per_layer": 8,
                "max_temperature_c": 35.31284654617349,
                "node_count": 50,
                "relative_change_from_previous": 2.1990641703692694e-11
              }
            ],
            "schema_version": "kyuubiki.composite-heat-mesh-convergence/v1",
            "status": "pass"
          },
          "heat_to_thermal_projection": {
            "mapped_node_count": 8,
            "maximum_coordinate_error_m": 0.0,
            "maximum_temperature_delta_c": 0.3128465451543647,
            "minimum_temperature_delta_c": 0.0,
            "reference_temperature_c": 35.0,
            "schema_version": "kyuubiki.composite-heat-to-thermal-projection/v1"
          },
          "joule_heating_projection": {
            "assumptions": [
              "Steady scalar electrical conductivity is solved on a two-dimensional quad mesh.",
              "Joule heating uses the solved local sigma times electric-field magnitude squared.",
              "Element Joule power integrates both triangular subcell fields before thermal projection.",
              "Recovered terminal currents gate current continuity and electrical input-power balance.",
              "Contact and terminal impedance models require explicit study-level heat mappings."
            ],
            "boundary_voltage_span_v": 0.000033600000000000004,
            "current_balance_relative_error": 0.0,
            "distributed_total_heat_load_w": 0.00006711749128248815,
            "electrical_power_balance_relative_error": 2.0192243328982767e-16,
            "energy_balance_relative_error": 0.0,
            "free_current_residual_relative_error": 0.0,
            "max_current_density_a_m2": 66584.81278024617,
            "max_free_current_residual_a": 0.0,
            "model": "solved_steady_current_density_sigma_e_squared",
            "parameter_source": "screening_reference_not_material_card",
            "regions": [
              {
                "coupling_temperature_c": 35.312803476522255,
                "current_density_magnitude_a_m2": 66584.81278024617,
                "distributed_heat_load_w": 0.00006711749128248815,
                "electric_field_magnitude_v_m": 0.00112,
                "electrical_conductivity_s_m": 59450725.69664836,
                "element_id": "conductor_left",
                "energy_balance_relative_error": 0.0,
                "joule_power_w": 0.00006711749128248815,
                "peak_current_density_magnitude_a_m2": 66584.81278024617,
                "peak_electric_field_magnitude_v_m": 0.00112,
                "rms_current_density_magnitude_a_m2": 66584.81278024617,
                "rms_electric_field_magnitude_v_m": 0.00112,
                "source_volume_m3": 9e-7,
                "volumetric_joule_heating_w_m3": 74.57499031387572
              }
            ],
            "schema_version": "kyuubiki.composite-current-to-heat-projection/v2",
            "source_power_balance_relative_error": 2.0192243328982767e-16,
            "status": "pass",
            "total_dissipated_power_w": 0.00006711749128248815,
            "total_electrical_input_power_w": 0.00006711749128248816,
            "total_extracted_current_a": 1.9975443834073856,
            "total_injected_current_a": 1.9975443834073856,
            "total_joule_loss_w": 0.00006711749128248815,
            "total_source_power_w": 0.00006711749128248816
          },
          "research": {
            "candidate_id": "copper_ptfe_glass_epoxy",
            "candidate_label": "Copper / PTFE / Glass epoxy",
            "coupling": "iterative_dielectric_and_conductor_joule_heating_with_temperature_dependent_electrical_thermal_feedback_and_expansion_projection",
            "materials": {
              "conductor": "copper",
              "dielectric": "ptfe",
              "substrate": "glass_epoxy"
            },
            "study": "material.composite_thermo_electric_panel.v1"
          },
          "schema_version": "kyuubiki.composite-thermo-electric-panel-result/v1",
          "thermal": {
            "elements": [
              {
                "area": 0.0009,
                "average_temperature_delta": 0.3128035076592113,
                "gamma_xy": -1.7232929428188078e-21,
                "id": "conductor_left",
                "index": 0,
                "max_in_plane_shear": 93032.33956266516,
                "mechanical_strain_x": 5.412790665464177e-7,
                "mechanical_strain_y": -1.691497082957546e-6,
                "node_i": 0,
                "node_j": 1,
                "node_k": 5,
                "node_l": 4,
                "principal_stress_1": 3.7834979593753815e-10,
                "principal_stress_2": -186064.67912532992,
                "strain_energy_density": 0.5174532509343701,
                "stress_x": 3.7106120645249674e-10,
                "stress_y": -186064.67912532992,
                "tau_xy": -6.710681393289836e-11,
                "thermal_strain": 5.317992306723565e-6,
                "total_strain_x": 5.859271373269983e-6,
                "total_strain_y": 3.626495223766019e-6,
                "von_mises": 186064.67912533012
              },
              {
                "area": 0.0009,
                "average_temperature_delta": 0.1566581598922063,
                "gamma_xy": 1.2522595384483335e-20,
                "id": "dielectric_core",
                "index": 1,
                "max_in_plane_shear": 4106.634682371454,
                "mechanical_strain_x": 1.0512984786870883e-6,
                "mechanical_strain_y": -3.2853077458971673e-6,
                "node_i": 1,
                "node_j": 2,
                "node_k": 6,
                "node_l": 5,
                "principal_stress_1": -1.4551915228366852e-11,
                "principal_stress_2": -8213.269364742922,
                "strain_energy_density": 0.05151666434514303,
                "stress_x": -1.5296406117057713e-11,
                "stress_y": -8213.269364742922,
                "tau_xy": 1.1780699872411383e-11,
                "thermal_strain": 7.050500699195474e-6,
                "total_strain_x": 8.101799177882563e-6,
                "total_strain_y": 3.7651929532983073e-6,
                "von_mises": 8213.269364742915
              },
              {
                "area": 0.0009,
                "average_temperature_delta": 0.0002779248101756337,
                "gamma_xy": 2.1433455976308918e-21,
                "id": "substrate_right",
                "index": 2,
                "max_in_plane_shear": 985.6575922136342,
                "mechanical_strain_x": -2.8673675409852212e-8,
                "mechanical_strain_y": 8.960523565578387e-8,
                "node_i": 2,
                "node_j": 3,
                "node_k": 7,
                "node_l": 6,
                "principal_stress_1": 1971.315184427235,
                "principal_stress_2": -3.3423930290155106e-11,
                "strain_energy_density": 0.0002658867498234521,
                "stress_x": -3.343004885260194e-11,
                "stress_y": 1971.315184427235,
                "tau_xy": 1.7856086979387935e-11,
                "thermal_strain": 3.890947666876112e-9,
                "total_strain_x": -2.4782727742976098e-8,
                "total_strain_y": 9.349618332266e-8,
                "von_mises": 1971.315184427252
              }
            ],
            "input": {
              "elements": [
                {
                  "id": "conductor_left",
                  "node_i": 0,
                  "node_j": 1,
                  "node_k": 5,
                  "node_l": 4,
                  "poisson_ratio": 0.32,
                  "thermal_expansion": 0.000017001063531926043,
                  "thickness": 0.001,
                  "youngs_modulus": 110000000000.0
                },
                {
                  "id": "dielectric_core",
                  "node_i": 1,
                  "node_j": 2,
                  "node_k": 6,
                  "node_l": 5,
                  "poisson_ratio": 0.32,
                  "thermal_expansion": 0.00004500563969375612,
                  "thickness": 0.001,
                  "youngs_modulus": 2500000000.0
                },
                {
                  "id": "substrate_right",
                  "node_i": 2,
                  "node_j": 3,
                  "node_k": 7,
                  "node_l": 6,
                  "poisson_ratio": 0.32,
                  "thermal_expansion": 0.000014000001167284202,
                  "thickness": 0.001,
                  "youngs_modulus": 22000000000.0
                }
              ],
              "nodes": [
                {
                  "fix_x": true,
                  "fix_y": true,
                  "id": "n0",
                  "load_x": 0.0,
                  "load_y": 0.0,
                  "temperature_delta": 0.3128465451543647,
                  "x": 0.0,
                  "y": 0.0
                },
                {
                  "fix_x": false,
                  "fix_y": false,
                  "id": "n1",
                  "load_x": 0.0,
                  "load_y": 0.0,
                  "temperature_delta": 0.31276047016405784,
                  "x": 0.03,
                  "y": 0.0
                },
                {
                  "fix_x": false,
                  "fix_y": false,
                  "id": "n2",
                  "load_x": 0.0,
                  "load_y": 0.0,
                  "temperature_delta": 0.0005558496203548202,
                  "x": 0.06,
                  "y": 0.0
                },
                {
                  "fix_x": false,
                  "fix_y": false,
                  "id": "n3",
                  "load_x": 0.0,
                  "load_y": 0.0,
                  "temperature_delta": 0.0,
                  "x": 0.09,
                  "y": 0.0
                },
                {
                  "fix_x": true,
                  "fix_y": true,
                  "id": "n4",
                  "load_x": 0.0,
                  "load_y": 0.0,
                  "temperature_delta": 0.3128465451543576,
                  "x": 0.0,
                  "y": 0.03
                },
                {
                  "fix_x": false,
                  "fix_y": false,
                  "id": "n5",
                  "load_x": 0.0,
                  "load_y": 0.0,
                  "temperature_delta": 0.31276047016406494,
                  "x": 0.03,
                  "y": 0.03
                },
                {
                  "fix_x": false,
                  "fix_y": false,
                  "id": "n6",
                  "load_x": 0.0,
                  "load_y": 0.0,
                  "temperature_delta": 0.0005558496203477148,
                  "x": 0.06,
                  "y": 0.03
                },
                {
                  "fix_x": false,
                  "fix_y": false,
                  "id": "n7",
                  "load_x": 0.0,
                  "load_y": 0.0,
                  "temperature_delta": 0.0,
                  "x": 0.09,
                  "y": 0.03
                }
              ]
            },
            "max_displacement": 4.1885278463320817e-7,
            "max_strain_energy_density": 0.5174532509343701,
            "max_stress": 186064.67912533012,
            "max_temperature_delta": 0.3128465451543647,
            "nodes": [
              {
                "displacement_magnitude": 0.0,
                "id": "n0",
                "index": 0,
                "temperature_delta": 0.3128465451543647,
                "ux": 0.0,
                "uy": 0.0,
                "x": 0.0,
                "y": 0.0
              },
              {
                "displacement_magnitude": 2.067227026000216e-7,
                "id": "n1",
                "index": 1,
                "temperature_delta": 0.31276047016405784,
                "ux": 1.7577814119809936e-7,
                "uy": -1.0879485671298077e-7,
                "x": 0.03,
                "y": 0.0
              },
              {
                "displacement_magnitude": 4.188527846332081e-7,
                "id": "n2",
                "index": 2,
                "temperature_delta": 0.0005558496203548202,
                "ux": 4.1883211653457636e-7,
                "uy": -4.160931885968628e-9,
                "x": 0.06,
                "y": 0.0
              },
              {
                "displacement_magnitude": 4.180908338256471e-7,
                "id": "n3",
                "index": 3,
                "temperature_delta": 0.0,
                "ux": 4.1808863470228786e-7,
                "uy": 1.3560463862896544e-9,
                "x": 0.09,
                "y": 0.0
              },
              {
                "displacement_magnitude": 0.0,
                "id": "n4",
                "index": 4,
                "temperature_delta": 0.3128465451543576,
                "ux": 0.0,
                "uy": 0.0,
                "x": 0.0,
                "y": 0.03
              },
              {
                "displacement_magnitude": 2.0672270260002162e-7,
                "id": "n5",
                "index": 5,
                "temperature_delta": 0.31276047016406494,
                "ux": 1.7577814119809965e-7,
                "uy": 1.0879485671298038e-7,
                "x": 0.03,
                "y": 0.03
              },
              {
                "displacement_magnitude": 4.1885278463320817e-7,
                "id": "n6",
                "index": 6,
                "temperature_delta": 0.0005558496203477148,
                "ux": 4.188321165345764e-7,
                "uy": 4.160931885968695e-9,
                "x": 0.06,
                "y": 0.03
              },
              {
                "displacement_magnitude": 4.1809083382564564e-7,
                "id": "n7",
                "index": 7,
                "temperature_delta": 0.0,
                "ux": 4.180886347022864e-7,
                "uy": -1.3560463862880683e-9,
                "x": 0.09,
                "y": 0.03
              }
            ],
            "total_strain_energy": 5.12312221826403e-7
          },
          "thermal_constraint_regularized_mesh_convergence": {
            "algebraic_validation": {
              "max_relative_residual": null,
              "method": "original_system_recomputed_l2_residual_over_max_rhs_l2_or_one",
              "qualification_effect": "algebraic_gate_does_not_override_discretization_gates",
              "relative_residual_tolerance": 1e-10,
              "required_series": [
                "uniform_full_edge_clamp",
                "uniform_regularized_restraint",
                "interface_graded_full_edge_clamp"
              ],
              "schema_version": "kyuubiki.composite-thermal-algebraic-validation/v1",
              "series": [],
              "status": "missing"
            },
            "convergence_tolerance": 0.02,
            "diagnostic_metrics": [
              "max_von_mises_stress_pa"
            ],
            "finest_pair_displacement_relative_change": 0.001665225446236323,
            "finest_pair_peak_stress_relative_change": 0.30907378052064777,
            "finest_pair_strain_energy_relative_change": 0.22724438567510952,
            "method": "structured_quad_h_refinement_preserving_piecewise_linear_temperature_roller_edge_with_vertical_anchor",
            "pass_metrics": [
              "max_displacement_m",
              "total_strain_energy_j"
            ],
            "refinement_levels": [
              1,
              2,
              4,
              8
            ],
            "regime_assessment": {
              "diagnosis": "pass_metrics_lack_qualified_discretization_uncertainty",
              "gci_safety_factor": 1.25,
              "method": "four_level_constant_ratio_observed_order_and_fine_grid_gci",
              "metrics": [
                {
                  "coarse_triplet_observed_order": 0.5427949864609153,
                  "fine_grid_gci": null,
                  "fine_triplet_observed_order": 4.097701224689612,
                  "metric": "max_displacement_m",
                  "observed_order_relative_difference": 0.8675367098044025,
                  "qualification_role": "pass_metric",
                  "regime": "oscillatory",
                  "richardson_extrapolated_value": null,
                  "unit": "m"
                },
                {
                  "coarse_triplet_observed_order": 1.6906953596262893,
                  "fine_grid_gci": 0.16747359657050293,
                  "fine_triplet_observed_order": 1.6757705946626875,
                  "metric": "total_strain_energy_j",
                  "observed_order_relative_difference": 0.008827589712495856,
                  "qualification_role": "pass_metric",
                  "regime": "asymptotic_converging",
                  "richardson_extrapolated_value": 9.580650690075068e-9,
                  "unit": "J"
                },
                {
                  "coarse_triplet_observed_order": -3.896555243654752,
                  "fine_grid_gci": null,
                  "fine_triplet_observed_order": -0.6813330867200419,
                  "metric": "max_von_mises_stress_pa",
                  "observed_order_relative_difference": 0.8251447639990369,
                  "qualification_role": "diagnostic_metric",
                  "regime": "monotonic_diverging",
                  "richardson_extrapolated_value": null,
                  "unit": "Pa"
                }
              ],
              "order_consistency_tolerance": 0.25,
              "qualification_effect": "gci_gates_require_asymptotic_pass_metric_evidence",
              "qualification_tolerance": 0.02,
              "refinement_ratio": 2.0,
              "schema_version": "kyuubiki.composite-thermal-convergence-regime/v1",
              "status": "fail"
            },
            "samples": [
              {
                "displacement_relative_change": null,
                "element_count": 3,
                "elements_per_original_element": 1,
                "max_displacement_m": 4.183468910566058e-7,
                "max_von_mises_stress_pa": 10283.112537770648,
                "node_count": 8,
                "peak_stress_relative_change": null,
                "strain_energy_relative_change": null,
                "total_strain_energy_j": 5.826238597863179e-8
              },
              {
                "displacement_relative_change": 0.041067345030206474,
                "element_count": 12,
                "elements_per_original_element": 2,
                "max_displacement_m": 4.0116649493926994e-7,
                "max_von_mises_stress_pa": 10557.35809286318,
                "node_count": 21,
                "peak_stress_relative_change": 0.02597672189199708,
                "strain_energy_relative_change": 0.575885946083481,
                "total_strain_energy_j": 2.4709896708246484e-8
              },
              {
                "displacement_relative_change": 0.028558002128969497,
                "element_count": 48,
                "elements_per_original_element": 4,
                "max_displacement_m": 4.129598018393777e-7,
                "max_von_mises_stress_pa": 14641.676629810345,
                "node_count": 65,
                "peak_stress_relative_change": 0.27895156000314353,
                "strain_energy_relative_change": 0.4206334435194168,
                "total_strain_energy_j": 1.4316087766847662e-8
              },
              {
                "displacement_relative_change": 0.001665225446236323,
                "element_count": 192,
                "elements_per_original_element": 8,
                "max_displacement_m": 4.13648620047281e-7,
                "max_von_mises_stress_pa": 21191.37502242075,
                "node_count": 225,
                "peak_stress_relative_change": 0.30907378052064777,
                "strain_energy_relative_change": 0.22724438567510952,
                "total_strain_energy_j": 1.1062837196999414e-8
              }
            ],
            "schema_version": "kyuubiki.composite-thermal-mesh-convergence/v1",
            "status": "fail"
          },
          "thermal_constraint_sensitivity": {
            "alternative_restraint": "roller_edge_with_vertical_anchor",
            "alternative_status": "fail",
            "diagnosis": "mixed_restraint_sensitivity_and_persistent_energy_nonconvergence",
            "displacement_change_ratio_alternative_to_primary": 0.4267806595261253,
            "peak_stress_change_ratio_alternative_to_primary": 1.190303664697213,
            "primary_restraint": "full_edge_clamp",
            "primary_status": "fail",
            "qualification_effect": "diagnostic_only_does_not_override_primary_quality_gates",
            "schema_version": "kyuubiki.composite-thermal-constraint-sensitivity/v1",
            "strain_energy_change_ratio_alternative_to_primary": 1.7230295998704788
          },
          "thermal_expansion_projection": {
            "coverage_fraction": 1.0,
            "declared_region_count": 3,
            "max_relative_change": 0.00012532652791378575,
            "model": "regional_linear_temperature_dependent_thermal_expansion",
            "parameter_source": "screening_sensitivity_not_material_card",
            "schema_version": "kyuubiki.composite-thermal-expansion-projection/v1",
            "status": "pass",
            "updated_region_count": 3,
            "updates": [
              {
                "adjusted_thermal_expansion_1_k": 0.000017001063531926043,
                "element_id": "conductor_left",
                "mean_temperature_c": 35.31280350765921,
                "reference_thermal_expansion_1_k": 0.000017,
                "relative_change": 0.00006256070153195038
              },
              {
                "adjusted_thermal_expansion_1_k": 0.00004500563969375612,
                "element_id": "dielectric_core",
                "mean_temperature_c": 35.1566581598922,
                "reference_thermal_expansion_1_k": 0.000045,
                "relative_change": 0.00012532652791378575
              },
              {
                "adjusted_thermal_expansion_1_k": 0.000014000001167284202,
                "element_id": "substrate_right",
                "mean_temperature_c": 35.00027792481018,
                "reference_thermal_expansion_1_k": 0.000014,
                "relative_change": 8.337744300744118e-8
              }
            ]
          },
          "thermal_interface_grading_assessment": {
            "diagnosis": "graded_mesh_did_not_resolve_nonconvergence",
            "displacement_change_ratio_graded_to_uniform": 1.163708911422289,
            "graded_mesh_convergence": {
              "algebraic_validation": {
                "max_relative_residual": null,
                "method": "original_system_recomputed_l2_residual_over_max_rhs_l2_or_one",
                "qualification_effect": "algebraic_gate_does_not_override_discretization_gates",
                "relative_residual_tolerance": 1e-10,
                "required_series": [
                  "uniform_full_edge_clamp",
                  "uniform_regularized_restraint",
                  "interface_graded_full_edge_clamp"
                ],
                "schema_version": "kyuubiki.composite-thermal-algebraic-validation/v1",
                "series": [],
                "status": "missing"
              },
              "convergence_tolerance": 0.02,
              "diagnostic_metrics": [
                "max_von_mises_stress_pa"
              ],
              "finest_pair_displacement_relative_change": 0.004540593975050414,
              "finest_pair_peak_stress_relative_change": 0.4148833757981683,
              "finest_pair_strain_energy_relative_change": 0.11933667408302503,
              "method": "cosine_graded_quad_h_refinement_at_clamp_interfaces_and_free_edges",
              "pass_metrics": [
                "max_displacement_m",
                "total_strain_energy_j"
              ],
              "refinement_levels": [
                1,
                2,
                4,
                8
              ],
              "regime_assessment": {
                "diagnosis": "pass_metrics_lack_qualified_discretization_uncertainty",
                "gci_safety_factor": 1.25,
                "method": "four_level_constant_ratio_observed_order_and_fine_grid_gci",
                "metrics": [
                  {
                    "coarse_triplet_observed_order": 2.0275145360791034,
                    "fine_grid_gci": null,
                    "fine_triplet_observed_order": 1.0545079673122264,
                    "metric": "max_displacement_m",
                    "observed_order_relative_difference": 0.47990115555399165,
                    "qualification_role": "pass_metric",
                    "regime": "oscillatory",
                    "richardson_extrapolated_value": null,
                    "unit": "m"
                  },
                  {
                    "coarse_triplet_observed_order": 0.8547358813819648,
                    "fine_grid_gci": null,
                    "fine_triplet_observed_order": 1.773034038558612,
                    "metric": "total_strain_energy_j",
                    "observed_order_relative_difference": 0.5179247195520159,
                    "qualification_role": "pass_metric",
                    "regime": "monotonic_pre_asymptotic",
                    "richardson_extrapolated_value": null,
                    "unit": "J"
                  },
                  {
                    "coarse_triplet_observed_order": -1.0595546107690978,
                    "fine_grid_gci": null,
                    "fine_triplet_observed_order": -0.5966185957335117,
                    "metric": "max_von_mises_stress_pa",
                    "observed_order_relative_difference": 0.43691567223661576,
                    "qualification_role": "diagnostic_metric",
                    "regime": "monotonic_diverging",
                    "richardson_extrapolated_value": null,
                    "unit": "Pa"
                  }
                ],
                "order_consistency_tolerance": 0.25,
                "qualification_effect": "gci_gates_require_asymptotic_pass_metric_evidence",
                "qualification_tolerance": 0.02,
                "refinement_ratio": 2.0,
                "schema_version": "kyuubiki.composite-thermal-convergence-regime/v1",
                "status": "fail"
              },
              "samples": [
                {
                  "displacement_relative_change": null,
                  "element_count": 3,
                  "elements_per_original_element": 1,
                  "max_displacement_m": 4.1885278463320817e-7,
                  "max_von_mises_stress_pa": 186064.67912533012,
                  "node_count": 8,
                  "peak_stress_relative_change": null,
                  "strain_energy_relative_change": null,
                  "total_strain_energy_j": 5.12312221826403e-7
                },
                {
                  "displacement_relative_change": 0.037365476709043416,
                  "element_count": 12,
                  "elements_per_original_element": 2,
                  "max_displacement_m": 4.032021506644781e-7,
                  "max_von_mises_stress_pa": 322802.8294619892,
                  "node_count": 21,
                  "peak_stress_relative_change": 0.42359650491465206,
                  "strain_energy_relative_change": 0.34379096146447247,
                  "total_strain_energy_j": 3.361839105147038e-7
                },
                {
                  "displacement_relative_change": 0.009430857818025468,
                  "element_count": 48,
                  "elements_per_original_element": 4,
                  "max_displacement_m": 4.070408954758324e-7,
                  "max_von_mises_stress_pa": 607804.5099311707,
                  "node_count": 65,
                  "peak_stress_relative_change": 0.4689035303496774,
                  "strain_energy_relative_change": 0.28970174281756517,
                  "total_strain_energy_j": 2.3879084573136973e-7
                },
                {
                  "displacement_relative_change": 0.004540593975050414,
                  "element_count": 192,
                  "elements_per_original_element": 8,
                  "max_displacement_m": 4.051926880382357e-7,
                  "max_von_mises_stress_pa": 1038774.9805609916,
                  "node_count": 225,
                  "peak_stress_relative_change": 0.4148833757981683,
                  "strain_energy_relative_change": 0.11933667408302503,
                  "total_strain_energy_j": 2.1029434040031537e-7
                }
              ],
              "schema_version": "kyuubiki.composite-thermal-mesh-convergence/v1",
              "status": "fail"
            },
            "graded_stress_recovery": {
              "convergence_tolerance": 0.02,
              "diagnostic_metrics": [
                "max_stress_pa",
                "max_to_p95_ratio"
              ],
              "finest_pair_max_relative_change": 0.4148833757981683,
              "finest_pair_p95_relative_change": 0.34052630835906905,
              "finest_pair_rms_relative_change": 0.009227411846841496,
              "method": "interface_graded_mesh_element_area_weighted_von_mises_p95_and_rms",
              "pass_metrics": [
                "area_weighted_rms_stress_pa",
                "area_weighted_p95_stress_pa"
              ],
              "refinement_levels": [
                1,
                2,
                4,
                8
              ],
              "samples": [
                {
                  "element_count": 3,
                  "elements_per_original_element": 1,
                  "max_relative_change": null,
                  "p95_relative_change": null,
                  "rms_relative_change": null,
                  "statistics": {
                    "area_weighted_mean_stress_pa": 65416.42122483343,
                    "area_weighted_p95_stress_pa": 186064.67912533012,
                    "area_weighted_rms_stress_pa": 107535.12402191549,
                    "max_stress_pa": 186064.67912533012,
                    "max_to_p95_ratio": 1.0
                  }
                },
                {
                  "element_count": 12,
                  "elements_per_original_element": 2,
                  "max_relative_change": 0.42359650491465206,
                  "p95_relative_change": 0.42359650491465206,
                  "rms_relative_change": 0.1965122997153095,
                  "statistics": {
                    "area_weighted_mean_stress_pa": 66191.79553918398,
                    "area_weighted_p95_stress_pa": 322802.8294619892,
                    "area_weighted_rms_stress_pa": 133835.4326815629,
                    "max_stress_pa": 322802.8294619892,
                    "max_to_p95_ratio": 1.0
                  }
                },
                {
                  "element_count": 48,
                  "elements_per_original_element": 4,
                  "max_relative_change": 0.4689035303496774,
                  "p95_relative_change": 0.5157299081420698,
                  "rms_relative_change": 0.040874018474848506,
                  "statistics": {
                    "area_weighted_mean_stress_pa": 50175.58544588841,
                    "area_weighted_p95_stress_pa": 156323.7558755573,
                    "area_weighted_rms_stress_pa": 128365.04073354736,
                    "max_stress_pa": 607804.5099311707,
                    "max_to_p95_ratio": 3.88811352776745
                  }
                },
                {
                  "element_count": 192,
                  "elements_per_original_element": 8,
                  "max_relative_change": 0.4148833757981683,
                  "p95_relative_change": 0.34052630835906905,
                  "rms_relative_change": 0.009227411846841496,
                  "statistics": {
                    "area_weighted_mean_stress_pa": 46812.91782744592,
                    "area_weighted_p95_stress_pa": 237043.20256746828,
                    "area_weighted_rms_stress_pa": 127180.56363596232,
                    "max_stress_pa": 1038774.9805609916,
                    "max_to_p95_ratio": 4.382217964108593
                  }
                }
              ],
              "schema_version": "kyuubiki.composite-thermal-stress-recovery/v1",
              "status": "fail"
            },
            "max_change_ratio_graded_to_uniform": 1.5977971402252924,
            "p95_change_ratio_graded_to_uniform": 1.1439846197748509,
            "qualification_effect": "diagnostic_only_does_not_override_uniform_mesh_gates",
            "rms_change_ratio_graded_to_uniform": 0.5714246494403965,
            "schema_version": "kyuubiki.composite-thermal-interface-grading-assessment/v1",
            "strain_energy_change_ratio_graded_to_uniform": 0.9048435726334004
          },
          "thermal_mesh_convergence": {
            "algebraic_validation": {
              "max_relative_residual": 1.7003857814677467e-14,
              "method": "original_system_recomputed_l2_residual_over_max_rhs_l2_or_one",
              "qualification_effect": "algebraic_gate_does_not_override_discretization_gates",
              "relative_residual_tolerance": 1e-10,
              "required_series": [
                "uniform_full_edge_clamp",
                "uniform_regularized_restraint",
                "interface_graded_full_edge_clamp"
              ],
              "schema_version": "kyuubiki.composite-thermal-algebraic-validation/v1",
              "series": [
                {
                  "label": "uniform_full_edge_clamp",
                  "max_relative_residual": 1.0138348423944428e-14,
                  "samples": [
                    {
                      "element_count": 3,
                      "elements_per_original_element": 1,
                      "matrix_non_zero_count": 112,
                      "node_count": 8,
                      "relative_residual": 2.791165518960527e-16,
                      "residual_norm": 7.246060743383874e-15,
                      "rhs_norm": 25.96069883409286,
                      "solver_iterations": 0
                    },
                    {
                      "element_count": 12,
                      "elements_per_original_element": 2,
                      "matrix_non_zero_count": 440,
                      "node_count": 21,
                      "relative_residual": 4.0382865973996363e-16,
                      "residual_norm": 1.0320241515592954e-14,
                      "rhs_norm": 25.55599080619598,
                      "solver_iterations": 0
                    },
                    {
                      "element_count": 48,
                      "elements_per_original_element": 4,
                      "matrix_non_zero_count": 1746,
                      "node_count": 65,
                      "relative_residual": 2.578846906684294e-15,
                      "residual_norm": 5.183667180987762e-14,
                      "rhs_norm": 20.100716981499957,
                      "solver_iterations": 0
                    },
                    {
                      "element_count": 192,
                      "elements_per_original_element": 8,
                      "matrix_non_zero_count": 6925,
                      "node_count": 225,
                      "relative_residual": 1.0138348423944428e-14,
                      "residual_norm": 1.5078305749870786e-13,
                      "rhs_norm": 14.872546414225932,
                      "solver_iterations": 0
                    }
                  ],
                  "solver_path": "dense_direct",
                  "status": "pass"
                },
                {
                  "label": "uniform_regularized_restraint",
                  "max_relative_residual": 1.2965093023289031e-14,
                  "samples": [
                    {
                      "element_count": 3,
                      "elements_per_original_element": 1,
                      "matrix_non_zero_count": 121,
                      "node_count": 8,
                      "relative_residual": 1.54768448777653e-16,
                      "residual_norm": 4.486910921119498e-15,
                      "rhs_norm": 28.99112161785369,
                      "solver_iterations": 0
                    },
                    {
                      "element_count": 12,
                      "elements_per_original_element": 2,
                      "matrix_non_zero_count": 463,
                      "node_count": 21,
                      "relative_residual": 5.549395225656959e-16,
                      "residual_norm": 1.4627097333996455e-14,
                      "rhs_norm": 26.358002519571567,
                      "solver_iterations": 0
                    },
                    {
                      "element_count": 48,
                      "elements_per_original_element": 4,
                      "matrix_non_zero_count": 1798,
                      "node_count": 65,
                      "relative_residual": 2.887635281628495e-15,
                      "residual_norm": 5.878648219744134e-14,
                      "rhs_norm": 20.358001085333893,
                      "solver_iterations": 0
                    },
                    {
                      "element_count": 192,
                      "elements_per_original_element": 8,
                      "matrix_non_zero_count": 7030,
                      "node_count": 225,
                      "relative_residual": 1.2965093023289031e-14,
                      "residual_norm": 1.9395495019235746e-13,
                      "rhs_norm": 14.959780839517206,
                      "solver_iterations": 0
                    }
                  ],
                  "solver_path": "dense_direct",
                  "status": "pass"
                },
                {
                  "label": "interface_graded_full_edge_clamp",
                  "max_relative_residual": 1.7003857814677467e-14,
                  "samples": [
                    {
                      "element_count": 3,
                      "elements_per_original_element": 1,
                      "matrix_non_zero_count": 112,
                      "node_count": 8,
                      "relative_residual": 2.791165518960527e-16,
                      "residual_norm": 7.246060743383874e-15,
                      "rhs_norm": 25.96069883409286,
                      "solver_iterations": 0
                    },
                    {
                      "element_count": 12,
                      "elements_per_original_element": 2,
                      "matrix_non_zero_count": 444,
                      "node_count": 21,
                      "relative_residual": 7.345179318097843e-16,
                      "residual_norm": 1.8771333512316932e-14,
                      "rhs_norm": 25.55599080619598,
                      "solver_iterations": 0
                    },
                    {
                      "element_count": 48,
                      "elements_per_original_element": 4,
                      "matrix_non_zero_count": 1749,
                      "node_count": 65,
                      "relative_residual": 2.7960848184835417e-15,
                      "residual_norm": 6.229096405222435e-14,
                      "rhs_norm": 22.277923631089237,
                      "solver_iterations": 0
                    },
                    {
                      "element_count": 192,
                      "elements_per_original_element": 8,
                      "matrix_non_zero_count": 6951,
                      "node_count": 225,
                      "relative_residual": 1.7003857814677467e-14,
                      "residual_norm": 2.85877953243884e-13,
                      "rhs_norm": 16.812534917641955,
                      "solver_iterations": 0
                    }
                  ],
                  "solver_path": "dense_direct",
                  "status": "pass"
                }
              ],
              "status": "pass"
            },
            "convergence_tolerance": 0.02,
            "diagnostic_metrics": [
              "max_von_mises_stress_pa"
            ],
            "finest_pair_displacement_relative_change": 0.003901829684797107,
            "finest_pair_peak_stress_relative_change": 0.2596596059370021,
            "finest_pair_strain_energy_relative_change": 0.13188652457983985,
            "method": "structured_quad_h_refinement_preserving_piecewise_linear_temperature_full_edge_clamp",
            "pass_metrics": [
              "max_displacement_m",
              "total_strain_energy_j"
            ],
            "refinement_levels": [
              1,
              2,
              4,
              8
            ],
            "regime_assessment": {
              "diagnosis": "pass_metrics_lack_qualified_discretization_uncertainty",
              "gci_safety_factor": 1.25,
              "method": "four_level_constant_ratio_observed_order_and_fine_grid_gci",
              "metrics": [
                {
                  "coarse_triplet_observed_order": 10.583462873312705,
                  "fine_grid_gci": null,
                  "fine_triplet_observed_order": -7.274716381258429,
                  "metric": "max_displacement_m",
                  "observed_order_relative_difference": 1.6873663628189577,
                  "qualification_role": "pass_metric",
                  "regime": "oscillatory",
                  "richardson_extrapolated_value": null,
                  "unit": "m"
                },
                {
                  "coarse_triplet_observed_order": 1.082854583148894,
                  "fine_grid_gci": 0.12731636104749233,
                  "fine_triplet_observed_order": 1.317067202709961,
                  "metric": "total_strain_energy_j",
                  "observed_order_relative_difference": 0.1778289058289187,
                  "qualification_role": "pass_metric",
                  "regime": "asymptotic_converging",
                  "richardson_extrapolated_value": 1.9728959470989498e-7,
                  "unit": "J"
                },
                {
                  "coarse_triplet_observed_order": 0.0404133647323601,
                  "fine_grid_gci": null,
                  "fine_triplet_observed_order": -0.2657166340380853,
                  "metric": "max_von_mises_stress_pa",
                  "observed_order_relative_difference": 1.1520919639775644,
                  "qualification_role": "diagnostic_metric",
                  "regime": "monotonic_diverging",
                  "richardson_extrapolated_value": null,
                  "unit": "Pa"
                }
              ],
              "order_consistency_tolerance": 0.25,
              "qualification_effect": "gci_gates_require_asymptotic_pass_metric_evidence",
              "qualification_tolerance": 0.02,
              "refinement_ratio": 2.0,
              "schema_version": "kyuubiki.composite-thermal-convergence-regime/v1",
              "status": "fail"
            },
            "samples": [
              {
                "displacement_relative_change": null,
                "element_count": 3,
                "elements_per_original_element": 1,
                "max_displacement_m": 4.1885278463320817e-7,
                "max_von_mises_stress_pa": 186064.67912533012,
                "node_count": 8,
                "peak_stress_relative_change": null,
                "strain_energy_relative_change": null,
                "total_strain_energy_j": 5.12312221826403e-7
              },
              {
                "displacement_relative_change": 0.03736547670906946,
                "element_count": 12,
                "elements_per_original_element": 2,
                "max_displacement_m": 4.0320215066446715e-7,
                "max_von_mises_stress_pa": 322802.8294619893,
                "node_count": 21,
                "peak_stress_relative_change": 0.42359650491465217,
                "strain_energy_relative_change": 0.3437909614644726,
                "total_strain_energy_j": 3.3618391051470373e-7
              },
              {
                "displacement_relative_change": 0.00002529637701998024,
                "element_count": 48,
                "elements_per_original_element": 4,
                "max_displacement_m": 4.032123504761039e-7,
                "max_von_mises_stress_pa": 455763.7661155911,
                "node_count": 65,
                "peak_stress_relative_change": 0.29173213523929015,
                "strain_energy_relative_change": 0.24733212912822097,
                "total_strain_energy_j": 2.5303482814845076e-7
              },
              {
                "displacement_relative_change": 0.003901829684797107,
                "element_count": 192,
                "elements_per_original_element": 8,
                "max_displacement_m": 4.047917790557856e-7,
                "max_von_mises_stress_pa": 615613.8038265797,
                "node_count": 225,
                "peak_stress_relative_change": 0.2596596059370021,
                "strain_energy_relative_change": 0.13188652457983985,
                "total_strain_energy_j": 2.1966294406629458e-7
              }
            ],
            "schema_version": "kyuubiki.composite-thermal-mesh-convergence/v1",
            "status": "fail"
          },
          "thermal_stress_recovery": {
            "convergence_tolerance": 0.02,
            "diagnostic_metrics": [
              "max_stress_pa",
              "max_to_p95_ratio"
            ],
            "finest_pair_max_relative_change": 0.2596596059370021,
            "finest_pair_p95_relative_change": 0.2976668588657149,
            "finest_pair_rms_relative_change": 0.016148081563996265,
            "method": "uniform_mesh_element_area_weighted_von_mises_p95_and_rms",
            "pass_metrics": [
              "area_weighted_rms_stress_pa",
              "area_weighted_p95_stress_pa"
            ],
            "refinement_levels": [
              1,
              2,
              4,
              8
            ],
            "samples": [
              {
                "element_count": 3,
                "elements_per_original_element": 1,
                "max_relative_change": null,
                "p95_relative_change": null,
                "rms_relative_change": null,
                "statistics": {
                  "area_weighted_mean_stress_pa": 65416.42122483343,
                  "area_weighted_p95_stress_pa": 186064.67912533012,
                  "area_weighted_rms_stress_pa": 107535.12402191549,
                  "max_stress_pa": 186064.67912533012,
                  "max_to_p95_ratio": 1.0
                }
              },
              {
                "element_count": 12,
                "elements_per_original_element": 2,
                "max_relative_change": 0.42359650491465217,
                "p95_relative_change": 0.42359650491465217,
                "rms_relative_change": 0.1965122997153093,
                "statistics": {
                  "area_weighted_mean_stress_pa": 66191.795539184,
                  "area_weighted_p95_stress_pa": 322802.8294619893,
                  "area_weighted_rms_stress_pa": 133835.43268156287,
                  "max_stress_pa": 322802.8294619893,
                  "max_to_p95_ratio": 1.0
                }
              },
              {
                "element_count": 48,
                "elements_per_original_element": 4,
                "max_relative_change": 0.29173213523929015,
                "p95_relative_change": 0.2452195301854509,
                "rms_relative_change": 0.02138376535875951,
                "statistics": {
                  "area_weighted_mean_stress_pa": 52258.07595368291,
                  "area_weighted_p95_stress_pa": 427677.77171195555,
                  "area_weighted_rms_stress_pa": 130973.52719241228,
                  "max_stress_pa": 455763.7661155911,
                  "max_to_p95_ratio": 1.0656709239089277
                }
              },
              {
                "element_count": 192,
                "elements_per_original_element": 8,
                "max_relative_change": 0.2596596059370021,
                "p95_relative_change": 0.2976668588657149,
                "rms_relative_change": 0.016148081563996265,
                "statistics": {
                  "area_weighted_mean_stress_pa": 47966.22367605848,
                  "area_weighted_p95_stress_pa": 300372.2727997694,
                  "area_weighted_rms_stress_pa": 128858.55599258492,
                  "max_stress_pa": 615613.8038265797,
                  "max_to_p95_ratio": 2.049502765646258
                }
              }
            ],
            "schema_version": "kyuubiki.composite-thermal-stress-recovery/v1",
            "status": "fail"
          }
        },
        "status": "completed"
      },
      "requires_confirmation": false
    }
  ]
}
