{
  "schema_version": "kyuubiki.headless-execution-run/v1",
  "workflow_id": "template.material_composite_thermo_electric_panel_screening",
  "mode": "execute:service",
  "status": "ok",
  "executed_step_count": 9,
  "warning_count": 0,
  "blocked_by_confirmation": null,
  "validation": {
    "ok": true,
    "issue_count": 0,
    "issues": [],
    "warning_count": 0,
    "warnings": [],
    "summary": {
      "schema_version": "kyuubiki.headless-execution-batch/v1",
      "workflow_id": "template.material_composite_thermo_electric_panel_screening",
      "template_id": "material_composite_thermo_electric_panel_screening",
      "exported_at": "1970-01-01T00:00:00.000Z",
      "language": "en",
      "step_count": 9,
      "warning_count": 0,
      "actions": [
        "solve_composite_thermo_electric_panel",
        "job_wait",
        "result_fetch",
        "solve_composite_thermo_electric_panel",
        "job_wait",
        "result_fetch",
        "solve_composite_thermo_electric_panel",
        "job_wait",
        "result_fetch"
      ]
    },
    "policy": {
      "required_engines": [
        "service"
      ],
      "engine_counts": {
        "browser": 0,
        "service": 9
      },
      "risk_counts": {
        "sensitive": 0,
        "normal": 9,
        "destructive": 0
      },
      "recommended_runtime": "service_only",
      "needs_desktop_browser": false,
      "safe_for_service_only": true,
      "notes": []
    }
  },
  "execution_summary": {
    "schema_version": "kyuubiki.headless-execution-summary/v1",
    "job_count": 3,
    "job_ids": [
      "4d4ba6fa2d76baba",
      "c4278f1b4376f798",
      "827ff9c8676ec71f"
    ],
    "jobs": [
      {
        "job_id": "4d4ba6fa2d76baba",
        "status": "completed",
        "worker_id": "rust-agent-rpc@127.0.0.1:5002",
        "phase": "execution",
        "created_at": "2026-08-13T10:42:37.939344Z",
        "execution_started_at": "2026-08-13T10:42:38.121367Z",
        "updated_at": "2026-08-13T10:42:46.342105Z",
        "queue_wait_ms": 182,
        "execution_elapsed_ms": 8220,
        "total_elapsed_ms": 8402,
        "effective_timeout_ms": 120000,
        "effective_deadline": "2026-08-13T10:44:38.121367Z"
      },
      {
        "job_id": "c4278f1b4376f798",
        "status": "completed",
        "worker_id": "rust-agent-rpc@127.0.0.1:5001",
        "phase": "execution",
        "created_at": "2026-08-13T10:42:47.146054Z",
        "execution_started_at": "2026-08-13T10:42:47.151553Z",
        "updated_at": "2026-08-13T10:42:55.226972Z",
        "queue_wait_ms": 5,
        "execution_elapsed_ms": 8075,
        "total_elapsed_ms": 8080,
        "effective_timeout_ms": 120000,
        "effective_deadline": "2026-08-13T10:44:47.151553Z"
      },
      {
        "job_id": "827ff9c8676ec71f",
        "status": "completed",
        "worker_id": "rust-agent-rpc@127.0.0.1:5002",
        "phase": "execution",
        "created_at": "2026-08-13T10:42:55.271810Z",
        "execution_started_at": "2026-08-13T10:42:55.274544Z",
        "updated_at": "2026-08-13T10:43:03.332046Z",
        "queue_wait_ms": 2,
        "execution_elapsed_ms": 8057,
        "total_elapsed_ms": 8060,
        "effective_timeout_ms": 120000,
        "effective_deadline": "2026-08-13T10:44:55.274544Z"
      }
    ],
    "failure": null
  },
  "steps": [
    {
      "index": 1,
      "action": "solve_composite_thermo_electric_panel",
      "risk": "normal",
      "status": "executed",
      "payload": {
        "electric_conduction_feedback": {
          "parameter_source": "screening_reference_not_material_card",
          "regions": [
            {
              "element_id": "conductor_left",
              "reference_resistivity_ohm_m": 1.68e-8,
              "reference_temperature_c": 35.0,
              "resistivity_temperature_coefficient_1_k": 0.00393
            }
          ]
        },
        "electric_conduction_model": {
          "contact_interfaces": [],
          "elements": [
            {
              "electrical_conductivity_s_m": 59523809.523809515,
              "id": "conductor_left",
              "node_i": 0,
              "node_j": 1,
              "node_k": 2,
              "node_l": 3,
              "thickness": 0.001
            }
          ],
          "nodes": [
            {
              "current_source_a": 0.0,
              "electric_potential_v": 0.0,
              "fix_electric_potential": true,
              "id": "n0",
              "x": 0.0,
              "y": 0.0
            },
            {
              "current_source_a": 0.0,
              "electric_potential_v": 0.000033600000000000004,
              "fix_electric_potential": true,
              "id": "n1",
              "x": 0.03,
              "y": 0.0
            },
            {
              "current_source_a": 0.0,
              "electric_potential_v": 0.000033600000000000004,
              "fix_electric_potential": true,
              "id": "n5",
              "x": 0.03,
              "y": 0.03
            },
            {
              "current_source_a": 0.0,
              "electric_potential_v": 0.0,
              "fix_electric_potential": true,
              "id": "n4",
              "x": 0.0,
              "y": 0.03
            }
          ],
          "terminals": []
        },
        "electrostatic_model": {
          "elements": [
            {
              "id": "conductor_left",
              "node_i": 0,
              "node_j": 1,
              "node_k": 5,
              "node_l": 4,
              "permittivity": 1.0,
              "thickness": 0.001
            },
            {
              "id": "dielectric_core",
              "node_i": 1,
              "node_j": 2,
              "node_k": 6,
              "node_l": 5,
              "permittivity": 3.4,
              "thickness": 0.001
            },
            {
              "id": "substrate_right",
              "node_i": 2,
              "node_j": 3,
              "node_k": 7,
              "node_l": 6,
              "permittivity": 4.2,
              "thickness": 0.001
            }
          ],
          "nodes": [
            {
              "charge_density": 0.0,
              "fix_potential": true,
              "id": "n0",
              "potential": 0.0,
              "x": 0.0,
              "y": 0.0
            },
            {
              "charge_density": 0.0,
              "fix_potential": false,
              "id": "n1",
              "potential": 0.0,
              "x": 0.03,
              "y": 0.0
            },
            {
              "charge_density": 0.0,
              "fix_potential": false,
              "id": "n2",
              "potential": 0.0,
              "x": 0.06,
              "y": 0.0
            },
            {
              "charge_density": 0.0,
              "fix_potential": true,
              "id": "n3",
              "potential": 1760,
              "x": 0.09,
              "y": 0.0
            },
            {
              "charge_density": 0.0,
              "fix_potential": true,
              "id": "n4",
              "potential": 0.0,
              "x": 0.0,
              "y": 0.03
            },
            {
              "charge_density": 0.0,
              "fix_potential": false,
              "id": "n5",
              "potential": 0.0,
              "x": 0.03,
              "y": 0.03
            },
            {
              "charge_density": 0.0,
              "fix_potential": false,
              "id": "n6",
              "potential": 0.0,
              "x": 0.06,
              "y": 0.03
            },
            {
              "charge_density": 0.0,
              "fix_potential": true,
              "id": "n7",
              "potential": 1760,
              "x": 0.09,
              "y": 0.03
            }
          ]
        },
        "electrothermal_feedback": {
          "conductivity_relative_change_tolerance": 1e-9,
          "loss_relative_change_tolerance": 1e-9,
          "loss_tangent_temperature_coefficient_1_k": 0.001,
          "max_iterations": 12,
          "parameter_source": "screening_sensitivity_not_material_card",
          "relative_permittivity_temperature_coefficient_1_k": 0.0001,
          "relaxation_factor": 0.8,
          "temperature_residual_tolerance_c": 1e-7,
          "thermal_conductivity_models": [
            {
              "element_id": "conductor_left",
              "reference_temperature_c": 35.0,
              "temperature_coefficient_1_k": -0.001
            },
            {
              "element_id": "dielectric_core",
              "reference_temperature_c": 35.0,
              "temperature_coefficient_1_k": -0.002
            },
            {
              "element_id": "substrate_right",
              "reference_temperature_c": 35.0,
              "temperature_coefficient_1_k": -0.0012
            }
          ]
        },
        "electrothermal_loss": {
          "frequency_hz": 10000000.0,
          "loss_tangent": 0.008,
          "reference_temperature_c": 35.0,
          "relative_permittivity": 3.4,
          "source_element_id": "dielectric_core"
        },
        "heat_model": {
          "elements": [
            {
              "conductivity": 390.0,
              "id": "conductor_left",
              "node_i": 0,
              "node_j": 1,
              "node_k": 5,
              "node_l": 4,
              "thickness": 0.001
            },
            {
              "conductivity": 0.25,
              "id": "dielectric_core",
              "node_i": 1,
              "node_j": 2,
              "node_k": 6,
              "node_l": 5,
              "thickness": 0.001
            },
            {
              "conductivity": 160.0,
              "id": "substrate_right",
              "node_i": 2,
              "node_j": 3,
              "node_k": 7,
              "node_l": 6,
              "thickness": 0.001
            }
          ],
          "nodes": [
            {
              "fix_temperature": false,
              "heat_load": 0.0,
              "id": "n0",
              "temperature": 35.0,
              "x": 0.0,
              "y": 0.0
            },
            {
              "fix_temperature": false,
              "heat_load": 0.0,
              "id": "n1",
              "temperature": 35.0,
              "x": 0.03,
              "y": 0.0
            },
            {
              "fix_temperature": false,
              "heat_load": 0.0,
              "id": "n2",
              "temperature": 35.0,
              "x": 0.06,
              "y": 0.0
            },
            {
              "fix_temperature": true,
              "heat_load": 0.0,
              "id": "n3",
              "temperature": 35.0,
              "x": 0.09,
              "y": 0.0
            },
            {
              "fix_temperature": false,
              "heat_load": 0.0,
              "id": "n4",
              "temperature": 35.0,
              "x": 0.0,
              "y": 0.03
            },
            {
              "fix_temperature": false,
              "heat_load": 0.0,
              "id": "n5",
              "temperature": 35.0,
              "x": 0.03,
              "y": 0.03
            },
            {
              "fix_temperature": false,
              "heat_load": 0.0,
              "id": "n6",
              "temperature": 35.0,
              "x": 0.06,
              "y": 0.03
            },
            {
              "fix_temperature": true,
              "heat_load": 0.0,
              "id": "n7",
              "temperature": 35.0,
              "x": 0.09,
              "y": 0.03
            }
          ]
        },
        "research": {
          "candidate_id": "copper_polyimide_aluminum",
          "candidate_label": "Copper / Polyimide / Aluminum",
          "coupling": "iterative_dielectric_and_conductor_joule_heating_with_temperature_dependent_electrical_thermal_feedback_and_expansion_projection",
          "materials": {
            "conductor": "copper",
            "dielectric": "polyimide",
            "substrate": "aluminum_6061"
          },
          "study": "material.composite_thermo_electric_panel.v1"
        },
        "thermal_expansion_feedback": {
          "parameter_source": "screening_sensitivity_not_material_card",
          "regions": [
            {
              "element_id": "conductor_left",
              "reference_temperature_c": 35.0,
              "temperature_coefficient_1_k": 0.0002
            },
            {
              "element_id": "dielectric_core",
              "reference_temperature_c": 35.0,
              "temperature_coefficient_1_k": 0.0008
            },
            {
              "element_id": "substrate_right",
              "reference_temperature_c": 35.0,
              "temperature_coefficient_1_k": 0.0003
            }
          ]
        },
        "thermal_model": {
          "elements": [
            {
              "id": "conductor_left",
              "node_i": 0,
              "node_j": 1,
              "node_k": 5,
              "node_l": 4,
              "poisson_ratio": 0.32,
              "thermal_expansion": 0.000017,
              "thickness": 0.001,
              "youngs_modulus": 110000000000.0
            },
            {
              "id": "dielectric_core",
              "node_i": 1,
              "node_j": 2,
              "node_k": 6,
              "node_l": 5,
              "poisson_ratio": 0.32,
              "thermal_expansion": 0.000045,
              "thickness": 0.001,
              "youngs_modulus": 2500000000.0
            },
            {
              "id": "substrate_right",
              "node_i": 2,
              "node_j": 3,
              "node_k": 7,
              "node_l": 6,
              "poisson_ratio": 0.32,
              "thermal_expansion": 0.0000236,
              "thickness": 0.001,
              "youngs_modulus": 68900000000.0
            }
          ],
          "nodes": [
            {
              "fix_x": true,
              "fix_y": true,
              "id": "n0",
              "load_x": 0.0,
              "load_y": 0.0,
              "temperature_delta": 0.0,
              "x": 0.0,
              "y": 0.0
            },
            {
              "fix_x": false,
              "fix_y": false,
              "id": "n1",
              "load_x": 0.0,
              "load_y": 0.0,
              "temperature_delta": 0.0,
              "x": 0.03,
              "y": 0.0
            },
            {
              "fix_x": false,
              "fix_y": false,
              "id": "n2",
              "load_x": 0.0,
              "load_y": 0.0,
              "temperature_delta": 0.0,
              "x": 0.06,
              "y": 0.0
            },
            {
              "fix_x": false,
              "fix_y": false,
              "id": "n3",
              "load_x": 0.0,
              "load_y": 0.0,
              "temperature_delta": 0.0,
              "x": 0.09,
              "y": 0.0
            },
            {
              "fix_x": true,
              "fix_y": true,
              "id": "n4",
              "load_x": 0.0,
              "load_y": 0.0,
              "temperature_delta": 0.0,
              "x": 0.0,
              "y": 0.03
            },
            {
              "fix_x": false,
              "fix_y": false,
              "id": "n5",
              "load_x": 0.0,
              "load_y": 0.0,
              "temperature_delta": 0.0,
              "x": 0.03,
              "y": 0.03
            },
            {
              "fix_x": false,
              "fix_y": false,
              "id": "n6",
              "load_x": 0.0,
              "load_y": 0.0,
              "temperature_delta": 0.0,
              "x": 0.06,
              "y": 0.03
            },
            {
              "fix_x": false,
              "fix_y": false,
              "id": "n7",
              "load_x": 0.0,
              "load_y": 0.0,
              "temperature_delta": 0.0,
              "x": 0.09,
              "y": 0.03
            }
          ]
        }
      },
      "result_preview": {
        "job": {
          "created_at": "2026-08-13T10:42:37.939344Z",
          "execution_started_at": null,
          "execution_timeout_ms": 120000,
          "has_result": false,
          "iteration": null,
          "job_id": "4d4ba6fa2d76baba",
          "message": null,
          "model_version_id": null,
          "progress": 0.0,
          "project_id": "c4534616dca92198",
          "queue_timeout_ms": 1800000,
          "residual": null,
          "simulation_case_id": "bce4dfd2419659c4",
          "status": "queued",
          "status_detail": {
            "active": true,
            "failure_class": null,
            "lifecycle": "active",
            "recoverable": false,
            "terminal": false,
            "timing": {
              "effective_deadline": "2026-08-13T11:12:37.939344Z",
              "effective_timeout_ms": 1800000,
              "execution_elapsed_ms": null,
              "execution_started_at": null,
              "execution_timeout_ms": 120000,
              "job_submission_deadline": "2026-08-13T11:12:37.939344Z",
              "phase": "queue",
              "queue_timeout_ms": 1800000,
              "queue_wait_ms": 0,
              "total_elapsed_ms": 0
            }
          },
          "updated_at": "2026-08-13T10:42:37.939344Z",
          "worker_id": null
        },
        "job_id": "4d4ba6fa2d76baba",
        "progress": 0.0,
        "raw": {
          "job": {
            "created_at": "2026-08-13T10:42:37.939344Z",
            "execution_started_at": null,
            "execution_timeout_ms": 120000,
            "has_result": false,
            "iteration": null,
            "job_id": "4d4ba6fa2d76baba",
            "message": null,
            "model_version_id": null,
            "progress": 0.0,
            "project_id": "c4534616dca92198",
            "queue_timeout_ms": 1800000,
            "residual": null,
            "simulation_case_id": "bce4dfd2419659c4",
            "status": "queued",
            "status_detail": {
              "active": true,
              "failure_class": null,
              "lifecycle": "active",
              "recoverable": false,
              "terminal": false,
              "timing": {
                "effective_deadline": "2026-08-13T11:12:37.939344Z",
                "effective_timeout_ms": 1800000,
                "execution_elapsed_ms": null,
                "execution_started_at": null,
                "execution_timeout_ms": 120000,
                "job_submission_deadline": "2026-08-13T11:12:37.939344Z",
                "phase": "queue",
                "queue_timeout_ms": 1800000,
                "queue_wait_ms": 0,
                "total_elapsed_ms": 0
              }
            },
            "updated_at": "2026-08-13T10:42:37.939344Z",
            "worker_id": null
          }
        },
        "status": "queued"
      },
      "requires_confirmation": false
    },
    {
      "index": 2,
      "action": "job_wait",
      "risk": "normal",
      "status": "executed",
      "payload": {
        "interval_ms": 1000,
        "job_id": "4d4ba6fa2d76baba",
        "max_total_timeout_ms": 3600000,
        "resume_policy": "server_deadline",
        "timeout_ms": 60000
      },
      "result_preview": {
        "job": {
          "created_at": "2026-08-13T10:42:37.939344Z",
          "execution_started_at": "2026-08-13T10:42:38.121367Z",
          "execution_timeout_ms": 120000,
          "iteration": 4,
          "job_id": "4d4ba6fa2d76baba",
          "message": "collecting nodal and elemental responses",
          "model_version_id": null,
          "progress": 1.0,
          "project_id": "c4534616dca92198",
          "queue_timeout_ms": 1800000,
          "residual": 0.2,
          "simulation_case_id": "bce4dfd2419659c4",
          "status": "completed",
          "status_detail": {
            "active": false,
            "failure_class": null,
            "lifecycle": "terminal",
            "recoverable": false,
            "terminal": true,
            "timing": {
              "effective_deadline": "2026-08-13T10:44:38.121367Z",
              "effective_timeout_ms": 120000,
              "execution_elapsed_ms": 8220,
              "execution_started_at": "2026-08-13T10:42:38.121367Z",
              "execution_timeout_ms": 120000,
              "job_submission_deadline": "2026-08-13T11:12:37.939344Z",
              "phase": "execution",
              "queue_timeout_ms": 1800000,
              "queue_wait_ms": 182,
              "total_elapsed_ms": 8402
            }
          },
          "updated_at": "2026-08-13T10:42:46.342105Z",
          "worker_id": "rust-agent-rpc@127.0.0.1:5002"
        },
        "job_id": "4d4ba6fa2d76baba",
        "progress": 1.0,
        "raw": {
          "job": {
            "created_at": "2026-08-13T10:42:37.939344Z",
            "execution_started_at": "2026-08-13T10:42:38.121367Z",
            "execution_timeout_ms": 120000,
            "iteration": 4,
            "job_id": "4d4ba6fa2d76baba",
            "message": "collecting nodal and elemental responses",
            "model_version_id": null,
            "progress": 1.0,
            "project_id": "c4534616dca92198",
            "queue_timeout_ms": 1800000,
            "residual": 0.2,
            "simulation_case_id": "bce4dfd2419659c4",
            "status": "completed",
            "status_detail": {
              "active": false,
              "failure_class": null,
              "lifecycle": "terminal",
              "recoverable": false,
              "terminal": true,
              "timing": {
                "effective_deadline": "2026-08-13T10:44:38.121367Z",
                "effective_timeout_ms": 120000,
                "execution_elapsed_ms": 8220,
                "execution_started_at": "2026-08-13T10:42:38.121367Z",
                "execution_timeout_ms": 120000,
                "job_submission_deadline": "2026-08-13T11:12:37.939344Z",
                "phase": "execution",
                "queue_timeout_ms": 1800000,
                "queue_wait_ms": 182,
                "total_elapsed_ms": 8402
              }
            },
            "updated_at": "2026-08-13T10:42:46.342105Z",
            "worker_id": "rust-agent-rpc@127.0.0.1:5002"
          }
        },
        "result": null,
        "status": "completed",
        "wait": {
          "elapsed_ms": 9140,
          "policy": "server_deadline",
          "poll_attempts": 10,
          "resume_count": 0
        }
      },
      "requires_confirmation": false
    },
    {
      "index": 3,
      "action": "result_fetch",
      "risk": "normal",
      "status": "executed",
      "payload": {
        "job_id": "4d4ba6fa2d76baba"
      },
      "result_preview": {
        "job": {
          "created_at": "2026-08-13T10:42:37.939344Z",
          "execution_started_at": "2026-08-13T10:42:38.121367Z",
          "execution_timeout_ms": 120000,
          "has_result": true,
          "iteration": 4,
          "job_id": "4d4ba6fa2d76baba",
          "message": "collecting nodal and elemental responses",
          "model_version_id": null,
          "progress": 1.0,
          "project_id": "c4534616dca92198",
          "queue_timeout_ms": 1800000,
          "residual": 0.2,
          "simulation_case_id": "bce4dfd2419659c4",
          "status": "completed",
          "status_detail": {
            "active": false,
            "failure_class": null,
            "lifecycle": "terminal",
            "recoverable": false,
            "terminal": true,
            "timing": {
              "effective_deadline": "2026-08-13T10:44:38.121367Z",
              "effective_timeout_ms": 120000,
              "execution_elapsed_ms": 8220,
              "execution_started_at": "2026-08-13T10:42:38.121367Z",
              "execution_timeout_ms": 120000,
              "job_submission_deadline": "2026-08-13T11:12:37.939344Z",
              "phase": "execution",
              "queue_timeout_ms": 1800000,
              "queue_wait_ms": 182,
              "total_elapsed_ms": 8402
            }
          },
          "updated_at": "2026-08-13T10:42:46.342105Z",
          "worker_id": "rust-agent-rpc@127.0.0.1:5002"
        },
        "job_id": "4d4ba6fa2d76baba",
        "result": {
          "electric_conduction": {
            "contact_interfaces": [],
            "current_balance_relative_error": 0.0,
            "elements": [
              {
                "area_m2": 0.0009,
                "average_electric_potential_v": 0.000016800000000000002,
                "current_density_magnitude_a_m2": 65698.28271675779,
                "current_density_x_a_m2": -65698.28271675779,
                "current_density_y_a_m2": -0.0,
                "electric_field_magnitude_v_m": 0.00112,
                "electric_field_x_v_m": -0.00112,
                "electric_field_y_v_m": -0.0,
                "electric_potential_gradient_x_v_m": 0.00112,
                "electric_potential_gradient_y_v_m": 0.0,
                "id": "conductor_left",
                "index": 0,
                "joule_power_w": 0.00006622386897849186,
                "node_i": 0,
                "node_j": 1,
                "node_k": 2,
                "node_l": 3,
                "peak_current_density_magnitude_a_m2": 65698.28271675779,
                "peak_electric_field_magnitude_v_m": 0.00112,
                "rms_current_density_magnitude_a_m2": 65698.28271675779,
                "rms_electric_field_magnitude_v_m": 0.00112,
                "volumetric_joule_heating_w_m3": 73.58207664276874
              }
            ],
            "free_current_residual_relative_error": 0.0,
            "input": {
              "contact_interfaces": [],
              "elements": [
                {
                  "electrical_conductivity_s_m": 58659180.99710517,
                  "id": "conductor_left",
                  "node_i": 0,
                  "node_j": 1,
                  "node_k": 2,
                  "node_l": 3,
                  "thickness": 0.001
                }
              ],
              "nodes": [
                {
                  "current_source_a": 0.0,
                  "electric_potential_v": 0.0,
                  "fix_electric_potential": true,
                  "id": "n0",
                  "x": 0.0,
                  "y": 0.0
                },
                {
                  "current_source_a": 0.0,
                  "electric_potential_v": 0.000033600000000000004,
                  "fix_electric_potential": true,
                  "id": "n1",
                  "x": 0.03,
                  "y": 0.0
                },
                {
                  "current_source_a": 0.0,
                  "electric_potential_v": 0.000033600000000000004,
                  "fix_electric_potential": true,
                  "id": "n5",
                  "x": 0.03,
                  "y": 0.03
                },
                {
                  "current_source_a": 0.0,
                  "electric_potential_v": 0.0,
                  "fix_electric_potential": true,
                  "id": "n4",
                  "x": 0.0,
                  "y": 0.03
                }
              ],
              "terminals": []
            },
            "max_current_density_a_m2": 65698.28271675779,
            "max_electric_field_v_m": 0.00112,
            "max_electric_potential_v": 0.000033600000000000004,
            "max_free_current_residual_a": 0.0,
            "nodes": [
              {
                "current_source_a": 0.0,
                "electric_potential_v": 0.0,
                "fix_electric_potential": true,
                "id": "n0",
                "index": 0,
                "net_injected_current_a": -0.985474240751367,
                "reaction_current_a": -0.985474240751367,
                "x": 0.0,
                "y": 0.0
              },
              {
                "current_source_a": 0.0,
                "electric_potential_v": 0.000033600000000000004,
                "fix_electric_potential": true,
                "id": "n1",
                "index": 1,
                "net_injected_current_a": 0.985474240751367,
                "reaction_current_a": 0.985474240751367,
                "x": 0.03,
                "y": 0.0
              },
              {
                "current_source_a": 0.0,
                "electric_potential_v": 0.000033600000000000004,
                "fix_electric_potential": true,
                "id": "n5",
                "index": 2,
                "net_injected_current_a": 0.985474240751367,
                "reaction_current_a": 0.985474240751367,
                "x": 0.03,
                "y": 0.03
              },
              {
                "current_source_a": 0.0,
                "electric_potential_v": 0.0,
                "fix_electric_potential": true,
                "id": "n4",
                "index": 3,
                "net_injected_current_a": -0.985474240751367,
                "reaction_current_a": -0.985474240751367,
                "x": 0.0,
                "y": 0.03
              }
            ],
            "power_balance_relative_error": 2.0464716672579766e-16,
            "source_power_balance_relative_error": 2.0464716672579766e-16,
            "terminals": [],
            "total_bulk_joule_power_w": 0.00006622386897849186,
            "total_contact_joule_power_w": -0.0,
            "total_dissipated_power_w": 0.00006622386897849186,
            "total_electrical_input_power_w": 0.00006622386897849187,
            "total_extracted_current_a": 1.970948481502734,
            "total_injected_current_a": 1.970948481502734,
            "total_joule_power_w": 0.00006622386897849186,
            "total_source_power_w": 0.00006622386897849187,
            "total_terminal_impedance_power_w": -0.0
          },
          "electrostatic": {
            "elements": [
              {
                "area": 0.0009,
                "average_potential": 574.3534570265144,
                "electric_energy_density": 733070874.6629074,
                "electric_field_magnitude": 38290.2304684343,
                "electric_field_x": -38290.2304684343,
                "electric_field_y": 3.637978807091713e-12,
                "electric_flux_density_magnitude": 38290.2304684343,
                "electric_flux_density_x": -38290.2304684343,
                "electric_flux_density_y": 3.637978807091713e-12,
                "id": "conductor_left",
                "index": 0,
                "node_i": 0,
                "node_j": 1,
                "node_k": 5,
                "node_l": 4,
                "potential_gradient_x": 38290.2304684343,
                "potential_gradient_y": -3.637978807091713e-12,
                "stored_energy": 659.7637871966167
              },
              {
                "area": 0.0009,
                "average_potential": 1317.6026339249634,
                "electric_energy_density": 215568534.6342832,
                "electric_field_magnitude": 11259.71465812896,
                "electric_field_x": -11259.71465812896,
                "electric_field_y": 3.637978807091713e-12,
                "electric_flux_density_magnitude": 38290.230468434354,
                "electric_flux_density_x": -38290.230468434354,
                "electric_flux_density_y": 1.2371454445540016e-11,
                "id": "dielectric_core",
                "index": 1,
                "node_i": 1,
                "node_j": 2,
                "node_k": 6,
                "node_l": 5,
                "potential_gradient_x": 11259.71465812896,
                "potential_gradient_y": -3.637978807091713e-12,
                "stored_energy": 194.0116811708549
              },
              {
                "area": 0.0009,
                "average_potential": 1623.2491768984487,
                "electric_energy_density": 174540684.4435496,
                "electric_field_magnitude": 9116.721540103412,
                "electric_field_x": -9116.721540103412,
                "electric_field_y": -0.0,
                "electric_flux_density_magnitude": 38290.23046843433,
                "electric_flux_density_x": -38290.23046843433,
                "electric_flux_density_y": -0.0,
                "id": "substrate_right",
                "index": 2,
                "node_i": 2,
                "node_j": 3,
                "node_k": 7,
                "node_l": 6,
                "potential_gradient_x": 9116.721540103412,
                "potential_gradient_y": 0.0,
                "stored_energy": 157.08661599919466
              }
            ],
            "input": {
              "elements": [
                {
                  "id": "conductor_left",
                  "node_i": 0,
                  "node_j": 1,
                  "node_k": 5,
                  "node_l": 4,
                  "permittivity": 1.0,
                  "thickness": 0.001
                },
                {
                  "id": "dielectric_core",
                  "node_i": 1,
                  "node_j": 2,
                  "node_k": 6,
                  "node_l": 5,
                  "permittivity": 3.4006395038430832,
                  "thickness": 0.001
                },
                {
                  "id": "substrate_right",
                  "node_i": 2,
                  "node_j": 3,
                  "node_k": 7,
                  "node_l": 6,
                  "permittivity": 4.2,
                  "thickness": 0.001
                }
              ],
              "nodes": [
                {
                  "charge_density": 0.0,
                  "fix_potential": true,
                  "id": "n0",
                  "potential": 0.0,
                  "x": 0.0,
                  "y": 0.0
                },
                {
                  "charge_density": 0.0,
                  "fix_potential": false,
                  "id": "n1",
                  "potential": 0.0,
                  "x": 0.03,
                  "y": 0.0
                },
                {
                  "charge_density": 0.0,
                  "fix_potential": false,
                  "id": "n2",
                  "potential": 0.0,
                  "x": 0.06,
                  "y": 0.0
                },
                {
                  "charge_density": 0.0,
                  "fix_potential": true,
                  "id": "n3",
                  "potential": 1760.0,
                  "x": 0.09,
                  "y": 0.0
                },
                {
                  "charge_density": 0.0,
                  "fix_potential": true,
                  "id": "n4",
                  "potential": 0.0,
                  "x": 0.0,
                  "y": 0.03
                },
                {
                  "charge_density": 0.0,
                  "fix_potential": false,
                  "id": "n5",
                  "potential": 0.0,
                  "x": 0.03,
                  "y": 0.03
                },
                {
                  "charge_density": 0.0,
                  "fix_potential": false,
                  "id": "n6",
                  "potential": 0.0,
                  "x": 0.06,
                  "y": 0.03
                },
                {
                  "charge_density": 0.0,
                  "fix_potential": true,
                  "id": "n7",
                  "potential": 1760.0,
                  "x": 0.09,
                  "y": 0.03
                }
              ]
            },
            "max_electric_energy_density": 733070874.6629074,
            "max_electric_field": 38290.2304684343,
            "max_flux_density": 38290.230468434354,
            "max_potential": 1760.0,
            "nodes": [
              {
                "charge_density": 0.0,
                "id": "n0",
                "index": 0,
                "potential": 0.0,
                "x": 0.0,
                "y": 0.0
              },
              {
                "charge_density": 0.0,
                "id": "n1",
                "index": 1,
                "potential": 1148.706914053029,
                "x": 0.03,
                "y": 0.0
              },
              {
                "charge_density": 0.0,
                "id": "n2",
                "index": 2,
                "potential": 1486.4983537968976,
                "x": 0.06,
                "y": 0.0
              },
              {
                "charge_density": 0.0,
                "id": "n3",
                "index": 3,
                "potential": 1760.0,
                "x": 0.09,
                "y": 0.0
              },
              {
                "charge_density": 0.0,
                "id": "n4",
                "index": 4,
                "potential": 0.0,
                "x": 0.0,
                "y": 0.03
              },
              {
                "charge_density": 0.0,
                "id": "n5",
                "index": 5,
                "potential": 1148.7069140530289,
                "x": 0.03,
                "y": 0.03
              },
              {
                "charge_density": 0.0,
                "id": "n6",
                "index": 6,
                "potential": 1486.4983537968976,
                "x": 0.06,
                "y": 0.03
              },
              {
                "charge_density": 0.0,
                "id": "n7",
                "index": 7,
                "potential": 1760.0,
                "x": 0.09,
                "y": 0.03
              }
            ],
            "total_stored_energy": 1010.8620843666664
          },
          "electrostatic_mesh_convergence": {
            "finest_pair_relative_change": 8.918330860065957e-15,
            "max_analytic_relative_error": 0.9555555555555554,
            "method": "structured_quad_h_refinement",
            "refinement_levels": [
              1,
              2,
              4,
              8
            ],
            "relative_error_tolerance": 1e-8,
            "samples": [
              {
                "analytic_relative_error": 0.9555555555555554,
                "element_count": 3,
                "elements_per_layer": 1,
                "max_electric_field_v_m": 38290.2304684343,
                "node_count": 8,
                "relative_change_from_previous": null
              },
              {
                "analytic_relative_error": 5.573956787541223e-16,
                "element_count": 6,
                "elements_per_layer": 2,
                "max_electric_field_v_m": 19580.23148954028,
                "node_count": 14,
                "relative_change_from_previous": 0.9555555555555548
              },
              {
                "analytic_relative_error": 2.601179834185904e-15,
                "element_count": 12,
                "elements_per_layer": 4,
                "max_electric_field_v_m": 19580.23148954032,
                "node_count": 26,
                "relative_change_from_previous": 2.0437841554317817e-15
              },
              {
                "analytic_relative_error": 1.1519510694251862e-14,
                "element_count": 24,
                "elements_per_layer": 8,
                "max_electric_field_v_m": 19580.231489540496,
                "node_count": 50,
                "relative_change_from_previous": 8.918330860065957e-15
              }
            ],
            "schema_version": "kyuubiki.composite-electrostatic-mesh-convergence/v1",
            "status": "fail"
          },
          "electrothermal_feedback_convergence": {
            "conductivity_relative_change_tolerance": 1e-9,
            "converged": true,
            "final_loss_relative_change": 1.1254064089400957e-10,
            "final_max_conductivity_relative_change": 3.660499604606043e-10,
            "final_temperature_residual_c": 9.253623289851021e-8,
            "iteration_count": 12,
            "iterations": [
              {
                "converged": false,
                "coupling_temperature_c": 35.0,
                "dielectric_mean_temperature_c": 36.872751587555825,
                "iteration": 1,
                "loss_relative_change": null,
                "loss_tangent": 0.008,
                "max_conductivity_relative_change": null,
                "max_temperature_c": 38.73437472282389,
                "relative_permittivity": 3.4,
                "temperature_residual_c": 3.73433164590081,
                "thermal_conductivity_updates": [
                  {
                    "conductivity_relative_change": null,
                    "conductivity_w_mk": 390.0,
                    "coupling_temperature_c": 35.0,
                    "element_id": "conductor_left",
                    "measured_mean_temperature_c": 38.73433164590081
                  },
                  {
                    "conductivity_relative_change": null,
                    "conductivity_w_mk": 0.25,
                    "coupling_temperature_c": 35.0,
                    "element_id": "dielectric_core",
                    "measured_mean_temperature_c": 36.872751587555825
                  },
                  {
                    "conductivity_relative_change": null,
                    "conductivity_w_mk": 160.0,
                    "coupling_temperature_c": 35.0,
                    "element_id": "substrate_right",
                    "measured_mean_temperature_c": 35.00560730306695
                  }
                ],
                "total_joule_loss_w": 0.0000672,
                "total_loss_w": 0.0017271369814229971
              },
              {
                "converged": false,
                "coupling_temperature_c": 36.49820127004466,
                "dielectric_mean_temperature_c": 36.87922754706218,
                "iteration": 2,
                "loss_relative_change": 0.0009185189581069184,
                "loss_tangent": 0.008011985610160357,
                "max_conductivity_relative_change": 0.0029964025400893712,
                "max_temperature_c": 38.74731553596954,
                "relative_permittivity": 3.400509388431815,
                "temperature_residual_c": 0.759807514633124,
                "thermal_conductivity_updates": [
                  {
                    "conductivity_relative_change": 0.0029874653167206444,
                    "conductivity_w_mk": 388.83488852647895,
                    "coupling_temperature_c": 37.987465316720645,
                    "element_id": "conductor_left",
                    "measured_mean_temperature_c": 38.74727283135377
                  },
                  {
                    "conductivity_relative_change": 0.0029964025400893712,
                    "conductivity_w_mk": 0.24925089936497768,
                    "coupling_temperature_c": 36.49820127004466,
                    "element_id": "dielectric_core",
                    "measured_mean_temperature_c": 36.87922754706218
                  },
                  {
                    "conductivity_relative_change": 5.383010944370881e-6,
                    "conductivity_w_mk": 159.9991387182489,
                    "coupling_temperature_c": 35.00448584245356,
                    "element_id": "substrate_right",
                    "measured_mean_temperature_c": 35.00561248369318
                  }
                ],
                "total_joule_loss_w": 0.0000664201780455114,
                "total_loss_w": 0.0017295649359121551
              },
              {
                "converged": false,
                "coupling_temperature_c": 36.80302229165868,
                "dielectric_mean_temperature_c": 36.88055427712572,
                "iteration": 3,
                "loss_relative_change": 0.00018790542788856856,
                "loss_tangent": 0.008014424178333271,
                "max_conductivity_relative_change": 0.0006114742662726568,
                "max_temperature_c": 38.74996672551567,
                "relative_permittivity": 3.4006130275791633,
                "temperature_residual_c": 0.15461276707556235,
                "thermal_conductivity_updates": [
                  {
                    "conductivity_relative_change": 0.0006096673718346161,
                    "conductivity_w_mk": 388.5978285819134,
                    "coupling_temperature_c": 38.595311328427144,
                    "element_id": "conductor_left",
                    "measured_mean_temperature_c": 38.749924095502706
                  },
                  {
                    "conductivity_relative_change": 0.0006114742662726568,
                    "conductivity_w_mk": 0.24909848885417063,
                    "coupling_temperature_c": 36.80302229165868,
                    "element_id": "dielectric_core",
                    "measured_mean_temperature_c": 36.88055427712572
                  },
                  {
                    "conductivity_relative_change": 1.0815814121430351e-6,
                    "conductivity_w_mk": 159.9989656661545,
                    "coupling_temperature_c": 35.005387155445256,
                    "element_id": "substrate_right",
                    "measured_mean_temperature_c": 35.00561354438084
                  }
                ],
                "total_joule_loss_w": 0.00006626372187008026,
                "total_loss_w": 0.001730058867438906
              },
              {
                "converged": false,
                "coupling_temperature_c": 36.86504788003231,
                "dielectric_mean_temperature_c": 36.88082461828608,
                "iteration": 4,
                "loss_relative_change": 0.00003827649046109874,
                "loss_tangent": 0.00801492038304026,
                "max_conductivity_relative_change": 0.00012450012976586186,
                "max_temperature_c": 38.75050694539477,
                "relative_permittivity": 3.400634116279211,
                "temperature_residual_c": 0.03146278842819328,
                "thermal_conductivity_updates": [
                  {
                    "conductivity_relative_change": 0.00012413652310819435,
                    "conductivity_w_mk": 388.54958939858585,
                    "coupling_temperature_c": 38.7190015420876,
                    "element_id": "conductor_left",
                    "measured_mean_temperature_c": 38.75046433051579
                  },
                  {
                    "conductivity_relative_change": 0.00012450012976586186,
                    "conductivity_w_mk": 0.24906747605998383,
                    "coupling_temperature_c": 36.86504788003231,
                    "element_id": "dielectric_core",
                    "measured_mean_temperature_c": 36.88082461828608
                  },
                  {
                    "conductivity_relative_change": 2.1733478311807466e-7,
                    "conductivity_w_mk": 159.998930892814,
                    "coupling_temperature_c": 35.00556826659373,
                    "element_id": "substrate_right",
                    "measured_mean_temperature_c": 35.00561376046768
                  }
                ],
                "total_joule_loss_w": 0.00006623197490987644,
                "total_loss_w": 0.0017301593713235646
              },
              {
                "converged": false,
                "coupling_temperature_c": 36.87766927063533,
                "dielectric_mean_temperature_c": 36.880879644317815,
                "iteration": 5,
                "loss_relative_change": 7.790355747756304e-6,
                "loss_tangent": 0.008015021354165082,
                "max_conductivity_relative_change": 0.000025337291730424856,
                "max_temperature_c": 38.750616903346,
                "relative_permittivity": 3.400638407552016,
                "temperature_residual_c": 0.006402518714608618,
                "thermal_conductivity_updates": [
                  {
                    "conductivity_relative_change": 0.000025264188297863783,
                    "conductivity_w_mk": 388.5397730085962,
                    "coupling_temperature_c": 38.74417177283015,
                    "element_id": "conductor_left",
                    "measured_mean_temperature_c": 38.75057429154476
                  },
                  {
                    "conductivity_relative_change": 0.000025337291730424856,
                    "conductivity_w_mk": 0.2490611653646823,
                    "coupling_temperature_c": 36.87766927063533,
                    "element_id": "dielectric_core",
                    "measured_mean_temperature_c": 36.880879644317815
                  },
                  {
                    "conductivity_relative_change": 4.367441090571342e-8,
                    "conductivity_w_mk": 159.99892390495495,
                    "coupling_temperature_c": 35.00560466169289,
                    "element_id": "substrate_right",
                    "measured_mean_temperature_c": 35.00561380444605
                  }
                ],
                "total_joule_loss_w": 0.00006622551831487962,
                "total_loss_w": 0.0017301798224462108
              },
              {
                "converged": false,
                "coupling_temperature_c": 36.88023756958132,
                "dielectric_mean_temperature_c": 36.88089084198115,
                "iteration": 6,
                "loss_relative_change": 1.5852878587361926e-6,
                "loss_tangent": 0.00801504190055665,
                "max_conductivity_relative_change": 5.155960268343328e-6,
                "max_temperature_c": 38.75063927952272,
                "relative_permittivity": 3.400639280773657,
                "temperature_residual_c": 0.0013028805458716874,
                "thermal_conductivity_updates": [
                  {
                    "conductivity_relative_change": 5.141264750093604e-6,
                    "conductivity_w_mk": 388.5377754227573,
                    "coupling_temperature_c": 38.74929378780184,
                    "element_id": "conductor_left",
                    "measured_mean_temperature_c": 38.75059666834771
                  },
                  {
                    "conductivity_relative_change": 5.155960268343328e-6,
                    "conductivity_w_mk": 0.24905988121520933,
                    "coupling_temperature_c": 36.88023756958132,
                    "element_id": "dielectric_core",
                    "measured_mean_temperature_c": 36.88089084198115
                  },
                  {
                    "conductivity_relative_change": 8.777101945911633e-9,
                    "conductivity_w_mk": 159.99892250062808,
                    "coupling_temperature_c": 35.00561197589542,
                    "element_id": "substrate_right",
                    "measured_mean_temperature_c": 35.005613813394795
                  }
                ],
                "total_joule_loss_w": 0.00006622420458451619,
                "total_loss_w": 0.0017301839839961503
              },
              {
                "converged": false,
                "coupling_temperature_c": 36.88076018750118,
                "dielectric_mean_temperature_c": 36.88089312060177,
                "iteration": 7,
                "loss_relative_change": 3.2258480000598425e-7,
                "loss_tangent": 0.00801504608150001,
                "max_conductivity_relative_change": 1.0491812597020164e-6,
                "max_temperature_c": 38.75064383286739,
                "relative_permittivity": 3.40063945846375,
                "temperature_residual_c": 0.0002651295812725607,
                "thermal_conductivity_updates": [
                  {
                    "conductivity_relative_change": 1.0462270492055002e-6,
                    "conductivity_w_mk": 388.53736892402696,
                    "coupling_temperature_c": 38.750336092238534,
                    "element_id": "conductor_left",
                    "measured_mean_temperature_c": 38.75060122181981
                  },
                  {
                    "conductivity_relative_change": 1.0491812597020164e-6,
                    "conductivity_w_mk": 0.24905961990624945,
                    "coupling_temperature_c": 36.88076018750118,
                    "element_id": "dielectric_core",
                    "measured_mean_temperature_c": 36.88089312060177
                  },
                  {
                    "conductivity_relative_change": 1.7640113149180526e-9,
                    "conductivity_w_mk": 159.99892221838817,
                    "coupling_temperature_c": 35.00561344589492,
                    "element_id": "substrate_right",
                    "measured_mean_temperature_c": 35.00561381521566
                  }
                ],
                "total_joule_loss_w": 0.00006622393725333825,
                "total_loss_w": 0.0017301848308213044
              },
              {
                "converged": false,
                "coupling_temperature_c": 36.88086653398165,
                "dielectric_mean_temperature_c": 36.880893584246266,
                "iteration": 8,
                "loss_relative_change": 6.564123039934607e-8,
                "loss_tangent": 0.008015046932271853,
                "max_conductivity_relative_change": 2.134960306907578e-7,
                "max_temperature_c": 38.75064475936359,
                "relative_permittivity": 3.4006394946215535,
                "temperature_residual_c": 0.0000539524383853518,
                "thermal_conductivity_updates": [
                  {
                    "conductivity_relative_change": 2.1290211953226745e-7,
                    "conductivity_w_mk": 388.5372862035976,
                    "coupling_temperature_c": 38.750548195903555,
                    "element_id": "conductor_left",
                    "measured_mean_temperature_c": 38.75060214834194
                  },
                  {
                    "conductivity_relative_change": 2.134960306907578e-7,
                    "conductivity_w_mk": 0.24905956673300916,
                    "coupling_temperature_c": 36.88086653398165,
                    "element_id": "dielectric_core",
                    "measured_mean_temperature_c": 36.880893584246266
                  },
                  {
                    "conductivity_relative_change": 3.5455024603771016e-10,
                    "conductivity_w_mk": 159.99892216166052,
                    "coupling_temperature_c": 35.00561374135151,
                    "element_id": "substrate_right",
                    "measured_mean_temperature_c": 35.005613815586116
                  }
                ],
                "total_joule_loss_w": 0.00006622388285306406,
                "total_loss_w": 0.0017301850031400604
              },
              {
                "converged": false,
                "coupling_temperature_c": 36.880888174193345,
                "dielectric_mean_temperature_c": 36.88089367860154,
                "iteration": 9,
                "loss_relative_change": 1.3356989886612673e-8,
                "loss_tangent": 0.008015047105393547,
                "max_conductivity_relative_change": 4.34438475141223e-8,
                "max_temperature_c": 38.750644947912775,
                "relative_permittivity": 3.4006395019792253,
                "temperature_residual_c": 0.000010979042144754205,
                "thermal_conductivity_updates": [
                  {
                    "conductivity_relative_change": 4.3324441099421944e-8,
                    "conductivity_w_mk": 388.5372693704368,
                    "coupling_temperature_c": 38.75059135785426,
                    "element_id": "conductor_left",
                    "measured_mean_temperature_c": 38.75060233689641
                  },
                  {
                    "conductivity_relative_change": 4.34438475141223e-8,
                    "conductivity_w_mk": 0.24905955591290332,
                    "coupling_temperature_c": 36.880888174193345,
                    "element_id": "dielectric_core",
                    "measured_mean_temperature_c": 36.88089367860154
                  },
                  {
                    "conductivity_relative_change": 7.126578484975079e-11,
                    "conductivity_w_mk": 159.99892215025807,
                    "coupling_temperature_c": 35.0056138007392,
                    "element_id": "substrate_right",
                    "measured_mean_temperature_c": 35.00561381566151
                  }
                ],
                "total_joule_loss_w": 0.00006622387178291291,
                "total_loss_w": 0.001730185038204827
              },
              {
                "converged": false,
                "coupling_temperature_c": 36.8808925777199,
                "dielectric_mean_temperature_c": 36.88089369780842,
                "iteration": 10,
                "loss_relative_change": 2.71794822435224e-9,
                "loss_tangent": 0.008015047140621758,
                "max_conductivity_relative_change": 8.840308349674539e-9,
                "max_temperature_c": 38.750644986293715,
                "relative_permittivity": 3.4006395034764245,
                "temperature_residual_c": 2.234190439764916e-6,
                "thermal_conductivity_updates": [
                  {
                    "conductivity_relative_change": 8.81630008034537e-9,
                    "conductivity_w_mk": 388.5372659449757,
                    "coupling_temperature_c": 38.75060014108798,
                    "element_id": "conductor_left",
                    "measured_mean_temperature_c": 38.75060237527842
                  },
                  {
                    "conductivity_relative_change": 8.840308349674539e-9,
                    "conductivity_w_mk": 0.24905955371114005,
                    "coupling_temperature_c": 36.8808925777199,
                    "element_id": "dielectric_core",
                    "measured_mean_temperature_c": 36.88089369780842
                  },
                  {
                    "conductivity_relative_change": 1.432552623612305e-11,
                    "conductivity_w_mk": 159.998922147966,
                    "coupling_temperature_c": 35.00561381267705,
                    "element_id": "substrate_right",
                    "measured_mean_temperature_c": 35.00561381567685
                  }
                ],
                "total_joule_loss_w": 0.00006622386953019487,
                "total_loss_w": 0.0017301850453400917
              },
              {
                "converged": false,
                "coupling_temperature_c": 36.880893473790714,
                "dielectric_mean_temperature_c": 36.8808937017113,
                "iteration": 11,
                "loss_relative_change": 5.530655378401544e-10,
                "loss_tangent": 0.008015047147790324,
                "max_conductivity_relative_change": 1.7989087655878422e-9,
                "max_temperature_c": 38.75064499409282,
                "relative_permittivity": 3.400639503781089,
                "temperature_residual_c": 4.546374015035326e-7,
                "thermal_conductivity_updates": [
                  {
                    "conductivity_relative_change": 1.7940812786376972e-9,
                    "conductivity_w_mk": 388.53726524790824,
                    "coupling_temperature_c": 38.75060192844033,
                    "element_id": "conductor_left",
                    "measured_mean_temperature_c": 38.750602383077734
                  },
                  {
                    "conductivity_relative_change": 1.7989087655878422e-9,
                    "conductivity_w_mk": 0.24905955326310464,
                    "coupling_temperature_c": 36.880893473790714,
                    "element_id": "dielectric_core",
                    "measured_mean_temperature_c": 36.8808937017113
                  },
                  {
                    "conductivity_relative_change": 2.879671471475201e-12,
                    "conductivity_w_mk": 159.99892214750523,
                    "coupling_temperature_c": 35.00561381507689,
                    "element_id": "substrate_right",
                    "measured_mean_temperature_c": 35.00561381567998
                  }
                ],
                "total_joule_loss_w": 0.00006622386907177592,
                "total_loss_w": 0.0017301850467920422
              },
              {
                "converged": true,
                "coupling_temperature_c": 36.880893656127185,
                "dielectric_mean_temperature_c": 36.88089370251635,
                "iteration": 12,
                "loss_relative_change": 1.1254064089400957e-10,
                "loss_tangent": 0.008015047149249018,
                "max_conductivity_relative_change": 3.660499604606043e-10,
                "max_temperature_c": 38.75064499570153,
                "relative_permittivity": 3.4006395038430832,
                "temperature_residual_c": 9.253623289851021e-8,
                "thermal_conductivity_updates": [
                  {
                    "conductivity_relative_change": 3.6507911271027957e-10,
                    "conductivity_w_mk": 388.5372651060614,
                    "coupling_temperature_c": 38.750602292150255,
                    "element_id": "conductor_left",
                    "measured_mean_temperature_c": 38.75060238468649
                  },
                  {
                    "conductivity_relative_change": 3.660499604606043e-10,
                    "conductivity_w_mk": 0.2490595531719364,
                    "coupling_temperature_c": 36.880893656127185,
                    "element_id": "dielectric_core",
                    "measured_mean_temperature_c": 36.88089370251635
                  },
                  {
                    "conductivity_relative_change": 5.790962307714633e-13,
                    "conductivity_w_mk": 159.9989221474126,
                    "coupling_temperature_c": 35.005613815559364,
                    "element_id": "substrate_right",
                    "measured_mean_temperature_c": 35.005613815680626
                  }
                ],
                "total_joule_loss_w": 0.00006622386897849186,
                "total_loss_w": 0.0017301850470874951
              }
            ],
            "loss_relative_change_tolerance": 1e-9,
            "max_iterations": 12,
            "method": "relaxed_temperature_dependent_dielectric_and_conductivity_fixed_point",
            "parameter_source": "screening_sensitivity_not_material_card",
            "relaxation_factor": 0.8,
            "schema_version": "kyuubiki.composite-electrothermal-feedback-convergence/v1",
            "status": "pass",
            "temperature_residual_tolerance_c": 1e-7
          },
          "electrothermal_loss_projection": {
            "assumptions": [
              "The solved electrostatic field magnitude is interpreted as an RMS harmonic field.",
              "Relative permittivity and loss tangent are scalar, isotropic, and frequency-local screening values.",
              "Element dielectric loss is lumped consistently to its four thermal nodes."
            ],
            "distributed_total_heat_load_w": 0.0017301850470874951,
            "effective_conductivity_s_m": 0.00001516335404284981,
            "electric_field_rms_v_m": 11259.71465812896,
            "energy_balance_relative_error": 0.0,
            "frequency_hz": 10000000.0,
            "loss_tangent": 0.008015047149249018,
            "model": "harmonic_dielectric_loss_sigma_eff_e_rms_squared",
            "relative_permittivity": 3.4006395038430832,
            "schema_version": "kyuubiki.composite-electrothermal-loss-projection/v1",
            "source_element_id": "dielectric_core",
            "source_volume_m3": 9e-7,
            "target_element_count": 1,
            "target_node_count": 4,
            "total_loss_w": 0.0017301850470874951,
            "volumetric_loss_w_m3": 1922.427830097217
          },
          "heat": {
            "elements": [
              {
                "area": 0.0009,
                "average_temperature": 38.75060238468649,
                "heat_flow_rate": 9.93358034669582e-7,
                "heat_flux_magnitude": 1.103731149632869,
                "heat_flux_x": 1.103731149632869,
                "heat_flux_y": 4.417157300691331e-11,
                "id": "conductor_left",
                "index": 0,
                "node_i": 0,
                "node_j": 1,
                "node_k": 5,
                "node_l": 4,
                "temperature_gradient_x": -0.002840734335563866,
                "temperature_gradient_y": -1.1368683772161605e-13
              },
              {
                "area": 0.0009,
                "average_temperature": 36.88089370251635,
                "heat_flow_rate": 0.000027939491775757176,
                "heat_flux_magnitude": 31.043879750841302,
                "heat_flux_x": 31.043879750841302,
                "heat_flux_y": -0.0,
                "id": "dielectric_core",
                "index": 1,
                "node_i": 1,
                "node_j": 2,
                "node_k": 6,
                "node_l": 5,
                "temperature_gradient_x": -124.64440474367348,
                "temperature_gradient_y": 0.0
              },
              {
                "area": 0.0009,
                "average_temperature": 35.005613815680626,
                "heat_flow_rate": 0.00005389226748206833,
                "heat_flux_magnitude": 59.880297202298145,
                "heat_flux_x": 59.880297202298145,
                "heat_flux_y": -0.0,
                "id": "substrate_right",
                "index": 2,
                "node_i": 2,
                "node_j": 3,
                "node_k": 7,
                "node_l": 6,
                "temperature_gradient_x": -0.37425437870842865,
                "temperature_gradient_y": 0.0
              }
            ],
            "input": {
              "elements": [
                {
                  "conductivity": 388.5372651060614,
                  "id": "conductor_left",
                  "node_i": 0,
                  "node_j": 1,
                  "node_k": 5,
                  "node_l": 4,
                  "thickness": 0.001
                },
                {
                  "conductivity": 0.2490595531719364,
                  "id": "dielectric_core",
                  "node_i": 1,
                  "node_j": 2,
                  "node_k": 6,
                  "node_l": 5,
                  "thickness": 0.001
                },
                {
                  "conductivity": 159.9989221474126,
                  "id": "substrate_right",
                  "node_i": 2,
                  "node_j": 3,
                  "node_k": 7,
                  "node_l": 6,
                  "thickness": 0.001
                }
              ],
              "nodes": [
                {
                  "fix_temperature": false,
                  "heat_load": 0.000016555967244622965,
                  "id": "n0",
                  "temperature": 35.0,
                  "x": 0.0,
                  "y": 0.0
                },
                {
                  "fix_temperature": false,
                  "heat_load": 0.0004491022290164968,
                  "id": "n1",
                  "temperature": 35.0,
                  "x": 0.03,
                  "y": 0.0
                },
                {
                  "fix_temperature": false,
                  "heat_load": 0.00043254626177187383,
                  "id": "n2",
                  "temperature": 35.0,
                  "x": 0.06,
                  "y": 0.0
                },
                {
                  "fix_temperature": true,
                  "heat_load": 0.0,
                  "id": "n3",
                  "temperature": 35.0,
                  "x": 0.09,
                  "y": 0.0
                },
                {
                  "fix_temperature": false,
                  "heat_load": 0.000016555967244622965,
                  "id": "n4",
                  "temperature": 35.0,
                  "x": 0.0,
                  "y": 0.03
                },
                {
                  "fix_temperature": false,
                  "heat_load": 0.0004491022290164968,
                  "id": "n5",
                  "temperature": 35.0,
                  "x": 0.03,
                  "y": 0.03
                },
                {
                  "fix_temperature": false,
                  "heat_load": 0.00043254626177187383,
                  "id": "n6",
                  "temperature": 35.0,
                  "x": 0.06,
                  "y": 0.03
                },
                {
                  "fix_temperature": true,
                  "heat_load": 0.0,
                  "id": "n7",
                  "temperature": 35.0,
                  "x": 0.09,
                  "y": 0.03
                }
              ]
            },
            "max_heat_flux": 59.880297202298145,
            "max_temperature": 38.75064499570153,
            "nodes": [
              {
                "heat_load": 0.000016555967244622965,
                "id": "n0",
                "index": 0,
                "temperature": 38.75064499570153,
                "x": 0.0,
                "y": 0.0
              },
              {
                "heat_load": 0.0004491022290164968,
                "id": "n1",
                "index": 1,
                "temperature": 38.750559773671455,
                "x": 0.03,
                "y": 0.0
              },
              {
                "heat_load": 0.00043254626177187383,
                "id": "n2",
                "index": 2,
                "temperature": 35.01122763136125,
                "x": 0.06,
                "y": 0.0
              },
              {
                "heat_load": 0.0,
                "id": "n3",
                "index": 3,
                "temperature": 35.0,
                "x": 0.09,
                "y": 0.0
              },
              {
                "heat_load": 0.000016555967244622965,
                "id": "n4",
                "index": 4,
                "temperature": 38.75064499570152,
                "x": 0.0,
                "y": 0.03
              },
              {
                "heat_load": 0.0004491022290164968,
                "id": "n5",
                "index": 5,
                "temperature": 38.750559773671455,
                "x": 0.03,
                "y": 0.03
              },
              {
                "heat_load": 0.00043254626177187383,
                "id": "n6",
                "index": 6,
                "temperature": 35.01122763136125,
                "x": 0.06,
                "y": 0.03
              },
              {
                "heat_load": 0.0,
                "id": "n7",
                "index": 7,
                "temperature": 35.0,
                "x": 0.09,
                "y": 0.03
              }
            ],
            "total_abs_heat_flow_rate": 0.00008282511729249509
          },
          "heat_cross_validation": {
            "absolute_error_c": 1.20650156532065e-11,
            "conductivities_w_mk": [
              388.5372651060614,
              0.2490595531719364,
              159.9989221474126
            ],
            "expected_max_temperature_c": 38.75064499568946,
            "fem_max_temperature_c": 38.75064499570153,
            "fixed_temperature_c": 35.0,
            "method": "layered_thermal_resistance_with_regional_generation_closed_form",
            "relative_error": 3.1135006022605784e-13,
            "relative_error_tolerance": 1e-9,
            "schema_version": "kyuubiki.composite-heat-cross-validation/v1",
            "status": "pass",
            "total_heat_load_w": 0.0017964089160659872
          },
          "heat_mesh_convergence": {
            "finest_pair_relative_change": 4.870483097599852e-12,
            "max_analytic_relative_error": 8.328522429639442e-12,
            "method": "structured_quad_h_refinement",
            "refinement_levels": [
              1,
              2,
              4,
              8
            ],
            "relative_error_tolerance": 1e-8,
            "samples": [
              {
                "analytic_relative_error": 3.1135006022605784e-13,
                "element_count": 3,
                "elements_per_layer": 1,
                "max_temperature_c": 38.75064499570153,
                "node_count": 8,
                "relative_change_from_previous": null
              },
              {
                "analytic_relative_error": 9.025117764621064e-13,
                "element_count": 6,
                "elements_per_layer": 2,
                "max_temperature_c": 38.75064499572443,
                "node_count": 14,
                "relative_change_from_previous": 5.911617162360485e-13
              },
              {
                "analytic_relative_error": 8.328522429639442e-12,
                "element_count": 12,
                "elements_per_layer": 4,
                "max_temperature_c": 38.7506449960122,
                "node_count": 26,
                "relative_change_from_previous": 7.426010653177336e-12
              },
              {
                "analytic_relative_error": 3.4580393320395906e-12,
                "element_count": 24,
                "elements_per_layer": 8,
                "max_temperature_c": 38.750644995823464,
                "node_count": 50,
                "relative_change_from_previous": 4.870483097599852e-12
              }
            ],
            "schema_version": "kyuubiki.composite-heat-mesh-convergence/v1",
            "status": "pass"
          },
          "heat_to_thermal_projection": {
            "mapped_node_count": 8,
            "maximum_coordinate_error_m": 0.0,
            "maximum_temperature_delta_c": 3.750644995701528,
            "minimum_temperature_delta_c": 0.0,
            "reference_temperature_c": 35.0,
            "schema_version": "kyuubiki.composite-heat-to-thermal-projection/v1"
          },
          "joule_heating_projection": {
            "assumptions": [
              "Steady scalar electrical conductivity is solved on a two-dimensional quad mesh.",
              "Joule heating uses the solved local sigma times electric-field magnitude squared.",
              "Element Joule power integrates both triangular subcell fields before thermal projection.",
              "Recovered terminal currents gate current continuity and electrical input-power balance.",
              "Contact and terminal impedance models require explicit study-level heat mappings."
            ],
            "boundary_voltage_span_v": 0.000033600000000000004,
            "current_balance_relative_error": 0.0,
            "distributed_total_heat_load_w": 0.00006622386897849183,
            "electrical_power_balance_relative_error": 2.0464716672579766e-16,
            "energy_balance_relative_error": 4.092943334515954e-16,
            "free_current_residual_relative_error": 0.0,
            "max_current_density_a_m2": 65698.28271675779,
            "max_free_current_residual_a": 0.0,
            "model": "solved_steady_current_density_sigma_e_squared",
            "parameter_source": "screening_reference_not_material_card",
            "regions": [
              {
                "coupling_temperature_c": 38.750602292150255,
                "current_density_magnitude_a_m2": 65698.28271675779,
                "distributed_heat_load_w": 0.00006622386897849186,
                "electric_field_magnitude_v_m": 0.00112,
                "electrical_conductivity_s_m": 58659180.99710517,
                "element_id": "conductor_left",
                "energy_balance_relative_error": 0.0,
                "joule_power_w": 0.00006622386897849186,
                "peak_current_density_magnitude_a_m2": 65698.28271675779,
                "peak_electric_field_magnitude_v_m": 0.00112,
                "rms_current_density_magnitude_a_m2": 65698.28271675779,
                "rms_electric_field_magnitude_v_m": 0.00112,
                "source_volume_m3": 9e-7,
                "volumetric_joule_heating_w_m3": 73.58207664276874
              }
            ],
            "schema_version": "kyuubiki.composite-current-to-heat-projection/v2",
            "source_power_balance_relative_error": 2.0464716672579766e-16,
            "status": "pass",
            "total_dissipated_power_w": 0.00006622386897849186,
            "total_electrical_input_power_w": 0.00006622386897849187,
            "total_extracted_current_a": 1.970948481502734,
            "total_injected_current_a": 1.970948481502734,
            "total_joule_loss_w": 0.00006622386897849186,
            "total_source_power_w": 0.00006622386897849187
          },
          "research": {
            "candidate_id": "copper_polyimide_aluminum",
            "candidate_label": "Copper / Polyimide / Aluminum",
            "coupling": "iterative_dielectric_and_conductor_joule_heating_with_temperature_dependent_electrical_thermal_feedback_and_expansion_projection",
            "materials": {
              "conductor": "copper",
              "dielectric": "polyimide",
              "substrate": "aluminum_6061"
            },
            "study": "material.composite_thermo_electric_panel.v1"
          },
          "schema_version": "kyuubiki.composite-thermo-electric-panel-result/v1",
          "thermal": {
            "elements": [
              {
                "area": 0.0009,
                "average_temperature_delta": 3.7506023846864895,
                "gamma_xy": -1.4705433112053822e-20,
                "id": "conductor_left",
                "index": 0,
                "max_in_plane_shear": 1115584.1138160944,
                "mechanical_strain_x": 6.4906712076572686e-6,
                "mechanical_strain_y": -0.000020283347523929,
                "node_i": 0,
                "node_j": 1,
                "node_k": 5,
                "node_l": 4,
                "principal_stress_1": -1.3969838619232178e-9,
                "principal_stress_2": -2231168.22763219,
                "strain_energy_density": 74.47788400162537,
                "stress_x": -1.294766762940627e-9,
                "stress_y": -2231168.22763219,
                "tau_xy": -5.6843418860808e-10,
                "thermal_strain": 0.00006380806840171358,
                "total_strain_x": 0.00007029873960937084,
                "total_strain_y": 0.00004352472087778457,
                "von_mises": 2231168.227632189
              },
              {
                "area": 0.0009,
                "average_temperature_delta": 1.8808937025163528,
                "gamma_xy": 8.55672389207632e-19,
                "id": "dielectric_core",
                "index": 1,
                "max_in_plane_shear": 50687.60179247358,
                "mechanical_strain_x": 0.000012976026058872747,
                "mechanical_strain_y": -0.00004055008143397935,
                "node_i": 1,
                "node_j": 2,
                "node_k": 6,
                "node_l": 5,
                "principal_stress_1": -1.7753336578607561e-9,
                "principal_stress_2": -101375.20358494892,
                "strain_energy_density": 7.47464068166777,
                "stress_x": -1.7763568394002503e-9,
                "stress_y": -101375.20358494892,
                "tau_xy": 8.121898215702257e-10,
                "thermal_strain": 0.00008476757601356185,
                "total_strain_x": 0.0000977436020724346,
                "total_strain_y": 0.0000442174945795825,
                "von_mises": 101375.20358494805
              },
              {
                "area": 0.0009,
                "average_temperature_delta": 0.005613815680625576,
                "gamma_xy": -2.3781442610899543e-20,
                "id": "substrate_right",
                "index": 2,
                "max_in_plane_shear": 12849.727280308223,
                "mechanical_strain_x": -1.1935886007833638e-7,
                "mechanical_strain_y": 3.7299643774479433e-7,
                "node_i": 2,
                "node_j": 3,
                "node_k": 7,
                "node_l": 6,
                "principal_stress_1": 25699.45456061628,
                "principal_stress_2": -1.673470251262188e-10,
                "strain_energy_density": 0.014725330007887708,
                "stress_x": -1.6826046728763483e-10,
                "stress_y": 25699.45456061628,
                "tau_xy": -6.197511639685317e-10,
                "thermal_strain": 1.3248627318844325e-7,
                "total_strain_x": 1.3127413110106817e-8,
                "total_strain_y": 5.054827109332375e-7,
                "von_mises": 25699.454560616363
              }
            ],
            "input": {
              "elements": [
                {
                  "id": "conductor_left",
                  "node_i": 0,
                  "node_j": 1,
                  "node_k": 5,
                  "node_l": 4,
                  "poisson_ratio": 0.32,
                  "thermal_expansion": 0.000017012752048107934,
                  "thickness": 0.001,
                  "youngs_modulus": 110000000000.0
                },
                {
                  "id": "dielectric_core",
                  "node_i": 1,
                  "node_j": 2,
                  "node_k": 6,
                  "node_l": 5,
                  "poisson_ratio": 0.32,
                  "thermal_expansion": 0.00004506771217329059,
                  "thickness": 0.001,
                  "youngs_modulus": 2500000000.0
                },
                {
                  "id": "substrate_right",
                  "node_i": 2,
                  "node_j": 3,
                  "node_k": 7,
                  "node_l": 6,
                  "poisson_ratio": 0.32,
                  "thermal_expansion": 0.00002360003974581502,
                  "thickness": 0.001,
                  "youngs_modulus": 68900000000.0
                }
              ],
              "nodes": [
                {
                  "fix_x": true,
                  "fix_y": true,
                  "id": "n0",
                  "load_x": 0.0,
                  "load_y": 0.0,
                  "temperature_delta": 3.750644995701528,
                  "x": 0.0,
                  "y": 0.0
                },
                {
                  "fix_x": false,
                  "fix_y": false,
                  "id": "n1",
                  "load_x": 0.0,
                  "load_y": 0.0,
                  "temperature_delta": 3.750559773671455,
                  "x": 0.03,
                  "y": 0.0
                },
                {
                  "fix_x": false,
                  "fix_y": false,
                  "id": "n2",
                  "load_x": 0.0,
                  "load_y": 0.0,
                  "temperature_delta": 0.011227631361251156,
                  "x": 0.06,
                  "y": 0.0
                },
                {
                  "fix_x": false,
                  "fix_y": false,
                  "id": "n3",
                  "load_x": 0.0,
                  "load_y": 0.0,
                  "temperature_delta": 0.0,
                  "x": 0.09,
                  "y": 0.0
                },
                {
                  "fix_x": true,
                  "fix_y": true,
                  "id": "n4",
                  "load_x": 0.0,
                  "load_y": 0.0,
                  "temperature_delta": 3.7506449957015207,
                  "x": 0.0,
                  "y": 0.03
                },
                {
                  "fix_x": false,
                  "fix_y": false,
                  "id": "n5",
                  "load_x": 0.0,
                  "load_y": 0.0,
                  "temperature_delta": 3.750559773671455,
                  "x": 0.03,
                  "y": 0.03
                },
                {
                  "fix_x": false,
                  "fix_y": false,
                  "id": "n6",
                  "load_x": 0.0,
                  "load_y": 0.0,
                  "temperature_delta": 0.011227631361251156,
                  "x": 0.06,
                  "y": 0.03
                },
                {
                  "fix_x": false,
                  "fix_y": false,
                  "id": "n7",
                  "load_x": 0.0,
                  "load_y": 0.0,
                  "temperature_delta": 0.0,
                  "x": 0.09,
                  "y": 0.03
                }
              ]
            },
            "max_displacement": 5.041667203769468e-6,
            "max_strain_energy_density": 74.47788400162537,
            "max_stress": 2231168.227632189,
            "max_temperature_delta": 3.750644995701528,
            "nodes": [
              {
                "displacement_magnitude": 0.0,
                "id": "n0",
                "index": 0,
                "temperature_delta": 3.750644995701528,
                "ux": 0.0,
                "uy": 0.0,
                "x": 0.0,
                "y": 0.0
              },
              {
                "displacement_magnitude": 2.480460180357602e-6,
                "id": "n1",
                "index": 1,
                "temperature_delta": 3.750559773671455,
                "ux": 2.1089621882811257e-6,
                "uy": -1.3057416263335375e-6,
                "x": 0.03,
                "y": 0.0
              },
              {
                "displacement_magnitude": 5.041313090850033e-6,
                "id": "n2",
                "index": 2,
                "temperature_delta": 0.011227631361251156,
                "ux": 5.041270250454165e-6,
                "uy": -2.078321105391072e-8,
                "x": 0.06,
                "y": 0.0
              },
              {
                "displacement_magnitude": 5.041667203769468e-6,
                "id": "n3",
                "index": 3,
                "temperature_delta": 0.0,
                "ux": 5.041664072847467e-6,
                "uy": 5.6187297259690115e-9,
                "x": 0.09,
                "y": 0.0
              },
              {
                "displacement_magnitude": 0.0,
                "id": "n4",
                "index": 4,
                "temperature_delta": 3.7506449957015207,
                "ux": 0.0,
                "uy": 0.0,
                "x": 0.0,
                "y": 0.03
              },
              {
                "displacement_magnitude": 2.480460180357601e-6,
                "id": "n5",
                "index": 5,
                "temperature_delta": 3.750559773671455,
                "ux": 2.1089621882811253e-6,
                "uy": 1.305741626333537e-6,
                "x": 0.03,
                "y": 0.03
              },
              {
                "displacement_magnitude": 5.04131309085003e-6,
                "id": "n6",
                "index": 6,
                "temperature_delta": 0.011227631361251156,
                "ux": 5.041270250454162e-6,
                "uy": 2.0783211053964773e-8,
                "x": 0.06,
                "y": 0.03
              },
              {
                "displacement_magnitude": 5.041667203769468e-6,
                "id": "n7",
                "index": 7,
                "temperature_delta": 0.0,
                "ux": 5.041664072847467e-6,
                "uy": -5.618729725912225e-9,
                "x": 0.09,
                "y": 0.03
              }
            ],
            "total_strain_energy": 0.00007377052501197093
          },
          "thermal_constraint_regularized_mesh_convergence": {
            "algebraic_validation": {
              "max_relative_residual": null,
              "method": "original_system_recomputed_l2_residual_over_max_rhs_l2_or_one",
              "qualification_effect": "algebraic_gate_does_not_override_discretization_gates",
              "relative_residual_tolerance": 1e-10,
              "required_series": [
                "uniform_full_edge_clamp",
                "uniform_regularized_restraint",
                "interface_graded_full_edge_clamp"
              ],
              "schema_version": "kyuubiki.composite-thermal-algebraic-validation/v1",
              "series": [],
              "status": "missing"
            },
            "convergence_tolerance": 0.02,
            "diagnostic_metrics": [
              "max_von_mises_stress_pa"
            ],
            "finest_pair_displacement_relative_change": 0.0019338141244975343,
            "finest_pair_peak_stress_relative_change": 0.309294448789466,
            "finest_pair_strain_energy_relative_change": 0.22497235812803323,
            "method": "structured_quad_h_refinement_preserving_piecewise_linear_temperature_roller_edge_with_vertical_anchor",
            "pass_metrics": [
              "max_displacement_m",
              "total_strain_energy_j"
            ],
            "refinement_levels": [
              1,
              2,
              4,
              8
            ],
            "regime_assessment": {
              "diagnosis": "pass_metrics_lack_qualified_discretization_uncertainty",
              "gci_safety_factor": 1.25,
              "method": "four_level_constant_ratio_observed_order_and_fine_grid_gci",
              "metrics": [
                {
                  "coarse_triplet_observed_order": 0.5756902166408991,
                  "fine_grid_gci": null,
                  "fine_triplet_observed_order": 4.040919996830279,
                  "metric": "max_displacement_m",
                  "observed_order_relative_difference": 0.8575348640674713,
                  "qualification_role": "pass_metric",
                  "regime": "oscillatory",
                  "richardson_extrapolated_value": null,
                  "unit": "m"
                },
                {
                  "coarse_triplet_observed_order": 1.697490235209299,
                  "fine_grid_gci": 0.16630591217669266,
                  "fine_triplet_observed_order": 1.669841685754482,
                  "metric": "total_strain_energy_j",
                  "observed_order_relative_difference": 0.01628789897068719,
                  "qualification_role": "pass_metric",
                  "regime": "asymptotic_converging",
                  "richardson_extrapolated_value": 1.4039485624284797e-6,
                  "unit": "J"
                },
                {
                  "coarse_triplet_observed_order": -7.25834077254959,
                  "fine_grid_gci": null,
                  "fine_triplet_observed_order": -0.6926470306695987,
                  "metric": "max_von_mises_stress_pa",
                  "observed_order_relative_difference": 0.9045722635000648,
                  "qualification_role": "diagnostic_metric",
                  "regime": "monotonic_diverging",
                  "richardson_extrapolated_value": null,
                  "unit": "Pa"
                }
              ],
              "order_consistency_tolerance": 0.25,
              "qualification_effect": "gci_gates_require_asymptotic_pass_metric_evidence",
              "qualification_tolerance": 0.02,
              "refinement_ratio": 2.0,
              "schema_version": "kyuubiki.composite-thermal-convergence-regime/v1",
              "status": "fail"
            },
            "samples": [
              {
                "displacement_relative_change": null,
                "element_count": 3,
                "elements_per_original_element": 1,
                "max_displacement_m": 5.030257810502436e-6,
                "max_von_mises_stress_pa": 126841.75286891092,
                "node_count": 8,
                "peak_stress_relative_change": null,
                "strain_energy_relative_change": null,
                "total_strain_energy_j": 8.43619118146253e-6
              },
              {
                "displacement_relative_change": 0.04680085230517103,
                "element_count": 12,
                "elements_per_original_element": 2,
                "max_displacement_m": 4.794837457656179e-6,
                "max_von_mises_stress_pa": 127160.05604640918,
                "node_count": 21,
                "peak_stress_relative_change": 0.00250316952818959,
                "strain_energy_relative_change": 0.5750266518316676,
                "total_strain_energy_j": 3.585156412174292e-6
              },
              {
                "displacement_relative_change": 0.03189286356541657,
                "element_count": 48,
                "elements_per_original_element": 4,
                "max_displacement_m": 4.9527963147911095e-6,
                "max_von_mises_stress_pa": 175892.62044007506,
                "node_count": 65,
                "peak_stress_relative_change": 0.27705860695996964,
                "strain_energy_relative_change": 0.417187033317212,
                "total_strain_energy_j": 2.0894756446011196e-6
              },
              {
                "displacement_relative_change": 0.0019338141244975343,
                "element_count": 192,
                "elements_per_original_element": 8,
                "max_displacement_m": 4.962392659807949e-6,
                "max_von_mises_stress_pa": 254656.44532870015,
                "node_count": 225,
                "peak_stress_relative_change": 0.309294448789466,
                "strain_energy_relative_change": 0.22497235812803323,
                "total_strain_energy_j": 1.6194013815841134e-6
              }
            ],
            "schema_version": "kyuubiki.composite-thermal-mesh-convergence/v1",
            "status": "fail"
          },
          "thermal_constraint_sensitivity": {
            "alternative_restraint": "roller_edge_with_vertical_anchor",
            "alternative_status": "fail",
            "diagnosis": "mixed_restraint_sensitivity_and_persistent_energy_nonconvergence",
            "displacement_change_ratio_alternative_to_primary": 0.7216078285750043,
            "peak_stress_change_ratio_alternative_to_primary": 1.191134606127812,
            "primary_restraint": "full_edge_clamp",
            "primary_status": "fail",
            "qualification_effect": "diagnostic_only_does_not_override_primary_quality_gates",
            "schema_version": "kyuubiki.composite-thermal-constraint-sensitivity/v1",
            "strain_energy_change_ratio_alternative_to_primary": 1.7065594501624202
          },
          "thermal_expansion_projection": {
            "coverage_fraction": 1.0,
            "declared_region_count": 3,
            "max_relative_change": 0.0015047149620130383,
            "model": "regional_linear_temperature_dependent_thermal_expansion",
            "parameter_source": "screening_sensitivity_not_material_card",
            "schema_version": "kyuubiki.composite-thermal-expansion-projection/v1",
            "status": "pass",
            "updated_region_count": 3,
            "updates": [
              {
                "adjusted_thermal_expansion_1_k": 0.000017012752048107934,
                "element_id": "conductor_left",
                "mean_temperature_c": 38.75060238468649,
                "reference_thermal_expansion_1_k": 0.000017,
                "relative_change": 0.0007501204769372842
              },
              {
                "adjusted_thermal_expansion_1_k": 0.00004506771217329059,
                "element_id": "dielectric_core",
                "mean_temperature_c": 36.88089370251635,
                "reference_thermal_expansion_1_k": 0.000045,
                "relative_change": 0.0015047149620130383
              },
              {
                "adjusted_thermal_expansion_1_k": 0.00002360003974581502,
                "element_id": "substrate_right",
                "mean_temperature_c": 35.005613815680626,
                "reference_thermal_expansion_1_k": 0.0000236,
                "relative_change": 1.6841447041225714e-6
              }
            ]
          },
          "thermal_interface_grading_assessment": {
            "diagnosis": "graded_mesh_did_not_resolve_nonconvergence",
            "displacement_change_ratio_graded_to_uniform": 1.6970997261145884,
            "graded_mesh_convergence": {
              "algebraic_validation": {
                "max_relative_residual": null,
                "method": "original_system_recomputed_l2_residual_over_max_rhs_l2_or_one",
                "qualification_effect": "algebraic_gate_does_not_override_discretization_gates",
                "relative_residual_tolerance": 1e-10,
                "required_series": [
                  "uniform_full_edge_clamp",
                  "uniform_regularized_restraint",
                  "interface_graded_full_edge_clamp"
                ],
                "schema_version": "kyuubiki.composite-thermal-algebraic-validation/v1",
                "series": [],
                "status": "missing"
              },
              "convergence_tolerance": 0.02,
              "diagnostic_metrics": [
                "max_von_mises_stress_pa"
              ],
              "finest_pair_displacement_relative_change": 0.004548004180500889,
              "finest_pair_peak_stress_relative_change": 0.41489111161740144,
              "finest_pair_strain_energy_relative_change": 0.11925807737158332,
              "method": "cosine_graded_quad_h_refinement_at_clamp_interfaces_and_free_edges",
              "pass_metrics": [
                "max_displacement_m",
                "total_strain_energy_j"
              ],
              "refinement_levels": [
                1,
                2,
                4,
                8
              ],
              "regime_assessment": {
                "diagnosis": "pass_metrics_lack_qualified_discretization_uncertainty",
                "gci_safety_factor": 1.25,
                "method": "four_level_constant_ratio_observed_order_and_fine_grid_gci",
                "metrics": [
                  {
                    "coarse_triplet_observed_order": 1.904590556964534,
                    "fine_grid_gci": null,
                    "fine_triplet_observed_order": 1.3946264051499302,
                    "metric": "max_displacement_m",
                    "observed_order_relative_difference": 0.26775526632210433,
                    "qualification_role": "pass_metric",
                    "regime": "oscillatory",
                    "richardson_extrapolated_value": null,
                    "unit": "m"
                  },
                  {
                    "coarse_triplet_observed_order": 0.854742285370016,
                    "fine_grid_gci": null,
                    "fine_triplet_observed_order": 1.7730858961643663,
                    "metric": "total_strain_energy_j",
                    "observed_order_relative_difference": 0.5179352070765213,
                    "qualification_role": "pass_metric",
                    "regime": "monotonic_pre_asymptotic",
                    "richardson_extrapolated_value": null,
                    "unit": "J"
                  },
                  {
                    "coarse_triplet_observed_order": -1.0586057366284432,
                    "fine_grid_gci": null,
                    "fine_triplet_observed_order": -0.5966570510271427,
                    "metric": "max_von_mises_stress_pa",
                    "observed_order_relative_difference": 0.43637462902153007,
                    "qualification_role": "diagnostic_metric",
                    "regime": "monotonic_diverging",
                    "richardson_extrapolated_value": null,
                    "unit": "Pa"
                  }
                ],
                "order_consistency_tolerance": 0.25,
                "qualification_effect": "gci_gates_require_asymptotic_pass_metric_evidence",
                "qualification_tolerance": 0.02,
                "refinement_ratio": 2.0,
                "schema_version": "kyuubiki.composite-thermal-convergence-regime/v1",
                "status": "fail"
              },
              "samples": [
                {
                  "displacement_relative_change": null,
                  "element_count": 3,
                  "elements_per_original_element": 1,
                  "max_displacement_m": 5.041667203769468e-6,
                  "max_von_mises_stress_pa": 2231168.227632189,
                  "node_count": 8,
                  "peak_stress_relative_change": null,
                  "strain_energy_relative_change": null,
                  "total_strain_energy_j": 0.00007377052501197093
                },
                {
                  "displacement_relative_change": 0.04334737694820705,
                  "element_count": 12,
                  "elements_per_original_element": 2,
                  "max_displacement_m": 4.8231241550402596e-6,
                  "max_von_mises_stress_pa": 3872744.821579421,
                  "node_count": 21,
                  "peak_stress_relative_change": 0.4238793593629409,
                  "strain_energy_relative_change": 0.3436921480135129,
                  "total_strain_energy_j": 0.00004841617481052206
                },
                {
                  "displacement_relative_change": 0.011957633436581072,
                  "element_count": 48,
                  "elements_per_original_element": 4,
                  "max_displacement_m": 4.881495286296188e-6,
                  "max_von_mises_stress_pa": 7292013.527351146,
                  "node_count": 65,
                  "peak_stress_relative_change": 0.4689059740422325,
                  "strain_energy_relative_change": 0.28957358561928676,
                  "total_strain_energy_j": 0.000034396129468668995
                },
                {
                  "displacement_relative_change": 0.004548004180500889,
                  "element_count": 192,
                  "elements_per_original_element": 8,
                  "max_displacement_m": 4.859294225327017e-6,
                  "max_von_mises_stress_pa": 12462660.6639121,
                  "node_count": 225,
                  "peak_stress_relative_change": 0.41489111161740144,
                  "strain_energy_relative_change": 0.11925807737158332,
                  "total_strain_energy_j": 0.00003029411319921147
                }
              ],
              "schema_version": "kyuubiki.composite-thermal-mesh-convergence/v1",
              "status": "fail"
            },
            "graded_stress_recovery": {
              "convergence_tolerance": 0.02,
              "diagnostic_metrics": [
                "max_stress_pa",
                "max_to_p95_ratio"
              ],
              "finest_pair_max_relative_change": 0.41489111161740144,
              "finest_pair_p95_relative_change": 0.34052287596214337,
              "finest_pair_rms_relative_change": 0.00921435652180696,
              "method": "interface_graded_mesh_element_area_weighted_von_mises_p95_and_rms",
              "pass_metrics": [
                "area_weighted_rms_stress_pa",
                "area_weighted_p95_stress_pa"
              ],
              "refinement_levels": [
                1,
                2,
                4,
                8
              ],
              "samples": [
                {
                  "element_count": 3,
                  "elements_per_original_element": 1,
                  "max_relative_change": null,
                  "p95_relative_change": null,
                  "rms_relative_change": null,
                  "statistics": {
                    "area_weighted_mean_stress_pa": 786080.961925918,
                    "area_weighted_p95_stress_pa": 2231168.227632189,
                    "area_weighted_rms_stress_pa": 1289579.912718604,
                    "max_stress_pa": 2231168.227632189,
                    "max_to_p95_ratio": 1.0
                  }
                },
                {
                  "element_count": 12,
                  "elements_per_original_element": 2,
                  "max_relative_change": 0.4238793593629409,
                  "p95_relative_change": 0.4238793593629409,
                  "rms_relative_change": 0.1968741180669434,
                  "statistics": {
                    "area_weighted_mean_stress_pa": 795806.8119922926,
                    "area_weighted_p95_stress_pa": 3872744.821579421,
                    "area_weighted_rms_stress_pa": 1605700.8517951053,
                    "max_stress_pa": 3872744.821579421,
                    "max_to_p95_ratio": 1.0
                  }
                },
                {
                  "element_count": 48,
                  "elements_per_original_element": 4,
                  "max_relative_change": 0.4689059740422325,
                  "p95_relative_change": 0.5157115006099782,
                  "rms_relative_change": 0.04085411127893329,
                  "statistics": {
                    "area_weighted_mean_stress_pa": 604177.2978086034,
                    "area_weighted_p95_stress_pa": 1875525.778163176,
                    "area_weighted_rms_stress_pa": 1540101.37051519,
                    "max_stress_pa": 7292013.527351146,
                    "max_to_p95_ratio": 3.887983632244547
                  }
                },
                {
                  "element_count": 192,
                  "elements_per_original_element": 8,
                  "max_relative_change": 0.41489111161740144,
                  "p95_relative_change": 0.34052287596214337,
                  "rms_relative_change": 0.00921435652180696,
                  "statistics": {
                    "area_weighted_mean_stress_pa": 564169.6119288479,
                    "area_weighted_p95_stress_pa": 2843958.8119140174,
                    "area_weighted_rms_stress_pa": 1525910.3274075396,
                    "max_stress_pa": 12462660.6639121,
                    "max_to_p95_ratio": 4.382152305336864
                  }
                }
              ],
              "schema_version": "kyuubiki.composite-thermal-stress-recovery/v1",
              "status": "fail"
            },
            "max_change_ratio_graded_to_uniform": 1.5978015860178438,
            "p95_change_ratio_graded_to_uniform": 1.1440269854840246,
            "qualification_effect": "diagnostic_only_does_not_override_uniform_mesh_gates",
            "rms_change_ratio_graded_to_uniform": 0.5710390429755481,
            "schema_version": "kyuubiki.composite-thermal-interface-grading-assessment/v1",
            "strain_energy_change_ratio_graded_to_uniform": 0.9046489117158628
          },
          "thermal_mesh_convergence": {
            "algebraic_validation": {
              "max_relative_residual": 2.0965919219332255e-14,
              "method": "original_system_recomputed_l2_residual_over_max_rhs_l2_or_one",
              "qualification_effect": "algebraic_gate_does_not_override_discretization_gates",
              "relative_residual_tolerance": 1e-10,
              "required_series": [
                "uniform_full_edge_clamp",
                "uniform_regularized_restraint",
                "interface_graded_full_edge_clamp"
              ],
              "schema_version": "kyuubiki.composite-thermal-algebraic-validation/v1",
              "series": [
                {
                  "label": "uniform_full_edge_clamp",
                  "max_relative_residual": 1.4943534664102208e-14,
                  "samples": [
                    {
                      "element_count": 3,
                      "elements_per_original_element": 1,
                      "matrix_non_zero_count": 112,
                      "node_count": 8,
                      "relative_residual": 2.9828235902606573e-16,
                      "residual_norm": 9.291415551119255e-14,
                      "rhs_norm": 311.49732023901936,
                      "solver_iterations": 0
                    },
                    {
                      "element_count": 12,
                      "elements_per_original_element": 2,
                      "matrix_non_zero_count": 439,
                      "node_count": 21,
                      "relative_residual": 7.066170220729603e-16,
                      "residual_norm": 2.1667660636091453e-13,
                      "rhs_norm": 306.6393811534051,
                      "solver_iterations": 0
                    },
                    {
                      "element_count": 48,
                      "elements_per_original_element": 4,
                      "matrix_non_zero_count": 1747,
                      "node_count": 65,
                      "relative_residual": 4.1914223511639226e-15,
                      "residual_norm": 1.0109042697362858e-12,
                      "rhs_norm": 241.1840623638336,
                      "solver_iterations": 0
                    },
                    {
                      "element_count": 192,
                      "elements_per_original_element": 8,
                      "matrix_non_zero_count": 6925,
                      "node_count": 225,
                      "relative_residual": 1.4943534664102208e-14,
                      "residual_norm": 2.6667180937425817e-12,
                      "rhs_norm": 178.4529666966042,
                      "solver_iterations": 0
                    }
                  ],
                  "solver_path": "dense_direct",
                  "status": "pass"
                },
                {
                  "label": "uniform_regularized_restraint",
                  "max_relative_residual": 1.7338507572836186e-14,
                  "samples": [
                    {
                      "element_count": 3,
                      "elements_per_original_element": 1,
                      "matrix_non_zero_count": 121,
                      "node_count": 8,
                      "relative_residual": 3.765082141121399e-16,
                      "residual_norm": 1.309699914643558e-13,
                      "rhs_norm": 347.85427397168934,
                      "solver_iterations": 0
                    },
                    {
                      "element_count": 12,
                      "elements_per_original_element": 2,
                      "matrix_non_zero_count": 462,
                      "node_count": 21,
                      "relative_residual": 1.224668397085114e-15,
                      "residual_norm": 3.8731434696923753e-13,
                      "rhs_norm": 316.2605876750809,
                      "solver_iterations": 0
                    },
                    {
                      "element_count": 48,
                      "elements_per_original_element": 4,
                      "matrix_non_zero_count": 1799,
                      "node_count": 65,
                      "relative_residual": 4.7217253587584035e-15,
                      "residual_norm": 1.153377660953282e-12,
                      "rhs_norm": 244.2703828196749,
                      "solver_iterations": 0
                    },
                    {
                      "element_count": 192,
                      "elements_per_original_element": 8,
                      "matrix_non_zero_count": 7030,
                      "node_count": 225,
                      "relative_residual": 1.7338507572836186e-14,
                      "residual_norm": 3.112251437101811e-12,
                      "rhs_norm": 179.49938447860984,
                      "solver_iterations": 0
                    }
                  ],
                  "solver_path": "dense_direct",
                  "status": "pass"
                },
                {
                  "label": "interface_graded_full_edge_clamp",
                  "max_relative_residual": 2.0965919219332255e-14,
                  "samples": [
                    {
                      "element_count": 3,
                      "elements_per_original_element": 1,
                      "matrix_non_zero_count": 112,
                      "node_count": 8,
                      "relative_residual": 2.9828235902606573e-16,
                      "residual_norm": 9.291415551119255e-14,
                      "rhs_norm": 311.49732023901936,
                      "solver_iterations": 0
                    },
                    {
                      "element_count": 12,
                      "elements_per_original_element": 2,
                      "matrix_non_zero_count": 444,
                      "node_count": 21,
                      "relative_residual": 7.967610654179184e-16,
                      "residual_norm": 2.4431832002687813e-13,
                      "rhs_norm": 306.63938115340505,
                      "solver_iterations": 0
                    },
                    {
                      "element_count": 48,
                      "elements_per_original_element": 4,
                      "matrix_non_zero_count": 1748,
                      "node_count": 65,
                      "relative_residual": 5.3555294966087246e-15,
                      "residual_norm": 1.4315752695374745e-12,
                      "rhs_norm": 267.3078862592371,
                      "solver_iterations": 0
                    },
                    {
                      "element_count": 192,
                      "elements_per_original_element": 8,
                      "matrix_non_zero_count": 6948,
                      "node_count": 225,
                      "relative_residual": 2.0965919219332255e-14,
                      "residual_norm": 4.229472756595337e-12,
                      "rhs_norm": 201.73085245389217,
                      "solver_iterations": 0
                    }
                  ],
                  "solver_path": "dense_direct",
                  "status": "pass"
                }
              ],
              "status": "pass"
            },
            "convergence_tolerance": 0.02,
            "diagnostic_metrics": [
              "max_von_mises_stress_pa"
            ],
            "finest_pair_displacement_relative_change": 0.002679868548982258,
            "finest_pair_peak_stress_relative_change": 0.25966372498817136,
            "finest_pair_strain_energy_relative_change": 0.13182802281316464,
            "method": "structured_quad_h_refinement_preserving_piecewise_linear_temperature_full_edge_clamp",
            "pass_metrics": [
              "max_displacement_m",
              "total_strain_energy_j"
            ],
            "refinement_levels": [
              1,
              2,
              4,
              8
            ],
            "regime_assessment": {
              "diagnosis": "pass_metrics_lack_qualified_discretization_uncertainty",
              "gci_safety_factor": 1.25,
              "method": "four_level_constant_ratio_observed_order_and_fine_grid_gci",
              "metrics": [
                {
                  "coarse_triplet_observed_order": 3.8744694328682674,
                  "fine_grid_gci": null,
                  "fine_triplet_observed_order": 0.19685241937137113,
                  "metric": "max_displacement_m",
                  "observed_order_relative_difference": 0.9491924190441628,
                  "qualification_role": "pass_metric",
                  "regime": "oscillatory",
                  "richardson_extrapolated_value": null,
                  "unit": "m"
                },
                {
                  "coarse_triplet_observed_order": 1.0831805442043485,
                  "fine_grid_gci": 0.12734454475384105,
                  "fine_triplet_observed_order": 1.3164347397150318,
                  "metric": "total_strain_energy_j",
                  "observed_order_relative_difference": 0.1771862960416676,
                  "qualification_role": "pass_metric",
                  "regime": "asymptotic_converging",
                  "richardson_extrapolated_value": 0.00002842044078220027,
                  "unit": "J"
                },
                {
                  "coarse_triplet_observed_order": 0.04135234140653215,
                  "fine_grid_gci": null,
                  "fine_triplet_observed_order": -0.26573050970549095,
                  "metric": "max_von_mises_stress_pa",
                  "observed_order_relative_difference": 1.1556175896112304,
                  "qualification_role": "diagnostic_metric",
                  "regime": "monotonic_diverging",
                  "richardson_extrapolated_value": null,
                  "unit": "Pa"
                }
              ],
              "order_consistency_tolerance": 0.25,
              "qualification_effect": "gci_gates_require_asymptotic_pass_metric_evidence",
              "qualification_tolerance": 0.02,
              "refinement_ratio": 2.0,
              "schema_version": "kyuubiki.composite-thermal-convergence-regime/v1",
              "status": "fail"
            },
            "samples": [
              {
                "displacement_relative_change": null,
                "element_count": 3,
                "elements_per_original_element": 1,
                "max_displacement_m": 5.041667203769468e-6,
                "max_von_mises_stress_pa": 2231168.227632189,
                "node_count": 8,
                "peak_stress_relative_change": null,
                "strain_energy_relative_change": null,
                "total_strain_energy_j": 0.00007377052501197093
              },
              {
                "displacement_relative_change": 0.04334737694817059,
                "element_count": 12,
                "elements_per_original_element": 2,
                "max_displacement_m": 4.823124155040443e-6,
                "max_von_mises_stress_pa": 3872744.8215794186,
                "node_count": 21,
                "peak_stress_relative_change": 0.4238793593629405,
                "strain_energy_relative_change": 0.343692148013513,
                "total_strain_energy_j": 0.000048416174810522054
              },
              {
                "displacement_relative_change": 0.0030799054847071437,
                "element_count": 48,
                "elements_per_original_element": 4,
                "max_displacement_m": 4.83802481420085e-6,
                "max_von_mises_stress_pa": 5467936.428837404,
                "node_count": 65,
                "peak_stress_relative_change": 0.29173558032699287,
                "strain_energy_relative_change": 0.24716796145773717,
                "total_strain_energy_j": 0.000036449247581023875
              },
              {
                "displacement_relative_change": 0.002679868548982258,
                "element_count": 192,
                "elements_per_original_element": 8,
                "max_displacement_m": 4.851024923323193e-6,
                "max_von_mises_stress_pa": 7385747.0090197055,
                "node_count": 225,
                "peak_stress_relative_change": 0.25966372498817136,
                "strain_energy_relative_change": 0.13182802281316464,
                "total_strain_energy_j": 0.00003164421533938997
              }
            ],
            "schema_version": "kyuubiki.composite-thermal-mesh-convergence/v1",
            "status": "fail"
          },
          "thermal_stress_recovery": {
            "convergence_tolerance": 0.02,
            "diagnostic_metrics": [
              "max_stress_pa",
              "max_to_p95_ratio"
            ],
            "finest_pair_max_relative_change": 0.25966372498817136,
            "finest_pair_p95_relative_change": 0.29765283536390713,
            "finest_pair_rms_relative_change": 0.01613612350180672,
            "method": "uniform_mesh_element_area_weighted_von_mises_p95_and_rms",
            "pass_metrics": [
              "area_weighted_rms_stress_pa",
              "area_weighted_p95_stress_pa"
            ],
            "refinement_levels": [
              1,
              2,
              4,
              8
            ],
            "samples": [
              {
                "element_count": 3,
                "elements_per_original_element": 1,
                "max_relative_change": null,
                "p95_relative_change": null,
                "rms_relative_change": null,
                "statistics": {
                  "area_weighted_mean_stress_pa": 786080.961925918,
                  "area_weighted_p95_stress_pa": 2231168.227632189,
                  "area_weighted_rms_stress_pa": 1289579.912718604,
                  "max_stress_pa": 2231168.227632189,
                  "max_to_p95_ratio": 1.0
                }
              },
              {
                "element_count": 12,
                "elements_per_original_element": 2,
                "max_relative_change": 0.4238793593629405,
                "p95_relative_change": 0.4238793593629405,
                "rms_relative_change": 0.19687411806694355,
                "statistics": {
                  "area_weighted_mean_stress_pa": 795806.8119922924,
                  "area_weighted_p95_stress_pa": 3872744.8215794186,
                  "area_weighted_rms_stress_pa": 1605700.8517951055,
                  "max_stress_pa": 3872744.8215794186,
                  "max_to_p95_ratio": 1.0
                }
              },
              {
                "element_count": 48,
                "elements_per_original_element": 4,
                "max_relative_change": 0.29173558032699287,
                "p95_relative_change": 0.24522360641595772,
                "rms_relative_change": 0.02136098400776822,
                "statistics": {
                  "area_weighted_mean_stress_pa": 629419.9574363937,
                  "area_weighted_p95_stress_pa": 5130982.969922733,
                  "area_weighted_rms_stress_pa": 1571401.5015786504,
                  "max_stress_pa": 5467936.428837404,
                  "max_to_p95_ratio": 1.065670352228775
                }
              },
              {
                "element_count": 192,
                "elements_per_original_element": 8,
                "max_relative_change": 0.25966372498817136,
                "p95_relative_change": 0.29765283536390713,
                "rms_relative_change": 0.01613612350180672,
                "statistics": {
                  "area_weighted_mean_stress_pa": 578156.3379947183,
                  "area_weighted_p95_stress_pa": 3603731.34072131,
                  "area_weighted_rms_stress_pa": 1546045.1728782528,
                  "max_stress_pa": 7385747.0090197055,
                  "max_to_p95_ratio": 2.0494721472609556
                }
              }
            ],
            "schema_version": "kyuubiki.composite-thermal-stress-recovery/v1",
            "status": "fail"
          }
        },
        "status": "completed"
      },
      "requires_confirmation": false
    },
    {
      "index": 4,
      "action": "solve_composite_thermo_electric_panel",
      "risk": "normal",
      "status": "executed",
      "payload": {
        "electric_conduction_feedback": {
          "parameter_source": "screening_reference_not_material_card",
          "regions": [
            {
              "element_id": "conductor_left",
              "reference_resistivity_ohm_m": 2.82e-8,
              "reference_temperature_c": 35.0,
              "resistivity_temperature_coefficient_1_k": 0.00403
            }
          ]
        },
        "electric_conduction_model": {
          "contact_interfaces": [],
          "elements": [
            {
              "electrical_conductivity_s_m": 35460992.90780142,
              "id": "conductor_left",
              "node_i": 0,
              "node_j": 1,
              "node_k": 2,
              "node_l": 3,
              "thickness": 0.001
            }
          ],
          "nodes": [
            {
              "current_source_a": 0.0,
              "electric_potential_v": 0.0,
              "fix_electric_potential": true,
              "id": "n0",
              "x": 0.0,
              "y": 0.0
            },
            {
              "current_source_a": 0.0,
              "electric_potential_v": 0.000056399999999999995,
              "fix_electric_potential": true,
              "id": "n1",
              "x": 0.03,
              "y": 0.0
            },
            {
              "current_source_a": 0.0,
              "electric_potential_v": 0.000056399999999999995,
              "fix_electric_potential": true,
              "id": "n5",
              "x": 0.03,
              "y": 0.03
            },
            {
              "current_source_a": 0.0,
              "electric_potential_v": 0.0,
              "fix_electric_potential": true,
              "id": "n4",
              "x": 0.0,
              "y": 0.03
            }
          ],
          "terminals": []
        },
        "electrostatic_model": {
          "elements": [
            {
              "id": "conductor_left",
              "node_i": 0,
              "node_j": 1,
              "node_k": 5,
              "node_l": 4,
              "permittivity": 1.0,
              "thickness": 0.001
            },
            {
              "id": "dielectric_core",
              "node_i": 1,
              "node_j": 2,
              "node_k": 6,
              "node_l": 5,
              "permittivity": 9.8,
              "thickness": 0.001
            },
            {
              "id": "substrate_right",
              "node_i": 2,
              "node_j": 3,
              "node_k": 7,
              "node_l": 6,
              "permittivity": 4.2,
              "thickness": 0.001
            }
          ],
          "nodes": [
            {
              "charge_density": 0.0,
              "fix_potential": true,
              "id": "n0",
              "potential": 0.0,
              "x": 0.0,
              "y": 0.0
            },
            {
              "charge_density": 0.0,
              "fix_potential": false,
              "id": "n1",
              "potential": 0.0,
              "x": 0.03,
              "y": 0.0
            },
            {
              "charge_density": 0.0,
              "fix_potential": false,
              "id": "n2",
              "potential": 0.0,
              "x": 0.06,
              "y": 0.0
            },
            {
              "charge_density": 0.0,
              "fix_potential": true,
              "id": "n3",
              "potential": 1760,
              "x": 0.09,
              "y": 0.0
            },
            {
              "charge_density": 0.0,
              "fix_potential": true,
              "id": "n4",
              "potential": 0.0,
              "x": 0.0,
              "y": 0.03
            },
            {
              "charge_density": 0.0,
              "fix_potential": false,
              "id": "n5",
              "potential": 0.0,
              "x": 0.03,
              "y": 0.03
            },
            {
              "charge_density": 0.0,
              "fix_potential": false,
              "id": "n6",
              "potential": 0.0,
              "x": 0.06,
              "y": 0.03
            },
            {
              "charge_density": 0.0,
              "fix_potential": true,
              "id": "n7",
              "potential": 1760,
              "x": 0.09,
              "y": 0.03
            }
          ]
        },
        "electrothermal_feedback": {
          "conductivity_relative_change_tolerance": 1e-9,
          "loss_relative_change_tolerance": 1e-9,
          "loss_tangent_temperature_coefficient_1_k": 0.001,
          "max_iterations": 12,
          "parameter_source": "screening_sensitivity_not_material_card",
          "relative_permittivity_temperature_coefficient_1_k": 0.0001,
          "relaxation_factor": 0.8,
          "temperature_residual_tolerance_c": 1e-7,
          "thermal_conductivity_models": [
            {
              "element_id": "conductor_left",
              "reference_temperature_c": 35.0,
              "temperature_coefficient_1_k": -0.001
            },
            {
              "element_id": "dielectric_core",
              "reference_temperature_c": 35.0,
              "temperature_coefficient_1_k": -0.002
            },
            {
              "element_id": "substrate_right",
              "reference_temperature_c": 35.0,
              "temperature_coefficient_1_k": -0.0012
            }
          ]
        },
        "electrothermal_loss": {
          "frequency_hz": 10000000.0,
          "loss_tangent": 0.0002,
          "reference_temperature_c": 35.0,
          "relative_permittivity": 9.8,
          "source_element_id": "dielectric_core"
        },
        "heat_model": {
          "elements": [
            {
              "conductivity": 167.0,
              "id": "conductor_left",
              "node_i": 0,
              "node_j": 1,
              "node_k": 5,
              "node_l": 4,
              "thickness": 0.001
            },
            {
              "conductivity": 0.25,
              "id": "dielectric_core",
              "node_i": 1,
              "node_j": 2,
              "node_k": 6,
              "node_l": 5,
              "thickness": 0.001
            },
            {
              "conductivity": 160.0,
              "id": "substrate_right",
              "node_i": 2,
              "node_j": 3,
              "node_k": 7,
              "node_l": 6,
              "thickness": 0.001
            }
          ],
          "nodes": [
            {
              "fix_temperature": false,
              "heat_load": 0.0,
              "id": "n0",
              "temperature": 35.0,
              "x": 0.0,
              "y": 0.0
            },
            {
              "fix_temperature": false,
              "heat_load": 0.0,
              "id": "n1",
              "temperature": 35.0,
              "x": 0.03,
              "y": 0.0
            },
            {
              "fix_temperature": false,
              "heat_load": 0.0,
              "id": "n2",
              "temperature": 35.0,
              "x": 0.06,
              "y": 0.0
            },
            {
              "fix_temperature": true,
              "heat_load": 0.0,
              "id": "n3",
              "temperature": 35.0,
              "x": 0.09,
              "y": 0.0
            },
            {
              "fix_temperature": false,
              "heat_load": 0.0,
              "id": "n4",
              "temperature": 35.0,
              "x": 0.0,
              "y": 0.03
            },
            {
              "fix_temperature": false,
              "heat_load": 0.0,
              "id": "n5",
              "temperature": 35.0,
              "x": 0.03,
              "y": 0.03
            },
            {
              "fix_temperature": false,
              "heat_load": 0.0,
              "id": "n6",
              "temperature": 35.0,
              "x": 0.06,
              "y": 0.03
            },
            {
              "fix_temperature": true,
              "heat_load": 0.0,
              "id": "n7",
              "temperature": 35.0,
              "x": 0.09,
              "y": 0.03
            }
          ]
        },
        "research": {
          "candidate_id": "aluminum_alumina_aluminum",
          "candidate_label": "Aluminum / Alumina / Aluminum",
          "coupling": "iterative_dielectric_and_conductor_joule_heating_with_temperature_dependent_electrical_thermal_feedback_and_expansion_projection",
          "materials": {
            "conductor": "aluminum",
            "dielectric": "alumina_96",
            "substrate": "aluminum_6061"
          },
          "study": "material.composite_thermo_electric_panel.v1"
        },
        "thermal_expansion_feedback": {
          "parameter_source": "screening_sensitivity_not_material_card",
          "regions": [
            {
              "element_id": "conductor_left",
              "reference_temperature_c": 35.0,
              "temperature_coefficient_1_k": 0.0002
            },
            {
              "element_id": "dielectric_core",
              "reference_temperature_c": 35.0,
              "temperature_coefficient_1_k": 0.0008
            },
            {
              "element_id": "substrate_right",
              "reference_temperature_c": 35.0,
              "temperature_coefficient_1_k": 0.0003
            }
          ]
        },
        "thermal_model": {
          "elements": [
            {
              "id": "conductor_left",
              "node_i": 0,
              "node_j": 1,
              "node_k": 5,
              "node_l": 4,
              "poisson_ratio": 0.32,
              "thermal_expansion": 0.000017,
              "thickness": 0.001,
              "youngs_modulus": 110000000000.0
            },
            {
              "id": "dielectric_core",
              "node_i": 1,
              "node_j": 2,
              "node_k": 6,
              "node_l": 5,
              "poisson_ratio": 0.32,
              "thermal_expansion": 0.000045,
              "thickness": 0.001,
              "youngs_modulus": 2500000000.0
            },
            {
              "id": "substrate_right",
              "node_i": 2,
              "node_j": 3,
              "node_k": 7,
              "node_l": 6,
              "poisson_ratio": 0.32,
              "thermal_expansion": 0.0000236,
              "thickness": 0.001,
              "youngs_modulus": 68900000000.0
            }
          ],
          "nodes": [
            {
              "fix_x": true,
              "fix_y": true,
              "id": "n0",
              "load_x": 0.0,
              "load_y": 0.0,
              "temperature_delta": 0.0,
              "x": 0.0,
              "y": 0.0
            },
            {
              "fix_x": false,
              "fix_y": false,
              "id": "n1",
              "load_x": 0.0,
              "load_y": 0.0,
              "temperature_delta": 0.0,
              "x": 0.03,
              "y": 0.0
            },
            {
              "fix_x": false,
              "fix_y": false,
              "id": "n2",
              "load_x": 0.0,
              "load_y": 0.0,
              "temperature_delta": 0.0,
              "x": 0.06,
              "y": 0.0
            },
            {
              "fix_x": false,
              "fix_y": false,
              "id": "n3",
              "load_x": 0.0,
              "load_y": 0.0,
              "temperature_delta": 0.0,
              "x": 0.09,
              "y": 0.0
            },
            {
              "fix_x": true,
              "fix_y": true,
              "id": "n4",
              "load_x": 0.0,
              "load_y": 0.0,
              "temperature_delta": 0.0,
              "x": 0.0,
              "y": 0.03
            },
            {
              "fix_x": false,
              "fix_y": false,
              "id": "n5",
              "load_x": 0.0,
              "load_y": 0.0,
              "temperature_delta": 0.0,
              "x": 0.03,
              "y": 0.03
            },
            {
              "fix_x": false,
              "fix_y": false,
              "id": "n6",
              "load_x": 0.0,
              "load_y": 0.0,
              "temperature_delta": 0.0,
              "x": 0.06,
              "y": 0.03
            },
            {
              "fix_x": false,
              "fix_y": false,
              "id": "n7",
              "load_x": 0.0,
              "load_y": 0.0,
              "temperature_delta": 0.0,
              "x": 0.09,
              "y": 0.03
            }
          ]
        }
      },
      "result_preview": {
        "job": {
          "created_at": "2026-08-13T10:42:47.146054Z",
          "execution_started_at": null,
          "execution_timeout_ms": 120000,
          "has_result": false,
          "iteration": null,
          "job_id": "c4278f1b4376f798",
          "message": null,
          "model_version_id": null,
          "progress": 0.0,
          "project_id": "5025e17f5e680dcd",
          "queue_timeout_ms": 1800000,
          "residual": null,
          "simulation_case_id": "b6b76493992eed1d",
          "status": "queued",
          "status_detail": {
            "active": true,
            "failure_class": null,
            "lifecycle": "active",
            "recoverable": false,
            "terminal": false,
            "timing": {
              "effective_deadline": "2026-08-13T11:12:47.146054Z",
              "effective_timeout_ms": 1800000,
              "execution_elapsed_ms": null,
              "execution_started_at": null,
              "execution_timeout_ms": 120000,
              "job_submission_deadline": "2026-08-13T11:12:47.146054Z",
              "phase": "queue",
              "queue_timeout_ms": 1800000,
              "queue_wait_ms": 0,
              "total_elapsed_ms": 0
            }
          },
          "updated_at": "2026-08-13T10:42:47.146054Z",
          "worker_id": null
        },
        "job_id": "c4278f1b4376f798",
        "progress": 0.0,
        "raw": {
          "job": {
            "created_at": "2026-08-13T10:42:47.146054Z",
            "execution_started_at": null,
            "execution_timeout_ms": 120000,
            "has_result": false,
            "iteration": null,
            "job_id": "c4278f1b4376f798",
            "message": null,
            "model_version_id": null,
            "progress": 0.0,
            "project_id": "5025e17f5e680dcd",
            "queue_timeout_ms": 1800000,
            "residual": null,
            "simulation_case_id": "b6b76493992eed1d",
            "status": "queued",
            "status_detail": {
              "active": true,
              "failure_class": null,
              "lifecycle": "active",
              "recoverable": false,
              "terminal": false,
              "timing": {
                "effective_deadline": "2026-08-13T11:12:47.146054Z",
                "effective_timeout_ms": 1800000,
                "execution_elapsed_ms": null,
                "execution_started_at": null,
                "execution_timeout_ms": 120000,
                "job_submission_deadline": "2026-08-13T11:12:47.146054Z",
                "phase": "queue",
                "queue_timeout_ms": 1800000,
                "queue_wait_ms": 0,
                "total_elapsed_ms": 0
              }
            },
            "updated_at": "2026-08-13T10:42:47.146054Z",
            "worker_id": null
          }
        },
        "status": "queued"
      },
      "requires_confirmation": false
    },
    {
      "index": 5,
      "action": "job_wait",
      "risk": "normal",
      "status": "executed",
      "payload": {
        "interval_ms": 1000,
        "job_id": "c4278f1b4376f798",
        "max_total_timeout_ms": 3600000,
        "resume_policy": "server_deadline",
        "timeout_ms": 60000
      },
      "result_preview": {
        "job": {
          "created_at": "2026-08-13T10:42:47.146054Z",
          "execution_started_at": "2026-08-13T10:42:47.151553Z",
          "execution_timeout_ms": 120000,
          "iteration": 4,
          "job_id": "c4278f1b4376f798",
          "message": "collecting nodal and elemental responses",
          "model_version_id": null,
          "progress": 1.0,
          "project_id": "5025e17f5e680dcd",
          "queue_timeout_ms": 1800000,
          "residual": 0.2,
          "simulation_case_id": "b6b76493992eed1d",
          "status": "completed",
          "status_detail": {
            "active": false,
            "failure_class": null,
            "lifecycle": "terminal",
            "recoverable": false,
            "terminal": true,
            "timing": {
              "effective_deadline": "2026-08-13T10:44:47.151553Z",
              "effective_timeout_ms": 120000,
              "execution_elapsed_ms": 8075,
              "execution_started_at": "2026-08-13T10:42:47.151553Z",
              "execution_timeout_ms": 120000,
              "job_submission_deadline": "2026-08-13T11:12:47.146054Z",
              "phase": "execution",
              "queue_timeout_ms": 1800000,
              "queue_wait_ms": 5,
              "total_elapsed_ms": 8080
            }
          },
          "updated_at": "2026-08-13T10:42:55.226972Z",
          "worker_id": "rust-agent-rpc@127.0.0.1:5001"
        },
        "job_id": "c4278f1b4376f798",
        "progress": 1.0,
        "raw": {
          "job": {
            "created_at": "2026-08-13T10:42:47.146054Z",
            "execution_started_at": "2026-08-13T10:42:47.151553Z",
            "execution_timeout_ms": 120000,
            "iteration": 4,
            "job_id": "c4278f1b4376f798",
            "message": "collecting nodal and elemental responses",
            "model_version_id": null,
            "progress": 1.0,
            "project_id": "5025e17f5e680dcd",
            "queue_timeout_ms": 1800000,
            "residual": 0.2,
            "simulation_case_id": "b6b76493992eed1d",
            "status": "completed",
            "status_detail": {
              "active": false,
              "failure_class": null,
              "lifecycle": "terminal",
              "recoverable": false,
              "terminal": true,
              "timing": {
                "effective_deadline": "2026-08-13T10:44:47.151553Z",
                "effective_timeout_ms": 120000,
                "execution_elapsed_ms": 8075,
                "execution_started_at": "2026-08-13T10:42:47.151553Z",
                "execution_timeout_ms": 120000,
                "job_submission_deadline": "2026-08-13T11:12:47.146054Z",
                "phase": "execution",
                "queue_timeout_ms": 1800000,
                "queue_wait_ms": 5,
                "total_elapsed_ms": 8080
              }
            },
            "updated_at": "2026-08-13T10:42:55.226972Z",
            "worker_id": "rust-agent-rpc@127.0.0.1:5001"
          }
        },
        "result": null,
        "status": "completed",
        "wait": {
          "elapsed_ms": 8086,
          "policy": "server_deadline",
          "poll_attempts": 9,
          "resume_count": 0
        }
      },
      "requires_confirmation": false
    },
    {
      "index": 6,
      "action": "result_fetch",
      "risk": "normal",
      "status": "executed",
      "payload": {
        "job_id": "c4278f1b4376f798"
      },
      "result_preview": {
        "job": {
          "created_at": "2026-08-13T10:42:47.146054Z",
          "execution_started_at": "2026-08-13T10:42:47.151553Z",
          "execution_timeout_ms": 120000,
          "has_result": true,
          "iteration": 4,
          "job_id": "c4278f1b4376f798",
          "message": "collecting nodal and elemental responses",
          "model_version_id": null,
          "progress": 1.0,
          "project_id": "5025e17f5e680dcd",
          "queue_timeout_ms": 1800000,
          "residual": 0.2,
          "simulation_case_id": "b6b76493992eed1d",
          "status": "completed",
          "status_detail": {
            "active": false,
            "failure_class": null,
            "lifecycle": "terminal",
            "recoverable": false,
            "terminal": true,
            "timing": {
              "effective_deadline": "2026-08-13T10:44:47.151553Z",
              "effective_timeout_ms": 120000,
              "execution_elapsed_ms": 8075,
              "execution_started_at": "2026-08-13T10:42:47.151553Z",
              "execution_timeout_ms": 120000,
              "job_submission_deadline": "2026-08-13T11:12:47.146054Z",
              "phase": "execution",
              "queue_timeout_ms": 1800000,
              "queue_wait_ms": 5,
              "total_elapsed_ms": 8080
            }
          },
          "updated_at": "2026-08-13T10:42:55.226972Z",
          "worker_id": "rust-agent-rpc@127.0.0.1:5001"
        },
        "job_id": "c4278f1b4376f798",
        "result": {
          "electric_conduction": {
            "contact_interfaces": [],
            "current_balance_relative_error": 0.0,
            "elements": [
              {
                "area_m2": 0.0009,
                "average_electric_potential_v": 0.0000282,
                "current_density_magnitude_a_m2": 66535.08736749241,
                "current_density_x_a_m2": -66535.08736749241,
                "current_density_y_a_m2": -0.0,
                "electric_field_magnitude_v_m": 0.00188,
                "electric_field_x_v_m": -0.00188,
                "electric_field_y_v_m": -0.0,
                "electric_potential_gradient_x_v_m": 0.00188,
                "electric_potential_gradient_y_v_m": 0.0,
                "id": "conductor_left",
                "index": 0,
                "joule_power_w": 0.00011257736782579715,
                "node_i": 0,
                "node_j": 1,
                "node_k": 2,
                "node_l": 3,
                "peak_current_density_magnitude_a_m2": 66535.08736749241,
                "peak_electric_field_magnitude_v_m": 0.00188,
                "rms_current_density_magnitude_a_m2": 66535.08736749241,
                "rms_electric_field_magnitude_v_m": 0.00188,
                "volumetric_joule_heating_w_m3": 125.08596425088574
              }
            ],
            "free_current_residual_relative_error": 0.0,
            "input": {
              "contact_interfaces": [],
              "elements": [
                {
                  "electrical_conductivity_s_m": 35391003.91887894,
                  "id": "conductor_left",
                  "node_i": 0,
                  "node_j": 1,
                  "node_k": 2,
                  "node_l": 3,
                  "thickness": 0.001
                }
              ],
              "nodes": [
                {
                  "current_source_a": 0.0,
                  "electric_potential_v": 0.0,
                  "fix_electric_potential": true,
                  "id": "n0",
                  "x": 0.0,
                  "y": 0.0
                },
                {
                  "current_source_a": 0.0,
                  "electric_potential_v": 0.000056399999999999995,
                  "fix_electric_potential": true,
                  "id": "n1",
                  "x": 0.03,
                  "y": 0.0
                },
                {
                  "current_source_a": 0.0,
                  "electric_potential_v": 0.000056399999999999995,
                  "fix_electric_potential": true,
                  "id": "n5",
                  "x": 0.03,
                  "y": 0.03
                },
                {
                  "current_source_a": 0.0,
                  "electric_potential_v": 0.0,
                  "fix_electric_potential": true,
                  "id": "n4",
                  "x": 0.0,
                  "y": 0.03
                }
              ],
              "terminals": []
            },
            "max_current_density_a_m2": 66535.08736749241,
            "max_electric_field_v_m": 0.00188,
            "max_electric_potential_v": 0.000056399999999999995,
            "max_free_current_residual_a": 0.0,
            "nodes": [
              {
                "current_source_a": 0.0,
                "electric_potential_v": 0.0,
                "fix_electric_potential": true,
                "id": "n0",
                "index": 0,
                "net_injected_current_a": -0.9980263105123864,
                "reaction_current_a": -0.9980263105123864,
                "x": 0.0,
                "y": 0.0
              },
              {
                "current_source_a": 0.0,
                "electric_potential_v": 0.000056399999999999995,
                "fix_electric_potential": true,
                "id": "n1",
                "index": 1,
                "net_injected_current_a": 0.9980263105123864,
                "reaction_current_a": 0.9980263105123864,
                "x": 0.03,
                "y": 0.0
              },
              {
                "current_source_a": 0.0,
                "electric_potential_v": 0.000056399999999999995,
                "fix_electric_potential": true,
                "id": "n5",
                "index": 2,
                "net_injected_current_a": 0.9980263105123864,
                "reaction_current_a": 0.9980263105123864,
                "x": 0.03,
                "y": 0.03
              },
              {
                "current_source_a": 0.0,
                "electric_potential_v": 0.0,
                "fix_electric_potential": true,
                "id": "n4",
                "index": 3,
                "net_injected_current_a": -0.9980263105123864,
                "reaction_current_a": -0.9980263105123864,
                "x": 0.0,
                "y": 0.03
              }
            ],
            "power_balance_relative_error": 0.0,
            "source_power_balance_relative_error": 0.0,
            "terminals": [],
            "total_bulk_joule_power_w": 0.00011257736782579715,
            "total_contact_joule_power_w": -0.0,
            "total_dissipated_power_w": 0.00011257736782579715,
            "total_electrical_input_power_w": 0.00011257736782579715,
            "total_extracted_current_a": 1.9960526210247729,
            "total_injected_current_a": 1.9960526210247729,
            "total_joule_power_w": 0.00011257736782579715,
            "total_source_power_w": 0.00011257736782579715,
            "total_terminal_impedance_power_w": -0.0
          },
          "electrostatic": {
            "elements": [
              {
                "area": 0.0009,
                "average_potential": 656.6509745713338,
                "electric_energy_density": 958201116.4566276,
                "electric_field_magnitude": 43776.73163808892,
                "electric_field_x": -43776.73163808892,
                "electric_field_y": 3.637978807091713e-12,
                "electric_flux_density_magnitude": 43776.73163808892,
                "electric_flux_density_x": -43776.73163808892,
                "electric_flux_density_y": 3.637978807091713e-12,
                "id": "conductor_left",
                "index": 0,
                "node_i": 0,
                "node_j": 1,
                "node_k": 5,
                "node_l": 4,
                "potential_gradient_x": 43776.73163808892,
                "potential_gradient_y": -3.637978807091713e-12,
                "stored_energy": 862.3810048109648
              },
              {
                "area": 0.0009,
                "average_potential": 1380.3055044353025,
                "electric_energy_density": 97773221.96145049,
                "electric_field_magnitude": 4466.903686175649,
                "electric_field_x": -4466.903686175649,
                "electric_field_y": 3.637978807091713e-12,
                "electric_flux_density_magnitude": 43776.73163808878,
                "electric_flux_density_x": -43776.73163808878,
                "electric_flux_density_y": 3.56530682396374e-11,
                "id": "dielectric_core",
                "index": 1,
                "node_i": 1,
                "node_j": 2,
                "node_k": 6,
                "node_l": 5,
                "potential_gradient_x": 4466.903686175649,
                "potential_gradient_y": -3.637978807091713e-12,
                "stored_energy": 87.99589976530542
              },
              {
                "area": 0.0009,
                "average_potential": 1603.6545298639685,
                "electric_energy_density": 228143122.96586272,
                "electric_field_magnitude": 10423.0313424021,
                "electric_field_x": -10423.0313424021,
                "electric_field_y": -0.0,
                "electric_flux_density_magnitude": 43776.73163808882,
                "electric_flux_density_x": -43776.73163808882,
                "electric_flux_density_y": -0.0,
                "id": "substrate_right",
                "index": 2,
                "node_i": 2,
                "node_j": 3,
                "node_k": 7,
                "node_l": 6,
                "potential_gradient_x": 10423.0313424021,
                "potential_gradient_y": 0.0,
                "stored_energy": 205.3288106692765
              }
            ],
            "input": {
              "elements": [
                {
                  "id": "conductor_left",
                  "node_i": 0,
                  "node_j": 1,
                  "node_k": 5,
                  "node_l": 4,
                  "permittivity": 1.0,
                  "thickness": 0.001
                },
                {
                  "id": "dielectric_core",
                  "node_i": 1,
                  "node_j": 2,
                  "node_k": 6,
                  "node_l": 5,
                  "permittivity": 9.80024077384313,
                  "thickness": 0.001
                },
                {
                  "id": "substrate_right",
                  "node_i": 2,
                  "node_j": 3,
                  "node_k": 7,
                  "node_l": 6,
                  "permittivity": 4.2,
                  "thickness": 0.001
                }
              ],
              "nodes": [
                {
                  "charge_density": 0.0,
                  "fix_potential": true,
                  "id": "n0",
                  "potential": 0.0,
                  "x": 0.0,
                  "y": 0.0
                },
                {
                  "charge_density": 0.0,
                  "fix_potential": false,
                  "id": "n1",
                  "potential": 0.0,
                  "x": 0.03,
                  "y": 0.0
                },
                {
                  "charge_density": 0.0,
                  "fix_potential": false,
                  "id": "n2",
                  "potential": 0.0,
                  "x": 0.06,
                  "y": 0.0
                },
                {
                  "charge_density": 0.0,
                  "fix_potential": true,
                  "id": "n3",
                  "potential": 1760.0,
                  "x": 0.09,
                  "y": 0.0
                },
                {
                  "charge_density": 0.0,
                  "fix_potential": true,
                  "id": "n4",
                  "potential": 0.0,
                  "x": 0.0,
                  "y": 0.03
                },
                {
                  "charge_density": 0.0,
                  "fix_potential": false,
                  "id": "n5",
                  "potential": 0.0,
                  "x": 0.03,
                  "y": 0.03
                },
                {
                  "charge_density": 0.0,
                  "fix_potential": false,
                  "id": "n6",
                  "potential": 0.0,
                  "x": 0.06,
                  "y": 0.03
                },
                {
                  "charge_density": 0.0,
                  "fix_potential": true,
                  "id": "n7",
                  "potential": 1760.0,
                  "x": 0.09,
                  "y": 0.03
                }
              ]
            },
            "max_electric_energy_density": 958201116.4566276,
            "max_electric_field": 43776.73163808892,
            "max_flux_density": 43776.73163808892,
            "max_potential": 1760.0,
            "nodes": [
              {
                "charge_density": 0.0,
                "id": "n0",
                "index": 0,
                "potential": 0.0,
                "x": 0.0,
                "y": 0.0
              },
              {
                "charge_density": 0.0,
                "id": "n1",
                "index": 1,
                "potential": 1313.3019491426676,
                "x": 0.03,
                "y": 0.0
              },
              {
                "charge_density": 0.0,
                "id": "n2",
                "index": 2,
                "potential": 1447.309059727937,
                "x": 0.06,
                "y": 0.0
              },
              {
                "charge_density": 0.0,
                "id": "n3",
                "index": 3,
                "potential": 1760.0,
                "x": 0.09,
                "y": 0.0
              },
              {
                "charge_density": 0.0,
                "id": "n4",
                "index": 4,
                "potential": 0.0,
                "x": 0.0,
                "y": 0.03
              },
              {
                "charge_density": 0.0,
                "id": "n5",
                "index": 5,
                "potential": 1313.3019491426674,
                "x": 0.03,
                "y": 0.03
              },
              {
                "charge_density": 0.0,
                "id": "n6",
                "index": 6,
                "potential": 1447.309059727937,
                "x": 0.06,
                "y": 0.03
              },
              {
                "charge_density": 0.0,
                "id": "n7",
                "index": 7,
                "potential": 1760.0,
                "x": 0.09,
                "y": 0.03
              }
            ],
            "total_stored_energy": 1155.7057152455468
          },
          "electrostatic_mesh_convergence": {
            "finest_pair_relative_change": 1.6251258147859644e-16,
            "max_analytic_relative_error": 0.9555555555555568,
            "method": "structured_quad_h_refinement",
            "refinement_levels": [
              1,
              2,
              4,
              8
            ],
            "relative_error_tolerance": 1e-8,
            "samples": [
              {
                "analytic_relative_error": 0.9555555555555568,
                "element_count": 3,
                "elements_per_layer": 1,
                "max_electric_field_v_m": 43776.73163808892,
                "node_count": 8,
                "relative_change_from_previous": null
              },
              {
                "analytic_relative_error": 2.112663559221754e-15,
                "element_count": 6,
                "elements_per_layer": 2,
                "max_electric_field_v_m": 22385.82867856823,
                "node_count": 14,
                "relative_change_from_previous": 0.9555555555555548
              },
              {
                "analytic_relative_error": 4.550352281400701e-15,
                "element_count": 12,
                "elements_per_layer": 4,
                "max_electric_field_v_m": 22385.82867856808,
                "node_count": 26,
                "relative_change_from_previous": 6.6630158406224545e-15
              },
              {
                "analytic_relative_error": 4.712864862879297e-15,
                "element_count": 24,
                "elements_per_layer": 8,
                "max_electric_field_v_m": 22385.828678568076,
                "node_count": 50,
                "relative_change_from_previous": 1.6251258147859644e-16
              }
            ],
            "schema_version": "kyuubiki.composite-electrostatic-mesh-convergence/v1",
            "status": "fail"
          },
          "electrothermal_feedback_convergence": {
            "conductivity_relative_change_tolerance": 1e-9,
            "converged": true,
            "final_loss_relative_change": 6.447104234433458e-10,
            "final_max_conductivity_relative_change": 1.9233484329526652e-10,
            "final_temperature_residual_c": 4.7734992847381363e-8,
            "iteration_count": 11,
            "iterations": [
              {
                "converged": false,
                "coupling_temperature_c": 35.0,
                "dielectric_mean_temperature_c": 35.24600952474136,
                "iteration": 1,
                "loss_relative_change": null,
                "loss_tangent": 0.0002,
                "max_conductivity_relative_change": null,
                "max_temperature_c": 35.49152938568119,
                "relative_permittivity": 9.8,
                "temperature_residual_c": 0.49136052340574565,
                "thermal_conductivity_updates": [
                  {
                    "conductivity_relative_change": null,
                    "conductivity_w_mk": 167.0,
                    "coupling_temperature_c": 35.0,
                    "element_id": "conductor_left",
                    "measured_mean_temperature_c": 35.491360523405746
                  },
                  {
                    "conductivity_relative_change": null,
                    "conductivity_w_mk": 0.25,
                    "coupling_temperature_c": 35.0,
                    "element_id": "dielectric_core",
                    "measured_mean_temperature_c": 35.24600952474136
                  },
                  {
                    "conductivity_relative_change": null,
                    "conductivity_w_mk": 160.0,
                    "coupling_temperature_c": 35.0,
                    "element_id": "substrate_right",
                    "measured_mean_temperature_c": 35.00041369417621
                  }
                ],
                "total_joule_loss_w": 0.00011280000000000002,
                "total_loss_w": 0.000019582136385685047
              },
              {
                "converged": false,
                "coupling_temperature_c": 35.19680761979309,
                "dielectric_mean_temperature_c": 35.24575154735719,
                "iteration": 2,
                "loss_relative_change": 0.0013210387140300212,
                "loss_tangent": 0.00020003936152395864,
                "max_conductivity_relative_change": 0.0003936152395861426,
                "max_temperature_c": 35.491014122035615,
                "relative_permittivity": 9.800192871467395,
                "temperature_residual_c": 0.09775704181614486,
                "thermal_conductivity_updates": [
                  {
                    "conductivity_relative_change": 0.0003930884187245615,
                    "conductivity_w_mk": 166.934354234073,
                    "coupling_temperature_c": 35.393088418724595,
                    "element_id": "conductor_left",
                    "measured_mean_temperature_c": 35.49084546054074
                  },
                  {
                    "conductivity_relative_change": 0.0003936152395861426,
                    "conductivity_w_mk": 0.24990159619010344,
                    "coupling_temperature_c": 35.19680761979309,
                    "element_id": "dielectric_core",
                    "measured_mean_temperature_c": 35.24575154735719
                  },
                  {
                    "conductivity_relative_change": 3.9714640927002164e-7,
                    "conductivity_w_mk": 159.99993645657452,
                    "coupling_temperature_c": 35.00033095534097,
                    "element_id": "substrate_right",
                    "measured_mean_temperature_c": 35.00041314783425
                  }
                ],
                "total_joule_loss_w": 0.0001126215909203508,
                "total_loss_w": 0.000019585663538122772
              },
              {
                "converged": false,
                "coupling_temperature_c": 35.23596276184437,
                "dielectric_mean_temperature_c": 35.245700333178746,
                "iteration": 3,
                "loss_relative_change": 0.0002626617968482437,
                "loss_tangent": 0.0002000471925523689,
                "max_conductivity_relative_change": 0.00007834112036140564,
                "max_temperature_c": 35.49091183092243,
                "relative_permittivity": 9.800231243506609,
                "temperature_residual_c": 0.019449157113754723,
                "thermal_conductivity_updates": [
                  {
                    "conductivity_relative_change": 0.00007823638727067767,
                    "conductivity_w_mk": 166.92129389328636,
                    "coupling_temperature_c": 35.47129405217751,
                    "element_id": "conductor_left",
                    "measured_mean_temperature_c": 35.49074320929127
                  },
                  {
                    "conductivity_relative_change": 0.00007834112036140564,
                    "conductivity_w_mk": 0.24988201861907783,
                    "coupling_temperature_c": 35.23596276184437,
                    "element_id": "dielectric_core",
                    "measured_mean_temperature_c": 35.245700333178746
                  },
                  {
                    "conductivity_relative_change": 7.890482479139392e-8,
                    "conductivity_w_mk": 159.99992383180756,
                    "coupling_temperature_c": 35.0003967093356,
                    "element_id": "substrate_right",
                    "measured_mean_temperature_c": 35.0004130393487
                  }
                ],
                "total_joule_loss_w": 0.00011258616340763884,
                "total_loss_w": 0.0000195863652558223
              },
              {
                "converged": false,
                "coupling_temperature_c": 35.24375281891187,
                "dielectric_mean_temperature_c": 35.24569014828428,
                "iteration": 4,
                "loss_relative_change": 0.00005225124664207882,
                "loss_tangent": 0.0002000487505637824,
                "max_conductivity_relative_change": 0.00001558747026011527,
                "max_temperature_c": 35.49089148842858,
                "relative_permittivity": 9.800238877762531,
                "temperature_residual_c": 0.003869496856708565,
                "thermal_conductivity_updates": [
                  {
                    "conductivity_relative_change": 0.000015566662166274374,
                    "conductivity_w_mk": 166.91869548589597,
                    "coupling_temperature_c": 35.48685337786851,
                    "element_id": "conductor_left",
                    "measured_mean_temperature_c": 35.49072287472522
                  },
                  {
                    "conductivity_relative_change": 0.00001558747026011527,
                    "conductivity_w_mk": 0.2498781235905441,
                    "coupling_temperature_c": 35.24375281891187,
                    "element_id": "dielectric_core",
                    "measured_mean_temperature_c": 35.24569014828428
                  },
                  {
                    "conductivity_relative_change": 1.5676820022175638e-8,
                    "conductivity_w_mk": 159.99992132351755,
                    "coupling_temperature_c": 35.00040977334608,
                    "element_id": "substrate_right",
                    "measured_mean_temperature_c": 35.00041301777335
                  }
                ],
                "total_joule_loss_w": 0.0001125791176195272,
                "total_loss_w": 0.00001958650486453944
              },
              {
                "converged": false,
                "coupling_temperature_c": 35.2453026824098,
                "dielectric_mean_temperature_c": 35.245688122127326,
                "iteration": 5,
                "loss_relative_change": 0.000010395367391241417,
                "loss_tangent": 0.000200049060536482,
                "max_conductivity_relative_change": 3.101238867290852e-6,
                "max_temperature_c": 35.49088744154474,
                "relative_permittivity": 9.800240396628762,
                "temperature_residual_c": 0.0007698540646501328,
                "thermal_conductivity_updates": [
                  {
                    "conductivity_relative_change": 3.0971053216699142e-6,
                    "conductivity_w_mk": 166.9181785211159,
                    "coupling_temperature_c": 35.48994897535388,
                    "element_id": "conductor_left",
                    "measured_mean_temperature_c": 35.49071882941853
                  },
                  {
                    "conductivity_relative_change": 3.101238867290852e-6,
                    "conductivity_w_mk": 0.2498773486587951,
                    "coupling_temperature_c": 35.2453026824098,
                    "element_id": "dielectric_core",
                    "measured_mean_temperature_c": 35.245688122127326
                  },
                  {
                    "conductivity_relative_change": 3.114651758182579e-9,
                    "conductivity_w_mk": 159.99992082517352,
                    "coupling_temperature_c": 35.00041236888789,
                    "element_id": "substrate_right",
                    "measured_mean_temperature_c": 35.00041301348117
                  }
                ],
                "total_joule_loss_w": 0.00011257771593362548,
                "total_loss_w": 0.000019586532640238937
              },
              {
                "converged": false,
                "coupling_temperature_c": 35.245611034183824,
                "dielectric_mean_temperature_c": 35.2456877190239,
                "iteration": 6,
                "loss_relative_change": 2.068195896436741e-6,
                "loss_tangent": 0.00020004912220683677,
                "max_conductivity_relative_change": 6.170062545850965e-7,
                "max_temperature_c": 35.49088663641819,
                "relative_permittivity": 9.800240698813502,
                "temperature_residual_c": 0.00015316600015324866,
                "thermal_conductivity_updates": [
                  {
                    "conductivity_relative_change": 6.161851508109578e-7,
                    "conductivity_w_mk": 166.9180756686129,
                    "coupling_temperature_c": 35.4905648586056,
                    "element_id": "conductor_left",
                    "measured_mean_temperature_c": 35.490718024605755
                  },
                  {
                    "conductivity_relative_change": 6.170062545850965e-7,
                    "conductivity_w_mk": 0.2498771944829081,
                    "coupling_temperature_c": 35.245611034183824,
                    "element_id": "dielectric_core",
                    "measured_mean_temperature_c": 35.2456877190239
                  },
                  {
                    "conductivity_relative_change": 6.188098431587762e-10,
                    "conductivity_w_mk": 159.999920726164,
                    "coupling_temperature_c": 35.000412884562515,
                    "element_id": "substrate_right",
                    "measured_mean_temperature_c": 35.000413012627234
                  }
                ],
                "total_joule_loss_w": 0.00011257743706597928,
                "total_loss_w": 0.00001958653816632859
              },
              {
                "converged": false,
                "coupling_temperature_c": 35.245672382055886,
                "dielectric_mean_temperature_c": 35.24568763882098,
                "iteration": 7,
                "loss_relative_change": 4.1147668881264387e-7,
                "loss_tangent": 0.0002000491344764112,
                "max_conductivity_relative_change": 1.2275604459840365e-7,
                "max_temperature_c": 35.49088647622732,
                "relative_permittivity": 9.800240758934414,
                "temperature_residual_c": 0.000030473071582548528,
                "thermal_conductivity_updates": [
                  {
                    "conductivity_relative_change": 1.225929399714156e-7,
                    "conductivity_w_mk": 166.91805520563526,
                    "coupling_temperature_c": 35.49068739140572,
                    "element_id": "conductor_left",
                    "measured_mean_temperature_c": 35.490717864477304
                  },
                  {
                    "conductivity_relative_change": 1.2275604459840365e-7,
                    "conductivity_w_mk": 0.24987716380897207,
                    "coupling_temperature_c": 35.245672382055886,
                    "element_id": "dielectric_core",
                    "measured_mean_temperature_c": 35.24568763882098
                  },
                  {
                    "conductivity_relative_change": 1.2294225067509202e-10,
                    "conductivity_w_mk": 159.99992070649324,
                    "coupling_temperature_c": 35.00041298701429,
                    "element_id": "substrate_right",
                    "measured_mean_temperature_c": 35.00041301245734
                  }
                ],
                "total_joule_loss_w": 0.00011257738158414571,
                "total_loss_w": 0.00001958653926576724
              },
              {
                "converged": false,
                "coupling_temperature_c": 35.24568458746796,
                "dielectric_mean_temperature_c": 35.24568762286585,
                "iteration": 8,
                "loss_relative_change": 8.186514468866409e-8,
                "loss_tangent": 0.0002000491369174936,
                "max_conductivity_relative_change": 2.4422824277698163e-8,
                "max_temperature_c": 35.49088644435979,
                "relative_permittivity": 9.80024077089572,
                "temperature_residual_c": 6.062759204894519e-6,
                "thermal_conductivity_updates": [
                  {
                    "conductivity_relative_change": 2.4390425373631942e-8,
                    "conductivity_w_mk": 166.9180511344329,
                    "coupling_temperature_c": 35.49071176986299,
                    "element_id": "conductor_left",
                    "measured_mean_temperature_c": 35.490717832622195
                  },
                  {
                    "conductivity_relative_change": 2.4422824277698163e-8,
                    "conductivity_w_mk": 0.249877157706266,
                    "coupling_temperature_c": 35.24568458746796,
                    "element_id": "dielectric_core",
                    "measured_mean_temperature_c": 35.24568762286585
                  },
                  {
                    "conductivity_relative_change": 2.4425273917906462e-11,
                    "conductivity_w_mk": 159.9999207025852,
                    "coupling_temperature_c": 35.00041300736873,
                    "element_id": "substrate_right",
                    "measured_mean_temperature_c": 35.00041301242354
                  }
                ],
                "total_joule_loss_w": 0.0001125773705457894,
                "total_loss_w": 0.000019586539484505044
              },
              {
                "converged": false,
                "coupling_temperature_c": 35.245687015786274,
                "dielectric_mean_temperature_c": 35.24568761969095,
                "iteration": 9,
                "loss_relative_change": 1.6287451226215505e-8,
                "loss_tangent": 0.0002000491374031573,
                "max_conductivity_relative_change": 4.859024112044821e-9,
                "max_temperature_c": 35.49088643801851,
                "relative_permittivity": 9.80024077327547,
                "temperature_residual_c": 1.20621303523194e-6,
                "thermal_conductivity_updates": [
                  {
                    "conductivity_relative_change": 4.8525886543245094e-9,
                    "conductivity_w_mk": 166.91805032444825,
                    "coupling_temperature_c": 35.49071662007035,
                    "element_id": "conductor_left",
                    "measured_mean_temperature_c": 35.49071782628339
                  },
                  {
                    "conductivity_relative_change": 4.859024112044821e-9,
                    "conductivity_w_mk": 0.24987715649210687,
                    "coupling_temperature_c": 35.245687015786274,
                    "element_id": "dielectric_core",
                    "measured_mean_temperature_c": 35.24568761969095
                  },
                  {
                    "conductivity_relative_change": 4.852654018891846e-12,
                    "conductivity_w_mk": 159.99992070180878,
                    "coupling_temperature_c": 35.00041301141258,
                    "element_id": "substrate_right",
                    "measured_mean_temperature_c": 35.000413012416814
                  }
                ],
                "total_joule_loss_w": 0.00011257736834965737,
                "total_loss_w": 0.000019586539528023862
              },
              {
                "converged": false,
                "coupling_temperature_c": 35.245687498910016,
                "dielectric_mean_temperature_c": 35.24568761906026,
                "iteration": 10,
                "loss_relative_change": 3.2404610916353604e-9,
                "loss_tangent": 0.00020004913749978204,
                "max_conductivity_relative_change": 9.667225487911383e-10,
                "max_temperature_c": 35.49088643675883,
                "relative_permittivity": 9.800240773748932,
                "temperature_residual_c": 2.3998342868480904e-7,
                "thermal_conductivity_updates": [
                  {
                    "conductivity_relative_change": 9.654442343150701e-10,
                    "conductivity_w_mk": 166.91805016329818,
                    "coupling_temperature_c": 35.49071758504078,
                    "element_id": "conductor_left",
                    "measured_mean_temperature_c": 35.490717825024205
                  },
                  {
                    "conductivity_relative_change": 9.667225487911383e-10,
                    "conductivity_w_mk": 0.249877156250545,
                    "coupling_temperature_c": 35.245687498910016,
                    "element_id": "dielectric_core",
                    "measured_mean_temperature_c": 35.24568761906026
                  },
                  {
                    "conductivity_relative_change": 9.640293345286569e-13,
                    "conductivity_w_mk": 159.99992070165453,
                    "coupling_temperature_c": 35.000413012215965,
                    "element_id": "substrate_right",
                    "measured_mean_temperature_c": 35.00041301241548
                  }
                ],
                "total_joule_loss_w": 0.0001125773679127271,
                "total_loss_w": 0.00001958653953668212
              },
              {
                "converged": true,
                "coupling_temperature_c": 35.24568759503021,
                "dielectric_mean_temperature_c": 35.245687618929196,
                "iteration": 11,
                "loss_relative_change": 6.447104234433458e-10,
                "loss_tangent": 0.00020004913751900608,
                "max_conductivity_relative_change": 1.9233484329526652e-10,
                "max_temperature_c": 35.490886436497036,
                "relative_permittivity": 9.80024077384313,
                "temperature_residual_c": 4.7734992847381363e-8,
                "thermal_conductivity_updates": [
                  {
                    "conductivity_relative_change": 1.9208086238077718e-10,
                    "conductivity_w_mk": 166.9180501312364,
                    "coupling_temperature_c": 35.49071777702752,
                    "element_id": "conductor_left",
                    "measured_mean_temperature_c": 35.49071782476251
                  },
                  {
                    "conductivity_relative_change": 1.9233484329526652e-10,
                    "conductivity_w_mk": 0.2498771562024849,
                    "coupling_temperature_c": 35.24568759503021,
                    "element_id": "dielectric_core",
                    "measured_mean_temperature_c": 35.245687618929196
                  },
                  {
                    "conductivity_relative_change": 1.9149136219327321e-13,
                    "conductivity_w_mk": 159.9999207016239,
                    "coupling_temperature_c": 35.000413012375574,
                    "element_id": "substrate_right",
                    "measured_mean_temperature_c": 35.0004130124152
                  }
                ],
                "total_joule_loss_w": 0.00011257736782579715,
                "total_loss_w": 0.0000195865395384046
              }
            ],
            "loss_relative_change_tolerance": 1e-9,
            "max_iterations": 12,
            "method": "relaxed_temperature_dependent_dielectric_and_conductivity_fixed_point",
            "parameter_source": "screening_sensitivity_not_material_card",
            "relaxation_factor": 0.8,
            "schema_version": "kyuubiki.composite-electrothermal-feedback-convergence/v1",
            "status": "pass",
            "temperature_residual_tolerance_c": 1e-7
          },
          "electrothermal_loss_projection": {
            "assumptions": [
              "The solved electrostatic field magnitude is interpreted as an RMS harmonic field.",
              "Relative permittivity and loss tangent are scalar, isotropic, and frequency-local screening values.",
              "Element dielectric loss is lumped consistently to its four thermal nodes."
            ],
            "distributed_total_heat_load_w": 0.0000195865395384046,
            "effective_conductivity_s_m": 1.0906917476537104e-6,
            "electric_field_rms_v_m": 4466.903686175649,
            "energy_balance_relative_error": 0.0,
            "frequency_hz": 10000000.0,
            "loss_tangent": 0.00020004913751900608,
            "model": "harmonic_dielectric_loss_sigma_eff_e_rms_squared",
            "relative_permittivity": 9.80024077384313,
            "schema_version": "kyuubiki.composite-electrothermal-loss-projection/v1",
            "source_element_id": "dielectric_core",
            "source_volume_m3": 9e-7,
            "target_element_count": 1,
            "target_node_count": 4,
            "total_loss_w": 0.0000195865395384046,
            "volumetric_loss_w_m3": 21.762821709338446
          },
          "heat": {
            "elements": [
              {
                "area": 0.0009,
                "average_temperature": 35.49071782476251,
                "heat_flow_rate": 1.6886605173720934e-6,
                "heat_flux_magnitude": 1.8762894637467704,
                "heat_flux_x": 1.8762894637467704,
                "heat_flux_y": -3.7952770556156887e-11,
                "id": "conductor_left",
                "index": 0,
                "node_i": 0,
                "node_j": 1,
                "node_k": 5,
                "node_l": 4,
                "temperature_gradient_x": -0.011240782301683794,
                "temperature_gradient_y": 2.273736754432321e-13
              },
              {
                "area": 0.0009,
                "average_temperature": 35.245687618929196,
                "heat_flow_rate": 3.671119127796778e-6,
                "heat_flux_magnitude": 4.079021253107531,
                "heat_flux_x": 4.079021253107531,
                "heat_flux_y": -5.68154874150616e-14,
                "id": "dielectric_core",
                "index": 1,
                "node_i": 1,
                "node_j": 2,
                "node_k": 6,
                "node_l": 5,
                "temperature_gradient_x": -16.32410627325271,
                "temperature_gradient_y": 2.273736754432321e-13
              },
              {
                "area": 0.0009,
                "average_temperature": 35.0004130124152,
                "heat_flow_rate": 3.964917220851543e-6,
                "heat_flux_magnitude": 4.4054635787239365,
                "heat_flux_x": 4.4054635787239365,
                "heat_flux_y": -0.0,
                "id": "substrate_right",
                "index": 2,
                "node_i": 2,
                "node_j": 3,
                "node_k": 7,
                "node_l": 6,
                "temperature_gradient_x": -0.0275341610133637,
                "temperature_gradient_y": 0.0
              }
            ],
            "input": {
              "elements": [
                {
                  "conductivity": 166.9180501312364,
                  "id": "conductor_left",
                  "node_i": 0,
                  "node_j": 1,
                  "node_k": 5,
                  "node_l": 4,
                  "thickness": 0.001
                },
                {
                  "conductivity": 0.2498771562024849,
                  "id": "dielectric_core",
                  "node_i": 1,
                  "node_j": 2,
                  "node_k": 6,
                  "node_l": 5,
                  "thickness": 0.001
                },
                {
                  "conductivity": 159.9999207016239,
                  "id": "substrate_right",
                  "node_i": 2,
                  "node_j": 3,
                  "node_k": 7,
                  "node_l": 6,
                  "thickness": 0.001
                }
              ],
              "nodes": [
                {
                  "fix_temperature": false,
                  "heat_load": 0.000028144341956449292,
                  "id": "n0",
                  "temperature": 35.0,
                  "x": 0.0,
                  "y": 0.0
                },
                {
                  "fix_temperature": false,
                  "heat_load": 0.00003304097684105044,
                  "id": "n1",
                  "temperature": 35.0,
                  "x": 0.03,
                  "y": 0.0
                },
                {
                  "fix_temperature": false,
                  "heat_load": 4.89663488460115e-6,
                  "id": "n2",
                  "temperature": 35.0,
                  "x": 0.06,
                  "y": 0.0
                },
                {
                  "fix_temperature": true,
                  "heat_load": 0.0,
                  "id": "n3",
                  "temperature": 35.0,
                  "x": 0.09,
                  "y": 0.0
                },
                {
                  "fix_temperature": false,
                  "heat_load": 0.000028144341956449292,
                  "id": "n4",
                  "temperature": 35.0,
                  "x": 0.0,
                  "y": 0.03
                },
                {
                  "fix_temperature": false,
                  "heat_load": 0.00003304097684105044,
                  "id": "n5",
                  "temperature": 35.0,
                  "x": 0.03,
                  "y": 0.03
                },
                {
                  "fix_temperature": false,
                  "heat_load": 4.89663488460115e-6,
                  "id": "n6",
                  "temperature": 35.0,
                  "x": 0.06,
                  "y": 0.03
                },
                {
                  "fix_temperature": true,
                  "heat_load": 0.0,
                  "id": "n7",
                  "temperature": 35.0,
                  "x": 0.09,
                  "y": 0.03
                }
              ]
            },
            "max_heat_flux": 4.4054635787239365,
            "max_temperature": 35.490886436497036,
            "nodes": [
              {
                "heat_load": 0.000028144341956449292,
                "id": "n0",
                "index": 0,
                "temperature": 35.490886436497036,
                "x": 0.0,
                "y": 0.0
              },
              {
                "heat_load": 0.00003304097684105044,
                "id": "n1",
                "index": 1,
                "temperature": 35.490549213027975,
                "x": 0.03,
                "y": 0.0
              },
              {
                "heat_load": 4.89663488460115e-6,
                "id": "n2",
                "index": 2,
                "temperature": 35.0008260248304,
                "x": 0.06,
                "y": 0.0
              },
              {
                "heat_load": 0.0,
                "id": "n3",
                "index": 3,
                "temperature": 35.0,
                "x": 0.09,
                "y": 0.0
              },
              {
                "heat_load": 0.000028144341956449292,
                "id": "n4",
                "index": 4,
                "temperature": 35.490886436497036,
                "x": 0.0,
                "y": 0.03
              },
              {
                "heat_load": 0.00003304097684105044,
                "id": "n5",
                "index": 5,
                "temperature": 35.49054921302799,
                "x": 0.03,
                "y": 0.03
              },
              {
                "heat_load": 4.89663488460115e-6,
                "id": "n6",
                "index": 6,
                "temperature": 35.0008260248304,
                "x": 0.06,
                "y": 0.03
              },
              {
                "heat_load": 0.0,
                "id": "n7",
                "index": 7,
                "temperature": 35.0,
                "x": 0.09,
                "y": 0.03
              }
            ],
            "total_abs_heat_flow_rate": 9.324696866020415e-6
          },
          "heat_cross_validation": {
            "absolute_error_c": 7.112532784958603e-12,
            "conductivities_w_mk": [
              166.9180501312364,
              0.2498771562024849,
              159.9999207016239
            ],
            "expected_max_temperature_c": 35.49088643650415,
            "fem_max_temperature_c": 35.490886436497036,
            "fixed_temperature_c": 35.0,
            "method": "layered_thermal_resistance_with_regional_generation_closed_form",
            "relative_error": 2.0040448405489834e-13,
            "relative_error_tolerance": 1e-9,
            "schema_version": "kyuubiki.composite-heat-cross-validation/v1",
            "status": "pass",
            "total_heat_load_w": 0.00013216390736420176
          },
          "heat_mesh_convergence": {
            "finest_pair_relative_change": 1.9299692570321879e-13,
            "max_analytic_relative_error": 1.5389702986313721e-12,
            "method": "structured_quad_h_refinement",
            "refinement_levels": [
              1,
              2,
              4,
              8
            ],
            "relative_error_tolerance": 1e-8,
            "samples": [
              {
                "analytic_relative_error": 2.0040448405489834e-13,
                "element_count": 3,
                "elements_per_layer": 1,
                "max_temperature_c": 35.490886436497036,
                "node_count": 8,
                "relative_change_from_previous": null
              },
              {
                "analytic_relative_error": 2.490541240402533e-13,
                "element_count": 6,
                "elements_per_layer": 2,
                "max_temperature_c": 35.49088643649531,
                "node_count": 14,
                "relative_change_from_previous": 4.8649639985354944e-14
              },
              {
                "analytic_relative_error": 1.5389702986313721e-12,
                "element_count": 12,
                "elements_per_layer": 4,
                "max_temperature_c": 35.49088643644953,
                "node_count": 26,
                "relative_change_from_previous": 1.2899161745911188e-12
              },
              {
                "analytic_relative_error": 1.3459733729281534e-12,
                "element_count": 24,
                "elements_per_layer": 8,
                "max_temperature_c": 35.49088643645638,
                "node_count": 50,
                "relative_change_from_previous": 1.9299692570321879e-13
              }
            ],
            "schema_version": "kyuubiki.composite-heat-mesh-convergence/v1",
            "status": "pass"
          },
          "heat_to_thermal_projection": {
            "mapped_node_count": 8,
            "maximum_coordinate_error_m": 0.0,
            "maximum_temperature_delta_c": 0.4908864364970355,
            "minimum_temperature_delta_c": 0.0,
            "reference_temperature_c": 35.0,
            "schema_version": "kyuubiki.composite-heat-to-thermal-projection/v1"
          },
          "joule_heating_projection": {
            "assumptions": [
              "Steady scalar electrical conductivity is solved on a two-dimensional quad mesh.",
              "Joule heating uses the solved local sigma times electric-field magnitude squared.",
              "Element Joule power integrates both triangular subcell fields before thermal projection.",
              "Recovered terminal currents gate current continuity and electrical input-power balance.",
              "Contact and terminal impedance models require explicit study-level heat mappings."
            ],
            "boundary_voltage_span_v": 0.000056399999999999995,
            "current_balance_relative_error": 0.0,
            "distributed_total_heat_load_w": 0.00011257736782579711,
            "electrical_power_balance_relative_error": 0.0,
            "energy_balance_relative_error": 3.611523546288645e-16,
            "free_current_residual_relative_error": 0.0,
            "max_current_density_a_m2": 66535.08736749241,
            "max_free_current_residual_a": 0.0,
            "model": "solved_steady_current_density_sigma_e_squared",
            "parameter_source": "screening_reference_not_material_card",
            "regions": [
              {
                "coupling_temperature_c": 35.49071777702752,
                "current_density_magnitude_a_m2": 66535.08736749241,
                "distributed_heat_load_w": 0.00011257736782579715,
                "electric_field_magnitude_v_m": 0.00188,
                "electrical_conductivity_s_m": 35391003.91887894,
                "element_id": "conductor_left",
                "energy_balance_relative_error": 0.0,
                "joule_power_w": 0.00011257736782579715,
                "peak_current_density_magnitude_a_m2": 66535.08736749241,
                "peak_electric_field_magnitude_v_m": 0.00188,
                "rms_current_density_magnitude_a_m2": 66535.08736749241,
                "rms_electric_field_magnitude_v_m": 0.00188,
                "source_volume_m3": 9e-7,
                "volumetric_joule_heating_w_m3": 125.08596425088574
              }
            ],
            "schema_version": "kyuubiki.composite-current-to-heat-projection/v2",
            "source_power_balance_relative_error": 0.0,
            "status": "pass",
            "total_dissipated_power_w": 0.00011257736782579715,
            "total_electrical_input_power_w": 0.00011257736782579715,
            "total_extracted_current_a": 1.9960526210247729,
            "total_injected_current_a": 1.9960526210247729,
            "total_joule_loss_w": 0.00011257736782579715,
            "total_source_power_w": 0.00011257736782579715
          },
          "research": {
            "candidate_id": "aluminum_alumina_aluminum",
            "candidate_label": "Aluminum / Alumina / Aluminum",
            "coupling": "iterative_dielectric_and_conductor_joule_heating_with_temperature_dependent_electrical_thermal_feedback_and_expansion_projection",
            "materials": {
              "conductor": "aluminum",
              "dielectric": "alumina_96",
              "substrate": "aluminum_6061"
            },
            "study": "material.composite_thermo_electric_panel.v1"
          },
          "schema_version": "kyuubiki.composite-thermo-electric-panel-result/v1",
          "thermal": {
            "elements": [
              {
                "area": 0.0009,
                "average_temperature_delta": 0.490717824762509,
                "gamma_xy": -2.2977239237584106e-21,
                "id": "conductor_left",
                "index": 0,
                "max_in_plane_shear": 145929.50533493608,
                "mechanical_strain_x": 8.490443946759917e-7,
                "mechanical_strain_y": -2.653263733362475e-6,
                "node_i": 0,
                "node_j": 1,
                "node_k": 5,
                "node_l": 4,
                "principal_stress_1": -5.820766091346741e-11,
                "principal_stress_2": -291859.0106698722,
                "strain_energy_density": 1.2741046212145406,
                "stress_x": -4.3422056074228346e-11,
                "stress_y": -291859.0106698722,
                "tau_xy": -7.894919286223336e-11,
                "thermal_strain": 8.343021754506689e-6,
                "total_strain_x": 9.19206614918268e-6,
                "total_strain_y": 5.6897580211442135e-6,
                "von_mises": 291859.0106698722
              },
              {
                "area": 0.0009,
                "average_temperature_delta": 0.24568761892919252,
                "gamma_xy": 1.0787813822045736e-19,
                "id": "dielectric_core",
                "index": 1,
                "max_in_plane_shear": 6607.121249244794,
                "mechanical_strain_x": 1.691423039806608e-6,
                "mechanical_strain_y": -5.2856969993958954e-6,
                "node_i": 1,
                "node_j": 2,
                "node_k": 6,
                "node_l": 5,
                "principal_stress_1": -2.1827872842550278e-10,
                "principal_stress_2": -13214.242498489806,
                "strain_energy_density": 0.12759915187484916,
                "stress_x": -2.1809714528191962e-10,
                "stress_y": -13214.242498489806,
                "tau_xy": 1.0214051826551439e-10,
                "thermal_strain": 0.000011058115898433088,
                "total_strain_x": 0.000012749538938239694,
                "total_strain_y": 5.772418899037193e-6,
                "von_mises": 13214.242498489695
              },
              {
                "area": 0.0009,
                "average_temperature_delta": 0.0004130124152013081,
                "gamma_xy": -2.6926452231543873e-22,
                "id": "substrate_right",
                "index": 2,
                "max_in_plane_shear": 1670.9367537569683,
                "mechanical_strain_x": -1.5521038061024852e-8,
                "mechanical_strain_y": 4.8503243940693545e-8,
                "node_i": 2,
                "node_j": 3,
                "node_k": 7,
                "node_l": 6,
                "principal_stress_1": 3341.873507513713,
                "principal_stress_2": -2.2373569663614035e-10,
                "strain_energy_density": 0.00024554006229080894,
                "stress_x": -2.2377161851889263e-10,
                "stress_y": 3341.873507513713,
                "tau_xy": -7.093091546216278e-12,
                "thermal_strain": 9.747094206452e-9,
                "total_strain_x": -5.7739438545728525e-9,
                "total_strain_y": 5.825033814714554e-8,
                "von_mises": 3341.8735075138247
              }
            ],
            "input": {
              "elements": [
                {
                  "id": "conductor_left",
                  "node_i": 0,
                  "node_j": 1,
                  "node_k": 5,
                  "node_l": 4,
                  "poisson_ratio": 0.32,
                  "thermal_expansion": 0.000017001668440604194,
                  "thickness": 0.001,
                  "youngs_modulus": 110000000000.0
                },
                {
                  "id": "dielectric_core",
                  "node_i": 1,
                  "node_j": 2,
                  "node_k": 6,
                  "node_l": 5,
                  "poisson_ratio": 0.32,
                  "thermal_expansion": 0.00004500884475428145,
                  "thickness": 0.001,
                  "youngs_modulus": 2500000000.0
                },
                {
                  "id": "substrate_right",
                  "node_i": 2,
                  "node_j": 3,
                  "node_k": 7,
                  "node_l": 6,
                  "poisson_ratio": 0.32,
                  "thermal_expansion": 0.0000236000029241279,
                  "thickness": 0.001,
                  "youngs_modulus": 68900000000.0
                }
              ],
              "nodes": [
                {
                  "fix_x": true,
                  "fix_y": true,
                  "id": "n0",
                  "load_x": 0.0,
                  "load_y": 0.0,
                  "temperature_delta": 0.4908864364970355,
                  "x": 0.0,
                  "y": 0.0
                },
                {
                  "fix_x": false,
                  "fix_y": false,
                  "id": "n1",
                  "load_x": 0.0,
                  "load_y": 0.0,
                  "temperature_delta": 0.4905492130279754,
                  "x": 0.03,
                  "y": 0.0
                },
                {
                  "fix_x": false,
                  "fix_y": false,
                  "id": "n2",
                  "load_x": 0.0,
                  "load_y": 0.0,
                  "temperature_delta": 0.0008260248304026163,
                  "x": 0.06,
                  "y": 0.0
                },
                {
                  "fix_x": false,
                  "fix_y": false,
                  "id": "n3",
                  "load_x": 0.0,
                  "load_y": 0.0,
                  "temperature_delta": 0.0,
                  "x": 0.09,
                  "y": 0.0
                },
                {
                  "fix_x": true,
                  "fix_y": true,
                  "id": "n4",
                  "load_x": 0.0,
                  "load_y": 0.0,
                  "temperature_delta": 0.4908864364970355,
                  "x": 0.0,
                  "y": 0.03
                },
                {
                  "fix_x": false,
                  "fix_y": false,
                  "id": "n5",
                  "load_x": 0.0,
                  "load_y": 0.0,
                  "temperature_delta": 0.4905492130279896,
                  "x": 0.03,
                  "y": 0.03
                },
                {
                  "fix_x": false,
                  "fix_y": false,
                  "id": "n6",
                  "load_x": 0.0,
                  "load_y": 0.0,
                  "temperature_delta": 0.0008260248304026163,
                  "x": 0.06,
                  "y": 0.03
                },
                {
                  "fix_x": false,
                  "fix_y": false,
                  "id": "n7",
                  "load_x": 0.0,
                  "load_y": 0.0,
                  "temperature_delta": 0.0,
                  "x": 0.09,
                  "y": 0.03
                }
              ]
            },
            "max_displacement": 6.582528237461874e-7,
            "max_strain_energy_density": 1.2741046212145406,
            "max_stress": 291859.0106698722,
            "max_temperature_delta": 0.4908864364970355,
            "nodes": [
              {
                "displacement_magnitude": 0.0,
                "id": "n0",
                "index": 0,
                "temperature_delta": 0.4908864364970355,
                "ux": 0.0,
                "uy": 0.0,
                "x": 0.0,
                "y": 0.0
              },
              {
                "displacement_magnitude": 3.2431571621972337e-7,
                "id": "n1",
                "index": 1,
                "temperature_delta": 0.4905492130279754,
                "ux": 2.7576198447547853e-7,
                "uy": -1.7069274063432832e-7,
                "x": 0.03,
                "y": 0.0
              },
              {
                "displacement_magnitude": 6.582528237461736e-7,
                "id": "n2",
                "index": 2,
                "temperature_delta": 0.0008260248304026163,
                "ux": 6.582481526226644e-7,
                "uy": -2.479826336796907e-9,
                "x": 0.06,
                "y": 0.0
              },
              {
                "displacement_magnitude": 6.5807534177342e-7,
                "id": "n3",
                "index": 3,
                "temperature_delta": 0.0,
                "ux": 6.58074934307027e-7,
                "uy": 7.323161923535607e-10,
                "x": 0.09,
                "y": 0.0
              },
              {
                "displacement_magnitude": 0.0,
                "id": "n4",
                "index": 4,
                "temperature_delta": 0.4908864364970355,
                "ux": 0.0,
                "uy": 0.0,
                "x": 0.0,
                "y": 0.03
              },
              {
                "displacement_magnitude": 3.2431571621972453e-7,
                "id": "n5",
                "index": 5,
                "temperature_delta": 0.4905492130279896,
                "ux": 2.757619844754823e-7,
                "uy": 1.706927406343245e-7,
                "x": 0.03,
                "y": 0.03
              },
              {
                "displacement_magnitude": 6.582528237461874e-7,
                "id": "n6",
                "index": 6,
                "temperature_delta": 0.0008260248304026163,
                "ux": 6.582481526226782e-7,
                "uy": 2.479826336781951e-9,
                "x": 0.06,
                "y": 0.03
              },
              {
                "displacement_magnitude": 6.580753417734342e-7,
                "id": "n7",
                "index": 7,
                "temperature_delta": 0.0,
                "ux": 6.580749343070412e-7,
                "uy": -7.323161923965644e-10,
                "x": 0.09,
                "y": 0.03
              }
            ],
            "total_strain_energy": 1.2617543818365123e-6
          },
          "thermal_constraint_regularized_mesh_convergence": {
            "algebraic_validation": {
              "max_relative_residual": null,
              "method": "original_system_recomputed_l2_residual_over_max_rhs_l2_or_one",
              "qualification_effect": "algebraic_gate_does_not_override_discretization_gates",
              "relative_residual_tolerance": 1e-10,
              "required_series": [
                "uniform_full_edge_clamp",
                "uniform_regularized_restraint",
                "interface_graded_full_edge_clamp"
              ],
              "schema_version": "kyuubiki.composite-thermal-algebraic-validation/v1",
              "series": [],
              "status": "missing"
            },
            "convergence_tolerance": 0.02,
            "diagnostic_metrics": [
              "max_von_mises_stress_pa"
            ],
            "finest_pair_displacement_relative_change": 0.001943181410620672,
            "finest_pair_peak_stress_relative_change": 0.3093423184465492,
            "finest_pair_strain_energy_relative_change": 0.22522051435825316,
            "method": "structured_quad_h_refinement_preserving_piecewise_linear_temperature_roller_edge_with_vertical_anchor",
            "pass_metrics": [
              "max_displacement_m",
              "total_strain_energy_j"
            ],
            "refinement_levels": [
              1,
              2,
              4,
              8
            ],
            "regime_assessment": {
              "diagnosis": "pass_metrics_lack_qualified_discretization_uncertainty",
              "gci_safety_factor": 1.25,
              "method": "four_level_constant_ratio_observed_order_and_fine_grid_gci",
              "metrics": [
                {
                  "coarse_triplet_observed_order": 0.5599185691694445,
                  "fine_grid_gci": null,
                  "fine_triplet_observed_order": 4.048897925779123,
                  "metric": "max_displacement_m",
                  "observed_order_relative_difference": 0.8617108706039557,
                  "qualification_role": "pass_metric",
                  "regime": "oscillatory",
                  "richardson_extrapolated_value": null,
                  "unit": "m"
                },
                {
                  "coarse_triplet_observed_order": 1.696934318075941,
                  "fine_grid_gci": 0.1664635435818732,
                  "fine_triplet_observed_order": 1.6703119171234264,
                  "metric": "total_strain_energy_j",
                  "observed_order_relative_difference": 0.01568852764006819,
                  "qualification_role": "pass_metric",
                  "regime": "asymptotic_converging",
                  "richardson_extrapolated_value": 2.3933025863753088e-8,
                  "unit": "J"
                },
                {
                  "coarse_triplet_observed_order": -6.7992033817137,
                  "fine_grid_gci": null,
                  "fine_triplet_observed_order": -0.6942232287403642,
                  "metric": "max_von_mises_stress_pa",
                  "observed_order_relative_difference": 0.8978963873021564,
                  "qualification_role": "diagnostic_metric",
                  "regime": "monotonic_diverging",
                  "richardson_extrapolated_value": null,
                  "unit": "Pa"
                }
              ],
              "order_consistency_tolerance": 0.25,
              "qualification_effect": "gci_gates_require_asymptotic_pass_metric_evidence",
              "qualification_tolerance": 0.02,
              "refinement_ratio": 2.0,
              "schema_version": "kyuubiki.composite-thermal-convergence-regime/v1",
              "status": "fail"
            },
            "samples": [
              {
                "displacement_relative_change": null,
                "element_count": 3,
                "elements_per_original_element": 1,
                "max_displacement_m": 6.567831673753432e-7,
                "max_von_mises_stress_pa": 16545.225056654792,
                "node_count": 8,
                "peak_stress_relative_change": null,
                "strain_energy_relative_change": null,
                "total_strain_energy_j": 1.440010313099602e-7
              },
              {
                "displacement_relative_change": 0.04679117062657178,
                "element_count": 12,
                "elements_per_original_element": 2,
                "max_displacement_m": 6.260515141260233e-7,
                "max_von_mises_stress_pa": 16602.28754280612,
                "node_count": 21,
                "peak_stress_relative_change": 0.003437025530620535,
                "strain_energy_relative_change": 0.5751358575942163,
                "total_strain_energy_j": 6.118087467305466e-8
              },
              {
                "displacement_relative_change": 0.03222536211197153,
                "element_count": 48,
                "elements_per_original_element": 4,
                "max_displacement_m": 6.46898037638446e-7,
                "max_von_mises_stress_pa": 22957.277286651803,
                "node_count": 65,
                "peak_stress_relative_change": 0.2768180940838618,
                "strain_energy_relative_change": 0.41753437443812413,
                "total_strain_energy_j": 3.5635756438863504e-8
              },
              {
                "displacement_relative_change": 0.001943181410620672,
                "element_count": 192,
                "elements_per_original_element": 8,
                "max_displacement_m": 6.481575252927487e-7,
                "max_von_mises_stress_pa": 33239.733517501045,
                "node_count": 225,
                "peak_stress_relative_change": 0.3093423184465492,
                "strain_energy_relative_change": 0.22522051435825316,
                "total_strain_energy_j": 2.7609853044157234e-8
              }
            ],
            "schema_version": "kyuubiki.composite-thermal-mesh-convergence/v1",
            "status": "fail"
          },
          "thermal_constraint_sensitivity": {
            "alternative_restraint": "roller_edge_with_vertical_anchor",
            "alternative_status": "fail",
            "diagnosis": "mixed_restraint_sensitivity_and_persistent_energy_nonconvergence",
            "displacement_change_ratio_alternative_to_primary": 0.7709170683623245,
            "peak_stress_change_ratio_alternative_to_primary": 1.191362285214819,
            "primary_restraint": "full_edge_clamp",
            "primary_status": "fail",
            "qualification_effect": "diagnostic_only_does_not_override_primary_quality_gates",
            "schema_version": "kyuubiki.composite-thermal-constraint-sensitivity/v1",
            "strain_energy_change_ratio_alternative_to_primary": 1.708342777890738
          },
          "thermal_expansion_projection": {
            "coverage_fraction": 1.0,
            "declared_region_count": 3,
            "max_relative_change": 0.00019655009514332733,
            "model": "regional_linear_temperature_dependent_thermal_expansion",
            "parameter_source": "screening_sensitivity_not_material_card",
            "schema_version": "kyuubiki.composite-thermal-expansion-projection/v1",
            "status": "pass",
            "updated_region_count": 3,
            "updates": [
              {
                "adjusted_thermal_expansion_1_k": 0.000017001668440604194,
                "element_id": "conductor_left",
                "mean_temperature_c": 35.49071782476251,
                "reference_thermal_expansion_1_k": 0.000017,
                "relative_change": 0.00009814356495258168
              },
              {
                "adjusted_thermal_expansion_1_k": 0.00004500884475428145,
                "element_id": "dielectric_core",
                "mean_temperature_c": 35.245687618929196,
                "reference_thermal_expansion_1_k": 0.000045,
                "relative_change": 0.00019655009514332733
              },
              {
                "adjusted_thermal_expansion_1_k": 0.0000236000029241279,
                "element_id": "substrate_right",
                "mean_temperature_c": 35.0004130124152,
                "reference_thermal_expansion_1_k": 0.0000236,
                "relative_change": 1.2390372455308546e-7
              }
            ]
          },
          "thermal_interface_grading_assessment": {
            "diagnosis": "graded_mesh_did_not_resolve_nonconvergence",
            "displacement_change_ratio_graded_to_uniform": 1.807744401260288,
            "graded_mesh_convergence": {
              "algebraic_validation": {
                "max_relative_residual": null,
                "method": "original_system_recomputed_l2_residual_over_max_rhs_l2_or_one",
                "qualification_effect": "algebraic_gate_does_not_override_discretization_gates",
                "relative_residual_tolerance": 1e-10,
                "required_series": [
                  "uniform_full_edge_clamp",
                  "uniform_regularized_restraint",
                  "interface_graded_full_edge_clamp"
                ],
                "schema_version": "kyuubiki.composite-thermal-algebraic-validation/v1",
                "series": [],
                "status": "missing"
              },
              "convergence_tolerance": 0.02,
              "diagnostic_metrics": [
                "max_von_mises_stress_pa"
              ],
              "finest_pair_displacement_relative_change": 0.004556618941055296,
              "finest_pair_peak_stress_relative_change": 0.4148727340510789,
              "finest_pair_strain_energy_relative_change": 0.11926215715252592,
              "method": "cosine_graded_quad_h_refinement_at_clamp_interfaces_and_free_edges",
              "pass_metrics": [
                "max_displacement_m",
                "total_strain_energy_j"
              ],
              "refinement_levels": [
                1,
                2,
                4,
                8
              ],
              "regime_assessment": {
                "diagnosis": "pass_metrics_lack_qualified_discretization_uncertainty",
                "gci_safety_factor": 1.25,
                "method": "four_level_constant_ratio_observed_order_and_fine_grid_gci",
                "metrics": [
                  {
                    "coarse_triplet_observed_order": 1.8762075869731625,
                    "fine_grid_gci": null,
                    "fine_triplet_observed_order": 1.4169517784411605,
                    "metric": "max_displacement_m",
                    "observed_order_relative_difference": 0.24477878232701736,
                    "qualification_role": "pass_metric",
                    "regime": "oscillatory",
                    "richardson_extrapolated_value": null,
                    "unit": "m"
                  },
                  {
                    "coarse_triplet_observed_order": 0.8547862143788733,
                    "fine_grid_gci": null,
                    "fine_triplet_observed_order": 1.7732022841366666,
                    "metric": "total_strain_energy_j",
                    "observed_order_relative_difference": 0.5179420746149952,
                    "qualification_role": "pass_metric",
                    "regime": "monotonic_pre_asymptotic",
                    "richardson_extrapolated_value": null,
                    "unit": "J"
                  },
                  {
                    "coarse_triplet_observed_order": -1.0589082694315983,
                    "fine_grid_gci": null,
                    "fine_triplet_observed_order": -0.5965635223675165,
                    "metric": "max_von_mises_stress_pa",
                    "observed_order_relative_difference": 0.4366239837868672,
                    "qualification_role": "diagnostic_metric",
                    "regime": "monotonic_diverging",
                    "richardson_extrapolated_value": null,
                    "unit": "Pa"
                  }
                ],
                "order_consistency_tolerance": 0.25,
                "qualification_effect": "gci_gates_require_asymptotic_pass_metric_evidence",
                "qualification_tolerance": 0.02,
                "refinement_ratio": 2.0,
                "schema_version": "kyuubiki.composite-thermal-convergence-regime/v1",
                "status": "fail"
              },
              "samples": [
                {
                  "displacement_relative_change": null,
                  "element_count": 3,
                  "elements_per_original_element": 1,
                  "max_displacement_m": 6.582528237461874e-7,
                  "max_von_mises_stress_pa": 291859.0106698722,
                  "node_count": 8,
                  "peak_stress_relative_change": null,
                  "strain_energy_relative_change": null,
                  "total_strain_energy_j": 1.2617543818365123e-6
                },
                {
                  "displacement_relative_change": 0.043260609777516106,
                  "element_count": 12,
                  "elements_per_original_element": 2,
                  "max_displacement_m": 6.297764052031555e-7,
                  "max_von_mises_stress_pa": 506507.7994350749,
                  "node_count": 21,
                  "peak_stress_relative_change": 0.4237818035667124,
                  "strain_energy_relative_change": 0.34371742646855996,
                  "total_strain_energy_j": 8.280674128762377e-7
                },
                {
                  "displacement_relative_change": 0.012167117407545888,
                  "element_count": 48,
                  "elements_per_original_element": 4,
                  "max_displacement_m": 6.375333483031862e-7,
                  "max_von_mises_stress_pa": 953697.295459044,
                  "node_count": 65,
                  "peak_stress_relative_change": 0.46890087468343183,
                  "strain_energy_relative_change": 0.2895972200234955,
                  "total_strain_energy_j": 5.882613921152312e-7
                },
                {
                  "displacement_relative_change": 0.004556618941055296,
                  "element_count": 192,
                  "elements_per_original_element": 8,
                  "max_displacement_m": 6.346283517727535e-7,
                  "max_von_mises_stress_pa": 1629897.2052044098,
                  "node_count": 225,
                  "peak_stress_relative_change": 0.4148727340510789,
                  "strain_energy_relative_change": 0.11926215715252592,
                  "total_strain_energy_j": 5.181040695220208e-7
                }
              ],
              "schema_version": "kyuubiki.composite-thermal-mesh-convergence/v1",
              "status": "fail"
            },
            "graded_stress_recovery": {
              "convergence_tolerance": 0.02,
              "diagnostic_metrics": [
                "max_stress_pa",
                "max_to_p95_ratio"
              ],
              "finest_pair_max_relative_change": 0.4148727340510789,
              "finest_pair_p95_relative_change": 0.34053275282156287,
              "finest_pair_rms_relative_change": 0.009219069352450156,
              "method": "interface_graded_mesh_element_area_weighted_von_mises_p95_and_rms",
              "pass_metrics": [
                "area_weighted_rms_stress_pa",
                "area_weighted_p95_stress_pa"
              ],
              "refinement_levels": [
                1,
                2,
                4,
                8
              ],
              "samples": [
                {
                  "element_count": 3,
                  "elements_per_original_element": 1,
                  "max_relative_change": null,
                  "p95_relative_change": null,
                  "rms_relative_change": null,
                  "statistics": {
                    "area_weighted_mean_stress_pa": 102805.04222529192,
                    "area_weighted_p95_stress_pa": 291859.0106698722,
                    "area_weighted_rms_stress_pa": 168688.53590028547,
                    "max_stress_pa": 291859.0106698722,
                    "max_to_p95_ratio": 1.0
                  }
                },
                {
                  "element_count": 12,
                  "elements_per_original_element": 2,
                  "max_relative_change": 0.4237818035667124,
                  "p95_relative_change": 0.4237818035667124,
                  "rms_relative_change": 0.1967419947959552,
                  "statistics": {
                    "area_weighted_mean_stress_pa": 104072.77773871658,
                    "area_weighted_p95_stress_pa": 506507.7994350749,
                    "area_weighted_rms_stress_pa": 210005.42143048416,
                    "max_stress_pa": 506507.7994350749,
                    "max_to_p95_ratio": 1.0
                  }
                },
                {
                  "element_count": 48,
                  "elements_per_original_element": 4,
                  "max_relative_change": 0.46890087468343183,
                  "p95_relative_change": 0.5157563429745626,
                  "rms_relative_change": 0.04086259916640356,
                  "statistics": {
                    "area_weighted_mean_stress_pa": 79010.10027741911,
                    "area_weighted_p95_stress_pa": 245273.18911034745,
                    "area_weighted_rms_stress_pa": 201424.05407179863,
                    "max_stress_pa": 953697.295459044,
                    "max_to_p95_ratio": 3.888306336776089
                  }
                },
                {
                  "element_count": 192,
                  "elements_per_original_element": 8,
                  "max_relative_change": 0.4148727340510789,
                  "p95_relative_change": 0.34053275282156287,
                  "rms_relative_change": 0.009219069352450156,
                  "statistics": {
                    "area_weighted_mean_stress_pa": 73777.09545412009,
                    "area_weighted_p95_stress_pa": 371926.26344941434,
                    "area_weighted_rms_stress_pa": 199567.11174805905,
                    "max_stress_pa": 1629897.2052044098,
                    "max_to_p95_ratio": 4.382312746854705
                  }
                }
              ],
              "schema_version": "kyuubiki.composite-thermal-stress-recovery/v1",
              "status": "fail"
            },
            "max_change_ratio_graded_to_uniform": 1.5977889187438032,
            "p95_change_ratio_graded_to_uniform": 1.1439219200482065,
            "qualification_effect": "diagnostic_only_does_not_override_uniform_mesh_gates",
            "rms_change_ratio_graded_to_uniform": 0.571258382313598,
            "schema_version": "kyuubiki.composite-thermal-interface-grading-assessment/v1",
            "strain_energy_change_ratio_graded_to_uniform": 0.9046273845334634
          },
          "thermal_mesh_convergence": {
            "algebraic_validation": {
              "max_relative_residual": 2.4807035442788182e-14,
              "method": "original_system_recomputed_l2_residual_over_max_rhs_l2_or_one",
              "qualification_effect": "algebraic_gate_does_not_override_discretization_gates",
              "relative_residual_tolerance": 1e-10,
              "required_series": [
                "uniform_full_edge_clamp",
                "uniform_regularized_restraint",
                "interface_graded_full_edge_clamp"
              ],
              "schema_version": "kyuubiki.composite-thermal-algebraic-validation/v1",
              "series": [
                {
                  "label": "uniform_full_edge_clamp",
                  "max_relative_residual": 1.4715059556679362e-14,
                  "samples": [
                    {
                      "element_count": 3,
                      "elements_per_original_element": 1,
                      "matrix_non_zero_count": 112,
                      "node_count": 8,
                      "relative_residual": 2.731855361887994e-16,
                      "residual_norm": 1.112586711934888e-14,
                      "rhs_norm": 40.726413537720234,
                      "solver_iterations": 0
                    },
                    {
                      "element_count": 12,
                      "elements_per_original_element": 2,
                      "matrix_non_zero_count": 439,
                      "node_count": 21,
                      "relative_residual": 8.136284175148247e-16,
                      "residual_norm": 3.261892078552675e-14,
                      "rhs_norm": 40.09068523584652,
                      "solver_iterations": 0
                    },
                    {
                      "element_count": 48,
                      "elements_per_original_element": 4,
                      "matrix_non_zero_count": 1747,
                      "node_count": 65,
                      "relative_residual": 3.823892129550006e-15,
                      "residual_norm": 1.2057746920998364e-13,
                      "rhs_norm": 31.532654459102943,
                      "solver_iterations": 0
                    },
                    {
                      "element_count": 192,
                      "elements_per_original_element": 8,
                      "matrix_non_zero_count": 6925,
                      "node_count": 225,
                      "relative_residual": 1.4715059556679362e-14,
                      "residual_norm": 3.433174051794769e-13,
                      "rhs_norm": 23.331023830184943,
                      "solver_iterations": 0
                    }
                  ],
                  "solver_path": "dense_direct",
                  "status": "pass"
                },
                {
                  "label": "uniform_regularized_restraint",
                  "max_relative_residual": 1.6121938129945942e-14,
                  "samples": [
                    {
                      "element_count": 3,
                      "elements_per_original_element": 1,
                      "matrix_non_zero_count": 121,
                      "node_count": 8,
                      "relative_residual": 1.5862453503500898e-16,
                      "residual_norm": 7.214466548606591e-15,
                      "rhs_norm": 45.48140391405612,
                      "solver_iterations": 0
                    },
                    {
                      "element_count": 12,
                      "elements_per_original_element": 2,
                      "matrix_non_zero_count": 462,
                      "node_count": 21,
                      "relative_residual": 1.0368274032277638e-15,
                      "residual_norm": 4.2872102905532535e-14,
                      "rhs_norm": 41.34931500852188,
                      "solver_iterations": 0
                    },
                    {
                      "element_count": 48,
                      "elements_per_original_element": 4,
                      "matrix_non_zero_count": 1799,
                      "node_count": 65,
                      "relative_residual": 4.5373087023977425e-15,
                      "residual_norm": 1.4490553927926318e-13,
                      "rhs_norm": 31.93645149220016,
                      "solver_iterations": 0
                    },
                    {
                      "element_count": 192,
                      "elements_per_original_element": 8,
                      "matrix_non_zero_count": 7030,
                      "node_count": 225,
                      "relative_residual": 1.6121938129945942e-14,
                      "residual_norm": 3.7834867366346893e-13,
                      "rhs_norm": 23.46793981058017,
                      "solver_iterations": 0
                    }
                  ],
                  "solver_path": "dense_direct",
                  "status": "pass"
                },
                {
                  "label": "interface_graded_full_edge_clamp",
                  "max_relative_residual": 2.4807035442788182e-14,
                  "samples": [
                    {
                      "element_count": 3,
                      "elements_per_original_element": 1,
                      "matrix_non_zero_count": 112,
                      "node_count": 8,
                      "relative_residual": 2.731855361887994e-16,
                      "residual_norm": 1.112586711934888e-14,
                      "rhs_norm": 40.726413537720234,
                      "solver_iterations": 0
                    },
                    {
                      "element_count": 12,
                      "elements_per_original_element": 2,
                      "matrix_non_zero_count": 444,
                      "node_count": 21,
                      "relative_residual": 5.337569850572728e-16,
                      "residual_norm": 2.139868328036556e-14,
                      "rhs_norm": 40.09068523584653,
                      "solver_iterations": 0
                    },
                    {
                      "element_count": 48,
                      "elements_per_original_element": 4,
                      "matrix_non_zero_count": 1748,
                      "node_count": 65,
                      "relative_residual": 5.275952074663266e-15,
                      "residual_norm": 1.8438500244842122e-13,
                      "rhs_norm": 34.9481951009173,
                      "solver_iterations": 0
                    },
                    {
                      "element_count": 192,
                      "elements_per_original_element": 8,
                      "matrix_non_zero_count": 6948,
                      "node_count": 225,
                      "relative_residual": 2.4807035442788182e-14,
                      "residual_norm": 6.542698518998615e-13,
                      "rhs_norm": 26.37436679641898,
                      "solver_iterations": 0
                    }
                  ],
                  "solver_path": "dense_direct",
                  "status": "pass"
                }
              ],
              "status": "pass"
            },
            "convergence_tolerance": 0.02,
            "diagnostic_metrics": [
              "max_von_mises_stress_pa"
            ],
            "finest_pair_displacement_relative_change": 0.0025206101802216076,
            "finest_pair_peak_stress_relative_change": 0.2596542817290633,
            "finest_pair_strain_energy_relative_change": 0.13183566979241082,
            "method": "structured_quad_h_refinement_preserving_piecewise_linear_temperature_full_edge_clamp",
            "pass_metrics": [
              "max_displacement_m",
              "total_strain_energy_j"
            ],
            "refinement_levels": [
              1,
              2,
              4,
              8
            ],
            "regime_assessment": {
              "diagnosis": "pass_metrics_lack_qualified_discretization_uncertainty",
              "gci_safety_factor": 1.25,
              "method": "four_level_constant_ratio_observed_order_and_fine_grid_gci",
              "metrics": [
                {
                  "coarse_triplet_observed_order": 3.7244084785790137,
                  "fine_grid_gci": null,
                  "fine_triplet_observed_order": 0.43203474155244703,
                  "metric": "max_displacement_m",
                  "observed_order_relative_difference": 0.8839990983703047,
                  "qualification_role": "pass_metric",
                  "regime": "oscillatory",
                  "richardson_extrapolated_value": null,
                  "unit": "m"
                },
                {
                  "coarse_triplet_observed_order": 1.0832150476441218,
                  "fine_grid_gci": 0.12734048129127132,
                  "fine_triplet_observed_order": 1.316519980752677,
                  "metric": "total_strain_energy_j",
                  "observed_order_relative_difference": 0.17721336289569323,
                  "qualification_role": "pass_metric",
                  "regime": "asymptotic_converging",
                  "richardson_extrapolated_value": 4.860614813042178e-7,
                  "unit": "J"
                },
                {
                  "coarse_triplet_observed_order": 0.041067333771019496,
                  "fine_grid_gci": null,
                  "fine_triplet_observed_order": -0.26569297573336875,
                  "metric": "max_von_mises_stress_pa",
                  "observed_order_relative_difference": 1.15456687802026,
                  "qualification_role": "diagnostic_metric",
                  "regime": "monotonic_diverging",
                  "richardson_extrapolated_value": null,
                  "unit": "Pa"
                }
              ],
              "order_consistency_tolerance": 0.25,
              "qualification_effect": "gci_gates_require_asymptotic_pass_metric_evidence",
              "qualification_tolerance": 0.02,
              "refinement_ratio": 2.0,
              "schema_version": "kyuubiki.composite-thermal-convergence-regime/v1",
              "status": "fail"
            },
            "samples": [
              {
                "displacement_relative_change": null,
                "element_count": 3,
                "elements_per_original_element": 1,
                "max_displacement_m": 6.582528237461874e-7,
                "max_von_mises_stress_pa": 291859.0106698722,
                "node_count": 8,
                "peak_stress_relative_change": null,
                "strain_energy_relative_change": null,
                "total_strain_energy_j": 1.2617543818365123e-6
              },
              {
                "displacement_relative_change": 0.04326060977748088,
                "element_count": 12,
                "elements_per_original_element": 2,
                "max_displacement_m": 6.297764052031787e-7,
                "max_von_mises_stress_pa": 506507.79943507555,
                "node_count": 21,
                "peak_stress_relative_change": 0.42378180356671313,
                "strain_energy_relative_change": 0.34371742646856007,
                "total_strain_energy_j": 8.280674128762376e-7
              },
              {
                "displacement_relative_change": 0.003409236829218421,
                "element_count": 48,
                "elements_per_original_element": 4,
                "max_displacement_m": 6.319308069838658e-7,
                "max_von_mises_stress_pa": 715132.6039994237,
                "node_count": 65,
                "peak_stress_relative_change": 0.2917288393755241,
                "strain_energy_relative_change": 0.24718974976273017,
                "total_strain_energy_j": 6.233776363006891e-7
              },
              {
                "displacement_relative_change": 0.0025206101802216076,
                "element_count": 192,
                "elements_per_original_element": 8,
                "max_displacement_m": 6.335276833118739e-7,
                "max_von_mises_stress_pa": 965944.1344100728,
                "node_count": 225,
                "peak_stress_relative_change": 0.2596542817290633,
                "strain_energy_relative_change": 0.13183566979241082,
                "total_strain_energy_j": 5.411942280853779e-7
              }
            ],
            "schema_version": "kyuubiki.composite-thermal-mesh-convergence/v1",
            "status": "fail"
          },
          "thermal_stress_recovery": {
            "convergence_tolerance": 0.02,
            "diagnostic_metrics": [
              "max_stress_pa",
              "max_to_p95_ratio"
            ],
            "finest_pair_max_relative_change": 0.2596542817290633,
            "finest_pair_p95_relative_change": 0.2976888079976755,
            "finest_pair_rms_relative_change": 0.016138177815637297,
            "method": "uniform_mesh_element_area_weighted_von_mises_p95_and_rms",
            "pass_metrics": [
              "area_weighted_rms_stress_pa",
              "area_weighted_p95_stress_pa"
            ],
            "refinement_levels": [
              1,
              2,
              4,
              8
            ],
            "samples": [
              {
                "element_count": 3,
                "elements_per_original_element": 1,
                "max_relative_change": null,
                "p95_relative_change": null,
                "rms_relative_change": null,
                "statistics": {
                  "area_weighted_mean_stress_pa": 102805.04222529192,
                  "area_weighted_p95_stress_pa": 291859.0106698722,
                  "area_weighted_rms_stress_pa": 168688.53590028547,
                  "max_stress_pa": 291859.0106698722,
                  "max_to_p95_ratio": 1.0
                }
              },
              {
                "element_count": 12,
                "elements_per_original_element": 2,
                "max_relative_change": 0.42378180356671313,
                "p95_relative_change": 0.42378180356671313,
                "rms_relative_change": 0.19674199479595564,
                "statistics": {
                  "area_weighted_mean_stress_pa": 104072.77773871658,
                  "area_weighted_p95_stress_pa": 506507.79943507555,
                  "area_weighted_rms_stress_pa": 210005.42143048428,
                  "max_stress_pa": 506507.79943507555,
                  "max_to_p95_ratio": 1.0
                }
              },
              {
                "element_count": 48,
                "elements_per_original_element": 4,
                "max_relative_change": 0.2917288393755241,
                "p95_relative_change": 0.24521795007975977,
                "rms_relative_change": 0.0213727872550757,
                "statistics": {
                  "area_weighted_mean_stress_pa": 82310.78338662148,
                  "area_weighted_p95_stress_pa": 671064.9776165179,
                  "area_weighted_rms_stress_pa": 205517.020235838,
                  "max_stress_pa": 715132.6039994237,
                  "max_to_p95_ratio": 1.0656681958570162
                }
              },
              {
                "element_count": 192,
                "elements_per_original_element": 8,
                "max_relative_change": 0.2596542817290633,
                "p95_relative_change": 0.2976888079976755,
                "rms_relative_change": 0.016138177815637297,
                "statistics": {
                  "area_weighted_mean_stress_pa": 75605.81890476077,
                  "area_weighted_p95_stress_pa": 471296.4443408699,
                  "area_weighted_rms_stress_pa": 202200.35001913217,
                  "max_stress_pa": 965944.1344100728,
                  "max_to_p95_ratio": 2.0495468319541237
                }
              }
            ],
            "schema_version": "kyuubiki.composite-thermal-stress-recovery/v1",
            "status": "fail"
          }
        },
        "status": "completed"
      },
      "requires_confirmation": false
    },
    {
      "index": 7,
      "action": "solve_composite_thermo_electric_panel",
      "risk": "normal",
      "status": "executed",
      "payload": {
        "electric_conduction_feedback": {
          "parameter_source": "screening_reference_not_material_card",
          "regions": [
            {
              "element_id": "conductor_left",
              "reference_resistivity_ohm_m": 1.68e-8,
              "reference_temperature_c": 35.0,
              "resistivity_temperature_coefficient_1_k": 0.00393
            }
          ]
        },
        "electric_conduction_model": {
          "contact_interfaces": [],
          "elements": [
            {
              "electrical_conductivity_s_m": 59523809.523809515,
              "id": "conductor_left",
              "node_i": 0,
              "node_j": 1,
              "node_k": 2,
              "node_l": 3,
              "thickness": 0.001
            }
          ],
          "nodes": [
            {
              "current_source_a": 0.0,
              "electric_potential_v": 0.0,
              "fix_electric_potential": true,
              "id": "n0",
              "x": 0.0,
              "y": 0.0
            },
            {
              "current_source_a": 0.0,
              "electric_potential_v": 0.000033600000000000004,
              "fix_electric_potential": true,
              "id": "n1",
              "x": 0.03,
              "y": 0.0
            },
            {
              "current_source_a": 0.0,
              "electric_potential_v": 0.000033600000000000004,
              "fix_electric_potential": true,
              "id": "n5",
              "x": 0.03,
              "y": 0.03
            },
            {
              "current_source_a": 0.0,
              "electric_potential_v": 0.0,
              "fix_electric_potential": true,
              "id": "n4",
              "x": 0.0,
              "y": 0.03
            }
          ],
          "terminals": []
        },
        "electrostatic_model": {
          "elements": [
            {
              "id": "conductor_left",
              "node_i": 0,
              "node_j": 1,
              "node_k": 5,
              "node_l": 4,
              "permittivity": 1.0,
              "thickness": 0.001
            },
            {
              "id": "dielectric_core",
              "node_i": 1,
              "node_j": 2,
              "node_k": 6,
              "node_l": 5,
              "permittivity": 2.1,
              "thickness": 0.001
            },
            {
              "id": "substrate_right",
              "node_i": 2,
              "node_j": 3,
              "node_k": 7,
              "node_l": 6,
              "permittivity": 4.2,
              "thickness": 0.001
            }
          ],
          "nodes": [
            {
              "charge_density": 0.0,
              "fix_potential": true,
              "id": "n0",
              "potential": 0.0,
              "x": 0.0,
              "y": 0.0
            },
            {
              "charge_density": 0.0,
              "fix_potential": false,
              "id": "n1",
              "potential": 0.0,
              "x": 0.03,
              "y": 0.0
            },
            {
              "charge_density": 0.0,
              "fix_potential": false,
              "id": "n2",
              "potential": 0.0,
              "x": 0.06,
              "y": 0.0
            },
            {
              "charge_density": 0.0,
              "fix_potential": true,
              "id": "n3",
              "potential": 1760,
              "x": 0.09,
              "y": 0.0
            },
            {
              "charge_density": 0.0,
              "fix_potential": true,
              "id": "n4",
              "potential": 0.0,
              "x": 0.0,
              "y": 0.03
            },
            {
              "charge_density": 0.0,
              "fix_potential": false,
              "id": "n5",
              "potential": 0.0,
              "x": 0.03,
              "y": 0.03
            },
            {
              "charge_density": 0.0,
              "fix_potential": false,
              "id": "n6",
              "potential": 0.0,
              "x": 0.06,
              "y": 0.03
            },
            {
              "charge_density": 0.0,
              "fix_potential": true,
              "id": "n7",
              "potential": 1760,
              "x": 0.09,
              "y": 0.03
            }
          ]
        },
        "electrothermal_feedback": {
          "conductivity_relative_change_tolerance": 1e-9,
          "loss_relative_change_tolerance": 1e-9,
          "loss_tangent_temperature_coefficient_1_k": 0.001,
          "max_iterations": 12,
          "parameter_source": "screening_sensitivity_not_material_card",
          "relative_permittivity_temperature_coefficient_1_k": 0.0001,
          "relaxation_factor": 0.8,
          "temperature_residual_tolerance_c": 1e-7,
          "thermal_conductivity_models": [
            {
              "element_id": "conductor_left",
              "reference_temperature_c": 35.0,
              "temperature_coefficient_1_k": -0.001
            },
            {
              "element_id": "dielectric_core",
              "reference_temperature_c": 35.0,
              "temperature_coefficient_1_k": -0.002
            },
            {
              "element_id": "substrate_right",
              "reference_temperature_c": 35.0,
              "temperature_coefficient_1_k": -0.0012
            }
          ]
        },
        "electrothermal_loss": {
          "frequency_hz": 10000000.0,
          "loss_tangent": 0.0002,
          "reference_temperature_c": 35.0,
          "relative_permittivity": 2.1,
          "source_element_id": "dielectric_core"
        },
        "heat_model": {
          "elements": [
            {
              "conductivity": 390.0,
              "id": "conductor_left",
              "node_i": 0,
              "node_j": 1,
              "node_k": 5,
              "node_l": 4,
              "thickness": 0.001
            },
            {
              "conductivity": 0.25,
              "id": "dielectric_core",
              "node_i": 1,
              "node_j": 2,
              "node_k": 6,
              "node_l": 5,
              "thickness": 0.001
            },
            {
              "conductivity": 160.0,
              "id": "substrate_right",
              "node_i": 2,
              "node_j": 3,
              "node_k": 7,
              "node_l": 6,
              "thickness": 0.001
            }
          ],
          "nodes": [
            {
              "fix_temperature": false,
              "heat_load": 0.0,
              "id": "n0",
              "temperature": 35.0,
              "x": 0.0,
              "y": 0.0
            },
            {
              "fix_temperature": false,
              "heat_load": 0.0,
              "id": "n1",
              "temperature": 35.0,
              "x": 0.03,
              "y": 0.0
            },
            {
              "fix_temperature": false,
              "heat_load": 0.0,
              "id": "n2",
              "temperature": 35.0,
              "x": 0.06,
              "y": 0.0
            },
            {
              "fix_temperature": true,
              "heat_load": 0.0,
              "id": "n3",
              "temperature": 35.0,
              "x": 0.09,
              "y": 0.0
            },
            {
              "fix_temperature": false,
              "heat_load": 0.0,
              "id": "n4",
              "temperature": 35.0,
              "x": 0.0,
              "y": 0.03
            },
            {
              "fix_temperature": false,
              "heat_load": 0.0,
              "id": "n5",
              "temperature": 35.0,
              "x": 0.03,
              "y": 0.03
            },
            {
              "fix_temperature": false,
              "heat_load": 0.0,
              "id": "n6",
              "temperature": 35.0,
              "x": 0.06,
              "y": 0.03
            },
            {
              "fix_temperature": true,
              "heat_load": 0.0,
              "id": "n7",
              "temperature": 35.0,
              "x": 0.09,
              "y": 0.03
            }
          ]
        },
        "research": {
          "candidate_id": "copper_ptfe_glass_epoxy",
          "candidate_label": "Copper / PTFE / Glass epoxy",
          "coupling": "iterative_dielectric_and_conductor_joule_heating_with_temperature_dependent_electrical_thermal_feedback_and_expansion_projection",
          "materials": {
            "conductor": "copper",
            "dielectric": "ptfe",
            "substrate": "glass_epoxy"
          },
          "study": "material.composite_thermo_electric_panel.v1"
        },
        "thermal_expansion_feedback": {
          "parameter_source": "screening_sensitivity_not_material_card",
          "regions": [
            {
              "element_id": "conductor_left",
              "reference_temperature_c": 35.0,
              "temperature_coefficient_1_k": 0.0002
            },
            {
              "element_id": "dielectric_core",
              "reference_temperature_c": 35.0,
              "temperature_coefficient_1_k": 0.0008
            },
            {
              "element_id": "substrate_right",
              "reference_temperature_c": 35.0,
              "temperature_coefficient_1_k": 0.0003
            }
          ]
        },
        "thermal_model": {
          "elements": [
            {
              "id": "conductor_left",
              "node_i": 0,
              "node_j": 1,
              "node_k": 5,
              "node_l": 4,
              "poisson_ratio": 0.32,
              "thermal_expansion": 0.000017,
              "thickness": 0.001,
              "youngs_modulus": 110000000000.0
            },
            {
              "id": "dielectric_core",
              "node_i": 1,
              "node_j": 2,
              "node_k": 6,
              "node_l": 5,
              "poisson_ratio": 0.32,
              "thermal_expansion": 0.000045,
              "thickness": 0.001,
              "youngs_modulus": 2500000000.0
            },
            {
              "id": "substrate_right",
              "node_i": 2,
              "node_j": 3,
              "node_k": 7,
              "node_l": 6,
              "poisson_ratio": 0.32,
              "thermal_expansion": 0.000014,
              "thickness": 0.001,
              "youngs_modulus": 22000000000.0
            }
          ],
          "nodes": [
            {
              "fix_x": true,
              "fix_y": true,
              "id": "n0",
              "load_x": 0.0,
              "load_y": 0.0,
              "temperature_delta": 0.0,
              "x": 0.0,
              "y": 0.0
            },
            {
              "fix_x": false,
              "fix_y": false,
              "id": "n1",
              "load_x": 0.0,
              "load_y": 0.0,
              "temperature_delta": 0.0,
              "x": 0.03,
              "y": 0.0
            },
            {
              "fix_x": false,
              "fix_y": false,
              "id": "n2",
              "load_x": 0.0,
              "load_y": 0.0,
              "temperature_delta": 0.0,
              "x": 0.06,
              "y": 0.0
            },
            {
              "fix_x": false,
              "fix_y": false,
              "id": "n3",
              "load_x": 0.0,
              "load_y": 0.0,
              "temperature_delta": 0.0,
              "x": 0.09,
              "y": 0.0
            },
            {
              "fix_x": true,
              "fix_y": true,
              "id": "n4",
              "load_x": 0.0,
              "load_y": 0.0,
              "temperature_delta": 0.0,
              "x": 0.0,
              "y": 0.03
            },
            {
              "fix_x": false,
              "fix_y": false,
              "id": "n5",
              "load_x": 0.0,
              "load_y": 0.0,
              "temperature_delta": 0.0,
              "x": 0.03,
              "y": 0.03
            },
            {
              "fix_x": false,
              "fix_y": false,
              "id": "n6",
              "load_x": 0.0,
              "load_y": 0.0,
              "temperature_delta": 0.0,
              "x": 0.06,
              "y": 0.03
            },
            {
              "fix_x": false,
              "fix_y": false,
              "id": "n7",
              "load_x": 0.0,
              "load_y": 0.0,
              "temperature_delta": 0.0,
              "x": 0.09,
              "y": 0.03
            }
          ]
        }
      },
      "result_preview": {
        "job": {
          "created_at": "2026-08-13T10:42:55.271810Z",
          "execution_started_at": null,
          "execution_timeout_ms": 120000,
          "has_result": false,
          "iteration": null,
          "job_id": "827ff9c8676ec71f",
          "message": null,
          "model_version_id": null,
          "progress": 0.0,
          "project_id": "174f86ea8e73b820",
          "queue_timeout_ms": 1800000,
          "residual": null,
          "simulation_case_id": "23315de478f99e6a",
          "status": "queued",
          "status_detail": {
            "active": true,
            "failure_class": null,
            "lifecycle": "active",
            "recoverable": false,
            "terminal": false,
            "timing": {
              "effective_deadline": "2026-08-13T11:12:55.271810Z",
              "effective_timeout_ms": 1800000,
              "execution_elapsed_ms": null,
              "execution_started_at": null,
              "execution_timeout_ms": 120000,
              "job_submission_deadline": "2026-08-13T11:12:55.271810Z",
              "phase": "queue",
              "queue_timeout_ms": 1800000,
              "queue_wait_ms": 0,
              "total_elapsed_ms": 0
            }
          },
          "updated_at": "2026-08-13T10:42:55.271810Z",
          "worker_id": null
        },
        "job_id": "827ff9c8676ec71f",
        "progress": 0.0,
        "raw": {
          "job": {
            "created_at": "2026-08-13T10:42:55.271810Z",
            "execution_started_at": null,
            "execution_timeout_ms": 120000,
            "has_result": false,
            "iteration": null,
            "job_id": "827ff9c8676ec71f",
            "message": null,
            "model_version_id": null,
            "progress": 0.0,
            "project_id": "174f86ea8e73b820",
            "queue_timeout_ms": 1800000,
            "residual": null,
            "simulation_case_id": "23315de478f99e6a",
            "status": "queued",
            "status_detail": {
              "active": true,
              "failure_class": null,
              "lifecycle": "active",
              "recoverable": false,
              "terminal": false,
              "timing": {
                "effective_deadline": "2026-08-13T11:12:55.271810Z",
                "effective_timeout_ms": 1800000,
                "execution_elapsed_ms": null,
                "execution_started_at": null,
                "execution_timeout_ms": 120000,
                "job_submission_deadline": "2026-08-13T11:12:55.271810Z",
                "phase": "queue",
                "queue_timeout_ms": 1800000,
                "queue_wait_ms": 0,
                "total_elapsed_ms": 0
              }
            },
            "updated_at": "2026-08-13T10:42:55.271810Z",
            "worker_id": null
          }
        },
        "status": "queued"
      },
      "requires_confirmation": false
    },
    {
      "index": 8,
      "action": "job_wait",
      "risk": "normal",
      "status": "executed",
      "payload": {
        "interval_ms": 1000,
        "job_id": "827ff9c8676ec71f",
        "max_total_timeout_ms": 3600000,
        "resume_policy": "server_deadline",
        "timeout_ms": 60000
      },
      "result_preview": {
        "job": {
          "created_at": "2026-08-13T10:42:55.271810Z",
          "execution_started_at": "2026-08-13T10:42:55.274544Z",
          "execution_timeout_ms": 120000,
          "iteration": 4,
          "job_id": "827ff9c8676ec71f",
          "message": "collecting nodal and elemental responses",
          "model_version_id": null,
          "progress": 1.0,
          "project_id": "174f86ea8e73b820",
          "queue_timeout_ms": 1800000,
          "residual": 0.2,
          "simulation_case_id": "23315de478f99e6a",
          "status": "completed",
          "status_detail": {
            "active": false,
            "failure_class": null,
            "lifecycle": "terminal",
            "recoverable": false,
            "terminal": true,
            "timing": {
              "effective_deadline": "2026-08-13T10:44:55.274544Z",
              "effective_timeout_ms": 120000,
              "execution_elapsed_ms": 8057,
              "execution_started_at": "2026-08-13T10:42:55.274544Z",
              "execution_timeout_ms": 120000,
              "job_submission_deadline": "2026-08-13T11:12:55.271810Z",
              "phase": "execution",
              "queue_timeout_ms": 1800000,
              "queue_wait_ms": 2,
              "total_elapsed_ms": 8060
            }
          },
          "updated_at": "2026-08-13T10:43:03.332046Z",
          "worker_id": "rust-agent-rpc@127.0.0.1:5002"
        },
        "job_id": "827ff9c8676ec71f",
        "progress": 1.0,
        "raw": {
          "job": {
            "created_at": "2026-08-13T10:42:55.271810Z",
            "execution_started_at": "2026-08-13T10:42:55.274544Z",
            "execution_timeout_ms": 120000,
            "iteration": 4,
            "job_id": "827ff9c8676ec71f",
            "message": "collecting nodal and elemental responses",
            "model_version_id": null,
            "progress": 1.0,
            "project_id": "174f86ea8e73b820",
            "queue_timeout_ms": 1800000,
            "residual": 0.2,
            "simulation_case_id": "23315de478f99e6a",
            "status": "completed",
            "status_detail": {
              "active": false,
              "failure_class": null,
              "lifecycle": "terminal",
              "recoverable": false,
              "terminal": true,
              "timing": {
                "effective_deadline": "2026-08-13T10:44:55.274544Z",
                "effective_timeout_ms": 120000,
                "execution_elapsed_ms": 8057,
                "execution_started_at": "2026-08-13T10:42:55.274544Z",
                "execution_timeout_ms": 120000,
                "job_submission_deadline": "2026-08-13T11:12:55.271810Z",
                "phase": "execution",
                "queue_timeout_ms": 1800000,
                "queue_wait_ms": 2,
                "total_elapsed_ms": 8060
              }
            },
            "updated_at": "2026-08-13T10:43:03.332046Z",
            "worker_id": "rust-agent-rpc@127.0.0.1:5002"
          }
        },
        "result": null,
        "status": "completed",
        "wait": {
          "elapsed_ms": 8108,
          "policy": "server_deadline",
          "poll_attempts": 9,
          "resume_count": 0
        }
      },
      "requires_confirmation": false
    },
    {
      "index": 9,
      "action": "result_fetch",
      "risk": "normal",
      "status": "executed",
      "payload": {
        "job_id": "827ff9c8676ec71f"
      },
      "result_preview": {
        "job": {
          "created_at": "2026-08-13T10:42:55.271810Z",
          "execution_started_at": "2026-08-13T10:42:55.274544Z",
          "execution_timeout_ms": 120000,
          "has_result": true,
          "iteration": 4,
          "job_id": "827ff9c8676ec71f",
          "message": "collecting nodal and elemental responses",
          "model_version_id": null,
          "progress": 1.0,
          "project_id": "174f86ea8e73b820",
          "queue_timeout_ms": 1800000,
          "residual": 0.2,
          "simulation_case_id": "23315de478f99e6a",
          "status": "completed",
          "status_detail": {
            "active": false,
            "failure_class": null,
            "lifecycle": "terminal",
            "recoverable": false,
            "terminal": true,
            "timing": {
              "effective_deadline": "2026-08-13T10:44:55.274544Z",
              "effective_timeout_ms": 120000,
              "execution_elapsed_ms": 8057,
              "execution_started_at": "2026-08-13T10:42:55.274544Z",
              "execution_timeout_ms": 120000,
              "job_submission_deadline": "2026-08-13T11:12:55.271810Z",
              "phase": "execution",
              "queue_timeout_ms": 1800000,
              "queue_wait_ms": 2,
              "total_elapsed_ms": 8060
            }
          },
          "updated_at": "2026-08-13T10:43:03.332046Z",
          "worker_id": "rust-agent-rpc@127.0.0.1:5002"
        },
        "job_id": "827ff9c8676ec71f",
        "result": {
          "electric_conduction": {
            "contact_interfaces": [],
            "current_balance_relative_error": 0.0,
            "elements": [
              {
                "area_m2": 0.0009,
                "average_electric_potential_v": 0.000016800000000000002,
                "current_density_magnitude_a_m2": 66566.97597651664,
                "current_density_x_a_m2": -66566.97597651664,
                "current_density_y_a_m2": -0.0,
                "electric_field_magnitude_v_m": 0.00112,
                "electric_field_x_v_m": -0.00112,
                "electric_field_y_v_m": -0.0,
                "electric_potential_gradient_x_v_m": 0.00112,
                "electric_potential_gradient_y_v_m": 0.0,
                "id": "conductor_left",
                "index": 0,
                "joule_power_w": 0.00006709951178432877,
                "node_i": 0,
                "node_j": 1,
                "node_k": 2,
                "node_l": 3,
                "peak_current_density_magnitude_a_m2": 66566.97597651664,
                "peak_electric_field_magnitude_v_m": 0.00112,
                "rms_current_density_magnitude_a_m2": 66566.97597651664,
                "rms_electric_field_magnitude_v_m": 0.00112,
                "volumetric_joule_heating_w_m3": 74.55501309369863
              }
            ],
            "free_current_residual_relative_error": 0.0,
            "input": {
              "contact_interfaces": [],
              "elements": [
                {
                  "electrical_conductivity_s_m": 59434799.9790327,
                  "id": "conductor_left",
                  "node_i": 0,
                  "node_j": 1,
                  "node_k": 2,
                  "node_l": 3,
                  "thickness": 0.001
                }
              ],
              "nodes": [
                {
                  "current_source_a": 0.0,
                  "electric_potential_v": 0.0,
                  "fix_electric_potential": true,
                  "id": "n0",
                  "x": 0.0,
                  "y": 0.0
                },
                {
                  "current_source_a": 0.0,
                  "electric_potential_v": 0.000033600000000000004,
                  "fix_electric_potential": true,
                  "id": "n1",
                  "x": 0.03,
                  "y": 0.0
                },
                {
                  "current_source_a": 0.0,
                  "electric_potential_v": 0.000033600000000000004,
                  "fix_electric_potential": true,
                  "id": "n5",
                  "x": 0.03,
                  "y": 0.03
                },
                {
                  "current_source_a": 0.0,
                  "electric_potential_v": 0.0,
                  "fix_electric_potential": true,
                  "id": "n4",
                  "x": 0.0,
                  "y": 0.03
                }
              ],
              "terminals": []
            },
            "max_current_density_a_m2": 66566.97597651664,
            "max_electric_field_v_m": 0.00112,
            "max_electric_potential_v": 0.000033600000000000004,
            "max_free_current_residual_a": 0.0,
            "nodes": [
              {
                "current_source_a": 0.0,
                "electric_potential_v": 0.0,
                "fix_electric_potential": true,
                "id": "n0",
                "index": 0,
                "net_injected_current_a": -0.9985046396477496,
                "reaction_current_a": -0.9985046396477496,
                "x": 0.0,
                "y": 0.0
              },
              {
                "current_source_a": 0.0,
                "electric_potential_v": 0.000033600000000000004,
                "fix_electric_potential": true,
                "id": "n1",
                "index": 1,
                "net_injected_current_a": 0.9985046396477496,
                "reaction_current_a": 0.9985046396477496,
                "x": 0.03,
                "y": 0.0
              },
              {
                "current_source_a": 0.0,
                "electric_potential_v": 0.000033600000000000004,
                "fix_electric_potential": true,
                "id": "n5",
                "index": 2,
                "net_injected_current_a": 0.9985046396477496,
                "reaction_current_a": 0.9985046396477496,
                "x": 0.03,
                "y": 0.03
              },
              {
                "current_source_a": 0.0,
                "electric_potential_v": 0.0,
                "fix_electric_potential": true,
                "id": "n4",
                "index": 3,
                "net_injected_current_a": -0.9985046396477496,
                "reaction_current_a": -0.9985046396477496,
                "x": 0.0,
                "y": 0.03
              }
            ],
            "power_balance_relative_error": 2.0197653895946861e-16,
            "source_power_balance_relative_error": 2.0197653895946861e-16,
            "terminals": [],
            "total_bulk_joule_power_w": 0.00006709951178432877,
            "total_contact_joule_power_w": -0.0,
            "total_dissipated_power_w": 0.00006709951178432877,
            "total_electrical_input_power_w": 0.00006709951178432879,
            "total_extracted_current_a": 1.9970092792954992,
            "total_injected_current_a": 1.9970092792954992,
            "total_joule_power_w": 0.00006709951178432877,
            "total_source_power_w": 0.00006709951178432879,
            "total_terminal_impedance_power_w": -0.0
          },
          "electrostatic": {
            "elements": [
              {
                "area": 0.0009,
                "average_potential": 513.3360553463453,
                "electric_energy_density": 585586457.1523244,
                "electric_field_magnitude": 34222.40368975635,
                "electric_field_x": -34222.40368975635,
                "electric_field_y": -3.637978807091713e-12,
                "electric_flux_density_magnitude": 34222.40368975635,
                "electric_flux_density_x": -34222.40368975635,
                "electric_flux_density_y": -3.637978807091713e-12,
                "id": "conductor_left",
                "index": 0,
                "node_i": 0,
                "node_j": 1,
                "node_k": 5,
                "node_l": 4,
                "potential_gradient_x": 34222.40368975635,
                "potential_gradient_y": 3.637978807091713e-12,
                "stored_energy": 527.027811437092
              },
              {
                "area": 0.0009,
                "average_potential": 1271.113185025787,
                "electric_energy_density": 278845370.80616575,
                "electric_field_magnitude": 16296.071622206431,
                "electric_field_x": -16296.071622206431,
                "electric_field_y": -3.637978807091713e-12,
                "electric_flux_density_magnitude": 34222.40368975637,
                "electric_flux_density_x": -34222.40368975637,
                "electric_flux_density_y": -7.63990133557194e-12,
                "id": "dielectric_core",
                "index": 1,
                "node_i": 1,
                "node_j": 2,
                "node_k": 6,
                "node_l": 5,
                "potential_gradient_x": 16296.071622206431,
                "potential_gradient_y": 3.637978807091713e-12,
                "stored_energy": 250.9608337255492
              },
              {
                "area": 0.0009,
                "average_potential": 1637.7771296794415,
                "electric_energy_density": 139425346.9410294,
                "electric_field_magnitude": 8148.191354703886,
                "electric_field_x": -8148.191354703886,
                "electric_field_y": -0.0,
                "electric_flux_density_magnitude": 34222.40368975632,
                "electric_flux_density_x": -34222.40368975632,
                "electric_flux_density_y": -0.0,
                "id": "substrate_right",
                "index": 2,
                "node_i": 2,
                "node_j": 3,
                "node_k": 7,
                "node_l": 6,
                "potential_gradient_x": 8148.191354703886,
                "potential_gradient_y": 0.0,
                "stored_energy": 125.48281224692646
              }
            ],
            "input": {
              "elements": [
                {
                  "id": "conductor_left",
                  "node_i": 0,
                  "node_j": 1,
                  "node_k": 5,
                  "node_l": 4,
                  "permittivity": 1.0,
                  "thickness": 0.001
                },
                {
                  "id": "dielectric_core",
                  "node_i": 1,
                  "node_j": 2,
                  "node_k": 6,
                  "node_l": 5,
                  "permittivity": 2.100040088380685,
                  "thickness": 0.001
                },
                {
                  "id": "substrate_right",
                  "node_i": 2,
                  "node_j": 3,
                  "node_k": 7,
                  "node_l": 6,
                  "permittivity": 4.2,
                  "thickness": 0.001
                }
              ],
              "nodes": [
                {
                  "charge_density": 0.0,
                  "fix_potential": true,
                  "id": "n0",
                  "potential": 0.0,
                  "x": 0.0,
                  "y": 0.0
                },
                {
                  "charge_density": 0.0,
                  "fix_potential": false,
                  "id": "n1",
                  "potential": 0.0,
                  "x": 0.03,
                  "y": 0.0
                },
                {
                  "charge_density": 0.0,
                  "fix_potential": false,
                  "id": "n2",
                  "potential": 0.0,
                  "x": 0.06,
                  "y": 0.0
                },
                {
                  "charge_density": 0.0,
                  "fix_potential": true,
                  "id": "n3",
                  "potential": 1760.0,
                  "x": 0.09,
                  "y": 0.0
                },
                {
                  "charge_density": 0.0,
                  "fix_potential": true,
                  "id": "n4",
                  "potential": 0.0,
                  "x": 0.0,
                  "y": 0.03
                },
                {
                  "charge_density": 0.0,
                  "fix_potential": false,
                  "id": "n5",
                  "potential": 0.0,
                  "x": 0.03,
                  "y": 0.03
                },
                {
                  "charge_density": 0.0,
                  "fix_potential": false,
                  "id": "n6",
                  "potential": 0.0,
                  "x": 0.06,
                  "y": 0.03
                },
                {
                  "charge_density": 0.0,
                  "fix_potential": true,
                  "id": "n7",
                  "potential": 1760.0,
                  "x": 0.09,
                  "y": 0.03
                }
              ]
            },
            "max_electric_energy_density": 585586457.1523244,
            "max_electric_field": 34222.40368975635,
            "max_flux_density": 34222.40368975637,
            "max_potential": 1760.0,
            "nodes": [
              {
                "charge_density": 0.0,
                "id": "n0",
                "index": 0,
                "potential": 0.0,
                "x": 0.0,
                "y": 0.0
              },
              {
                "charge_density": 0.0,
                "id": "n1",
                "index": 1,
                "potential": 1026.6721106926905,
                "x": 0.03,
                "y": 0.0
              },
              {
                "charge_density": 0.0,
                "id": "n2",
                "index": 2,
                "potential": 1515.5542593588834,
                "x": 0.06,
                "y": 0.0
              },
              {
                "charge_density": 0.0,
                "id": "n3",
                "index": 3,
                "potential": 1760.0,
                "x": 0.09,
                "y": 0.0
              },
              {
                "charge_density": 0.0,
                "id": "n4",
                "index": 4,
                "potential": 0.0,
                "x": 0.0,
                "y": 0.03
              },
              {
                "charge_density": 0.0,
                "id": "n5",
                "index": 5,
                "potential": 1026.6721106926907,
                "x": 0.03,
                "y": 0.03
              },
              {
                "charge_density": 0.0,
                "id": "n6",
                "index": 6,
                "potential": 1515.5542593588834,
                "x": 0.06,
                "y": 0.03
              },
              {
                "charge_density": 0.0,
                "id": "n7",
                "index": 7,
                "potential": 1760.0,
                "x": 0.09,
                "y": 0.03
              }
            ],
            "total_stored_energy": 903.4714574095676
          },
          "electrostatic_mesh_convergence": {
            "finest_pair_relative_change": 2.390659110754022e-14,
            "max_analytic_relative_error": 0.9555555555555556,
            "method": "structured_quad_h_refinement",
            "refinement_levels": [
              1,
              2,
              4,
              8
            ],
            "relative_error_tolerance": 1e-8,
            "samples": [
              {
                "analytic_relative_error": 0.9555555555555556,
                "element_count": 3,
                "elements_per_layer": 1,
                "max_electric_field_v_m": 34222.40368975635,
                "node_count": 8,
                "relative_change_from_previous": null
              },
              {
                "analytic_relative_error": 1.0394170046756618e-15,
                "element_count": 6,
                "elements_per_layer": 2,
                "max_electric_field_v_m": 17500.092795898116,
                "node_count": 14,
                "relative_change_from_previous": 0.9555555555555564
              },
              {
                "analytic_relative_error": 3.741901216832382e-15,
                "element_count": 12,
                "elements_per_layer": 4,
                "max_electric_field_v_m": 17500.0927958982,
                "node_count": 26,
                "relative_change_from_previous": 4.781318221508044e-15
              },
              {
                "analytic_relative_error": 2.7648492324372603e-14,
                "element_count": 24,
                "elements_per_layer": 8,
                "max_electric_field_v_m": 17500.092795898618,
                "node_count": 50,
                "relative_change_from_previous": 2.390659110754022e-14
              }
            ],
            "schema_version": "kyuubiki.composite-electrostatic-mesh-convergence/v1",
            "status": "fail"
          },
          "electrothermal_feedback_convergence": {
            "conductivity_relative_change_tolerance": 1e-9,
            "converged": true,
            "final_loss_relative_change": 2.9382312052784744e-10,
            "final_max_conductivity_relative_change": 1.5305904919849683e-10,
            "final_temperature_residual_c": 3.8095919308034354e-8,
            "iteration_count": 11,
            "iterations": [
              {
                "converged": false,
                "coupling_temperature_c": 35.0,
                "dielectric_mean_temperature_c": 35.19101583337356,
                "iteration": 1,
                "loss_relative_change": null,
                "loss_tangent": 0.0002,
                "max_conductivity_relative_change": null,
                "max_temperature_c": 35.38134877814994,
                "relative_permittivity": 2.1,
                "temperature_residual_c": 0.38130570122687146,
                "thermal_conductivity_updates": [
                  {
                    "conductivity_relative_change": null,
                    "conductivity_w_mk": 390.0,
                    "coupling_temperature_c": 35.0,
                    "element_id": "conductor_left",
                    "measured_mean_temperature_c": 35.38130570122687
                  },
                  {
                    "conductivity_relative_change": null,
                    "conductivity_w_mk": 0.25,
                    "coupling_temperature_c": 35.0,
                    "element_id": "dielectric_core",
                    "measured_mean_temperature_c": 35.19101583337356
                  },
                  {
                    "conductivity_relative_change": null,
                    "conductivity_w_mk": 160.0,
                    "coupling_temperature_c": 35.0,
                    "element_id": "substrate_right",
                    "measured_mean_temperature_c": 35.00038452122166
                  }
                ],
                "total_joule_loss_w": 0.0000672,
                "total_loss_w": 0.00005584679093122056
              },
              {
                "converged": false,
                "coupling_temperature_c": 35.15281266669885,
                "dielectric_mean_temperature_c": 35.19092072260976,
                "iteration": 2,
                "loss_relative_change": 0.0005876613067862548,
                "loss_tangent": 0.00020003056253333976,
                "max_conductivity_relative_change": 0.0003056253333977299,
                "max_temperature_c": 35.381158931372696,
                "relative_permittivity": 2.1000320906600067,
                "temperature_residual_c": 0.07607133191933002,
                "thermal_conductivity_updates": [
                  {
                    "conductivity_relative_change": 0.0003050445609814618,
                    "conductivity_w_mk": 389.8810326212172,
                    "coupling_temperature_c": 35.3050445609815,
                    "element_id": "conductor_left",
                    "measured_mean_temperature_c": 35.38111589290083
                  },
                  {
                    "conductivity_relative_change": 0.0003056253333977299,
                    "conductivity_w_mk": 0.24992359366665057,
                    "coupling_temperature_c": 35.15281266669885,
                    "element_id": "dielectric_core",
                    "measured_mean_temperature_c": 35.19092072260976
                  },
                  {
                    "conductivity_relative_change": 3.691403728467435e-7,
                    "conductivity_w_mk": 159.99994093754034,
                    "coupling_temperature_c": 35.00030761697733,
                    "element_id": "substrate_right",
                    "measured_mean_temperature_c": 35.00038429539528
                  }
                ],
                "total_joule_loss_w": 0.00006711953541458966,
                "total_loss_w": 0.0000558549456786764
              },
              {
                "converged": false,
                "coupling_temperature_c": 35.18329911142758,
                "dielectric_mean_temperature_c": 35.19090178712672,
                "iteration": 3,
                "loss_relative_change": 0.0001171213452906838,
                "loss_tangent": 0.00020003665982228555,
                "max_conductivity_relative_change": 0.000060991530014084094,
                "max_temperature_c": 35.38112113505014,
                "relative_permittivity": 2.1000384928134,
                "temperature_residual_c": 0.015176477720430626,
                "thermal_conductivity_updates": [
                  {
                    "conductivity_relative_change": 0.00006087563531696199,
                    "conductivity_w_mk": 389.8572983656584,
                    "coupling_temperature_c": 35.365901626516965,
                    "element_id": "conductor_left",
                    "measured_mean_temperature_c": 35.381078104237396
                  },
                  {
                    "conductivity_relative_change": 0.000060991530014084094,
                    "conductivity_w_mk": 0.24990835044428625,
                    "coupling_temperature_c": 35.18329911142758,
                    "element_id": "dielectric_core",
                    "measured_mean_temperature_c": 35.19090178712672
                  },
                  {
                    "conductivity_relative_change": 7.361130833236383e-8,
                    "conductivity_w_mk": 159.99992915973536,
                    "coupling_temperature_c": 35.000368959711686,
                    "element_id": "substrate_right",
                    "measured_mean_temperature_c": 35.000384250414385
                  }
                ],
                "total_joule_loss_w": 0.00006710350560234958,
                "total_loss_w": 0.0000558565725542544
              },
              {
                "converged": false,
                "coupling_temperature_c": 35.189381251986894,
                "dielectric_mean_temperature_c": 35.190898010983375,
                "iteration": 4,
                "loss_relative_change": 0.00002336138152369251,
                "loss_tangent": 0.00020003787625039735,
                "max_conductivity_relative_change": 0.000012168742157970082,
                "max_temperature_c": 35.38111359765036,
                "relative_permittivity": 2.100039770062917,
                "temperature_residual_c": 0.003027759671859087,
                "thermal_conductivity_updates": [
                  {
                    "conductivity_relative_change": 0.000012145626280798565,
                    "conductivity_w_mk": 389.8525633046096,
                    "coupling_temperature_c": 35.37804280869331,
                    "element_id": "conductor_left",
                    "measured_mean_temperature_c": 35.38107056836517
                  },
                  {
                    "conductivity_relative_change": 0.000012168742157970082,
                    "conductivity_w_mk": 0.24990530937400657,
                    "coupling_temperature_c": 35.189381251986894,
                    "element_id": "dielectric_core",
                    "measured_mean_temperature_c": 35.190898010983375
                  },
                  {
                    "conductivity_relative_change": 1.4679081166088682e-8,
                    "conductivity_w_mk": 159.9999268110834,
                    "coupling_temperature_c": 35.00038119227384,
                    "element_id": "substrate_right",
                    "measured_mean_temperature_c": 35.000384241443385
                  }
                ],
                "total_joule_loss_w": 0.00006710030851885016,
                "total_loss_w": 0.00005585689712045584
              },
              {
                "converged": false,
                "coupling_temperature_c": 35.19059465918408,
                "dielectric_mean_temperature_c": 35.19089725769554,
                "iteration": 5,
                "loss_relative_change": 4.660489185166404e-6,
                "loss_tangent": 0.0002000381189318368,
                "max_conductivity_relative_change": 2.427733928911465e-6,
                "max_temperature_c": 35.381112094044475,
                "relative_permittivity": 2.100040024878429,
                "temperature_residual_c": 0.0006040486332139494,
                "thermal_conductivity_updates": [
                  {
                    "conductivity_relative_change": 2.4231237818794666e-6,
                    "conductivity_w_mk": 389.851618643592,
                    "coupling_temperature_c": 35.3804650164308,
                    "element_id": "conductor_left",
                    "measured_mean_temperature_c": 35.38106906506401
                  },
                  {
                    "conductivity_relative_change": 2.427733928911465e-6,
                    "conductivity_w_mk": 0.24990470267040796,
                    "coupling_temperature_c": 35.19059465918408,
                    "element_id": "dielectric_core",
                    "measured_mean_temperature_c": 35.19089725769554
                  },
                  {
                    "conductivity_relative_change": 2.9272039970359732e-9,
                    "conductivity_w_mk": 159.999926342731,
                    "coupling_temperature_c": 35.00038363160947,
                    "element_id": "substrate_right",
                    "measured_mean_temperature_c": 35.00038423965377
                  }
                ],
                "total_joule_loss_w": 0.00006709967072611154,
                "total_loss_w": 0.000055856961872467345
              },
              {
                "converged": false,
                "coupling_temperature_c": 35.190836737993244,
                "dielectric_mean_temperature_c": 35.190897107413136,
                "iteration": 6,
                "loss_relative_change": 9.297764890084166e-7,
                "loss_tangent": 0.00020003816734759863,
                "max_conductivity_relative_change": 4.843422444201019e-7,
                "max_temperature_c": 35.38111179407213,
                "relative_permittivity": 2.100040075714978,
                "temperature_residual_c": 0.0001205098150975914,
                "thermal_conductivity_updates": [
                  {
                    "conductivity_relative_change": 4.834228322164718e-7,
                    "conductivity_w_mk": 389.8514301804184,
                    "coupling_temperature_c": 35.380948255337366,
                    "element_id": "conductor_left",
                    "measured_mean_temperature_c": 35.38106876515246
                  },
                  {
                    "conductivity_relative_change": 4.843422444201019e-7,
                    "conductivity_w_mk": 0.24990458163100335,
                    "coupling_temperature_c": 35.190836737993244,
                    "element_id": "dielectric_core",
                    "measured_mean_temperature_c": 35.190897107413136
                  },
                  {
                    "conductivity_relative_change": 5.83722850103506e-10,
                    "conductivity_w_mk": 159.99992624933537,
                    "coupling_temperature_c": 35.00038411804491,
                    "element_id": "substrate_right",
                    "measured_mean_temperature_c": 35.000384239296736
                  }
                ],
                "total_joule_loss_w": 0.00006709954348568254,
                "total_loss_w": 0.00005585697479071018
              },
              {
                "converged": false,
                "coupling_temperature_c": 35.190885033529156,
                "dielectric_mean_temperature_c": 35.190897077433696,
                "iteration": 7,
                "loss_relative_change": 1.8549337904252985e-7,
                "loss_tangent": 0.00020003817700670583,
                "max_conductivity_relative_change": 9.662795213396307e-8,
                "max_temperature_c": 35.38111173423145,
                "relative_permittivity": 2.100040085857041,
                "temperature_residual_c": 0.00002404213446993708,
                "thermal_conductivity_updates": [
                  {
                    "conductivity_relative_change": 9.644459243925825e-8,
                    "conductivity_w_mk": 389.8513925813561,
                    "coupling_temperature_c": 35.38104466318944,
                    "element_id": "conductor_left",
                    "measured_mean_temperature_c": 35.38106870532391
                  },
                  {
                    "conductivity_relative_change": 9.662795213396307e-8,
                    "conductivity_w_mk": 0.24990455748323545,
                    "coupling_temperature_c": 35.190885033529156,
                    "element_id": "dielectric_core",
                    "measured_mean_temperature_c": 35.190897077433696
                  },
                  {
                    "conductivity_relative_change": 1.164016975336624e-10,
                    "conductivity_w_mk": 159.9999262307111,
                    "coupling_temperature_c": 35.000384215046374,
                    "element_id": "substrate_right",
                    "measured_mean_temperature_c": 35.000384239225504
                  }
                ],
                "total_joule_loss_w": 0.00006709951810082963,
                "total_loss_w": 0.00005585697736794303
              },
              {
                "converged": false,
                "coupling_temperature_c": 35.19089466865279,
                "dielectric_mean_temperature_c": 35.19089707144009,
                "iteration": 8,
                "loss_relative_change": 3.7006577108011024e-8,
                "loss_tangent": 0.00020003817893373056,
                "max_conductivity_relative_change": 1.927760690004125e-8,
                "max_temperature_c": 35.38111172226787,
                "relative_permittivity": 2.100040087880417,
                "temperature_residual_c": 4.796465731260469e-6,
                "thermal_conductivity_updates": [
                  {
                    "conductivity_relative_change": 1.924103924503278e-8,
                    "conductivity_w_mk": 389.85138508021015,
                    "coupling_temperature_c": 35.38106389689702,
                    "element_id": "conductor_left",
                    "measured_mean_temperature_c": 35.38106869336275
                  },
                  {
                    "conductivity_relative_change": 1.927760690004125e-8,
                    "conductivity_w_mk": 0.2499045526656736,
                    "coupling_temperature_c": 35.19089466865279,
                    "element_id": "dielectric_core",
                    "measured_mean_temperature_c": 35.19089707144009
                  },
                  {
                    "conductivity_relative_change": 2.3212020793900125e-11,
                    "conductivity_w_mk": 159.9999262269972,
                    "coupling_temperature_c": 35.00038423438968,
                    "element_id": "substrate_right",
                    "measured_mean_temperature_c": 35.00038423921128
                  }
                ],
                "total_joule_loss_w": 0.00006709951303646397,
                "total_loss_w": 0.00005585697788210967
              },
              {
                "converged": false,
                "coupling_temperature_c": 35.19089659088263,
                "dielectric_mean_temperature_c": 35.190897070253584,
                "iteration": 9,
                "loss_relative_change": 7.382904013421777e-9,
                "loss_tangent": 0.00020003817931817653,
                "max_conductivity_relative_change": 3.845927973816182e-9,
                "max_temperature_c": 35.38111171989955,
                "relative_permittivity": 2.1000400882840857,
                "temperature_residual_c": 9.56925312323165e-7,
                "thermal_conductivity_updates": [
                  {
                    "conductivity_relative_change": 3.838635341605272e-9,
                    "conductivity_w_mk": 389.8513835837129,
                    "coupling_temperature_c": 35.3810677340696,
                    "element_id": "conductor_left",
                    "measured_mean_temperature_c": 35.381068690994915
                  },
                  {
                    "conductivity_relative_change": 3.845927973816182e-9,
                    "conductivity_w_mk": 0.2499045517045587,
                    "coupling_temperature_c": 35.19089659088263,
                    "element_id": "dielectric_core",
                    "measured_mean_temperature_c": 35.190897070253584
                  },
                  {
                    "conductivity_relative_change": 4.628832786377261e-12,
                    "conductivity_w_mk": 159.99992622625658,
                    "coupling_temperature_c": 35.00038423824696,
                    "element_id": "substrate_right",
                    "measured_mean_temperature_c": 35.000384239208444
                  }
                ],
                "total_joule_loss_w": 0.00006709951202611049,
                "total_loss_w": 0.000055856977984687166
              },
              {
                "converged": false,
                "coupling_temperature_c": 35.19089697437939,
                "dielectric_mean_temperature_c": 35.19089707000481,
                "iteration": 10,
                "loss_relative_change": 1.472936120207486e-9,
                "loss_tangent": 0.0002000381793948759,
                "max_conductivity_relative_change": 7.67286524522924e-10,
                "max_temperature_c": 35.38111171940298,
                "relative_permittivity": 2.1000400883646195,
                "temperature_residual_c": 1.9088858493887528e-7,
                "thermal_conductivity_updates": [
                  {
                    "conductivity_relative_change": 7.658320349097133e-10,
                    "conductivity_w_mk": 389.85138328515217,
                    "coupling_temperature_c": 35.38106849960985,
                    "element_id": "conductor_left",
                    "measured_mean_temperature_c": 35.38106869049844
                  },
                  {
                    "conductivity_relative_change": 7.67286524522924e-10,
                    "conductivity_w_mk": 0.2499045515128103,
                    "coupling_temperature_c": 35.19089697437939,
                    "element_id": "dielectric_core",
                    "measured_mean_temperature_c": 35.19089707000481
                  },
                  {
                    "conductivity_relative_change": 9.229954393325496e-13,
                    "conductivity_w_mk": 159.9999262261089,
                    "coupling_temperature_c": 35.00038423901615,
                    "element_id": "substrate_right",
                    "measured_mean_temperature_c": 35.00038423920786
                  }
                ],
                "total_joule_loss_w": 0.00006709951182453858,
                "total_loss_w": 0.00005585697800515205
              },
              {
                "converged": true,
                "coupling_temperature_c": 35.19089705087973,
                "dielectric_mean_temperature_c": 35.19089706996383,
                "iteration": 11,
                "loss_relative_change": 2.9382312052784744e-10,
                "loss_tangent": 0.00020003817941017596,
                "max_conductivity_relative_change": 1.5305904919849683e-10,
                "max_temperature_c": 35.381111719321154,
                "relative_permittivity": 2.100040088380685,
                "temperature_residual_c": 3.8095919308034354e-8,
                "thermal_conductivity_updates": [
                  {
                    "conductivity_relative_change": 1.5276908052035378e-10,
                    "conductivity_w_mk": 389.851383225595,
                    "coupling_temperature_c": 35.38106865232072,
                    "element_id": "conductor_left",
                    "measured_mean_temperature_c": 35.38106869041664
                  },
                  {
                    "conductivity_relative_change": 1.5305904919849683e-10,
                    "conductivity_w_mk": 0.24990455147456017,
                    "coupling_temperature_c": 35.19089705087973,
                    "element_id": "dielectric_core",
                    "measured_mean_temperature_c": 35.19089706996383
                  },
                  {
                    "conductivity_relative_change": 1.840306534159746e-13,
                    "conductivity_w_mk": 159.99992622607945,
                    "coupling_temperature_c": 35.00038423916952,
                    "element_id": "substrate_right",
                    "measured_mean_temperature_c": 35.00038423920777
                  }
                ],
                "total_joule_loss_w": 0.00006709951178432877,
                "total_loss_w": 0.00005585697800923439
              }
            ],
            "loss_relative_change_tolerance": 1e-9,
            "max_iterations": 12,
            "method": "relaxed_temperature_dependent_dielectric_and_conductivity_fixed_point",
            "parameter_source": "screening_sensitivity_not_material_card",
            "relaxation_factor": 0.8,
            "schema_version": "kyuubiki.composite-electrothermal-feedback-convergence/v1",
            "status": "pass",
            "temperature_residual_tolerance_c": 1e-7
          },
          "electrothermal_loss_projection": {
            "assumptions": [
              "The solved electrostatic field magnitude is interpreted as an RMS harmonic field.",
              "Relative permittivity and loss tangent are scalar, isotropic, and frequency-local screening values.",
              "Element dielectric loss is lumped consistently to its four thermal nodes."
            ],
            "distributed_total_heat_load_w": 0.00005585697800923439,
            "effective_conductivity_s_m": 2.3370557726842738e-7,
            "electric_field_rms_v_m": 16296.071622206431,
            "energy_balance_relative_error": 0.0,
            "frequency_hz": 10000000.0,
            "loss_tangent": 0.00020003817941017596,
            "model": "harmonic_dielectric_loss_sigma_eff_e_rms_squared",
            "relative_permittivity": 2.100040088380685,
            "schema_version": "kyuubiki.composite-electrothermal-loss-projection/v1",
            "source_element_id": "dielectric_core",
            "source_volume_m3": 9e-7,
            "target_element_count": 1,
            "target_node_count": 4,
            "total_loss_w": 0.00005585697800923439,
            "volumetric_loss_w_m3": 62.06330889914933
          },
          "heat": {
            "elements": [
              {
                "area": 0.0009,
                "average_temperature": 35.38106869041664,
                "heat_flow_rate": 1.0064926766508446e-6,
                "heat_flux_magnitude": 1.1183251962787162,
                "heat_flux_x": 1.1183251962787162,
                "heat_flux_y": 4.4320970940315746e-11,
                "id": "conductor_left",
                "index": 0,
                "node_i": 0,
                "node_j": 1,
                "node_k": 5,
                "node_l": 4,
                "temperature_gradient_x": -0.0028685936343890717,
                "temperature_gradient_y": -1.1368683772161605e-13
              },
              {
                "area": 0.0009,
                "average_temperature": 35.19089706996383,
                "heat_flow_rate": 2.850840023601952e-6,
                "heat_flux_magnitude": 3.1676000262243913,
                "heat_flux_x": 3.1676000262243913,
                "heat_flux_y": 5.6821716378763124e-14,
                "id": "dielectric_core",
                "index": 1,
                "node_i": 1,
                "node_j": 2,
                "node_k": 6,
                "node_l": 5,
                "temperature_gradient_x": -12.675239436552827,
                "temperature_gradient_y": -2.273736754432321e-13
              },
              {
                "area": 0.0009,
                "average_temperature": 35.00038423920777,
                "heat_flow_rate": 3.6886946937608305e-6,
                "heat_flux_magnitude": 4.098549659734256,
                "heat_flux_x": 4.098549659734256,
                "heat_flux_y": 1.8189885648334828e-11,
                "id": "substrate_right",
                "index": 2,
                "node_i": 2,
                "node_j": 3,
                "node_k": 7,
                "node_l": 6,
                "temperature_gradient_x": -0.025615947184519428,
                "temperature_gradient_y": -1.1368683772161605e-13
              }
            ],
            "input": {
              "elements": [
                {
                  "conductivity": 389.851383225595,
                  "id": "conductor_left",
                  "node_i": 0,
                  "node_j": 1,
                  "node_k": 5,
                  "node_l": 4,
                  "thickness": 0.001
                },
                {
                  "conductivity": 0.24990455147456017,
                  "id": "dielectric_core",
                  "node_i": 1,
                  "node_j": 2,
                  "node_k": 6,
                  "node_l": 5,
                  "thickness": 0.001
                },
                {
                  "conductivity": 159.99992622607945,
                  "id": "substrate_right",
                  "node_i": 2,
                  "node_j": 3,
                  "node_k": 7,
                  "node_l": 6,
                  "thickness": 0.001
                }
              ],
              "nodes": [
                {
                  "fix_temperature": false,
                  "heat_load": 0.000016774877946082193,
                  "id": "n0",
                  "temperature": 35.0,
                  "x": 0.0,
                  "y": 0.0
                },
                {
                  "fix_temperature": false,
                  "heat_load": 0.00003073912244839079,
                  "id": "n1",
                  "temperature": 35.0,
                  "x": 0.03,
                  "y": 0.0
                },
                {
                  "fix_temperature": false,
                  "heat_load": 0.000013964244502308598,
                  "id": "n2",
                  "temperature": 35.0,
                  "x": 0.06,
                  "y": 0.0
                },
                {
                  "fix_temperature": true,
                  "heat_load": 0.0,
                  "id": "n3",
                  "temperature": 35.0,
                  "x": 0.09,
                  "y": 0.0
                },
                {
                  "fix_temperature": false,
                  "heat_load": 0.000016774877946082193,
                  "id": "n4",
                  "temperature": 35.0,
                  "x": 0.0,
                  "y": 0.03
                },
                {
                  "fix_temperature": false,
                  "heat_load": 0.00003073912244839079,
                  "id": "n5",
                  "temperature": 35.0,
                  "x": 0.03,
                  "y": 0.03
                },
                {
                  "fix_temperature": false,
                  "heat_load": 0.000013964244502308598,
                  "id": "n6",
                  "temperature": 35.0,
                  "x": 0.06,
                  "y": 0.03
                },
                {
                  "fix_temperature": true,
                  "heat_load": 0.0,
                  "id": "n7",
                  "temperature": 35.0,
                  "x": 0.09,
                  "y": 0.03
                }
              ]
            },
            "max_heat_flux": 4.098549659734256,
            "max_temperature": 35.381111719321154,
            "nodes": [
              {
                "heat_load": 0.000016774877946082193,
                "id": "n0",
                "index": 0,
                "temperature": 35.381111719321154,
                "x": 0.0,
                "y": 0.0
              },
              {
                "heat_load": 0.00003073912244839079,
                "id": "n1",
                "index": 1,
                "temperature": 35.381025661512126,
                "x": 0.03,
                "y": 0.0
              },
              {
                "heat_load": 0.000013964244502308598,
                "id": "n2",
                "index": 2,
                "temperature": 35.00076847841554,
                "x": 0.06,
                "y": 0.0
              },
              {
                "heat_load": 0.0,
                "id": "n3",
                "index": 3,
                "temperature": 35.0,
                "x": 0.09,
                "y": 0.0
              },
              {
                "heat_load": 0.000016774877946082193,
                "id": "n4",
                "index": 4,
                "temperature": 35.381111719321154,
                "x": 0.0,
                "y": 0.03
              },
              {
                "heat_load": 0.00003073912244839079,
                "id": "n5",
                "index": 5,
                "temperature": 35.38102566151212,
                "x": 0.03,
                "y": 0.03
              },
              {
                "heat_load": 0.000013964244502308598,
                "id": "n6",
                "index": 6,
                "temperature": 35.00076847841553,
                "x": 0.06,
                "y": 0.03
              },
              {
                "heat_load": 0.0,
                "id": "n7",
                "index": 7,
                "temperature": 35.0,
                "x": 0.09,
                "y": 0.03
              }
            ],
            "total_abs_heat_flow_rate": 7.546027394013627e-6
          },
          "heat_cross_validation": {
            "absolute_error_c": 8.874678769643651e-12,
            "conductivities_w_mk": [
              389.851383225595,
              0.24990455147456017,
              159.99992622607945
            ],
            "expected_max_temperature_c": 35.38111171933003,
            "fem_max_temperature_c": 35.381111719321154,
            "fixed_temperature_c": 35.0,
            "method": "layered_thermal_resistance_with_regional_generation_closed_form",
            "relative_error": 2.508309755794101e-13,
            "relative_error_tolerance": 1e-9,
            "schema_version": "kyuubiki.composite-heat-cross-validation/v1",
            "status": "pass",
            "total_heat_load_w": 0.00012295648979356315
          },
          "heat_mesh_convergence": {
            "finest_pair_relative_change": 2.2124537163837033e-11,
            "max_analytic_relative_error": 2.2523577314738782e-11,
            "method": "structured_quad_h_refinement",
            "refinement_levels": [
              1,
              2,
              4,
              8
            ],
            "relative_error_tolerance": 1e-8,
            "samples": [
              {
                "analytic_relative_error": 2.508309755794101e-13,
                "element_count": 3,
                "elements_per_layer": 1,
                "max_temperature_c": 35.381111719321154,
                "node_count": 8,
                "relative_change_from_previous": null
              },
              {
                "analytic_relative_error": 1.5939515237580289e-12,
                "element_count": 6,
                "elements_per_layer": 2,
                "max_temperature_c": 35.381111719386425,
                "node_count": 14,
                "relative_change_from_previous": 1.844782499337439e-12
              },
              {
                "analytic_relative_error": 3.990401509017517e-13,
                "element_count": 12,
                "elements_per_layer": 4,
                "max_temperature_c": 35.38111171934415,
                "node_count": 26,
                "relative_change_from_previous": 1.1949113728562772e-12
              },
              {
                "analytic_relative_error": 2.2523577314738782e-11,
                "element_count": 24,
                "elements_per_layer": 8,
                "max_temperature_c": 35.38111172012694,
                "node_count": 50,
                "relative_change_from_previous": 2.2124537163837033e-11
              }
            ],
            "schema_version": "kyuubiki.composite-heat-mesh-convergence/v1",
            "status": "pass"
          },
          "heat_to_thermal_projection": {
            "mapped_node_count": 8,
            "maximum_coordinate_error_m": 0.0,
            "maximum_temperature_delta_c": 0.3811117193211544,
            "minimum_temperature_delta_c": 0.0,
            "reference_temperature_c": 35.0,
            "schema_version": "kyuubiki.composite-heat-to-thermal-projection/v1"
          },
          "joule_heating_projection": {
            "assumptions": [
              "Steady scalar electrical conductivity is solved on a two-dimensional quad mesh.",
              "Joule heating uses the solved local sigma times electric-field magnitude squared.",
              "Element Joule power integrates both triangular subcell fields before thermal projection.",
              "Recovered terminal currents gate current continuity and electrical input-power balance.",
              "Contact and terminal impedance models require explicit study-level heat mappings."
            ],
            "boundary_voltage_span_v": 0.000033600000000000004,
            "current_balance_relative_error": 0.0,
            "distributed_total_heat_load_w": 0.00006709951178432876,
            "electrical_power_balance_relative_error": 2.0197653895946861e-16,
            "energy_balance_relative_error": 2.0197653895946864e-16,
            "free_current_residual_relative_error": 0.0,
            "max_current_density_a_m2": 66566.97597651664,
            "max_free_current_residual_a": 0.0,
            "model": "solved_steady_current_density_sigma_e_squared",
            "parameter_source": "screening_reference_not_material_card",
            "regions": [
              {
                "coupling_temperature_c": 35.38106865232072,
                "current_density_magnitude_a_m2": 66566.97597651664,
                "distributed_heat_load_w": 0.00006709951178432877,
                "electric_field_magnitude_v_m": 0.00112,
                "electrical_conductivity_s_m": 59434799.9790327,
                "element_id": "conductor_left",
                "energy_balance_relative_error": 0.0,
                "joule_power_w": 0.00006709951178432877,
                "peak_current_density_magnitude_a_m2": 66566.97597651664,
                "peak_electric_field_magnitude_v_m": 0.00112,
                "rms_current_density_magnitude_a_m2": 66566.97597651664,
                "rms_electric_field_magnitude_v_m": 0.00112,
                "source_volume_m3": 9e-7,
                "volumetric_joule_heating_w_m3": 74.55501309369863
              }
            ],
            "schema_version": "kyuubiki.composite-current-to-heat-projection/v2",
            "source_power_balance_relative_error": 2.0197653895946861e-16,
            "status": "pass",
            "total_dissipated_power_w": 0.00006709951178432877,
            "total_electrical_input_power_w": 0.00006709951178432879,
            "total_extracted_current_a": 1.9970092792954992,
            "total_injected_current_a": 1.9970092792954992,
            "total_joule_loss_w": 0.00006709951178432877,
            "total_source_power_w": 0.00006709951178432879
          },
          "research": {
            "candidate_id": "copper_ptfe_glass_epoxy",
            "candidate_label": "Copper / PTFE / Glass epoxy",
            "coupling": "iterative_dielectric_and_conductor_joule_heating_with_temperature_dependent_electrical_thermal_feedback_and_expansion_projection",
            "materials": {
              "conductor": "copper",
              "dielectric": "ptfe",
              "substrate": "glass_epoxy"
            },
            "study": "material.composite_thermo_electric_panel.v1"
          },
          "schema_version": "kyuubiki.composite-thermo-electric-panel-result/v1",
          "thermal": {
            "elements": [
              {
                "area": 0.0009,
                "average_temperature_delta": 0.3810686904166384,
                "gamma_xy": -3.331699689449695e-21,
                "id": "conductor_left",
                "index": 0,
                "max_in_plane_shear": 113333.21187624508,
                "mechanical_strain_x": 6.59393232734518e-7,
                "mechanical_strain_y": -2.060603852295364e-6,
                "node_i": 0,
                "node_j": 1,
                "node_k": 5,
                "node_l": 4,
                "principal_stress_1": 1.7462298274040222e-10,
                "principal_stress_2": -226666.42375249,
                "strain_energy_density": 0.767936532341299,
                "stress_x": 1.6974076465380172e-10,
                "stress_y": -226666.42375249,
                "tau_xy": -1.5395092608135502e-10,
                "thermal_strain": 6.478661462462029e-6,
                "total_strain_x": 7.138054695196546e-6,
                "total_strain_y": 4.418057610166664e-6,
                "von_mises": 226666.42375249008
              },
              {
                "area": 0.0009,
                "average_temperature_delta": 0.19089706996382816,
                "gamma_xy": 1.1948164403543734e-20,
                "id": "dielectric_core",
                "index": 1,
                "max_in_plane_shear": 5004.8109971398435,
                "mechanical_strain_x": 1.2812316152677955e-6,
                "mechanical_strain_y": -4.003848797711878e-6,
                "node_i": 1,
                "node_j": 2,
                "node_k": 6,
                "node_l": 5,
                "principal_stress_1": -1.4551915228366852e-11,
                "principal_stress_2": -10009.621994279702,
                "strain_energy_density": 0.07644974137117064,
                "stress_x": -1.4802973661668755e-11,
                "stress_y": -10009.621994279702,
                "tau_xy": 1.1348946473946044e-11,
                "thermal_strain": 8.591680049259814e-6,
                "total_strain_x": 9.87291166452761e-6,
                "total_strain_y": 4.587831251547937e-6,
                "von_mises": 10009.621994279694
              },
              {
                "area": 0.0009,
                "average_temperature_delta": 0.00038423920776686765,
                "gamma_xy": 1.787916428174513e-21,
                "id": "substrate_right",
                "index": 2,
                "max_in_plane_shear": 1202.025188629862,
                "mechanical_strain_x": -3.4968005487413474e-8,
                "mechanical_strain_y": 1.0927501714816996e-7,
                "node_i": 2,
                "node_j": 3,
                "node_k": 7,
                "node_l": 6,
                "principal_stress_1": 2404.0503772597467,
                "principal_stress_2": 2.273736754432321e-11,
                "strain_energy_density": 0.00039546703239391273,
                "stress_x": 2.285209059020114e-11,
                "stress_y": 2404.0503772597467,
                "tau_xy": 1.4895492247054183e-11,
                "thermal_strain": 5.3793495288231766e-9,
                "total_strain_x": -2.9588655958590297e-8,
                "total_strain_y": 1.1465436667699317e-7,
                "von_mises": 2404.0503772597353
              }
            ],
            "input": {
              "elements": [
                {
                  "id": "conductor_left",
                  "node_i": 0,
                  "node_j": 1,
                  "node_k": 5,
                  "node_l": 4,
                  "poisson_ratio": 0.32,
                  "thermal_expansion": 0.00001700129563354742,
                  "thickness": 0.001,
                  "youngs_modulus": 110000000000.0
                },
                {
                  "id": "dielectric_core",
                  "node_i": 1,
                  "node_j": 2,
                  "node_k": 6,
                  "node_l": 5,
                  "poisson_ratio": 0.32,
                  "thermal_expansion": 0.000045006872294518697,
                  "thickness": 0.001,
                  "youngs_modulus": 2500000000.0
                },
                {
                  "id": "substrate_right",
                  "node_i": 2,
                  "node_j": 3,
                  "node_k": 7,
                  "node_l": 6,
                  "poisson_ratio": 0.32,
                  "thermal_expansion": 0.000014000001613804672,
                  "thickness": 0.001,
                  "youngs_modulus": 22000000000.0
                }
              ],
              "nodes": [
                {
                  "fix_x": true,
                  "fix_y": true,
                  "id": "n0",
                  "load_x": 0.0,
                  "load_y": 0.0,
                  "temperature_delta": 0.3811117193211544,
                  "x": 0.0,
                  "y": 0.0
                },
                {
                  "fix_x": false,
                  "fix_y": false,
                  "id": "n1",
                  "load_x": 0.0,
                  "load_y": 0.0,
                  "temperature_delta": 0.38102566151212613,
                  "x": 0.03,
                  "y": 0.0
                },
                {
                  "fix_x": false,
                  "fix_y": false,
                  "id": "n2",
                  "load_x": 0.0,
                  "load_y": 0.0,
                  "temperature_delta": 0.0007684784155372881,
                  "x": 0.06,
                  "y": 0.0
                },
                {
                  "fix_x": false,
                  "fix_y": false,
                  "id": "n3",
                  "load_x": 0.0,
                  "load_y": 0.0,
                  "temperature_delta": 0.0,
                  "x": 0.09,
                  "y": 0.0
                },
                {
                  "fix_x": true,
                  "fix_y": true,
                  "id": "n4",
                  "load_x": 0.0,
                  "load_y": 0.0,
                  "temperature_delta": 0.3811117193211544,
                  "x": 0.0,
                  "y": 0.03
                },
                {
                  "fix_x": false,
                  "fix_y": false,
                  "id": "n5",
                  "load_x": 0.0,
                  "load_y": 0.0,
                  "temperature_delta": 0.38102566151211903,
                  "x": 0.03,
                  "y": 0.03
                },
                {
                  "fix_x": false,
                  "fix_y": false,
                  "id": "n6",
                  "load_x": 0.0,
                  "load_y": 0.0,
                  "temperature_delta": 0.0007684784155301827,
                  "x": 0.06,
                  "y": 0.03
                },
                {
                  "fix_x": false,
                  "fix_y": false,
                  "id": "n7",
                  "load_x": 0.0,
                  "load_y": 0.0,
                  "temperature_delta": 0.0,
                  "x": 0.09,
                  "y": 0.03
                }
              ]
            },
            "max_displacement": 5.103544059013138e-7,
            "max_strain_energy_density": 0.767936532341299,
            "max_stress": 226666.42375249008,
            "max_temperature_delta": 0.3811117193211544,
            "nodes": [
              {
                "displacement_magnitude": 0.0,
                "id": "n0",
                "index": 0,
                "temperature_delta": 0.3811117193211544,
                "ux": 0.0,
                "uy": 0.0,
                "x": 0.0,
                "y": 0.0
              },
              {
                "displacement_magnitude": 2.518411247007373e-7,
                "id": "n1",
                "index": 1,
                "temperature_delta": 0.38102566151212613,
                "ux": 2.141416408558973e-7,
                "uy": -1.3254172830499924e-7,
                "x": 0.03,
                "y": 0.0
              },
              {
                "displacement_magnitude": 5.103544059013138e-7,
                "id": "n2",
                "index": 2,
                "temperature_delta": 0.0007684784155372881,
                "ux": 5.103289907917303e-7,
                "uy": -5.093209241430598e-9,
                "x": 0.06,
                "y": 0.0
              },
              {
                "displacement_magnitude": 5.094440147525122e-7,
                "id": "n3",
                "index": 3,
                "temperature_delta": 0.0,
                "ux": 5.094413311129734e-7,
                "uy": 1.6535782411478351e-9,
                "x": 0.09,
                "y": 0.0
              },
              {
                "displacement_magnitude": 0.0,
                "id": "n4",
                "index": 4,
                "temperature_delta": 0.3811117193211544,
                "ux": 0.0,
                "uy": 0.0,
                "x": 0.0,
                "y": 0.03
              },
              {
                "displacement_magnitude": 2.5184112470073666e-7,
                "id": "n5",
                "index": 5,
                "temperature_delta": 0.38102566151211903,
                "ux": 2.141416408558956e-7,
                "uy": 1.325417283050007e-7,
                "x": 0.03,
                "y": 0.03
              },
              {
                "displacement_magnitude": 5.103544059013028e-7,
                "id": "n6",
                "index": 6,
                "temperature_delta": 0.0007684784155301827,
                "ux": 5.103289907917192e-7,
                "uy": 5.09320924144567e-9,
                "x": 0.06,
                "y": 0.03
              },
              {
                "displacement_magnitude": 5.094440147524992e-7,
                "id": "n7",
                "index": 7,
                "temperature_delta": 0.0,
                "ux": 5.094413311129607e-7,
                "uy": -1.6535782411088439e-9,
                "x": 0.09,
                "y": 0.03
              }
            ],
            "total_strain_energy": 7.603035666703771e-7
          },
          "thermal_constraint_regularized_mesh_convergence": {
            "algebraic_validation": {
              "max_relative_residual": null,
              "method": "original_system_recomputed_l2_residual_over_max_rhs_l2_or_one",
              "qualification_effect": "algebraic_gate_does_not_override_discretization_gates",
              "relative_residual_tolerance": 1e-10,
              "required_series": [
                "uniform_full_edge_clamp",
                "uniform_regularized_restraint",
                "interface_graded_full_edge_clamp"
              ],
              "schema_version": "kyuubiki.composite-thermal-algebraic-validation/v1",
              "series": [],
              "status": "missing"
            },
            "convergence_tolerance": 0.02,
            "diagnostic_metrics": [
              "max_von_mises_stress_pa"
            ],
            "finest_pair_displacement_relative_change": 0.0016637453261980097,
            "finest_pair_peak_stress_relative_change": 0.3090662909137955,
            "finest_pair_strain_energy_relative_change": 0.22720370794059797,
            "method": "structured_quad_h_refinement_preserving_piecewise_linear_temperature_roller_edge_with_vertical_anchor",
            "pass_metrics": [
              "max_displacement_m",
              "total_strain_energy_j"
            ],
            "refinement_levels": [
              1,
              2,
              4,
              8
            ],
            "regime_assessment": {
              "diagnosis": "pass_metrics_lack_qualified_discretization_uncertainty",
              "gci_safety_factor": 1.25,
              "method": "four_level_constant_ratio_observed_order_and_fine_grid_gci",
              "metrics": [
                {
                  "coarse_triplet_observed_order": 0.5456902813007856,
                  "fine_grid_gci": null,
                  "fine_triplet_observed_order": 4.09621507896436,
                  "metric": "max_displacement_m",
                  "observed_order_relative_difference": 0.8667818288880593,
                  "qualification_role": "pass_metric",
                  "regime": "oscillatory",
                  "richardson_extrapolated_value": null,
                  "unit": "m"
                },
                {
                  "coarse_triplet_observed_order": 1.690829784573787,
                  "fine_grid_gci": 0.16744852533905644,
                  "fine_triplet_observed_order": 1.6756893772649912,
                  "metric": "total_strain_energy_j",
                  "observed_order_relative_difference": 0.008954424299198294,
                  "qualification_role": "pass_metric",
                  "regime": "asymptotic_converging",
                  "richardson_extrapolated_value": 1.4221149383474376e-8,
                  "unit": "J"
                },
                {
                  "coarse_triplet_observed_order": -3.9097627787946982,
                  "fine_grid_gci": null,
                  "fine_triplet_observed_order": -0.6810819183250199,
                  "metric": "max_von_mises_stress_pa",
                  "observed_order_relative_difference": 0.8257996822674281,
                  "qualification_role": "diagnostic_metric",
                  "regime": "monotonic_diverging",
                  "richardson_extrapolated_value": null,
                  "unit": "Pa"
                }
              ],
              "order_consistency_tolerance": 0.25,
              "qualification_effect": "gci_gates_require_asymptotic_pass_metric_evidence",
              "qualification_tolerance": 0.02,
              "refinement_ratio": 2.0,
              "schema_version": "kyuubiki.composite-thermal-convergence-regime/v1",
              "status": "fail"
            },
            "samples": [
              {
                "displacement_relative_change": null,
                "element_count": 3,
                "elements_per_original_element": 1,
                "max_displacement_m": 5.097407377871142e-7,
                "max_von_mises_stress_pa": 12531.148589134444,
                "node_count": 8,
                "peak_stress_relative_change": null,
                "strain_energy_relative_change": null,
                "total_strain_energy_j": 8.646518195768308e-8
              },
              {
                "displacement_relative_change": 0.04106851139558451,
                "element_count": 12,
                "elements_per_original_element": 2,
                "max_displacement_m": 4.888064444885104e-7,
                "max_von_mises_stress_pa": 12862.28766834372,
                "node_count": 21,
                "peak_stress_relative_change": 0.025744959819571204,
                "strain_energy_relative_change": 0.5758754034486048,
                "total_strain_energy_j": 3.667201041354531e-8
              },
              {
                "displacement_relative_change": 0.02850319953515148,
                "element_count": 48,
                "elements_per_original_element": 4,
                "max_displacement_m": 5.03147765648454e-7,
                "max_von_mises_stress_pa": 17839.272408525925,
                "node_count": 65,
                "peak_stress_relative_change": 0.2789903436758752,
                "strain_energy_relative_change": 0.4205760978610079,
                "total_strain_energy_j": 2.1248639373098175e-8
              },
              {
                "displacement_relative_change": 0.0016637453261980097,
                "element_count": 192,
                "elements_per_original_element": 8,
                "max_displacement_m": 5.039862704503837e-7,
                "max_von_mises_stress_pa": 25819.07956425991,
                "node_count": 225,
                "peak_stress_relative_change": 0.3090662909137955,
                "strain_energy_relative_change": 0.22720370794059797,
                "total_strain_energy_j": 1.6420869718837687e-8
              }
            ],
            "schema_version": "kyuubiki.composite-thermal-mesh-convergence/v1",
            "status": "fail"
          },
          "thermal_constraint_sensitivity": {
            "alternative_restraint": "roller_edge_with_vertical_anchor",
            "alternative_status": "fail",
            "diagnosis": "mixed_restraint_sensitivity_and_persistent_energy_nonconvergence",
            "displacement_change_ratio_alternative_to_primary": 0.42320420883800497,
            "peak_stress_change_ratio_alternative_to_primary": 1.1902716408789713,
            "primary_restraint": "full_edge_clamp",
            "primary_status": "fail",
            "qualification_effect": "diagnostic_only_does_not_override_primary_quality_gates",
            "schema_version": "kyuubiki.composite-thermal-constraint-sensitivity/v1",
            "strain_energy_change_ratio_alternative_to_primary": 1.7227520608376308
          },
          "thermal_expansion_projection": {
            "coverage_fraction": 1.0,
            "declared_region_count": 3,
            "max_relative_change": 0.00015271765597097152,
            "model": "regional_linear_temperature_dependent_thermal_expansion",
            "parameter_source": "screening_sensitivity_not_material_card",
            "schema_version": "kyuubiki.composite-thermal-expansion-projection/v1",
            "status": "pass",
            "updated_region_count": 3,
            "updates": [
              {
                "adjusted_thermal_expansion_1_k": 0.00001700129563354742,
                "element_id": "conductor_left",
                "mean_temperature_c": 35.38106869041664,
                "reference_thermal_expansion_1_k": 0.000017,
                "relative_change": 0.00007621373808350815
              },
              {
                "adjusted_thermal_expansion_1_k": 0.000045006872294518697,
                "element_id": "dielectric_core",
                "mean_temperature_c": 35.19089706996383,
                "reference_thermal_expansion_1_k": 0.000045,
                "relative_change": 0.00015271765597097152
              },
              {
                "adjusted_thermal_expansion_1_k": 0.000014000001613804672,
                "element_id": "substrate_right",
                "mean_temperature_c": 35.00038423920777,
                "reference_thermal_expansion_1_k": 0.000014,
                "relative_change": 1.1527176233182857e-7
              }
            ]
          },
          "thermal_interface_grading_assessment": {
            "diagnosis": "graded_mesh_did_not_resolve_nonconvergence",
            "displacement_change_ratio_graded_to_uniform": 1.1544444236625475,
            "graded_mesh_convergence": {
              "algebraic_validation": {
                "max_relative_residual": null,
                "method": "original_system_recomputed_l2_residual_over_max_rhs_l2_or_one",
                "qualification_effect": "algebraic_gate_does_not_override_discretization_gates",
                "relative_residual_tolerance": 1e-10,
                "required_series": [
                  "uniform_full_edge_clamp",
                  "uniform_regularized_restraint",
                  "interface_graded_full_edge_clamp"
                ],
                "schema_version": "kyuubiki.composite-thermal-algebraic-validation/v1",
                "series": [],
                "status": "missing"
              },
              "convergence_tolerance": 0.02,
              "diagnostic_metrics": [
                "max_von_mises_stress_pa"
              ],
              "finest_pair_displacement_relative_change": 0.004538474509735154,
              "finest_pair_peak_stress_relative_change": 0.4148847284060216,
              "finest_pair_strain_energy_relative_change": 0.11933415817029216,
              "method": "cosine_graded_quad_h_refinement_at_clamp_interfaces_and_free_edges",
              "pass_metrics": [
                "max_displacement_m",
                "total_strain_energy_j"
              ],
              "refinement_levels": [
                1,
                2,
                4,
                8
              ],
              "regime_assessment": {
                "diagnosis": "pass_metrics_lack_qualified_discretization_uncertainty",
                "gci_safety_factor": 1.25,
                "method": "four_level_constant_ratio_observed_order_and_fine_grid_gci",
                "metrics": [
                  {
                    "coarse_triplet_observed_order": 2.033372861746541,
                    "fine_grid_gci": null,
                    "fine_triplet_observed_order": 1.0494661485878027,
                    "metric": "max_displacement_m",
                    "observed_order_relative_difference": 0.4838791407462887,
                    "qualification_role": "pass_metric",
                    "regime": "oscillatory",
                    "richardson_extrapolated_value": null,
                    "unit": "m"
                  },
                  {
                    "coarse_triplet_observed_order": 0.8547197048081535,
                    "fine_grid_gci": null,
                    "fine_triplet_observed_order": 1.7730278811905535,
                    "metric": "total_strain_energy_j",
                    "observed_order_relative_difference": 0.5179321691014661,
                    "qualification_role": "pass_metric",
                    "regime": "monotonic_pre_asymptotic",
                    "richardson_extrapolated_value": null,
                    "unit": "J"
                  },
                  {
                    "coarse_triplet_observed_order": -1.0595317815217824,
                    "fine_grid_gci": null,
                    "fine_triplet_observed_order": -0.5966255800620409,
                    "metric": "max_von_mises_stress_pa",
                    "observed_order_relative_difference": 0.4368969478148918,
                    "qualification_role": "diagnostic_metric",
                    "regime": "monotonic_diverging",
                    "richardson_extrapolated_value": null,
                    "unit": "Pa"
                  }
                ],
                "order_consistency_tolerance": 0.25,
                "qualification_effect": "gci_gates_require_asymptotic_pass_metric_evidence",
                "qualification_tolerance": 0.02,
                "refinement_ratio": 2.0,
                "schema_version": "kyuubiki.composite-thermal-convergence-regime/v1",
                "status": "fail"
              },
              "samples": [
                {
                  "displacement_relative_change": null,
                  "element_count": 3,
                  "elements_per_original_element": 1,
                  "max_displacement_m": 5.103544059013138e-7,
                  "max_von_mises_stress_pa": 226666.42375249008,
                  "node_count": 8,
                  "peak_stress_relative_change": null,
                  "strain_energy_relative_change": null,
                  "total_strain_energy_j": 7.603035666703771e-7
                },
                {
                  "displacement_relative_change": 0.03736768626529015,
                  "element_count": 12,
                  "elements_per_original_element": 2,
                  "max_displacement_m": 4.91283642577485e-7,
                  "max_von_mises_stress_pa": 393247.5962472021,
                  "node_count": 21,
                  "peak_stress_relative_change": 0.42360379080358385,
                  "strain_energy_relative_change": 0.3437843696475598,
                  "total_strain_energy_j": 4.9892308426181e-7
                },
                {
                  "displacement_relative_change": 0.009393570317926906,
                  "element_count": 48,
                  "elements_per_original_element": 4,
                  "max_displacement_m": 4.959423115547093e-7,
                  "max_von_mises_stress_pa": 740445.2343925386,
                  "node_count": 65,
                  "peak_stress_relative_change": 0.4689038729922781,
                  "strain_energy_relative_change": 0.28969652632196524,
                  "total_strain_energy_j": 3.543867998493225e-7
                },
                {
                  "displacement_relative_change": 0.004538474509735154,
                  "element_count": 192,
                  "elements_per_original_element": 8,
                  "max_displacement_m": 4.936914900154192e-7,
                  "max_von_mises_stress_pa": 1265468.9944690869,
                  "node_count": 225,
                  "peak_stress_relative_change": 0.4148847284060216,
                  "strain_energy_relative_change": 0.11933415817029216,
                  "total_strain_energy_j": 3.120963494226398e-7
                }
              ],
              "schema_version": "kyuubiki.composite-thermal-mesh-convergence/v1",
              "status": "fail"
            },
            "graded_stress_recovery": {
              "convergence_tolerance": 0.02,
              "diagnostic_metrics": [
                "max_stress_pa",
                "max_to_p95_ratio"
              ],
              "finest_pair_max_relative_change": 0.4148847284060216,
              "finest_pair_p95_relative_change": 0.340525539477565,
              "finest_pair_rms_relative_change": 0.009227074445051836,
              "method": "interface_graded_mesh_element_area_weighted_von_mises_p95_and_rms",
              "pass_metrics": [
                "area_weighted_rms_stress_pa",
                "area_weighted_p95_stress_pa"
              ],
              "refinement_levels": [
                1,
                2,
                4,
                8
              ],
              "samples": [
                {
                  "element_count": 3,
                  "elements_per_original_element": 1,
                  "max_relative_change": null,
                  "p95_relative_change": null,
                  "rms_relative_change": null,
                  "statistics": {
                    "area_weighted_mean_stress_pa": 79693.3653746765,
                    "area_weighted_p95_stress_pa": 226666.42375249008,
                    "area_weighted_rms_stress_pa": 131000.81379827144,
                    "max_stress_pa": 226666.42375249008,
                    "max_to_p95_ratio": 1.0
                  }
                },
                {
                  "element_count": 12,
                  "elements_per_original_element": 2,
                  "max_relative_change": 0.42360379080358385,
                  "p95_relative_change": 0.42360379080358385,
                  "rms_relative_change": 0.1965219263436972,
                  "statistics": {
                    "area_weighted_mean_stress_pa": 80637.378667429,
                    "area_weighted_p95_stress_pa": 393247.5962472021,
                    "area_weighted_rms_stress_pa": 163042.17637469544,
                    "max_stress_pa": 393247.5962472021,
                    "max_to_p95_ratio": 1.0
                  }
                },
                {
                  "element_count": 48,
                  "elements_per_original_element": 4,
                  "max_relative_change": 0.4689038729922781,
                  "p95_relative_change": 0.5157265645920031,
                  "rms_relative_change": 0.04087348261134088,
                  "statistics": {
                    "area_weighted_mean_stress_pa": 61126.01486406136,
                    "area_weighted_p95_stress_pa": 190439.3644005695,
                    "area_weighted_rms_stress_pa": 156378.07481372915,
                    "max_stress_pa": 740445.2343925386,
                    "max_to_p95_ratio": 3.8880891916604416
                  }
                },
                {
                  "element_count": 192,
                  "elements_per_original_element": 8,
                  "max_relative_change": 0.4148847284060216,
                  "p95_relative_change": 0.340525539477565,
                  "rms_relative_change": 0.009227074445051836,
                  "statistics": {
                    "area_weighted_mean_stress_pa": 57029.5381338104,
                    "area_weighted_p95_stress_pa": 288774.43449395086,
                    "area_weighted_rms_stress_pa": 154935.162675849,
                    "max_stress_pa": 1265468.9944690869,
                    "max_to_p95_ratio": 4.382205774852259
                  }
                }
              ],
              "schema_version": "kyuubiki.composite-thermal-stress-recovery/v1",
              "status": "fail"
            },
            "max_change_ratio_graded_to_uniform": 1.597798080778725,
            "p95_change_ratio_graded_to_uniform": 1.1439923857701206,
            "qualification_effect": "diagnostic_only_does_not_override_uniform_mesh_gates",
            "rms_change_ratio_graded_to_uniform": 0.5714088307433193,
            "schema_version": "kyuubiki.composite-thermal-interface-grading-assessment/v1",
            "strain_energy_change_ratio_graded_to_uniform": 0.9048407210411548
          },
          "thermal_mesh_convergence": {
            "algebraic_validation": {
              "max_relative_residual": 1.7736831422141967e-14,
              "method": "original_system_recomputed_l2_residual_over_max_rhs_l2_or_one",
              "qualification_effect": "algebraic_gate_does_not_override_discretization_gates",
              "relative_residual_tolerance": 1e-10,
              "required_series": [
                "uniform_full_edge_clamp",
                "uniform_regularized_restraint",
                "interface_graded_full_edge_clamp"
              ],
              "schema_version": "kyuubiki.composite-thermal-algebraic-validation/v1",
              "series": [
                {
                  "label": "uniform_full_edge_clamp",
                  "max_relative_residual": 8.993991065778505e-15,
                  "samples": [
                    {
                      "element_count": 3,
                      "elements_per_original_element": 1,
                      "matrix_non_zero_count": 112,
                      "node_count": 8,
                      "relative_residual": 1.4891144631376264e-16,
                      "residual_norm": 4.709595869663627e-15,
                      "rhs_norm": 31.626822425324587,
                      "solver_iterations": 0
                    },
                    {
                      "element_count": 12,
                      "elements_per_original_element": 2,
                      "matrix_non_zero_count": 440,
                      "node_count": 21,
                      "relative_residual": 5.006892878106671e-16,
                      "residual_norm": 1.5588378055607365e-14,
                      "rhs_norm": 31.133835764231534,
                      "solver_iterations": 0
                    },
                    {
                      "element_count": 48,
                      "elements_per_original_element": 4,
                      "matrix_non_zero_count": 1746,
                      "node_count": 65,
                      "relative_residual": 2.4252860221268226e-15,
                      "residual_norm": 5.939020930789864e-14,
                      "rhs_norm": 24.48791967877553,
                      "solver_iterations": 0
                    },
                    {
                      "element_count": 192,
                      "elements_per_original_element": 8,
                      "matrix_non_zero_count": 6925,
                      "node_count": 225,
                      "relative_residual": 8.993991065778505e-15,
                      "residual_norm": 1.629590018162904e-13,
                      "rhs_norm": 18.11865284549123,
                      "solver_iterations": 0
                    }
                  ],
                  "solver_path": "dense_direct",
                  "status": "pass"
                },
                {
                  "label": "uniform_regularized_restraint",
                  "max_relative_residual": 1.1670976760817244e-14,
                  "samples": [
                    {
                      "element_count": 3,
                      "elements_per_original_element": 1,
                      "matrix_non_zero_count": 121,
                      "node_count": 8,
                      "relative_residual": 2.2147357297401555e-16,
                      "residual_norm": 7.822131029917546e-15,
                      "rhs_norm": 35.31857514591721,
                      "solver_iterations": 0
                    },
                    {
                      "element_count": 12,
                      "elements_per_original_element": 2,
                      "matrix_non_zero_count": 463,
                      "node_count": 21,
                      "relative_residual": 4.671429309734832e-16,
                      "residual_norm": 1.5000357720685322e-14,
                      "rhs_norm": 32.1108524310235,
                      "solver_iterations": 0
                    },
                    {
                      "element_count": 48,
                      "elements_per_original_element": 4,
                      "matrix_non_zero_count": 1798,
                      "node_count": 65,
                      "relative_residual": 3.0807855625156464e-15,
                      "residual_norm": 7.640761668782674e-14,
                      "rhs_norm": 24.80134210491279,
                      "solver_iterations": 0
                    },
                    {
                      "element_count": 192,
                      "elements_per_original_element": 8,
                      "matrix_non_zero_count": 7030,
                      "node_count": 225,
                      "relative_residual": 1.1670976760817244e-14,
                      "residual_norm": 2.127026288688056e-13,
                      "rhs_norm": 18.22492094945371,
                      "solver_iterations": 0
                    }
                  ],
                  "solver_path": "dense_direct",
                  "status": "pass"
                },
                {
                  "label": "interface_graded_full_edge_clamp",
                  "max_relative_residual": 1.7736831422141967e-14,
                  "samples": [
                    {
                      "element_count": 3,
                      "elements_per_original_element": 1,
                      "matrix_non_zero_count": 112,
                      "node_count": 8,
                      "relative_residual": 1.4891144631376264e-16,
                      "residual_norm": 4.709595869663627e-15,
                      "rhs_norm": 31.626822425324587,
                      "solver_iterations": 0
                    },
                    {
                      "element_count": 12,
                      "elements_per_original_element": 2,
                      "matrix_non_zero_count": 444,
                      "node_count": 21,
                      "relative_residual": 6.531728679150494e-16,
                      "residual_norm": 2.0335776795319245e-14,
                      "rhs_norm": 31.133835764231534,
                      "solver_iterations": 0
                    },
                    {
                      "element_count": 48,
                      "elements_per_original_element": 4,
                      "matrix_non_zero_count": 1749,
                      "node_count": 65,
                      "relative_residual": 3.5890033368084636e-15,
                      "residual_norm": 9.74067174352628e-14,
                      "rhs_norm": 27.14032512488053,
                      "solver_iterations": 0
                    },
                    {
                      "element_count": 192,
                      "elements_per_original_element": 8,
                      "matrix_non_zero_count": 6951,
                      "node_count": 225,
                      "relative_residual": 1.7736831422141967e-14,
                      "residual_norm": 3.6328702569388625e-13,
                      "rhs_norm": 20.482070165044977,
                      "solver_iterations": 0
                    }
                  ],
                  "solver_path": "dense_direct",
                  "status": "pass"
                }
              ],
              "status": "pass"
            },
            "convergence_tolerance": 0.02,
            "diagnostic_metrics": [
              "max_von_mises_stress_pa"
            ],
            "finest_pair_displacement_relative_change": 0.003931306190848545,
            "finest_pair_peak_stress_relative_change": 0.25966029963173914,
            "finest_pair_strain_energy_relative_change": 0.1318841597148505,
            "method": "structured_quad_h_refinement_preserving_piecewise_linear_temperature_full_edge_clamp",
            "pass_metrics": [
              "max_displacement_m",
              "total_strain_energy_j"
            ],
            "refinement_levels": [
              1,
              2,
              4,
              8
            ],
            "regime_assessment": {
              "diagnosis": "pass_metrics_lack_qualified_discretization_uncertainty",
              "gci_safety_factor": 1.25,
              "method": "four_level_constant_ratio_observed_order_and_fine_grid_gci",
              "metrics": [
                {
                  "coarse_triplet_observed_order": 10.170219847188513,
                  "fine_grid_gci": null,
                  "fine_triplet_observed_order": -6.872200254592883,
                  "metric": "max_displacement_m",
                  "observed_order_relative_difference": 1.675717964591754,
                  "qualification_role": "pass_metric",
                  "regime": "oscillatory",
                  "richardson_extrapolated_value": null,
                  "unit": "m"
                },
                {
                  "coarse_triplet_observed_order": 1.082846896932247,
                  "fine_grid_gci": 0.12731666857827262,
                  "fine_triplet_observed_order": 1.3170472772234996,
                  "metric": "total_strain_energy_j",
                  "observed_order_relative_difference": 0.17782230322435832,
                  "qualification_role": "pass_metric",
                  "regime": "asymptotic_converging",
                  "richardson_extrapolated_value": 2.927961272676914e-7,
                  "unit": "J"
                },
                {
                  "coarse_triplet_observed_order": 0.0404350511023257,
                  "fine_grid_gci": null,
                  "fine_triplet_observed_order": -0.265719624699464,
                  "metric": "max_von_mises_stress_pa",
                  "observed_order_relative_difference": 1.1521718659209264,
                  "qualification_role": "diagnostic_metric",
                  "regime": "monotonic_diverging",
                  "richardson_extrapolated_value": null,
                  "unit": "Pa"
                }
              ],
              "order_consistency_tolerance": 0.25,
              "qualification_effect": "gci_gates_require_asymptotic_pass_metric_evidence",
              "qualification_tolerance": 0.02,
              "refinement_ratio": 2.0,
              "schema_version": "kyuubiki.composite-thermal-convergence-regime/v1",
              "status": "fail"
            },
            "samples": [
              {
                "displacement_relative_change": null,
                "element_count": 3,
                "elements_per_original_element": 1,
                "max_displacement_m": 5.103544059013138e-7,
                "max_von_mises_stress_pa": 226666.42375249008,
                "node_count": 8,
                "peak_stress_relative_change": null,
                "strain_energy_relative_change": null,
                "total_strain_energy_j": 7.603035666703771e-7
              },
              {
                "displacement_relative_change": 0.03736768626531463,
                "element_count": 12,
                "elements_per_original_element": 2,
                "max_displacement_m": 4.912836425774725e-7,
                "max_von_mises_stress_pa": 393247.596247202,
                "node_count": 21,
                "peak_stress_relative_change": 0.4236037908035838,
                "strain_energy_relative_change": 0.34378436964756,
                "total_strain_energy_j": 4.989230842618099e-7
              },
              {
                "displacement_relative_change": 0.000033689497672911415,
                "element_count": 48,
                "elements_per_original_element": 4,
                "max_displacement_m": 4.912670914783391e-7,
                "max_von_mises_stress_pa": 555224.7455251304,
                "node_count": 65,
                "peak_stress_relative_change": 0.291732583216785,
                "strain_energy_relative_change": 0.2473262200226249,
                "total_strain_energy_j": 3.755263237493069e-7
              },
              {
                "displacement_relative_change": 0.003931306190848545,
                "element_count": 192,
                "elements_per_original_element": 8,
                "max_displacement_m": 4.932060354187447e-7,
                "max_von_mises_stress_pa": 749959.4378755451,
                "node_count": 225,
                "peak_stress_relative_change": 0.25966029963173914,
                "strain_energy_relative_change": 0.1318841597148505,
                "total_strain_energy_j": 3.2600035009082266e-7
              }
            ],
            "schema_version": "kyuubiki.composite-thermal-mesh-convergence/v1",
            "status": "fail"
          },
          "thermal_stress_recovery": {
            "convergence_tolerance": 0.02,
            "diagnostic_metrics": [
              "max_stress_pa",
              "max_to_p95_ratio"
            ],
            "finest_pair_max_relative_change": 0.25966029963173914,
            "finest_pair_p95_relative_change": 0.29766416604978335,
            "finest_pair_rms_relative_change": 0.016147938128727838,
            "method": "uniform_mesh_element_area_weighted_von_mises_p95_and_rms",
            "pass_metrics": [
              "area_weighted_rms_stress_pa",
              "area_weighted_p95_stress_pa"
            ],
            "refinement_levels": [
              1,
              2,
              4,
              8
            ],
            "samples": [
              {
                "element_count": 3,
                "elements_per_original_element": 1,
                "max_relative_change": null,
                "p95_relative_change": null,
                "rms_relative_change": null,
                "statistics": {
                  "area_weighted_mean_stress_pa": 79693.3653746765,
                  "area_weighted_p95_stress_pa": 226666.42375249008,
                  "area_weighted_rms_stress_pa": 131000.81379827144,
                  "max_stress_pa": 226666.42375249008,
                  "max_to_p95_ratio": 1.0
                }
              },
              {
                "element_count": 12,
                "elements_per_original_element": 2,
                "max_relative_change": 0.4236037908035838,
                "p95_relative_change": 0.4236037908035838,
                "rms_relative_change": 0.19652192634369692,
                "statistics": {
                  "area_weighted_mean_stress_pa": 80637.37866742905,
                  "area_weighted_p95_stress_pa": 393247.596247202,
                  "area_weighted_rms_stress_pa": 163042.17637469538,
                  "max_stress_pa": 393247.596247202,
                  "max_to_p95_ratio": 1.0
                }
              },
              {
                "element_count": 48,
                "elements_per_original_element": 4,
                "max_relative_change": 0.291732583216785,
                "p95_relative_change": 0.2452198965663193,
                "rms_relative_change": 0.021382990023915215,
                "statistics": {
                  "area_weighted_mean_stress_pa": 63663.00097480287,
                  "area_weighted_p95_stress_pa": 521009.4893310274,
                  "area_weighted_rms_stress_pa": 159555.84714379784,
                  "max_stress_pa": 555224.7455251304,
                  "max_to_p95_ratio": 1.0656710806515928
                }
              },
              {
                "element_count": 192,
                "elements_per_original_element": 8,
                "max_relative_change": 0.25966029963173914,
                "p95_relative_change": 0.29766416604978335,
                "rms_relative_change": 0.016147938128727838,
                "statistics": {
                  "area_weighted_mean_stress_pa": 58434.56076254614,
                  "area_weighted_p95_stress_pa": 365923.6341852836,
                  "area_weighted_rms_stress_pa": 156979.34919604304,
                  "max_stress_pa": 749959.4378755451,
                  "max_to_p95_ratio": 2.0494971294907036
                }
              }
            ],
            "schema_version": "kyuubiki.composite-thermal-stress-recovery/v1",
            "status": "fail"
          }
        },
        "status": "completed"
      },
      "requires_confirmation": false
    }
  ]
}
