{
  "schema_version": "kyuubiki.headless-execution-run/v1",
  "workflow_id": "template.material_composite_thermo_electric_panel_screening",
  "mode": "execute:service",
  "status": "ok",
  "executed_step_count": 9,
  "warning_count": 0,
  "blocked_by_confirmation": null,
  "validation": {
    "ok": true,
    "issue_count": 0,
    "issues": [],
    "warning_count": 0,
    "warnings": [],
    "summary": {
      "schema_version": "kyuubiki.headless-execution-batch/v1",
      "workflow_id": "template.material_composite_thermo_electric_panel_screening",
      "template_id": "material_composite_thermo_electric_panel_screening",
      "exported_at": "1970-01-01T00:00:00.000Z",
      "language": "en",
      "step_count": 9,
      "warning_count": 0,
      "actions": [
        "solve_composite_thermo_electric_panel",
        "job_wait",
        "result_fetch",
        "solve_composite_thermo_electric_panel",
        "job_wait",
        "result_fetch",
        "solve_composite_thermo_electric_panel",
        "job_wait",
        "result_fetch"
      ]
    },
    "policy": {
      "required_engines": [
        "service"
      ],
      "engine_counts": {
        "service": 9,
        "browser": 0
      },
      "risk_counts": {
        "normal": 9,
        "destructive": 0,
        "sensitive": 0
      },
      "recommended_runtime": "service_only",
      "needs_desktop_browser": false,
      "safe_for_service_only": true,
      "notes": []
    }
  },
  "execution_summary": {
    "schema_version": "kyuubiki.headless-execution-summary/v1",
    "job_count": 3,
    "job_ids": [
      "4bb3fb3ae4cd4df6",
      "bb7c25cf1b8f8709",
      "4180bb5c5b2893ad"
    ],
    "jobs": [
      {
        "job_id": "4bb3fb3ae4cd4df6",
        "status": "completed",
        "worker_id": "rust-agent-rpc@127.0.0.1:5001",
        "phase": "execution",
        "created_at": "2026-08-13T10:46:20.852924Z",
        "execution_started_at": "2026-08-13T10:46:20.855844Z",
        "updated_at": "2026-08-13T10:46:29.928676Z",
        "queue_wait_ms": 2,
        "execution_elapsed_ms": 9072,
        "total_elapsed_ms": 9075,
        "effective_timeout_ms": 120000,
        "effective_deadline": "2026-08-13T10:48:20.855844Z"
      },
      {
        "job_id": "bb7c25cf1b8f8709",
        "status": "completed",
        "worker_id": "rust-agent-rpc@127.0.0.1:5002",
        "phase": "execution",
        "created_at": "2026-08-13T10:46:29.995578Z",
        "execution_started_at": "2026-08-13T10:46:29.999442Z",
        "updated_at": "2026-08-13T10:46:39.064434Z",
        "queue_wait_ms": 3,
        "execution_elapsed_ms": 9064,
        "total_elapsed_ms": 9068,
        "effective_timeout_ms": 120000,
        "effective_deadline": "2026-08-13T10:48:29.999442Z"
      },
      {
        "job_id": "4180bb5c5b2893ad",
        "status": "completed",
        "worker_id": "rust-agent-rpc@127.0.0.1:5001",
        "phase": "execution",
        "created_at": "2026-08-13T10:46:39.138385Z",
        "execution_started_at": "2026-08-13T10:46:39.146159Z",
        "updated_at": "2026-08-13T10:46:48.270040Z",
        "queue_wait_ms": 7,
        "execution_elapsed_ms": 9123,
        "total_elapsed_ms": 9131,
        "effective_timeout_ms": 120000,
        "effective_deadline": "2026-08-13T10:48:39.146159Z"
      }
    ],
    "failure": null
  },
  "steps": [
    {
      "index": 1,
      "action": "solve_composite_thermo_electric_panel",
      "risk": "normal",
      "status": "executed",
      "payload": {
        "electric_conduction_feedback": {
          "parameter_source": "screening_reference_not_material_card",
          "regions": [
            {
              "element_id": "conductor_left",
              "reference_resistivity_ohm_m": 1.68e-8,
              "reference_temperature_c": 35.0,
              "resistivity_temperature_coefficient_1_k": 0.00393
            }
          ]
        },
        "electric_conduction_model": {
          "contact_interfaces": [],
          "elements": [
            {
              "electrical_conductivity_s_m": 59523809.523809515,
              "id": "conductor_left",
              "node_i": 0,
              "node_j": 1,
              "node_k": 2,
              "node_l": 3,
              "thickness": 0.001
            }
          ],
          "nodes": [
            {
              "current_source_a": 0.0,
              "electric_potential_v": 0.0,
              "fix_electric_potential": true,
              "id": "n0",
              "x": 0.0,
              "y": 0.0
            },
            {
              "current_source_a": 0.0,
              "electric_potential_v": 0.000033600000000000004,
              "fix_electric_potential": true,
              "id": "n1",
              "x": 0.03,
              "y": 0.0
            },
            {
              "current_source_a": 0.0,
              "electric_potential_v": 0.000033600000000000004,
              "fix_electric_potential": true,
              "id": "n5",
              "x": 0.03,
              "y": 0.03
            },
            {
              "current_source_a": 0.0,
              "electric_potential_v": 0.0,
              "fix_electric_potential": true,
              "id": "n4",
              "x": 0.0,
              "y": 0.03
            }
          ],
          "terminals": []
        },
        "electrostatic_model": {
          "elements": [
            {
              "id": "conductor_left",
              "node_i": 0,
              "node_j": 1,
              "node_k": 5,
              "node_l": 4,
              "permittivity": 1.0,
              "thickness": 0.001
            },
            {
              "id": "dielectric_core",
              "node_i": 1,
              "node_j": 2,
              "node_k": 6,
              "node_l": 5,
              "permittivity": 3.4,
              "thickness": 0.001
            },
            {
              "id": "substrate_right",
              "node_i": 2,
              "node_j": 3,
              "node_k": 7,
              "node_l": 6,
              "permittivity": 4.2,
              "thickness": 0.001
            }
          ],
          "nodes": [
            {
              "charge_density": 0.0,
              "fix_potential": true,
              "id": "n0",
              "potential": 0.0,
              "x": 0.0,
              "y": 0.0
            },
            {
              "charge_density": 0.0,
              "fix_potential": false,
              "id": "n1",
              "potential": 0.0,
              "x": 0.03,
              "y": 0.0
            },
            {
              "charge_density": 0.0,
              "fix_potential": false,
              "id": "n2",
              "potential": 0.0,
              "x": 0.06,
              "y": 0.0
            },
            {
              "charge_density": 0.0,
              "fix_potential": true,
              "id": "n3",
              "potential": 7961,
              "x": 0.09,
              "y": 0.0
            },
            {
              "charge_density": 0.0,
              "fix_potential": true,
              "id": "n4",
              "potential": 0.0,
              "x": 0.0,
              "y": 0.03
            },
            {
              "charge_density": 0.0,
              "fix_potential": false,
              "id": "n5",
              "potential": 0.0,
              "x": 0.03,
              "y": 0.03
            },
            {
              "charge_density": 0.0,
              "fix_potential": false,
              "id": "n6",
              "potential": 0.0,
              "x": 0.06,
              "y": 0.03
            },
            {
              "charge_density": 0.0,
              "fix_potential": true,
              "id": "n7",
              "potential": 7961,
              "x": 0.09,
              "y": 0.03
            }
          ]
        },
        "electrothermal_feedback": {
          "conductivity_relative_change_tolerance": 1e-9,
          "loss_relative_change_tolerance": 1e-9,
          "loss_tangent_temperature_coefficient_1_k": 0.001,
          "max_iterations": 12,
          "parameter_source": "screening_sensitivity_not_material_card",
          "relative_permittivity_temperature_coefficient_1_k": 0.0001,
          "relaxation_factor": 0.8,
          "temperature_residual_tolerance_c": 1e-7,
          "thermal_conductivity_models": [
            {
              "element_id": "conductor_left",
              "reference_temperature_c": 35.0,
              "temperature_coefficient_1_k": -0.001
            },
            {
              "element_id": "dielectric_core",
              "reference_temperature_c": 35.0,
              "temperature_coefficient_1_k": -0.002
            },
            {
              "element_id": "substrate_right",
              "reference_temperature_c": 35.0,
              "temperature_coefficient_1_k": -0.0012
            }
          ]
        },
        "electrothermal_loss": {
          "frequency_hz": 10000000.0,
          "loss_tangent": 0.008,
          "reference_temperature_c": 35.0,
          "relative_permittivity": 3.4,
          "source_element_id": "dielectric_core"
        },
        "heat_model": {
          "elements": [
            {
              "conductivity": 390.0,
              "id": "conductor_left",
              "node_i": 0,
              "node_j": 1,
              "node_k": 5,
              "node_l": 4,
              "thickness": 0.001
            },
            {
              "conductivity": 0.25,
              "id": "dielectric_core",
              "node_i": 1,
              "node_j": 2,
              "node_k": 6,
              "node_l": 5,
              "thickness": 0.001
            },
            {
              "conductivity": 160.0,
              "id": "substrate_right",
              "node_i": 2,
              "node_j": 3,
              "node_k": 7,
              "node_l": 6,
              "thickness": 0.001
            }
          ],
          "nodes": [
            {
              "fix_temperature": false,
              "heat_load": 0.0,
              "id": "n0",
              "temperature": 35.0,
              "x": 0.0,
              "y": 0.0
            },
            {
              "fix_temperature": false,
              "heat_load": 0.0,
              "id": "n1",
              "temperature": 35.0,
              "x": 0.03,
              "y": 0.0
            },
            {
              "fix_temperature": false,
              "heat_load": 0.0,
              "id": "n2",
              "temperature": 35.0,
              "x": 0.06,
              "y": 0.0
            },
            {
              "fix_temperature": true,
              "heat_load": 0.0,
              "id": "n3",
              "temperature": 35.0,
              "x": 0.09,
              "y": 0.0
            },
            {
              "fix_temperature": false,
              "heat_load": 0.0,
              "id": "n4",
              "temperature": 35.0,
              "x": 0.0,
              "y": 0.03
            },
            {
              "fix_temperature": false,
              "heat_load": 0.0,
              "id": "n5",
              "temperature": 35.0,
              "x": 0.03,
              "y": 0.03
            },
            {
              "fix_temperature": false,
              "heat_load": 0.0,
              "id": "n6",
              "temperature": 35.0,
              "x": 0.06,
              "y": 0.03
            },
            {
              "fix_temperature": true,
              "heat_load": 0.0,
              "id": "n7",
              "temperature": 35.0,
              "x": 0.09,
              "y": 0.03
            }
          ]
        },
        "research": {
          "candidate_id": "copper_polyimide_aluminum",
          "candidate_label": "Copper / Polyimide / Aluminum",
          "coupling": "iterative_dielectric_and_conductor_joule_heating_with_temperature_dependent_electrical_thermal_feedback_and_expansion_projection",
          "materials": {
            "conductor": "copper",
            "dielectric": "polyimide",
            "substrate": "aluminum_6061"
          },
          "study": "material.composite_thermo_electric_panel.v1"
        },
        "thermal_expansion_feedback": {
          "parameter_source": "screening_sensitivity_not_material_card",
          "regions": [
            {
              "element_id": "conductor_left",
              "reference_temperature_c": 35.0,
              "temperature_coefficient_1_k": 0.0002
            },
            {
              "element_id": "dielectric_core",
              "reference_temperature_c": 35.0,
              "temperature_coefficient_1_k": 0.0008
            },
            {
              "element_id": "substrate_right",
              "reference_temperature_c": 35.0,
              "temperature_coefficient_1_k": 0.0003
            }
          ]
        },
        "thermal_model": {
          "elements": [
            {
              "id": "conductor_left",
              "node_i": 0,
              "node_j": 1,
              "node_k": 5,
              "node_l": 4,
              "poisson_ratio": 0.32,
              "thermal_expansion": 0.000017,
              "thickness": 0.001,
              "youngs_modulus": 110000000000.0
            },
            {
              "id": "dielectric_core",
              "node_i": 1,
              "node_j": 2,
              "node_k": 6,
              "node_l": 5,
              "poisson_ratio": 0.32,
              "thermal_expansion": 0.000045,
              "thickness": 0.001,
              "youngs_modulus": 2500000000.0
            },
            {
              "id": "substrate_right",
              "node_i": 2,
              "node_j": 3,
              "node_k": 7,
              "node_l": 6,
              "poisson_ratio": 0.32,
              "thermal_expansion": 0.0000236,
              "thickness": 0.001,
              "youngs_modulus": 68900000000.0
            }
          ],
          "nodes": [
            {
              "fix_x": true,
              "fix_y": true,
              "id": "n0",
              "load_x": 0.0,
              "load_y": 0.0,
              "temperature_delta": 0.0,
              "x": 0.0,
              "y": 0.0
            },
            {
              "fix_x": false,
              "fix_y": false,
              "id": "n1",
              "load_x": 0.0,
              "load_y": 0.0,
              "temperature_delta": 0.0,
              "x": 0.03,
              "y": 0.0
            },
            {
              "fix_x": false,
              "fix_y": false,
              "id": "n2",
              "load_x": 0.0,
              "load_y": 0.0,
              "temperature_delta": 0.0,
              "x": 0.06,
              "y": 0.0
            },
            {
              "fix_x": false,
              "fix_y": false,
              "id": "n3",
              "load_x": 0.0,
              "load_y": 0.0,
              "temperature_delta": 0.0,
              "x": 0.09,
              "y": 0.0
            },
            {
              "fix_x": true,
              "fix_y": true,
              "id": "n4",
              "load_x": 0.0,
              "load_y": 0.0,
              "temperature_delta": 0.0,
              "x": 0.0,
              "y": 0.03
            },
            {
              "fix_x": false,
              "fix_y": false,
              "id": "n5",
              "load_x": 0.0,
              "load_y": 0.0,
              "temperature_delta": 0.0,
              "x": 0.03,
              "y": 0.03
            },
            {
              "fix_x": false,
              "fix_y": false,
              "id": "n6",
              "load_x": 0.0,
              "load_y": 0.0,
              "temperature_delta": 0.0,
              "x": 0.06,
              "y": 0.03
            },
            {
              "fix_x": false,
              "fix_y": false,
              "id": "n7",
              "load_x": 0.0,
              "load_y": 0.0,
              "temperature_delta": 0.0,
              "x": 0.09,
              "y": 0.03
            }
          ]
        }
      },
      "result_preview": {
        "job": {
          "created_at": "2026-08-13T10:46:20.852924Z",
          "execution_started_at": null,
          "execution_timeout_ms": 120000,
          "has_result": false,
          "iteration": null,
          "job_id": "4bb3fb3ae4cd4df6",
          "message": null,
          "model_version_id": null,
          "progress": 0.0,
          "project_id": "08702624c621640e",
          "queue_timeout_ms": 1800000,
          "residual": null,
          "simulation_case_id": "2d81be10238db502",
          "status": "queued",
          "status_detail": {
            "active": true,
            "failure_class": null,
            "lifecycle": "active",
            "recoverable": false,
            "terminal": false,
            "timing": {
              "effective_deadline": "2026-08-13T11:16:20.852924Z",
              "effective_timeout_ms": 1800000,
              "execution_elapsed_ms": null,
              "execution_started_at": null,
              "execution_timeout_ms": 120000,
              "job_submission_deadline": "2026-08-13T11:16:20.852924Z",
              "phase": "queue",
              "queue_timeout_ms": 1800000,
              "queue_wait_ms": 0,
              "total_elapsed_ms": 0
            }
          },
          "updated_at": "2026-08-13T10:46:20.852924Z",
          "worker_id": null
        },
        "job_id": "4bb3fb3ae4cd4df6",
        "progress": 0.0,
        "raw": {
          "job": {
            "created_at": "2026-08-13T10:46:20.852924Z",
            "execution_started_at": null,
            "execution_timeout_ms": 120000,
            "has_result": false,
            "iteration": null,
            "job_id": "4bb3fb3ae4cd4df6",
            "message": null,
            "model_version_id": null,
            "progress": 0.0,
            "project_id": "08702624c621640e",
            "queue_timeout_ms": 1800000,
            "residual": null,
            "simulation_case_id": "2d81be10238db502",
            "status": "queued",
            "status_detail": {
              "active": true,
              "failure_class": null,
              "lifecycle": "active",
              "recoverable": false,
              "terminal": false,
              "timing": {
                "effective_deadline": "2026-08-13T11:16:20.852924Z",
                "effective_timeout_ms": 1800000,
                "execution_elapsed_ms": null,
                "execution_started_at": null,
                "execution_timeout_ms": 120000,
                "job_submission_deadline": "2026-08-13T11:16:20.852924Z",
                "phase": "queue",
                "queue_timeout_ms": 1800000,
                "queue_wait_ms": 0,
                "total_elapsed_ms": 0
              }
            },
            "updated_at": "2026-08-13T10:46:20.852924Z",
            "worker_id": null
          }
        },
        "status": "queued"
      },
      "requires_confirmation": false
    },
    {
      "index": 2,
      "action": "job_wait",
      "risk": "normal",
      "status": "executed",
      "payload": {
        "interval_ms": 1000,
        "job_id": "4bb3fb3ae4cd4df6",
        "max_total_timeout_ms": 3600000,
        "resume_policy": "server_deadline",
        "timeout_ms": 60000
      },
      "result_preview": {
        "job": {
          "created_at": "2026-08-13T10:46:20.852924Z",
          "execution_started_at": "2026-08-13T10:46:20.855844Z",
          "execution_timeout_ms": 120000,
          "iteration": 4,
          "job_id": "4bb3fb3ae4cd4df6",
          "message": "collecting nodal and elemental responses",
          "model_version_id": null,
          "progress": 1.0,
          "project_id": "08702624c621640e",
          "queue_timeout_ms": 1800000,
          "residual": 0.2,
          "simulation_case_id": "2d81be10238db502",
          "status": "completed",
          "status_detail": {
            "active": false,
            "failure_class": null,
            "lifecycle": "terminal",
            "recoverable": false,
            "terminal": true,
            "timing": {
              "effective_deadline": "2026-08-13T10:48:20.855844Z",
              "effective_timeout_ms": 120000,
              "execution_elapsed_ms": 9072,
              "execution_started_at": "2026-08-13T10:46:20.855844Z",
              "execution_timeout_ms": 120000,
              "job_submission_deadline": "2026-08-13T11:16:20.852924Z",
              "phase": "execution",
              "queue_timeout_ms": 1800000,
              "queue_wait_ms": 2,
              "total_elapsed_ms": 9075
            }
          },
          "updated_at": "2026-08-13T10:46:29.928676Z",
          "worker_id": "rust-agent-rpc@127.0.0.1:5001"
        },
        "job_id": "4bb3fb3ae4cd4df6",
        "progress": 1.0,
        "raw": {
          "job": {
            "created_at": "2026-08-13T10:46:20.852924Z",
            "execution_started_at": "2026-08-13T10:46:20.855844Z",
            "execution_timeout_ms": 120000,
            "iteration": 4,
            "job_id": "4bb3fb3ae4cd4df6",
            "message": "collecting nodal and elemental responses",
            "model_version_id": null,
            "progress": 1.0,
            "project_id": "08702624c621640e",
            "queue_timeout_ms": 1800000,
            "residual": 0.2,
            "simulation_case_id": "2d81be10238db502",
            "status": "completed",
            "status_detail": {
              "active": false,
              "failure_class": null,
              "lifecycle": "terminal",
              "recoverable": false,
              "terminal": true,
              "timing": {
                "effective_deadline": "2026-08-13T10:48:20.855844Z",
                "effective_timeout_ms": 120000,
                "execution_elapsed_ms": 9072,
                "execution_started_at": "2026-08-13T10:46:20.855844Z",
                "execution_timeout_ms": 120000,
                "job_submission_deadline": "2026-08-13T11:16:20.852924Z",
                "phase": "execution",
                "queue_timeout_ms": 1800000,
                "queue_wait_ms": 2,
                "total_elapsed_ms": 9075
              }
            },
            "updated_at": "2026-08-13T10:46:29.928676Z",
            "worker_id": "rust-agent-rpc@127.0.0.1:5001"
          }
        },
        "result": null,
        "status": "completed",
        "wait": {
          "elapsed_ms": 9112,
          "policy": "server_deadline",
          "poll_attempts": 10,
          "resume_count": 0
        }
      },
      "requires_confirmation": false
    },
    {
      "index": 3,
      "action": "result_fetch",
      "risk": "normal",
      "status": "executed",
      "payload": {
        "job_id": "4bb3fb3ae4cd4df6"
      },
      "result_preview": {
        "job": {
          "created_at": "2026-08-13T10:46:20.852924Z",
          "execution_started_at": "2026-08-13T10:46:20.855844Z",
          "execution_timeout_ms": 120000,
          "has_result": true,
          "iteration": 4,
          "job_id": "4bb3fb3ae4cd4df6",
          "message": "collecting nodal and elemental responses",
          "model_version_id": null,
          "progress": 1.0,
          "project_id": "08702624c621640e",
          "queue_timeout_ms": 1800000,
          "residual": 0.2,
          "simulation_case_id": "2d81be10238db502",
          "status": "completed",
          "status_detail": {
            "active": false,
            "failure_class": null,
            "lifecycle": "terminal",
            "recoverable": false,
            "terminal": true,
            "timing": {
              "effective_deadline": "2026-08-13T10:48:20.855844Z",
              "effective_timeout_ms": 120000,
              "execution_elapsed_ms": 9072,
              "execution_started_at": "2026-08-13T10:46:20.855844Z",
              "execution_timeout_ms": 120000,
              "job_submission_deadline": "2026-08-13T11:16:20.852924Z",
              "phase": "execution",
              "queue_timeout_ms": 1800000,
              "queue_wait_ms": 2,
              "total_elapsed_ms": 9075
            }
          },
          "updated_at": "2026-08-13T10:46:29.928676Z",
          "worker_id": "rust-agent-rpc@127.0.0.1:5001"
        },
        "job_id": "4bb3fb3ae4cd4df6",
        "result": {
          "electric_conduction": {
            "contact_interfaces": [],
            "current_balance_relative_error": 0.0,
            "elements": [
              {
                "area_m2": 0.0009,
                "average_electric_potential_v": 0.000016800000000000002,
                "current_density_magnitude_a_m2": 50689.650869348014,
                "current_density_x_a_m2": -50689.650869348014,
                "current_density_y_a_m2": -0.0,
                "electric_field_magnitude_v_m": 0.00112,
                "electric_field_x_v_m": -0.00112,
                "electric_field_y_v_m": -0.0,
                "electric_potential_gradient_x_v_m": 0.00112,
                "electric_potential_gradient_y_v_m": 0.0,
                "id": "conductor_left",
                "index": 0,
                "joule_power_w": 0.0000510951680763028,
                "node_i": 0,
                "node_j": 1,
                "node_k": 2,
                "node_l": 3,
                "peak_current_density_magnitude_a_m2": 50689.650869348014,
                "peak_electric_field_magnitude_v_m": 0.00112,
                "rms_current_density_magnitude_a_m2": 50689.650869348014,
                "rms_electric_field_magnitude_v_m": 0.00112,
                "volumetric_joule_heating_w_m3": 56.772408973669776
              }
            ],
            "free_current_residual_relative_error": 0.0,
            "input": {
              "contact_interfaces": [],
              "elements": [
                {
                  "electrical_conductivity_s_m": 45258616.84763215,
                  "id": "conductor_left",
                  "node_i": 0,
                  "node_j": 1,
                  "node_k": 2,
                  "node_l": 3,
                  "thickness": 0.001
                }
              ],
              "nodes": [
                {
                  "current_source_a": 0.0,
                  "electric_potential_v": 0.0,
                  "fix_electric_potential": true,
                  "id": "n0",
                  "x": 0.0,
                  "y": 0.0
                },
                {
                  "current_source_a": 0.0,
                  "electric_potential_v": 0.000033600000000000004,
                  "fix_electric_potential": true,
                  "id": "n1",
                  "x": 0.03,
                  "y": 0.0
                },
                {
                  "current_source_a": 0.0,
                  "electric_potential_v": 0.000033600000000000004,
                  "fix_electric_potential": true,
                  "id": "n5",
                  "x": 0.03,
                  "y": 0.03
                },
                {
                  "current_source_a": 0.0,
                  "electric_potential_v": 0.0,
                  "fix_electric_potential": true,
                  "id": "n4",
                  "x": 0.0,
                  "y": 0.03
                }
              ],
              "terminals": []
            },
            "max_current_density_a_m2": 50689.650869348014,
            "max_electric_field_v_m": 0.00112,
            "max_electric_potential_v": 0.000033600000000000004,
            "max_free_current_residual_a": 0.0,
            "nodes": [
              {
                "current_source_a": 0.0,
                "electric_potential_v": 0.0,
                "fix_electric_potential": true,
                "id": "n0",
                "index": 0,
                "net_injected_current_a": -0.7603447630402203,
                "reaction_current_a": -0.7603447630402203,
                "x": 0.0,
                "y": 0.0
              },
              {
                "current_source_a": 0.0,
                "electric_potential_v": 0.000033600000000000004,
                "fix_electric_potential": true,
                "id": "n1",
                "index": 1,
                "net_injected_current_a": 0.7603447630402203,
                "reaction_current_a": 0.7603447630402203,
                "x": 0.03,
                "y": 0.0
              },
              {
                "current_source_a": 0.0,
                "electric_potential_v": 0.000033600000000000004,
                "fix_electric_potential": true,
                "id": "n5",
                "index": 2,
                "net_injected_current_a": 0.7603447630402203,
                "reaction_current_a": 0.7603447630402203,
                "x": 0.03,
                "y": 0.03
              },
              {
                "current_source_a": 0.0,
                "electric_potential_v": 0.0,
                "fix_electric_potential": true,
                "id": "n4",
                "index": 3,
                "net_injected_current_a": -0.7603447630402203,
                "reaction_current_a": -0.7603447630402203,
                "x": 0.0,
                "y": 0.03
              }
            ],
            "power_balance_relative_error": 1.3262043815797007e-16,
            "source_power_balance_relative_error": 1.3262043815797007e-16,
            "terminals": [],
            "total_bulk_joule_power_w": 0.0000510951680763028,
            "total_contact_joule_power_w": -0.0,
            "total_dissipated_power_w": 0.0000510951680763028,
            "total_electrical_input_power_w": 0.000051095168076302806,
            "total_extracted_current_a": 1.5206895260804405,
            "total_injected_current_a": 1.5206895260804405,
            "total_joule_power_w": 0.0000510951680763028,
            "total_source_power_w": 0.000051095168076302806,
            "total_terminal_impedance_power_w": -0.0
          },
          "electrostatic": {
            "elements": [
              {
                "area": 0.0009,
                "average_potential": 2599.875569419968,
                "electric_energy_density": 15020784392.148457,
                "electric_field_magnitude": 173325.03796133125,
                "electric_field_x": -173325.03796133125,
                "electric_field_y": -0.0,
                "electric_flux_density_magnitude": 173325.03796133125,
                "electric_flux_density_x": -173325.03796133125,
                "electric_flux_density_y": -0.0,
                "id": "conductor_left",
                "index": 0,
                "node_i": 0,
                "node_j": 1,
                "node_k": 5,
                "node_l": 4,
                "potential_gradient_x": 173325.03796133125,
                "potential_gradient_y": 0.0,
                "stored_energy": 13518.70595293361
              },
              {
                "area": 0.0009,
                "average_potential": 5961.357576700928,
                "electric_energy_density": 4400182158.461691,
                "electric_field_magnitude": 50773.762524066144,
                "electric_field_x": -50773.762524066144,
                "electric_field_y": -0.0,
                "electric_flux_density_magnitude": 173325.03796133125,
                "electric_flux_density_x": -173325.03796133125,
                "electric_flux_density_y": -0.0,
                "id": "dielectric_core",
                "index": 1,
                "node_i": 1,
                "node_j": 2,
                "node_k": 6,
                "node_l": 5,
                "potential_gradient_x": 50773.762524066144,
                "potential_gradient_y": 0.0,
                "stored_energy": 3960.1639426155216
              },
              {
                "area": 0.0009,
                "average_potential": 7341.98200728096,
                "electric_energy_density": 3576377236.225819,
                "electric_field_magnitude": 41267.86618126932,
                "electric_field_x": -41267.86618126932,
                "electric_field_y": -0.0,
                "electric_flux_density_magnitude": 173325.03796133114,
                "electric_flux_density_x": -173325.03796133114,
                "electric_flux_density_y": -0.0,
                "id": "substrate_right",
                "index": 2,
                "node_i": 2,
                "node_j": 3,
                "node_k": 7,
                "node_l": 6,
                "potential_gradient_x": 41267.86618126932,
                "potential_gradient_y": 0.0,
                "stored_energy": 3218.7395126032375
              }
            ],
            "input": {
              "elements": [
                {
                  "id": "conductor_left",
                  "node_i": 0,
                  "node_j": 1,
                  "node_k": 5,
                  "node_l": 4,
                  "permittivity": 1.0,
                  "thickness": 0.001
                },
                {
                  "id": "dielectric_core",
                  "node_i": 1,
                  "node_j": 2,
                  "node_k": 6,
                  "node_l": 5,
                  "permittivity": 3.4136733096976477,
                  "thickness": 0.001
                },
                {
                  "id": "substrate_right",
                  "node_i": 2,
                  "node_j": 3,
                  "node_k": 7,
                  "node_l": 6,
                  "permittivity": 4.2,
                  "thickness": 0.001
                }
              ],
              "nodes": [
                {
                  "charge_density": 0.0,
                  "fix_potential": true,
                  "id": "n0",
                  "potential": 0.0,
                  "x": 0.0,
                  "y": 0.0
                },
                {
                  "charge_density": 0.0,
                  "fix_potential": false,
                  "id": "n1",
                  "potential": 0.0,
                  "x": 0.03,
                  "y": 0.0
                },
                {
                  "charge_density": 0.0,
                  "fix_potential": false,
                  "id": "n2",
                  "potential": 0.0,
                  "x": 0.06,
                  "y": 0.0
                },
                {
                  "charge_density": 0.0,
                  "fix_potential": true,
                  "id": "n3",
                  "potential": 7961.0,
                  "x": 0.09,
                  "y": 0.0
                },
                {
                  "charge_density": 0.0,
                  "fix_potential": true,
                  "id": "n4",
                  "potential": 0.0,
                  "x": 0.0,
                  "y": 0.03
                },
                {
                  "charge_density": 0.0,
                  "fix_potential": false,
                  "id": "n5",
                  "potential": 0.0,
                  "x": 0.03,
                  "y": 0.03
                },
                {
                  "charge_density": 0.0,
                  "fix_potential": false,
                  "id": "n6",
                  "potential": 0.0,
                  "x": 0.06,
                  "y": 0.03
                },
                {
                  "charge_density": 0.0,
                  "fix_potential": true,
                  "id": "n7",
                  "potential": 7961.0,
                  "x": 0.09,
                  "y": 0.03
                }
              ]
            },
            "max_electric_energy_density": 15020784392.148457,
            "max_electric_field": 173325.03796133125,
            "max_flux_density": 173325.03796133125,
            "max_potential": 7961.0,
            "nodes": [
              {
                "charge_density": 0.0,
                "id": "n0",
                "index": 0,
                "potential": 0.0,
                "x": 0.0,
                "y": 0.0
              },
              {
                "charge_density": 0.0,
                "id": "n1",
                "index": 1,
                "potential": 5199.751138839936,
                "x": 0.03,
                "y": 0.0
              },
              {
                "charge_density": 0.0,
                "id": "n2",
                "index": 2,
                "potential": 6722.9640145619205,
                "x": 0.06,
                "y": 0.0
              },
              {
                "charge_density": 0.0,
                "id": "n3",
                "index": 3,
                "potential": 7961.0,
                "x": 0.09,
                "y": 0.0
              },
              {
                "charge_density": 0.0,
                "id": "n4",
                "index": 4,
                "potential": 0.0,
                "x": 0.0,
                "y": 0.03
              },
              {
                "charge_density": 0.0,
                "id": "n5",
                "index": 5,
                "potential": 5199.751138839936,
                "x": 0.03,
                "y": 0.03
              },
              {
                "charge_density": 0.0,
                "id": "n6",
                "index": 6,
                "potential": 6722.9640145619205,
                "x": 0.06,
                "y": 0.03
              },
              {
                "charge_density": 0.0,
                "id": "n7",
                "index": 7,
                "potential": 7961.0,
                "x": 0.09,
                "y": 0.03
              }
            ],
            "total_stored_energy": 20697.60940815237
          },
          "electrostatic_mesh_convergence": {
            "finest_pair_relative_change": 3.713248129245218e-16,
            "max_analytic_relative_error": 7.845555555555557,
            "method": "structured_quad_h_refinement",
            "refinement_levels": [
              1,
              2,
              4,
              8
            ],
            "relative_error_tolerance": 1e-8,
            "samples": [
              {
                "analytic_relative_error": 7.845555555555557,
                "element_count": 3,
                "elements_per_layer": 1,
                "max_electric_field_v_m": 173325.03796133125,
                "node_count": 8,
                "relative_change_from_previous": null
              },
              {
                "analytic_relative_error": 7.426496258490436e-16,
                "element_count": 6,
                "elements_per_layer": 2,
                "max_electric_field_v_m": 19594.59039884414,
                "node_count": 14,
                "relative_change_from_previous": 7.845555555555557
              },
              {
                "analytic_relative_error": 4.827222568018784e-15,
                "element_count": 12,
                "elements_per_layer": 4,
                "max_electric_field_v_m": 19594.59039884422,
                "node_count": 26,
                "relative_change_from_previous": 4.08457294216974e-15
              },
              {
                "analytic_relative_error": 5.1985473809433046e-15,
                "element_count": 24,
                "elements_per_layer": 8,
                "max_electric_field_v_m": 19594.590398844222,
                "node_count": 50,
                "relative_change_from_previous": 3.713248129245218e-16
              }
            ],
            "schema_version": "kyuubiki.composite-electrostatic-mesh-convergence/v1",
            "status": "fail"
          },
          "electrothermal_feedback_convergence": {
            "conductivity_relative_change_tolerance": 1e-9,
            "converged": false,
            "final_loss_relative_change": 1.3315870144649297e-7,
            "final_max_conductivity_relative_change": 3.252988391087691e-7,
            "final_temperature_residual_c": 0.00011129812227750337,
            "iteration_count": 12,
            "iterations": [
              {
                "converged": false,
                "coupling_temperature_c": 35.0,
                "dielectric_mean_temperature_c": 70.69325094232343,
                "iteration": 1,
                "loss_relative_change": null,
                "loss_tangent": 0.008,
                "max_conductivity_relative_change": null,
                "max_temperature_c": 106.16530821897544,
                "relative_permittivity": 3.4,
                "temperature_residual_c": 71.16526514205238,
                "thermal_conductivity_updates": [
                  {
                    "conductivity_relative_change": null,
                    "conductivity_w_mk": 390.0,
                    "coupling_temperature_c": 35.0,
                    "element_id": "conductor_left",
                    "measured_mean_temperature_c": 106.16526514205238
                  },
                  {
                    "conductivity_relative_change": null,
                    "conductivity_w_mk": 0.25,
                    "coupling_temperature_c": 35.0,
                    "element_id": "dielectric_core",
                    "measured_mean_temperature_c": 70.69325094232343
                  },
                  {
                    "conductivity_relative_change": null,
                    "conductivity_w_mk": 160.0,
                    "coupling_temperature_c": 35.0,
                    "element_id": "substrate_right",
                    "measured_mean_temperature_c": 35.11063990975878
                  }
                ],
                "total_joule_loss_w": 0.0000672,
                "total_loss_w": 0.035337571122808824
              },
              {
                "converged": false,
                "coupling_temperature_c": 63.55460075385875,
                "dielectric_mean_temperature_c": 73.8239778498113,
                "iteration": 2,
                "loss_relative_change": 0.026350224105241616,
                "loss_tangent": 0.008228436806030871,
                "max_conductivity_relative_change": 0.05710920150771748,
                "max_temperature_c": 112.4208956342922,
                "relative_permittivity": 3.4097085642563116,
                "temperature_residual_c": 20.48864619466056,
                "thermal_conductivity_updates": [
                  {
                    "conductivity_relative_change": 0.056932212113641814,
                    "conductivity_w_mk": 367.7964372756797,
                    "coupling_temperature_c": 91.9322121136419,
                    "element_id": "conductor_left",
                    "measured_mean_temperature_c": 112.42085830830246
                  },
                  {
                    "conductivity_relative_change": 0.05710920150771748,
                    "conductivity_w_mk": 0.23572269962307063,
                    "coupling_temperature_c": 63.55460075385875,
                    "element_id": "dielectric_core",
                    "measured_mean_temperature_c": 73.8239778498113
                  },
                  {
                    "conductivity_relative_change": 0.00010621431336836906,
                    "conductivity_w_mk": 159.98300570986106,
                    "coupling_temperature_c": 35.088511927807026,
                    "element_id": "substrate_right",
                    "measured_mean_temperature_c": 35.11356735865495
                  }
                ],
                "total_joule_loss_w": 0.00005491346418570283,
                "total_loss_w": 0.036282781312103926
              },
              {
                "converged": false,
                "coupling_temperature_c": 71.7701024306208,
                "dielectric_mean_temperature_c": 74.7971261643257,
                "iteration": 3,
                "loss_relative_change": 0.007391318976245339,
                "loss_tangent": 0.008294160819444967,
                "max_conductivity_relative_change": 0.017426199703929536,
                "max_temperature_c": 114.3655054550788,
                "relative_permittivity": 3.412501834826411,
                "temperature_residual_c": 6.042340299057699,
                "thermal_conductivity_updates": [
                  {
                    "conductivity_relative_change": 0.017380422877622086,
                    "conductivity_w_mk": 361.4039796629456,
                    "coupling_temperature_c": 108.32312906937034,
                    "element_id": "conductor_left",
                    "measured_mean_temperature_c": 114.36546936842804
                  },
                  {
                    "conductivity_relative_change": 0.017426199703929536,
                    "conductivity_w_mk": 0.2316149487846896,
                    "coupling_temperature_c": 71.7701024306208,
                    "element_id": "dielectric_core",
                    "measured_mean_temperature_c": 74.7971261643257
                  },
                  {
                    "conductivity_relative_change": 0.00002405576868106995,
                    "conductivity_w_mk": 159.9791571956828,
                    "coupling_temperature_c": 35.108556272485366,
                    "element_id": "substrate_right",
                    "measured_mean_temperature_c": 35.11440952343706
                  }
                ],
                "total_joule_loss_w": 0.00005216743677849712,
                "total_loss_w": 0.03655411083246413
              },
              {
                "converged": false,
                "coupling_temperature_c": 74.19172141758472,
                "dielectric_mean_temperature_c": 75.09063726868891,
                "iteration": 4,
                "loss_relative_change": 0.002162658175670897,
                "loss_tangent": 0.008313533771340679,
                "max_conductivity_relative_change": 0.005227682841004927,
                "max_temperature_c": 114.95203084175446,
                "relative_permittivity": 3.4133251852819786,
                "temperature_residual_c": 1.7949937844625057,
                "thermal_conductivity_updates": [
                  {
                    "conductivity_relative_change": 0.005216351449876675,
                    "conductivity_w_mk": 359.51876948963957,
                    "coupling_temperature_c": 113.1570013086165,
                    "element_id": "conductor_left",
                    "measured_mean_temperature_c": 114.951995093079
                  },
                  {
                    "conductivity_relative_change": 0.005227682841004927,
                    "conductivity_w_mk": 0.23040413929120765,
                    "coupling_temperature_c": 74.19172141758472,
                    "element_id": "dielectric_core",
                    "measured_mean_temperature_c": 75.09063726868891
                  },
                  {
                    "conductivity_relative_change": 5.619852997987864e-6,
                    "conductivity_w_mk": 159.97825813633662,
                    "coupling_temperature_c": 35.11323887324672,
                    "element_id": "substrate_right",
                    "measured_mean_temperature_c": 35.114657596487135
                  }
                ],
                "total_joule_loss_w": 0.00005140927923846664,
                "total_loss_w": 0.03663403585698402
              },
              {
                "converged": false,
                "coupling_temperature_c": 74.91085409846806,
                "dielectric_mean_temperature_c": 75.17839730704077,
                "iteration": 5,
                "loss_relative_change": 0.0006408321082800787,
                "loss_tangent": 0.008319286832787745,
                "max_conductivity_relative_change": 0.0015605897600095835,
                "max_temperature_c": 115.1274034570714,
                "relative_permittivity": 3.413569690393479,
                "temperature_residual_c": 0.5343714703512887,
                "thermal_conductivity_updates": [
                  {
                    "conductivity_relative_change": 0.0015577435958276783,
                    "conductivity_w_mk": 358.95873142888723,
                    "coupling_temperature_c": 114.5929963361865,
                    "element_id": "conductor_left",
                    "measured_mean_temperature_c": 115.1273678065378
                  },
                  {
                    "conductivity_relative_change": 0.0015605897600095835,
                    "conductivity_w_mk": 0.23004457295076597,
                    "coupling_temperature_c": 74.91085409846806,
                    "element_id": "dielectric_core",
                    "measured_mean_temperature_c": 75.17839730704077
                  },
                  {
                    "conductivity_relative_change": 1.3621594100301508e-6,
                    "conductivity_w_mk": 159.9780402204469,
                    "coupling_temperature_c": 35.114373851839055,
                    "element_id": "substrate_right",
                    "measured_mean_temperature_c": 35.11473122903868
                  }
                ],
                "total_joule_loss_w": 0.00005118828127269297,
                "total_loss_w": 0.036657766066099634
              },
              {
                "converged": false,
                "coupling_temperature_c": 75.12488866532622,
                "dielectric_mean_temperature_c": 75.20457043545056,
                "iteration": 6,
                "loss_relative_change": 0.00019060635564335996,
                "loss_tangent": 0.00832099910932261,
                "max_conductivity_relative_change": 0.00046520238254860543,
                "max_temperature_c": 115.17970584009647,
                "relative_permittivity": 3.413642462146211,
                "temperature_residual_c": 0.15917670611605672,
                "thermal_conductivity_updates": [
                  {
                    "conductivity_relative_change": 0.0004644653664946722,
                    "conductivity_w_mk": 358.79200753013765,
                    "coupling_temperature_c": 115.02049351246754,
                    "element_id": "conductor_left",
                    "measured_mean_temperature_c": 115.1796702185836
                  },
                  {
                    "conductivity_relative_change": 0.00046520238254860543,
                    "conductivity_w_mk": 0.2299375556673369,
                    "coupling_temperature_c": 75.12488866532622,
                    "element_id": "dielectric_core",
                    "measured_mean_temperature_c": 75.20457043545056
                  },
                  {
                    "conductivity_relative_change": 3.431292055309301e-7,
                    "conductivity_w_mk": 159.97798532730906,
                    "coupling_temperature_c": 35.11465975359876,
                    "element_id": "substrate_right",
                    "measured_mean_temperature_c": 35.114753136915226
                  }
                ],
                "total_joule_loss_w": 0.00005112285650524508,
                "total_loss_w": 0.03666482845087472
              },
              {
                "converged": false,
                "coupling_temperature_c": 75.18863408142569,
                "dielectric_mean_temperature_c": 75.21237023964221,
                "iteration": 7,
                "loss_relative_change": 0.00005675683659063381,
                "loss_tangent": 0.008321509072651405,
                "max_conductivity_relative_change": 0.0001386146249891342,
                "max_temperature_c": 115.19529238459636,
                "relative_permittivity": 3.413664135587685,
                "temperature_residual_c": 0.04742189435035016,
                "thermal_conductivity_updates": [
                  {
                    "conductivity_relative_change": 0.00013841761038673996,
                    "conductivity_w_mk": 358.74234439782947,
                    "coupling_temperature_c": 115.14783487736038,
                    "element_id": "conductor_left",
                    "measured_mean_temperature_c": 115.19525677171072
                  },
                  {
                    "conductivity_relative_change": 0.0001386146249891342,
                    "conductivity_w_mk": 0.22990568295928715,
                    "coupling_temperature_c": 75.18863408142569,
                    "element_id": "dielectric_core",
                    "measured_mean_temperature_c": 75.21237023964221
                  },
                  {
                    "conductivity_relative_change": 8.966032048590388e-8,
                    "conductivity_w_mk": 159.97797098363162,
                    "coupling_temperature_c": 35.11473446025193,
                    "element_id": "substrate_right",
                    "measured_mean_temperature_c": 35.11475966022965
                  }
                ],
                "total_joule_loss_w": 0.00005110340032019796,
                "total_loss_w": 0.036666931788308384
              },
              {
                "converged": false,
                "coupling_temperature_c": 75.2076230079989,
                "dielectric_mean_temperature_c": 75.21469411757614,
                "iteration": 8,
                "loss_relative_change": 0.00001690613368095114,
                "loss_tangent": 0.008321660984063992,
                "max_conductivity_relative_change": 0.00004129721007498381,
                "max_temperature_c": 115.19993624948906,
                "relative_permittivity": 3.41367059182272,
                "temperature_residual_c": 0.014128246331452488,
                "thermal_conductivity_updates": [
                  {
                    "conductivity_relative_change": 0.00004124305722022145,
                    "conductivity_w_mk": 358.72754876679215,
                    "coupling_temperature_c": 115.18577239284066,
                    "element_id": "conductor_left",
                    "measured_mean_temperature_c": 115.19990063917211
                  },
                  {
                    "conductivity_relative_change": 0.00004129721007498381,
                    "conductivity_w_mk": 0.22989618849600055,
                    "coupling_temperature_c": 75.2076230079989,
                    "element_id": "dielectric_core",
                    "measured_mean_temperature_c": 75.21469411757614
                  },
                  {
                    "conductivity_relative_change": 2.4195309796716962e-8,
                    "conductivity_w_mk": 159.97796711291505,
                    "coupling_temperature_c": 35.11475462023411,
                    "element_id": "substrate_right",
                    "measured_mean_temperature_c": 35.11476160314855
                  }
                ],
                "total_joule_loss_w": 0.000051097606800055646,
                "total_loss_w": 0.03666755834183993
              },
              {
                "converged": false,
                "coupling_temperature_c": 75.21327989566069,
                "dielectric_mean_temperature_c": 75.21538644825483,
                "iteration": 9,
                "loss_relative_change": 5.036324711125358e-6,
                "loss_tangent": 0.008321706239165286,
                "max_conductivity_relative_change": 0.000012303134947138022,
                "max_temperature_c": 115.20131975182392,
                "relative_permittivity": 3.4136725151645244,
                "temperature_residual_c": 0.004209152366300373,
                "thermal_conductivity_updates": [
                  {
                    "conductivity_relative_change": 0.000012287912848035014,
                    "conductivity_w_mk": 358.7231407539367,
                    "coupling_temperature_c": 115.19707498990584,
                    "element_id": "conductor_left",
                    "measured_mean_temperature_c": 115.20128414227212
                  },
                  {
                    "conductivity_relative_change": 0.000012303134947138022,
                    "conductivity_w_mk": 0.22989336005216965,
                    "coupling_temperature_c": 75.21327989566069,
                    "element_id": "dielectric_core",
                    "measured_mean_temperature_c": 75.21538644825483
                  },
                  {
                    "conductivity_relative_change": 6.704521104323769e-9,
                    "conductivity_w_mk": 159.9779660403394,
                    "coupling_temperature_c": 35.11476020656566,
                    "element_id": "substrate_right",
                    "measured_mean_temperature_c": 35.11476218189465
                  }
                ],
                "total_joule_loss_w": 0.00005109588100995082,
                "total_loss_w": 0.03666774499470434
              },
              {
                "converged": false,
                "coupling_temperature_c": 75.214965137736,
                "dielectric_mean_temperature_c": 75.2155927035817,
                "iteration": 10,
                "loss_relative_change": 1.500361981870066e-6,
                "loss_tangent": 0.008321719721101888,
                "max_conductivity_relative_change": 3.665269138037149e-6,
                "max_temperature_c": 115.2017319172168,
                "relative_permittivity": 3.4136730881468305,
                "temperature_residual_c": 0.0012539960940785022,
                "thermal_conductivity_updates": [
                  {
                    "conductivity_relative_change": 3.660916704464347e-6,
                    "conductivity_w_mk": 358.72182749839845,
                    "coupling_temperature_c": 115.20044231179888,
                    "element_id": "conductor_left",
                    "measured_mean_temperature_c": 115.20169630789296
                  },
                  {
                    "conductivity_relative_change": 3.665269138037149e-6,
                    "conductivity_w_mk": 0.229892517431132,
                    "coupling_temperature_c": 75.214965137736,
                    "element_id": "dielectric_core",
                    "measured_mean_temperature_c": 75.2155927035817
                  },
                  {
                    "conductivity_relative_change": 1.8965769973676875e-9,
                    "conductivity_w_mk": 159.9779657369289,
                    "coupling_temperature_c": 35.11476178682885,
                    "element_id": "substrate_right",
                    "measured_mean_temperature_c": 35.11476235429715
                  }
                ],
                "total_joule_loss_w": 0.00005109536687713472,
                "total_loss_w": 0.03666780060039003
              },
              {
                "converged": false,
                "coupling_temperature_c": 75.21546719041257,
                "dielectric_mean_temperature_c": 75.21565414963106,
                "iteration": 11,
                "loss_relative_change": 4.469739886791933e-7,
                "loss_tangent": 0.0083217237375233,
                "max_conductivity_relative_change": 1.0919291376002245e-6,
                "max_temperature_c": 115.20185470646312,
                "relative_permittivity": 3.41367325884474,
                "temperature_residual_c": 0.00037358853306557194,
                "thermal_conductivity_updates": [
                  {
                    "conductivity_relative_change": 1.090669012506046e-6,
                    "conductivity_w_mk": 358.7214362516171,
                    "coupling_temperature_c": 115.20144550867413,
                    "element_id": "conductor_left",
                    "measured_mean_temperature_c": 115.2018190972072
                  },
                  {
                    "conductivity_relative_change": 1.0919291376002245e-6,
                    "conductivity_w_mk": 0.2298922664047937,
                    "coupling_temperature_c": 75.21546719041257,
                    "element_id": "dielectric_core",
                    "measured_mean_temperature_c": 75.21565414963106
                  },
                  {
                    "conductivity_relative_change": 5.448445956007922e-10,
                    "conductivity_w_mk": 159.97796564976574,
                    "coupling_temperature_c": 35.114762240803486,
                    "element_id": "substrate_right",
                    "measured_mean_temperature_c": 35.11476240565543
                  }
                ],
                "total_joule_loss_w": 0.000051095213708024385,
                "total_loss_w": 0.03666781716595053
              },
              {
                "converged": false,
                "coupling_temperature_c": 75.21561675778736,
                "dielectric_mean_temperature_c": 75.21567245514879,
                "iteration": 12,
                "loss_relative_change": 1.3315870144649297e-7,
                "loss_tangent": 0.008321724934062299,
                "max_conductivity_relative_change": 3.252988391087691e-7,
                "max_temperature_c": 115.20189128685854,
                "relative_permittivity": 3.4136733096976477,
                "temperature_residual_c": 0.00011129812227750337,
                "thermal_conductivity_updates": [
                  {
                    "conductivity_relative_change": 3.249307416114475e-7,
                    "conductivity_w_mk": 358.7213196919948,
                    "coupling_temperature_c": 115.20174437950058,
                    "element_id": "conductor_left",
                    "measured_mean_temperature_c": 115.20185567762286
                  },
                  {
                    "conductivity_relative_change": 3.252988391087691e-7,
                    "conductivity_w_mk": 0.22989219162110633,
                    "coupling_temperature_c": 75.21561675778736,
                    "element_id": "dielectric_core",
                    "measured_mean_temperature_c": 75.21567245514879
                  },
                  {
                    "conductivity_relative_change": 1.582797375308829e-10,
                    "conductivity_w_mk": 159.9779656244445,
                    "coupling_temperature_c": 35.11476237268504,
                    "element_id": "substrate_right",
                    "measured_mean_temperature_c": 35.1147624209552
                  }
                ],
                "total_joule_loss_w": 0.0000510951680763028,
                "total_loss_w": 0.03666782210102494
              }
            ],
            "loss_relative_change_tolerance": 1e-9,
            "max_iterations": 12,
            "method": "relaxed_temperature_dependent_dielectric_and_conductivity_fixed_point",
            "parameter_source": "screening_sensitivity_not_material_card",
            "relaxation_factor": 0.8,
            "schema_version": "kyuubiki.composite-electrothermal-feedback-convergence/v1",
            "status": "fail",
            "temperature_residual_tolerance_c": 1e-7
          },
          "electrothermal_loss_projection": {
            "assumptions": [
              "The solved electrostatic field magnitude is interpreted as an RMS harmonic field.",
              "Relative permittivity and loss tangent are scalar, isotropic, and frequency-local screening values.",
              "Element dielectric loss is lumped consistently to its four thermal nodes."
            ],
            "distributed_total_heat_load_w": 0.03666782210102494,
            "effective_conductivity_s_m": 0.000015803886839636684,
            "electric_field_rms_v_m": 50773.762524066144,
            "energy_balance_relative_error": 0.0,
            "frequency_hz": 10000000.0,
            "loss_tangent": 0.008321724934062299,
            "model": "harmonic_dielectric_loss_sigma_eff_e_rms_squared",
            "relative_permittivity": 3.4136733096976477,
            "schema_version": "kyuubiki.composite-electrothermal-loss-projection/v1",
            "source_element_id": "dielectric_core",
            "source_volume_m3": 9e-7,
            "target_element_count": 1,
            "target_node_count": 4,
            "total_loss_w": 0.03666782210102494,
            "volumetric_loss_w_m3": 40742.02455669438
          },
          "heat": {
            "elements": [
              {
                "area": 0.0009,
                "average_temperature": 115.20185567762286,
                "heat_flow_rate": 7.664275208808286e-7,
                "heat_flux_magnitude": 0.8515861343120318,
                "heat_flux_x": 0.8515861343120318,
                "heat_flux_y": 8.156378491821551e-11,
                "id": "conductor_left",
                "index": 0,
                "node_i": 0,
                "node_j": 1,
                "node_k": 5,
                "node_l": 4,
                "temperature_gradient_x": -0.0023739490450225276,
                "temperature_gradient_y": -2.273736754432321e-13
              },
              {
                "area": 0.0009,
                "average_temperature": 75.21567245514879,
                "heat_flow_rate": 0.0005515501865575467,
                "heat_flux_magnitude": 612.8335406194964,
                "heat_flux_x": 612.8335406194964,
                "heat_flux_y": 7.840714884688613e-14,
                "id": "dielectric_core",
                "index": 1,
                "node_i": 1,
                "node_j": 2,
                "node_k": 6,
                "node_l": 5,
                "temperature_gradient_x": -2665.7431742158933,
                "temperature_gradient_y": -3.410605131648482e-13
              },
              {
                "area": 0.0009,
                "average_temperature": 35.1147624209552,
                "heat_flow_rate": 0.001101567518072944,
                "heat_flux_magnitude": 1223.9639089699378,
                "heat_flux_x": 1223.9639089699378,
                "heat_flux_y": 1.818738901698049e-11,
                "id": "substrate_right",
                "index": 2,
                "node_i": 2,
                "node_j": 3,
                "node_k": 7,
                "node_l": 6,
                "temperature_gradient_x": -7.650828063680024,
                "temperature_gradient_y": -1.1368683772161605e-13
              }
            ],
            "input": {
              "elements": [
                {
                  "conductivity": 358.7213196919948,
                  "id": "conductor_left",
                  "node_i": 0,
                  "node_j": 1,
                  "node_k": 5,
                  "node_l": 4,
                  "thickness": 0.001
                },
                {
                  "conductivity": 0.22989219162110633,
                  "id": "dielectric_core",
                  "node_i": 1,
                  "node_j": 2,
                  "node_k": 6,
                  "node_l": 5,
                  "thickness": 0.001
                },
                {
                  "conductivity": 159.9779656244445,
                  "id": "substrate_right",
                  "node_i": 2,
                  "node_j": 3,
                  "node_k": 7,
                  "node_l": 6,
                  "thickness": 0.001
                }
              ],
              "nodes": [
                {
                  "fix_temperature": false,
                  "heat_load": 0.0000127737920190757,
                  "id": "n0",
                  "temperature": 35.0,
                  "x": 0.0,
                  "y": 0.0
                },
                {
                  "fix_temperature": false,
                  "heat_load": 0.009179729317275311,
                  "id": "n1",
                  "temperature": 35.0,
                  "x": 0.03,
                  "y": 0.0
                },
                {
                  "fix_temperature": false,
                  "heat_load": 0.009166955525256235,
                  "id": "n2",
                  "temperature": 35.0,
                  "x": 0.06,
                  "y": 0.0
                },
                {
                  "fix_temperature": true,
                  "heat_load": 0.0,
                  "id": "n3",
                  "temperature": 35.0,
                  "x": 0.09,
                  "y": 0.0
                },
                {
                  "fix_temperature": false,
                  "heat_load": 0.0000127737920190757,
                  "id": "n4",
                  "temperature": 35.0,
                  "x": 0.0,
                  "y": 0.03
                },
                {
                  "fix_temperature": false,
                  "heat_load": 0.009179729317275311,
                  "id": "n5",
                  "temperature": 35.0,
                  "x": 0.03,
                  "y": 0.03
                },
                {
                  "fix_temperature": false,
                  "heat_load": 0.009166955525256235,
                  "id": "n6",
                  "temperature": 35.0,
                  "x": 0.06,
                  "y": 0.03
                },
                {
                  "fix_temperature": true,
                  "heat_load": 0.0,
                  "id": "n7",
                  "temperature": 35.0,
                  "x": 0.09,
                  "y": 0.03
                }
              ]
            },
            "max_heat_flux": 1223.9639089699378,
            "max_temperature": 115.20189128685854,
            "nodes": [
              {
                "heat_load": 0.0000127737920190757,
                "id": "n0",
                "index": 0,
                "temperature": 115.20189128685854,
                "x": 0.0,
                "y": 0.0
              },
              {
                "heat_load": 0.009179729317275311,
                "id": "n1",
                "index": 1,
                "temperature": 115.2018200683872,
                "x": 0.03,
                "y": 0.0
              },
              {
                "heat_load": 0.009166955525256235,
                "id": "n2",
                "index": 2,
                "temperature": 35.229524841910404,
                "x": 0.06,
                "y": 0.0
              },
              {
                "heat_load": 0.0,
                "id": "n3",
                "index": 3,
                "temperature": 35.0,
                "x": 0.09,
                "y": 0.0
              },
              {
                "heat_load": 0.0000127737920190757,
                "id": "n4",
                "index": 4,
                "temperature": 115.20189128685854,
                "x": 0.0,
                "y": 0.03
              },
              {
                "heat_load": 0.009179729317275311,
                "id": "n5",
                "index": 5,
                "temperature": 115.20182006838718,
                "x": 0.03,
                "y": 0.03
              },
              {
                "heat_load": 0.009166955525256235,
                "id": "n6",
                "index": 6,
                "temperature": 35.2295248419104,
                "x": 0.06,
                "y": 0.03
              },
              {
                "heat_load": 0.0,
                "id": "n7",
                "index": 7,
                "temperature": 35.0,
                "x": 0.09,
                "y": 0.03
              }
            ],
            "total_abs_heat_flow_rate": 0.0016538841321513714
          },
          "heat_cross_validation": {
            "absolute_error_c": 1.695354967523599e-11,
            "conductivities_w_mk": [
              358.7213196919948,
              0.22989219162110633,
              159.9779656244445
            ],
            "expected_max_temperature_c": 115.2018912868755,
            "fem_max_temperature_c": 115.20189128685854,
            "fixed_temperature_c": 35.0,
            "method": "layered_thermal_resistance_with_regional_generation_closed_form",
            "relative_error": 1.4716381376950053e-13,
            "relative_error_tolerance": 1e-9,
            "schema_version": "kyuubiki.composite-heat-cross-validation/v1",
            "status": "pass",
            "total_heat_load_w": 0.036718917269101245
          },
          "heat_mesh_convergence": {
            "finest_pair_relative_change": 8.966754084580883e-12,
            "max_analytic_relative_error": 4.869728311968627e-12,
            "method": "structured_quad_h_refinement",
            "refinement_levels": [
              1,
              2,
              4,
              8
            ],
            "relative_error_tolerance": 1e-8,
            "samples": [
              {
                "analytic_relative_error": 1.4716381376950053e-13,
                "element_count": 3,
                "elements_per_layer": 1,
                "max_temperature_c": 115.20189128685854,
                "node_count": 8,
                "relative_change_from_previous": null
              },
              {
                "analytic_relative_error": 2.9987865152863013e-13,
                "element_count": 6,
                "elements_per_layer": 2,
                "max_temperature_c": 115.20189128684096,
                "node_count": 14,
                "relative_change_from_previous": 1.5271483775912965e-13
              },
              {
                "analytic_relative_error": 4.869728311968627e-12,
                "element_count": 12,
                "elements_per_layer": 4,
                "max_temperature_c": 115.2018912874365,
                "node_count": 26,
                "relative_change_from_previous": 5.169606963497257e-12
              },
              {
                "analytic_relative_error": 4.0970257726122555e-12,
                "element_count": 24,
                "elements_per_layer": 8,
                "max_temperature_c": 115.20189128640352,
                "node_count": 50,
                "relative_change_from_previous": 8.966754084580883e-12
              }
            ],
            "schema_version": "kyuubiki.composite-heat-mesh-convergence/v1",
            "status": "pass"
          },
          "heat_to_thermal_projection": {
            "mapped_node_count": 8,
            "maximum_coordinate_error_m": 0.0,
            "maximum_temperature_delta_c": 80.20189128685854,
            "minimum_temperature_delta_c": 0.0,
            "reference_temperature_c": 35.0,
            "schema_version": "kyuubiki.composite-heat-to-thermal-projection/v1"
          },
          "joule_heating_projection": {
            "assumptions": [
              "Steady scalar electrical conductivity is solved on a two-dimensional quad mesh.",
              "Joule heating uses the solved local sigma times electric-field magnitude squared.",
              "Element Joule power integrates both triangular subcell fields before thermal projection.",
              "Recovered terminal currents gate current continuity and electrical input-power balance.",
              "Contact and terminal impedance models require explicit study-level heat mappings."
            ],
            "boundary_voltage_span_v": 0.000033600000000000004,
            "current_balance_relative_error": 0.0,
            "distributed_total_heat_load_w": 0.00005109516807630387,
            "electrical_power_balance_relative_error": 1.3262043815797007e-16,
            "energy_balance_relative_error": 2.1086649667117244e-14,
            "free_current_residual_relative_error": 0.0,
            "max_current_density_a_m2": 50689.650869348014,
            "max_free_current_residual_a": 0.0,
            "model": "solved_steady_current_density_sigma_e_squared",
            "parameter_source": "screening_reference_not_material_card",
            "regions": [
              {
                "coupling_temperature_c": 115.20174437950058,
                "current_density_magnitude_a_m2": 50689.650869348014,
                "distributed_heat_load_w": 0.0000510951680763028,
                "electric_field_magnitude_v_m": 0.00112,
                "electrical_conductivity_s_m": 45258616.84763215,
                "element_id": "conductor_left",
                "energy_balance_relative_error": 0.0,
                "joule_power_w": 0.0000510951680763028,
                "peak_current_density_magnitude_a_m2": 50689.650869348014,
                "peak_electric_field_magnitude_v_m": 0.00112,
                "rms_current_density_magnitude_a_m2": 50689.650869348014,
                "rms_electric_field_magnitude_v_m": 0.00112,
                "source_volume_m3": 9e-7,
                "volumetric_joule_heating_w_m3": 56.772408973669776
              }
            ],
            "schema_version": "kyuubiki.composite-current-to-heat-projection/v2",
            "source_power_balance_relative_error": 1.3262043815797007e-16,
            "status": "pass",
            "total_dissipated_power_w": 0.0000510951680763028,
            "total_electrical_input_power_w": 0.000051095168076302806,
            "total_extracted_current_a": 1.5206895260804405,
            "total_injected_current_a": 1.5206895260804405,
            "total_joule_loss_w": 0.0000510951680763028,
            "total_source_power_w": 0.000051095168076302806
          },
          "research": {
            "candidate_id": "copper_polyimide_aluminum",
            "candidate_label": "Copper / Polyimide / Aluminum",
            "coupling": "iterative_dielectric_and_conductor_joule_heating_with_temperature_dependent_electrical_thermal_feedback_and_expansion_projection",
            "materials": {
              "conductor": "copper",
              "dielectric": "polyimide",
              "substrate": "aluminum_6061"
            },
            "study": "material.composite_thermo_electric_panel.v1"
          },
          "schema_version": "kyuubiki.composite-thermo-electric-panel-result/v1",
          "thermal": {
            "elements": [
              {
                "area": 0.0009,
                "average_temperature_delta": 80.20185567762286,
                "gamma_xy": 2.941086622410765e-19,
                "id": "conductor_left",
                "index": 0,
                "max_in_plane_shear": 24185961.442306463,
                "mechanical_strain_x": 0.00014071832111887408,
                "mechanical_strain_y": -0.00043974475349648113,
                "node_i": 0,
                "node_j": 1,
                "node_k": 5,
                "node_l": 4,
                "principal_stress_1": 1.4901161193847656e-8,
                "principal_stress_2": -48371922.88461292,
                "strain_energy_density": 35105.940769716275,
                "stress_x": 1.7179344366821983e-8,
                "stress_y": -48371922.88461292,
                "tau_xy": 1.2126596023639044e-8,
                "thermal_strain": 0.001385301494543645,
                "total_strain_x": 0.0015260198156625189,
                "total_strain_y": 0.0009455567410471638,
                "von_mises": 48371922.88461293
              },
              {
                "area": 0.0009,
                "average_temperature_delta": 40.21567245514879,
                "gamma_xy": 1.8058271861602098e-17,
                "id": "dielectric_core",
                "index": 1,
                "max_in_plane_shear": 1133917.9866587918,
                "mechanical_strain_x": 0.00029028300458464024,
                "mechanical_strain_y": -0.000907134389327044,
                "node_i": 1,
                "node_j": 2,
                "node_k": 6,
                "node_l": 5,
                "principal_stress_1": -3.8649886846542365e-8,
                "principal_stress_2": -2267835.973317622,
                "strain_energy_density": 3676.769339372354,
                "stress_x": -3.8527206116769875e-8,
                "stress_y": -2267835.973317622,
                "tau_xy": 1.7068815496814853e-8,
                "thermal_strain": 0.0018679280716784096,
                "total_strain_x": 0.0021582110762630494,
                "total_strain_y": 0.0009607936823513652,
                "von_mises": 2267835.973317603
              },
              {
                "area": 0.0009,
                "average_temperature_delta": 0.11476242095520028,
                "gamma_xy": 1.0937165877090032e-19,
                "id": "substrate_right",
                "index": 2,
                "max_in_plane_shear": 287286.3212531633,
                "mechanical_strain_x": -2.6685521858059093e-6,
                "mechanical_strain_y": 8.339225580643308e-6,
                "node_i": 2,
                "node_j": 3,
                "node_k": 7,
                "node_l": 6,
                "principal_stress_1": 574572.6425063227,
                "principal_stress_2": -3.841705620288849e-9,
                "strain_energy_density": 7.335853240347785,
                "stress_x": -3.856668071320099e-9,
                "stress_y": 574572.6425063227,
                "tau_xy": 2.810591265895507e-9,
                "thermal_strain": 2.708486381068633e-6,
                "total_strain_x": 3.993419526272324e-8,
                "total_strain_y": 0.00001104771196171194,
                "von_mises": 574572.6425063246
              }
            ],
            "input": {
              "elements": [
                {
                  "id": "conductor_left",
                  "node_i": 0,
                  "node_j": 1,
                  "node_k": 5,
                  "node_l": 4,
                  "poisson_ratio": 0.32,
                  "thermal_expansion": 0.000017272686309303916,
                  "thickness": 0.001,
                  "youngs_modulus": 110000000000.0
                },
                {
                  "id": "dielectric_core",
                  "node_i": 1,
                  "node_j": 2,
                  "node_k": 6,
                  "node_l": 5,
                  "poisson_ratio": 0.32,
                  "thermal_expansion": 0.000046447764208385366,
                  "thickness": 0.001,
                  "youngs_modulus": 2500000000.0
                },
                {
                  "id": "substrate_right",
                  "node_i": 2,
                  "node_j": 3,
                  "node_k": 7,
                  "node_l": 6,
                  "poisson_ratio": 0.32,
                  "thermal_expansion": 0.000023600812517940365,
                  "thickness": 0.001,
                  "youngs_modulus": 68900000000.0
                }
              ],
              "nodes": [
                {
                  "fix_x": true,
                  "fix_y": true,
                  "id": "n0",
                  "load_x": 0.0,
                  "load_y": 0.0,
                  "temperature_delta": 80.20189128685854,
                  "x": 0.0,
                  "y": 0.0
                },
                {
                  "fix_x": false,
                  "fix_y": false,
                  "id": "n1",
                  "load_x": 0.0,
                  "load_y": 0.0,
                  "temperature_delta": 80.20182006838719,
                  "x": 0.03,
                  "y": 0.0
                },
                {
                  "fix_x": false,
                  "fix_y": false,
                  "id": "n2",
                  "load_x": 0.0,
                  "load_y": 0.0,
                  "temperature_delta": 0.22952484191040412,
                  "x": 0.06,
                  "y": 0.0
                },
                {
                  "fix_x": false,
                  "fix_y": false,
                  "id": "n3",
                  "load_x": 0.0,
                  "load_y": 0.0,
                  "temperature_delta": 0.0,
                  "x": 0.09,
                  "y": 0.0
                },
                {
                  "fix_x": true,
                  "fix_y": true,
                  "id": "n4",
                  "load_x": 0.0,
                  "load_y": 0.0,
                  "temperature_delta": 80.20189128685854,
                  "x": 0.0,
                  "y": 0.03
                },
                {
                  "fix_x": false,
                  "fix_y": false,
                  "id": "n5",
                  "load_x": 0.0,
                  "load_y": 0.0,
                  "temperature_delta": 80.20182006838718,
                  "x": 0.03,
                  "y": 0.03
                },
                {
                  "fix_x": false,
                  "fix_y": false,
                  "id": "n6",
                  "load_x": 0.0,
                  "load_y": 0.0,
                  "temperature_delta": 0.229524841910397,
                  "x": 0.06,
                  "y": 0.03
                },
                {
                  "fix_x": false,
                  "fix_y": false,
                  "id": "n7",
                  "load_x": 0.0,
                  "load_y": 0.0,
                  "temperature_delta": 0.0,
                  "x": 0.09,
                  "y": 0.03
                }
              ]
            },
            "max_displacement": 0.00011052819623454826,
            "max_strain_energy_density": 35105.940769716275,
            "max_stress": 48371922.88461293,
            "max_temperature_delta": 80.20189128685854,
            "nodes": [
              {
                "displacement_magnitude": 0.0,
                "id": "n0",
                "index": 0,
                "temperature_delta": 80.20189128685854,
                "ux": 0.0,
                "uy": 0.0,
                "x": 0.0,
                "y": 0.0
              },
              {
                "displacement_magnitude": 0.00005385659314792351,
                "id": "n1",
                "index": 1,
                "temperature_delta": 80.20182006838719,
                "ux": 0.00004578059446987559,
                "uy": -0.000028366702231414893,
                "x": 0.03,
                "y": 0.0
              },
              {
                "displacement_magnitude": 0.00011052787198919145,
                "id": "n2",
                "index": 2,
                "temperature_delta": 0.22952484191040412,
                "ux": 0.0001105269267577671,
                "uy": -4.571082391254256e-7,
                "x": 0.06,
                "y": 0.0
              },
              {
                "displacement_magnitude": 0.00011052819623454826,
                "id": "n3",
                "index": 3,
                "temperature_delta": 0.0,
                "ux": 0.00011052812478362496,
                "uy": 1.2567688027538188e-7,
                "x": 0.09,
                "y": 0.0
              },
              {
                "displacement_magnitude": 0.0,
                "id": "n4",
                "index": 4,
                "temperature_delta": 80.20189128685854,
                "ux": 0.0,
                "uy": 0.0,
                "x": 0.0,
                "y": 0.03
              },
              {
                "displacement_magnitude": 0.000053856593147923506,
                "id": "n5",
                "index": 5,
                "temperature_delta": 80.20182006838718,
                "ux": 0.00004578059446987555,
                "uy": 0.00002836670223141494,
                "x": 0.03,
                "y": 0.03
              },
              {
                "displacement_magnitude": 0.00011052787198919136,
                "id": "n6",
                "index": 6,
                "temperature_delta": 0.229524841910397,
                "ux": 0.00011052692675776702,
                "uy": 4.571082391266691e-7,
                "x": 0.06,
                "y": 0.03
              },
              {
                "displacement_magnitude": 0.0001105281962345482,
                "id": "n7",
                "index": 7,
                "temperature_delta": 0.0,
                "ux": 0.00011052812478362492,
                "uy": -1.256768802739963e-7,
                "x": 0.09,
                "y": 0.03
              }
            ],
            "total_strain_energy": 0.03491104136609608
          },
          "thermal_constraint_regularized_mesh_convergence": {
            "algebraic_validation": {
              "max_relative_residual": null,
              "method": "original_system_recomputed_l2_residual_over_max_rhs_l2_or_one",
              "qualification_effect": "algebraic_gate_does_not_override_discretization_gates",
              "relative_residual_tolerance": 1e-10,
              "required_series": [
                "uniform_full_edge_clamp",
                "uniform_regularized_restraint",
                "interface_graded_full_edge_clamp"
              ],
              "schema_version": "kyuubiki.composite-thermal-algebraic-validation/v1",
              "series": [],
              "status": "missing"
            },
            "convergence_tolerance": 0.02,
            "diagnostic_metrics": [
              "max_von_mises_stress_pa"
            ],
            "finest_pair_displacement_relative_change": 0.0019138514998454624,
            "finest_pair_peak_stress_relative_change": 0.308926111297624,
            "finest_pair_strain_energy_relative_change": 0.2238163869346865,
            "method": "structured_quad_h_refinement_preserving_piecewise_linear_temperature_roller_edge_with_vertical_anchor",
            "pass_metrics": [
              "max_displacement_m",
              "total_strain_energy_j"
            ],
            "refinement_levels": [
              1,
              2,
              4,
              8
            ],
            "regime_assessment": {
              "diagnosis": "pass_metrics_lack_qualified_discretization_uncertainty",
              "gci_safety_factor": 1.25,
              "method": "four_level_constant_ratio_observed_order_and_fine_grid_gci",
              "metrics": [
                {
                  "coarse_triplet_observed_order": 0.6031338249874076,
                  "fine_grid_gci": null,
                  "fine_triplet_observed_order": 4.051992903215403,
                  "metric": "max_displacement_m",
                  "observed_order_relative_difference": 0.851151312602547,
                  "qualification_role": "pass_metric",
                  "regime": "oscillatory",
                  "richardson_extrapolated_value": null,
                  "unit": "m"
                },
                {
                  "coarse_triplet_observed_order": 1.696572123759381,
                  "fine_grid_gci": 0.16558818118095114,
                  "fine_triplet_observed_order": 1.6675505007259233,
                  "metric": "total_strain_energy_j",
                  "observed_order_relative_difference": 0.01710603553307806,
                  "qualification_role": "pass_metric",
                  "regime": "asymptotic_converging",
                  "richardson_extrapolated_value": 0.0006938127200908711,
                  "unit": "J"
                },
                {
                  "coarse_triplet_observed_order": -6.954353001461807,
                  "fine_grid_gci": null,
                  "fine_triplet_observed_order": -0.6832039032304162,
                  "metric": "max_von_mises_stress_pa",
                  "observed_order_relative_difference": 0.9017588116267888,
                  "qualification_role": "diagnostic_metric",
                  "regime": "monotonic_diverging",
                  "richardson_extrapolated_value": null,
                  "unit": "Pa"
                }
              ],
              "order_consistency_tolerance": 0.25,
              "qualification_effect": "gci_gates_require_asymptotic_pass_metric_evidence",
              "qualification_tolerance": 0.02,
              "refinement_ratio": 2.0,
              "schema_version": "kyuubiki.composite-thermal-convergence-regime/v1",
              "status": "fail"
            },
            "samples": [
              {
                "displacement_relative_change": null,
                "element_count": 3,
                "elements_per_original_element": 1,
                "max_displacement_m": 0.0001102683756622134,
                "max_von_mises_stress_pa": 2820533.7478822335,
                "node_count": 8,
                "peak_stress_relative_change": null,
                "strain_energy_relative_change": null,
                "total_strain_energy_j": 0.004137555416476727
              },
              {
                "displacement_relative_change": 0.04752939286743443,
                "element_count": 12,
                "elements_per_original_element": 2,
                "max_displacement_m": 0.00010502738671451022,
                "max_von_mises_stress_pa": 2829335.777968647,
                "node_count": 21,
                "peak_stress_relative_change": 0.0031109881531039088,
                "strain_energy_relative_change": 0.5739095282194584,
                "total_strain_energy_j": 0.0017629729394247034
              },
              {
                "displacement_relative_change": 0.03180618747357,
                "element_count": 48,
                "elements_per_original_element": 4,
                "max_displacement_m": 0.00010847764709469589,
                "max_von_mises_stress_pa": 3920906.0576687646,
                "node_count": 65,
                "peak_stress_relative_change": 0.27839745804803284,
                "strain_energy_relative_change": 0.41554926013234056,
                "total_strain_energy_j": 0.0010303708388134302
              },
              {
                "displacement_relative_change": 0.0019138514998454624,
                "element_count": 192,
                "elements_per_original_element": 8,
                "max_displacement_m": 0.00010868565529910176,
                "max_von_mises_stress_pa": 5673642.31490647,
                "node_count": 225,
                "peak_stress_relative_change": 0.308926111297624,
                "strain_energy_relative_change": 0.2238163869346865,
                "total_strain_energy_j": 0.0007997569604673461
              }
            ],
            "schema_version": "kyuubiki.composite-thermal-mesh-convergence/v1",
            "status": "fail"
          },
          "thermal_constraint_sensitivity": {
            "alternative_restraint": "roller_edge_with_vertical_anchor",
            "alternative_status": "fail",
            "diagnosis": "mixed_restraint_sensitivity_and_persistent_energy_nonconvergence",
            "displacement_change_ratio_alternative_to_primary": 0.7105786323612326,
            "peak_stress_change_ratio_alternative_to_primary": 1.1896093091378344,
            "primary_restraint": "full_edge_clamp",
            "primary_status": "fail",
            "qualification_effect": "diagnostic_only_does_not_override_primary_quality_gates",
            "schema_version": "kyuubiki.composite-thermal-constraint-sensitivity/v1",
            "strain_energy_change_ratio_alternative_to_primary": 1.69552798849606
          },
          "thermal_expansion_projection": {
            "coverage_fraction": 1.0,
            "declared_region_count": 3,
            "max_relative_change": 0.03217253796411918,
            "model": "regional_linear_temperature_dependent_thermal_expansion",
            "parameter_source": "screening_sensitivity_not_material_card",
            "schema_version": "kyuubiki.composite-thermal-expansion-projection/v1",
            "status": "pass",
            "updated_region_count": 3,
            "updates": [
              {
                "adjusted_thermal_expansion_1_k": 0.000017272686309303916,
                "element_id": "conductor_left",
                "mean_temperature_c": 115.20185567762286,
                "reference_thermal_expansion_1_k": 0.000017,
                "relative_change": 0.016040371135524496
              },
              {
                "adjusted_thermal_expansion_1_k": 0.000046447764208385366,
                "element_id": "dielectric_core",
                "mean_temperature_c": 75.21567245514879,
                "reference_thermal_expansion_1_k": 0.000045,
                "relative_change": 0.03217253796411918
              },
              {
                "adjusted_thermal_expansion_1_k": 0.000023600812517940365,
                "element_id": "substrate_right",
                "mean_temperature_c": 35.1147624209552,
                "reference_thermal_expansion_1_k": 0.0000236,
                "relative_change": 0.00003442872628659912
              }
            ]
          },
          "thermal_interface_grading_assessment": {
            "diagnosis": "graded_mesh_did_not_resolve_nonconvergence",
            "displacement_change_ratio_graded_to_uniform": 1.703149415726217,
            "graded_mesh_convergence": {
              "algebraic_validation": {
                "max_relative_residual": null,
                "method": "original_system_recomputed_l2_residual_over_max_rhs_l2_or_one",
                "qualification_effect": "algebraic_gate_does_not_override_discretization_gates",
                "relative_residual_tolerance": 1e-10,
                "required_series": [
                  "uniform_full_edge_clamp",
                  "uniform_regularized_restraint",
                  "interface_graded_full_edge_clamp"
                ],
                "schema_version": "kyuubiki.composite-thermal-algebraic-validation/v1",
                "series": [],
                "status": "missing"
              },
              "convergence_tolerance": 0.02,
              "diagnostic_metrics": [
                "max_von_mises_stress_pa"
              ],
              "finest_pair_displacement_relative_change": 0.004587212329924794,
              "finest_pair_peak_stress_relative_change": 0.4149059068653442,
              "finest_pair_strain_energy_relative_change": 0.11947156954278916,
              "method": "cosine_graded_quad_h_refinement_at_clamp_interfaces_and_free_edges",
              "pass_metrics": [
                "max_displacement_m",
                "total_strain_energy_j"
              ],
              "refinement_levels": [
                1,
                2,
                4,
                8
              ],
              "regime_assessment": {
                "diagnosis": "pass_metrics_lack_qualified_discretization_uncertainty",
                "gci_safety_factor": 1.25,
                "method": "four_level_constant_ratio_observed_order_and_fine_grid_gci",
                "metrics": [
                  {
                    "coarse_triplet_observed_order": 1.9186482175577275,
                    "fine_grid_gci": null,
                    "fine_triplet_observed_order": 1.391794385221829,
                    "metric": "max_displacement_m",
                    "observed_order_relative_difference": 0.2745963681693238,
                    "qualification_role": "pass_metric",
                    "regime": "oscillatory",
                    "richardson_extrapolated_value": null,
                    "unit": "m"
                  },
                  {
                    "coarse_triplet_observed_order": 0.85692756350101,
                    "fine_grid_gci": null,
                    "fine_triplet_observed_order": 1.772857982952281,
                    "metric": "total_strain_energy_j",
                    "observed_order_relative_difference": 0.516640604187597,
                    "qualification_role": "pass_metric",
                    "regime": "monotonic_pre_asymptotic",
                    "richardson_extrapolated_value": null,
                    "unit": "J"
                  },
                  {
                    "coarse_triplet_observed_order": -1.0558587048515573,
                    "fine_grid_gci": null,
                    "fine_triplet_observed_order": -0.5967777775062806,
                    "metric": "max_von_mises_stress_pa",
                    "observed_order_relative_difference": 0.43479390304389137,
                    "qualification_role": "diagnostic_metric",
                    "regime": "monotonic_diverging",
                    "richardson_extrapolated_value": null,
                    "unit": "Pa"
                  }
                ],
                "order_consistency_tolerance": 0.25,
                "qualification_effect": "gci_gates_require_asymptotic_pass_metric_evidence",
                "qualification_tolerance": 0.02,
                "refinement_ratio": 2.0,
                "schema_version": "kyuubiki.composite-thermal-convergence-regime/v1",
                "status": "fail"
              },
              "samples": [
                {
                  "displacement_relative_change": null,
                  "element_count": 3,
                  "elements_per_original_element": 1,
                  "max_displacement_m": 0.00011052819623454826,
                  "max_von_mises_stress_pa": 48371922.88461293,
                  "node_count": 8,
                  "peak_stress_relative_change": null,
                  "strain_energy_relative_change": null,
                  "total_strain_energy_j": 0.03491104136609608
                },
                {
                  "displacement_relative_change": 0.044034486879313786,
                  "element_count": 12,
                  "elements_per_original_element": 2,
                  "max_displacement_m": 0.00010566114382766384,
                  "max_von_mises_stress_pa": 84076692.63766384,
                  "node_count": 21,
                  "peak_stress_relative_change": 0.4246690567018837,
                  "strain_energy_relative_change": 0.34429531121793056,
                  "total_strain_energy_j": 0.022891333514013984
                },
                {
                  "displacement_relative_change": 0.012037067632231929,
                  "element_count": 48,
                  "elements_per_original_element": 4,
                  "max_displacement_m": 0.00010694849003538484,
                  "max_von_mises_stress_pa": 158305311.20031485,
                  "node_count": 65,
                  "peak_stress_relative_change": 0.468895313744239,
                  "strain_energy_relative_change": 0.28990914717625565,
                  "total_strain_energy_j": 0.01625492653723895
                },
                {
                  "displacement_relative_change": 0.004587212329924794,
                  "element_count": 192,
                  "elements_per_original_element": 8,
                  "max_displacement_m": 0.00010645789460322768,
                  "max_von_mises_stress_pa": 270563851.2810654,
                  "node_count": 225,
                  "peak_stress_relative_change": 0.4149059068653442,
                  "strain_energy_relative_change": 0.11947156954278916,
                  "total_strain_energy_j": 0.014312924951032278
                }
              ],
              "schema_version": "kyuubiki.composite-thermal-mesh-convergence/v1",
              "status": "fail"
            },
            "graded_stress_recovery": {
              "convergence_tolerance": 0.02,
              "diagnostic_metrics": [
                "max_stress_pa",
                "max_to_p95_ratio"
              ],
              "finest_pair_max_relative_change": 0.4149059068653442,
              "finest_pair_p95_relative_change": 0.3405421852560543,
              "finest_pair_rms_relative_change": 0.009222717944935444,
              "method": "interface_graded_mesh_element_area_weighted_von_mises_p95_and_rms",
              "pass_metrics": [
                "area_weighted_rms_stress_pa",
                "area_weighted_p95_stress_pa"
              ],
              "refinement_levels": [
                1,
                2,
                4,
                8
              ],
              "samples": [
                {
                  "element_count": 3,
                  "elements_per_original_element": 1,
                  "max_relative_change": null,
                  "p95_relative_change": null,
                  "rms_relative_change": null,
                  "statistics": {
                    "area_weighted_mean_stress_pa": 17071443.833478954,
                    "area_weighted_p95_stress_pa": 48371922.88461293,
                    "area_weighted_rms_stress_pa": 27960186.797649324,
                    "max_stress_pa": 48371922.88461293,
                    "max_to_p95_ratio": 1.0
                  }
                },
                {
                  "element_count": 12,
                  "elements_per_original_element": 2,
                  "max_relative_change": 0.4246690567018837,
                  "p95_relative_change": 0.4246690567018837,
                  "rms_relative_change": 0.1979982470359664,
                  "statistics": {
                    "area_weighted_mean_stress_pa": 17300808.102436293,
                    "area_weighted_p95_stress_pa": 84076692.63766384,
                    "area_weighted_rms_stress_pa": 34862999.60606597,
                    "max_stress_pa": 84076692.63766384,
                    "max_to_p95_ratio": 1.0
                  }
                },
                {
                  "element_count": 48,
                  "elements_per_original_element": 4,
                  "max_relative_change": 0.468895313744239,
                  "p95_relative_change": 0.5156367230998068,
                  "rms_relative_change": 0.040855975687890664,
                  "statistics": {
                    "area_weighted_mean_stress_pa": 13137429.568517068,
                    "area_weighted_p95_stress_pa": 40723662.35690921,
                    "area_weighted_rms_stress_pa": 33438637.7417536,
                    "max_stress_pa": 158305311.20031485,
                    "max_to_p95_ratio": 3.887305365929512
                  }
                },
                {
                  "element_count": 192,
                  "elements_per_original_element": 8,
                  "max_relative_change": 0.4149059068653442,
                  "p95_relative_change": 0.3405421852560543,
                  "rms_relative_change": 0.009222717944935444,
                  "statistics": {
                    "area_weighted_mean_stress_pa": 12267864.461836198,
                    "area_weighted_p95_stress_pa": 61753248.57242217,
                    "area_weighted_rms_stress_pa": 33130242.617398538,
                    "max_stress_pa": 270563851.2810654,
                    "max_to_p95_ratio": 4.381370333315454
                  }
                }
              ],
              "schema_version": "kyuubiki.composite-thermal-stress-recovery/v1",
              "status": "fail"
            },
            "max_change_ratio_graded_to_uniform": 1.5977151531479654,
            "p95_change_ratio_graded_to_uniform": 1.1443719896504223,
            "qualification_effect": "diagnostic_only_does_not_override_uniform_mesh_gates",
            "rms_change_ratio_graded_to_uniform": 0.5714250125141067,
            "schema_version": "kyuubiki.composite-thermal-interface-grading-assessment/v1",
            "strain_energy_change_ratio_graded_to_uniform": 0.9050605845427444
          },
          "thermal_mesh_convergence": {
            "algebraic_validation": {
              "max_relative_residual": 3.5283059626930746e-14,
              "method": "original_system_recomputed_l2_residual_over_max_rhs_l2_or_one",
              "qualification_effect": "algebraic_gate_does_not_override_discretization_gates",
              "relative_residual_tolerance": 1e-10,
              "required_series": [
                "uniform_full_edge_clamp",
                "uniform_regularized_restraint",
                "interface_graded_full_edge_clamp"
              ],
              "schema_version": "kyuubiki.composite-thermal-algebraic-validation/v1",
              "series": [
                {
                  "label": "uniform_full_edge_clamp",
                  "max_relative_residual": 1.5311021848425485e-14,
                  "samples": [
                    {
                      "element_count": 3,
                      "elements_per_original_element": 1,
                      "matrix_non_zero_count": 112,
                      "node_count": 8,
                      "relative_residual": 1.7059641027631624e-16,
                      "residual_norm": 1.1538222237019829e-12,
                      "rhs_norm": 6763.461328600811,
                      "solver_iterations": 0
                    },
                    {
                      "element_count": 12,
                      "elements_per_original_element": 2,
                      "matrix_non_zero_count": 439,
                      "node_count": 21,
                      "relative_residual": 9.45385476429271e-16,
                      "residual_norm": 6.2928728373135035e-12,
                      "rhs_norm": 6656.409469163562,
                      "solver_iterations": 0
                    },
                    {
                      "element_count": 48,
                      "elements_per_original_element": 4,
                      "matrix_non_zero_count": 1747,
                      "node_count": 65,
                      "relative_residual": 4.31882853772914e-15,
                      "residual_norm": 2.2609577319257787e-11,
                      "rhs_norm": 5235.118070037114,
                      "solver_iterations": 0
                    },
                    {
                      "element_count": 192,
                      "elements_per_original_element": 8,
                      "matrix_non_zero_count": 6925,
                      "node_count": 225,
                      "relative_residual": 1.5311021848425485e-14,
                      "residual_norm": 5.930483294102729e-11,
                      "rhs_norm": 3873.342584716247,
                      "solver_iterations": 0
                    }
                  ],
                  "solver_path": "dense_direct",
                  "status": "pass"
                },
                {
                  "label": "uniform_regularized_restraint",
                  "max_relative_residual": 1.6743876108224313e-14,
                  "samples": [
                    {
                      "element_count": 3,
                      "elements_per_original_element": 1,
                      "matrix_non_zero_count": 121,
                      "node_count": 8,
                      "relative_residual": 2.641633987231111e-16,
                      "residual_norm": 1.9951486561544977e-12,
                      "rhs_norm": 7552.706642170962,
                      "solver_iterations": 0
                    },
                    {
                      "element_count": 12,
                      "elements_per_original_element": 2,
                      "matrix_non_zero_count": 462,
                      "node_count": 21,
                      "relative_residual": 9.73119437407332e-16,
                      "residual_norm": 6.6807700478682506e-12,
                      "rhs_norm": 6865.31353814875,
                      "solver_iterations": 0
                    },
                    {
                      "element_count": 48,
                      "elements_per_original_element": 4,
                      "matrix_non_zero_count": 1799,
                      "node_count": 65,
                      "relative_residual": 4.2558441659226795e-15,
                      "residual_norm": 2.25650649190034e-11,
                      "rhs_norm": 5302.13608376124,
                      "solver_iterations": 0
                    },
                    {
                      "element_count": 192,
                      "elements_per_original_element": 8,
                      "matrix_non_zero_count": 7030,
                      "node_count": 225,
                      "relative_residual": 1.6743876108224313e-14,
                      "residual_norm": 6.523524421341476e-11,
                      "rhs_norm": 3896.0658686056754,
                      "solver_iterations": 0
                    }
                  ],
                  "solver_path": "dense_direct",
                  "status": "pass"
                },
                {
                  "label": "interface_graded_full_edge_clamp",
                  "max_relative_residual": 3.5283059626930746e-14,
                  "samples": [
                    {
                      "element_count": 3,
                      "elements_per_original_element": 1,
                      "matrix_non_zero_count": 112,
                      "node_count": 8,
                      "relative_residual": 1.7059641027631624e-16,
                      "residual_norm": 1.1538222237019829e-12,
                      "rhs_norm": 6763.461328600811,
                      "solver_iterations": 0
                    },
                    {
                      "element_count": 12,
                      "elements_per_original_element": 2,
                      "matrix_non_zero_count": 444,
                      "node_count": 21,
                      "relative_residual": 6.320162897719419e-16,
                      "residual_norm": 4.206959215903576e-12,
                      "rhs_norm": 6656.409469163562,
                      "solver_iterations": 0
                    },
                    {
                      "element_count": 48,
                      "elements_per_original_element": 4,
                      "matrix_non_zero_count": 1748,
                      "node_count": 65,
                      "relative_residual": 5.968810278120533e-15,
                      "residual_norm": 3.463069320911804e-11,
                      "rhs_norm": 5801.94236296326,
                      "solver_iterations": 0
                    },
                    {
                      "element_count": 192,
                      "elements_per_original_element": 8,
                      "matrix_non_zero_count": 6948,
                      "node_count": 225,
                      "relative_residual": 3.5283059626930746e-14,
                      "residual_norm": 1.5448601046697188e-10,
                      "rhs_norm": 4378.475452538598,
                      "solver_iterations": 0
                    }
                  ],
                  "solver_path": "dense_direct",
                  "status": "pass"
                }
              ],
              "status": "pass"
            },
            "convergence_tolerance": 0.02,
            "diagnostic_metrics": [
              "max_von_mises_stress_pa"
            ],
            "finest_pair_displacement_relative_change": 0.00269337046272527,
            "finest_pair_peak_stress_relative_change": 0.2596870324775091,
            "finest_pair_strain_energy_relative_change": 0.13200394712045568,
            "method": "structured_quad_h_refinement_preserving_piecewise_linear_temperature_full_edge_clamp",
            "pass_metrics": [
              "max_displacement_m",
              "total_strain_energy_j"
            ],
            "refinement_levels": [
              1,
              2,
              4,
              8
            ],
            "regime_assessment": {
              "diagnosis": "pass_metrics_lack_qualified_discretization_uncertainty",
              "gci_safety_factor": 1.25,
              "method": "four_level_constant_ratio_observed_order_and_fine_grid_gci",
              "metrics": [
                {
                  "coarse_triplet_observed_order": 3.8927746724825454,
                  "fine_grid_gci": null,
                  "fine_triplet_observed_order": 0.1949862166638585,
                  "metric": "max_displacement_m",
                  "observed_order_relative_difference": 0.9499107364106668,
                  "qualification_role": "pass_metric",
                  "regime": "oscillatory",
                  "richardson_extrapolated_value": null,
                  "unit": "m"
                },
                {
                  "coarse_triplet_observed_order": 1.0846326699697657,
                  "fine_grid_gci": 0.1273529011593147,
                  "fine_triplet_observed_order": 1.3177048955277642,
                  "metric": "total_strain_energy_j",
                  "observed_order_relative_difference": 0.17687740733834725,
                  "qualification_role": "pass_metric",
                  "regime": "asymptotic_converging",
                  "richardson_extrapolated_value": 0.013427103085830536,
                  "unit": "J"
                },
                {
                  "coarse_triplet_observed_order": 0.0442535037639532,
                  "fine_grid_gci": null,
                  "fine_triplet_observed_order": -0.2660583296220374,
                  "metric": "max_von_mises_stress_pa",
                  "observed_order_relative_difference": 1.166330081929101,
                  "qualification_role": "diagnostic_metric",
                  "regime": "monotonic_diverging",
                  "richardson_extrapolated_value": null,
                  "unit": "Pa"
                }
              ],
              "order_consistency_tolerance": 0.25,
              "qualification_effect": "gci_gates_require_asymptotic_pass_metric_evidence",
              "qualification_tolerance": 0.02,
              "refinement_ratio": 2.0,
              "schema_version": "kyuubiki.composite-thermal-convergence-regime/v1",
              "status": "fail"
            },
            "samples": [
              {
                "displacement_relative_change": null,
                "element_count": 3,
                "elements_per_original_element": 1,
                "max_displacement_m": 0.00011052819623454826,
                "max_von_mises_stress_pa": 48371922.88461293,
                "node_count": 8,
                "peak_stress_relative_change": null,
                "strain_energy_relative_change": null,
                "total_strain_energy_j": 0.03491104136609608
              },
              {
                "displacement_relative_change": 0.04403448687927614,
                "element_count": 12,
                "elements_per_original_element": 2,
                "max_displacement_m": 0.000105661143827668,
                "max_von_mises_stress_pa": 84076692.63766387,
                "node_count": 21,
                "peak_stress_relative_change": 0.4246690567018838,
                "strain_energy_relative_change": 0.34429531121793044,
                "total_strain_energy_j": 0.022891333514013987
              },
              {
                "displacement_relative_change": 0.003091463241845271,
                "element_count": 48,
                "elements_per_original_element": 4,
                "max_displacement_m": 0.00010598880432027124,
                "max_von_mises_stress_pa": 118702874.42700624,
                "node_count": 65,
                "peak_stress_relative_change": 0.29170466137814544,
                "strain_energy_relative_change": 0.24758016678124156,
                "total_strain_energy_j": 0.01722389334476938
              },
              {
                "displacement_relative_change": 0.00269337046272527,
                "element_count": 192,
                "elements_per_original_element": 8,
                "max_displacement_m": 0.00010627504238034332,
                "max_von_mises_stress_pa": 160341476.69228828,
                "node_count": 225,
                "peak_stress_relative_change": 0.2596870324775091,
                "strain_energy_relative_change": 0.13200394712045568,
                "total_strain_energy_j": 0.014950271438478074
              }
            ],
            "schema_version": "kyuubiki.composite-thermal-mesh-convergence/v1",
            "status": "fail"
          },
          "thermal_stress_recovery": {
            "convergence_tolerance": 0.02,
            "diagnostic_metrics": [
              "max_stress_pa",
              "max_to_p95_ratio"
            ],
            "finest_pair_max_relative_change": 0.2596870324775091,
            "finest_pair_p95_relative_change": 0.297579972540294,
            "finest_pair_rms_relative_change": 0.016139856924284993,
            "method": "uniform_mesh_element_area_weighted_von_mises_p95_and_rms",
            "pass_metrics": [
              "area_weighted_rms_stress_pa",
              "area_weighted_p95_stress_pa"
            ],
            "refinement_levels": [
              1,
              2,
              4,
              8
            ],
            "samples": [
              {
                "element_count": 3,
                "elements_per_original_element": 1,
                "max_relative_change": null,
                "p95_relative_change": null,
                "rms_relative_change": null,
                "statistics": {
                  "area_weighted_mean_stress_pa": 17071443.833478954,
                  "area_weighted_p95_stress_pa": 48371922.88461293,
                  "area_weighted_rms_stress_pa": 27960186.797649324,
                  "max_stress_pa": 48371922.88461293,
                  "max_to_p95_ratio": 1.0
                }
              },
              {
                "element_count": 12,
                "elements_per_original_element": 2,
                "max_relative_change": 0.4246690567018838,
                "p95_relative_change": 0.4246690567018838,
                "rms_relative_change": 0.19799824703596677,
                "statistics": {
                  "area_weighted_mean_stress_pa": 17300808.102436285,
                  "area_weighted_p95_stress_pa": 84076692.63766387,
                  "area_weighted_rms_stress_pa": 34862999.60606599,
                  "max_stress_pa": 84076692.63766387,
                  "max_to_p95_ratio": 1.0
                }
              },
              {
                "element_count": 48,
                "elements_per_original_element": 4,
                "max_relative_change": 0.29170466137814544,
                "p95_relative_change": 0.2452691763111192,
                "rms_relative_change": 0.021368931164268704,
                "statistics": {
                  "area_weighted_mean_stress_pa": 13686175.344757024,
                  "area_weighted_p95_stress_pa": 111399574.52211124,
                  "area_weighted_rms_stress_pa": 34118014.56730404,
                  "max_stress_pa": 118702874.42700624,
                  "max_to_p95_ratio": 1.0655594955027894
                }
              },
              {
                "element_count": 192,
                "elements_per_original_element": 8,
                "max_relative_change": 0.2596870324775091,
                "p95_relative_change": 0.297579972540294,
                "rms_relative_change": 0.016139856924284993,
                "statistics": {
                  "area_weighted_mean_stress_pa": 12572397.162778484,
                  "area_weighted_p95_stress_pa": 78249292.19482094,
                  "area_weighted_rms_stress_pa": 33567354.69364708,
                  "max_stress_pa": 160341476.69228828,
                  "max_to_p95_ratio": 2.0491108889915397
                }
              }
            ],
            "schema_version": "kyuubiki.composite-thermal-stress-recovery/v1",
            "status": "fail"
          }
        },
        "status": "completed"
      },
      "requires_confirmation": false
    },
    {
      "index": 4,
      "action": "solve_composite_thermo_electric_panel",
      "risk": "normal",
      "status": "executed",
      "payload": {
        "electric_conduction_feedback": {
          "parameter_source": "screening_reference_not_material_card",
          "regions": [
            {
              "element_id": "conductor_left",
              "reference_resistivity_ohm_m": 2.82e-8,
              "reference_temperature_c": 35.0,
              "resistivity_temperature_coefficient_1_k": 0.00403
            }
          ]
        },
        "electric_conduction_model": {
          "contact_interfaces": [],
          "elements": [
            {
              "electrical_conductivity_s_m": 35460992.90780142,
              "id": "conductor_left",
              "node_i": 0,
              "node_j": 1,
              "node_k": 2,
              "node_l": 3,
              "thickness": 0.001
            }
          ],
          "nodes": [
            {
              "current_source_a": 0.0,
              "electric_potential_v": 0.0,
              "fix_electric_potential": true,
              "id": "n0",
              "x": 0.0,
              "y": 0.0
            },
            {
              "current_source_a": 0.0,
              "electric_potential_v": 0.000056399999999999995,
              "fix_electric_potential": true,
              "id": "n1",
              "x": 0.03,
              "y": 0.0
            },
            {
              "current_source_a": 0.0,
              "electric_potential_v": 0.000056399999999999995,
              "fix_electric_potential": true,
              "id": "n5",
              "x": 0.03,
              "y": 0.03
            },
            {
              "current_source_a": 0.0,
              "electric_potential_v": 0.0,
              "fix_electric_potential": true,
              "id": "n4",
              "x": 0.0,
              "y": 0.03
            }
          ],
          "terminals": []
        },
        "electrostatic_model": {
          "elements": [
            {
              "id": "conductor_left",
              "node_i": 0,
              "node_j": 1,
              "node_k": 5,
              "node_l": 4,
              "permittivity": 1.0,
              "thickness": 0.001
            },
            {
              "id": "dielectric_core",
              "node_i": 1,
              "node_j": 2,
              "node_k": 6,
              "node_l": 5,
              "permittivity": 9.8,
              "thickness": 0.001
            },
            {
              "id": "substrate_right",
              "node_i": 2,
              "node_j": 3,
              "node_k": 7,
              "node_l": 6,
              "permittivity": 4.2,
              "thickness": 0.001
            }
          ],
          "nodes": [
            {
              "charge_density": 0.0,
              "fix_potential": true,
              "id": "n0",
              "potential": 0.0,
              "x": 0.0,
              "y": 0.0
            },
            {
              "charge_density": 0.0,
              "fix_potential": false,
              "id": "n1",
              "potential": 0.0,
              "x": 0.03,
              "y": 0.0
            },
            {
              "charge_density": 0.0,
              "fix_potential": false,
              "id": "n2",
              "potential": 0.0,
              "x": 0.06,
              "y": 0.0
            },
            {
              "charge_density": 0.0,
              "fix_potential": true,
              "id": "n3",
              "potential": 7961,
              "x": 0.09,
              "y": 0.0
            },
            {
              "charge_density": 0.0,
              "fix_potential": true,
              "id": "n4",
              "potential": 0.0,
              "x": 0.0,
              "y": 0.03
            },
            {
              "charge_density": 0.0,
              "fix_potential": false,
              "id": "n5",
              "potential": 0.0,
              "x": 0.03,
              "y": 0.03
            },
            {
              "charge_density": 0.0,
              "fix_potential": false,
              "id": "n6",
              "potential": 0.0,
              "x": 0.06,
              "y": 0.03
            },
            {
              "charge_density": 0.0,
              "fix_potential": true,
              "id": "n7",
              "potential": 7961,
              "x": 0.09,
              "y": 0.03
            }
          ]
        },
        "electrothermal_feedback": {
          "conductivity_relative_change_tolerance": 1e-9,
          "loss_relative_change_tolerance": 1e-9,
          "loss_tangent_temperature_coefficient_1_k": 0.001,
          "max_iterations": 12,
          "parameter_source": "screening_sensitivity_not_material_card",
          "relative_permittivity_temperature_coefficient_1_k": 0.0001,
          "relaxation_factor": 0.8,
          "temperature_residual_tolerance_c": 1e-7,
          "thermal_conductivity_models": [
            {
              "element_id": "conductor_left",
              "reference_temperature_c": 35.0,
              "temperature_coefficient_1_k": -0.001
            },
            {
              "element_id": "dielectric_core",
              "reference_temperature_c": 35.0,
              "temperature_coefficient_1_k": -0.002
            },
            {
              "element_id": "substrate_right",
              "reference_temperature_c": 35.0,
              "temperature_coefficient_1_k": -0.0012
            }
          ]
        },
        "electrothermal_loss": {
          "frequency_hz": 10000000.0,
          "loss_tangent": 0.0002,
          "reference_temperature_c": 35.0,
          "relative_permittivity": 9.8,
          "source_element_id": "dielectric_core"
        },
        "heat_model": {
          "elements": [
            {
              "conductivity": 167.0,
              "id": "conductor_left",
              "node_i": 0,
              "node_j": 1,
              "node_k": 5,
              "node_l": 4,
              "thickness": 0.001
            },
            {
              "conductivity": 0.25,
              "id": "dielectric_core",
              "node_i": 1,
              "node_j": 2,
              "node_k": 6,
              "node_l": 5,
              "thickness": 0.001
            },
            {
              "conductivity": 160.0,
              "id": "substrate_right",
              "node_i": 2,
              "node_j": 3,
              "node_k": 7,
              "node_l": 6,
              "thickness": 0.001
            }
          ],
          "nodes": [
            {
              "fix_temperature": false,
              "heat_load": 0.0,
              "id": "n0",
              "temperature": 35.0,
              "x": 0.0,
              "y": 0.0
            },
            {
              "fix_temperature": false,
              "heat_load": 0.0,
              "id": "n1",
              "temperature": 35.0,
              "x": 0.03,
              "y": 0.0
            },
            {
              "fix_temperature": false,
              "heat_load": 0.0,
              "id": "n2",
              "temperature": 35.0,
              "x": 0.06,
              "y": 0.0
            },
            {
              "fix_temperature": true,
              "heat_load": 0.0,
              "id": "n3",
              "temperature": 35.0,
              "x": 0.09,
              "y": 0.0
            },
            {
              "fix_temperature": false,
              "heat_load": 0.0,
              "id": "n4",
              "temperature": 35.0,
              "x": 0.0,
              "y": 0.03
            },
            {
              "fix_temperature": false,
              "heat_load": 0.0,
              "id": "n5",
              "temperature": 35.0,
              "x": 0.03,
              "y": 0.03
            },
            {
              "fix_temperature": false,
              "heat_load": 0.0,
              "id": "n6",
              "temperature": 35.0,
              "x": 0.06,
              "y": 0.03
            },
            {
              "fix_temperature": true,
              "heat_load": 0.0,
              "id": "n7",
              "temperature": 35.0,
              "x": 0.09,
              "y": 0.03
            }
          ]
        },
        "research": {
          "candidate_id": "aluminum_alumina_aluminum",
          "candidate_label": "Aluminum / Alumina / Aluminum",
          "coupling": "iterative_dielectric_and_conductor_joule_heating_with_temperature_dependent_electrical_thermal_feedback_and_expansion_projection",
          "materials": {
            "conductor": "aluminum",
            "dielectric": "alumina_96",
            "substrate": "aluminum_6061"
          },
          "study": "material.composite_thermo_electric_panel.v1"
        },
        "thermal_expansion_feedback": {
          "parameter_source": "screening_sensitivity_not_material_card",
          "regions": [
            {
              "element_id": "conductor_left",
              "reference_temperature_c": 35.0,
              "temperature_coefficient_1_k": 0.0002
            },
            {
              "element_id": "dielectric_core",
              "reference_temperature_c": 35.0,
              "temperature_coefficient_1_k": 0.0008
            },
            {
              "element_id": "substrate_right",
              "reference_temperature_c": 35.0,
              "temperature_coefficient_1_k": 0.0003
            }
          ]
        },
        "thermal_model": {
          "elements": [
            {
              "id": "conductor_left",
              "node_i": 0,
              "node_j": 1,
              "node_k": 5,
              "node_l": 4,
              "poisson_ratio": 0.32,
              "thermal_expansion": 0.000017,
              "thickness": 0.001,
              "youngs_modulus": 110000000000.0
            },
            {
              "id": "dielectric_core",
              "node_i": 1,
              "node_j": 2,
              "node_k": 6,
              "node_l": 5,
              "poisson_ratio": 0.32,
              "thermal_expansion": 0.000045,
              "thickness": 0.001,
              "youngs_modulus": 2500000000.0
            },
            {
              "id": "substrate_right",
              "node_i": 2,
              "node_j": 3,
              "node_k": 7,
              "node_l": 6,
              "poisson_ratio": 0.32,
              "thermal_expansion": 0.0000236,
              "thickness": 0.001,
              "youngs_modulus": 68900000000.0
            }
          ],
          "nodes": [
            {
              "fix_x": true,
              "fix_y": true,
              "id": "n0",
              "load_x": 0.0,
              "load_y": 0.0,
              "temperature_delta": 0.0,
              "x": 0.0,
              "y": 0.0
            },
            {
              "fix_x": false,
              "fix_y": false,
              "id": "n1",
              "load_x": 0.0,
              "load_y": 0.0,
              "temperature_delta": 0.0,
              "x": 0.03,
              "y": 0.0
            },
            {
              "fix_x": false,
              "fix_y": false,
              "id": "n2",
              "load_x": 0.0,
              "load_y": 0.0,
              "temperature_delta": 0.0,
              "x": 0.06,
              "y": 0.0
            },
            {
              "fix_x": false,
              "fix_y": false,
              "id": "n3",
              "load_x": 0.0,
              "load_y": 0.0,
              "temperature_delta": 0.0,
              "x": 0.09,
              "y": 0.0
            },
            {
              "fix_x": true,
              "fix_y": true,
              "id": "n4",
              "load_x": 0.0,
              "load_y": 0.0,
              "temperature_delta": 0.0,
              "x": 0.0,
              "y": 0.03
            },
            {
              "fix_x": false,
              "fix_y": false,
              "id": "n5",
              "load_x": 0.0,
              "load_y": 0.0,
              "temperature_delta": 0.0,
              "x": 0.03,
              "y": 0.03
            },
            {
              "fix_x": false,
              "fix_y": false,
              "id": "n6",
              "load_x": 0.0,
              "load_y": 0.0,
              "temperature_delta": 0.0,
              "x": 0.06,
              "y": 0.03
            },
            {
              "fix_x": false,
              "fix_y": false,
              "id": "n7",
              "load_x": 0.0,
              "load_y": 0.0,
              "temperature_delta": 0.0,
              "x": 0.09,
              "y": 0.03
            }
          ]
        }
      },
      "result_preview": {
        "job": {
          "created_at": "2026-08-13T10:46:29.995578Z",
          "execution_started_at": null,
          "execution_timeout_ms": 120000,
          "has_result": false,
          "iteration": null,
          "job_id": "bb7c25cf1b8f8709",
          "message": null,
          "model_version_id": null,
          "progress": 0.0,
          "project_id": "668c3e89f5d46128",
          "queue_timeout_ms": 1800000,
          "residual": null,
          "simulation_case_id": "397b8ad60ba640ba",
          "status": "queued",
          "status_detail": {
            "active": true,
            "failure_class": null,
            "lifecycle": "active",
            "recoverable": false,
            "terminal": false,
            "timing": {
              "effective_deadline": "2026-08-13T11:16:29.995578Z",
              "effective_timeout_ms": 1800000,
              "execution_elapsed_ms": null,
              "execution_started_at": null,
              "execution_timeout_ms": 120000,
              "job_submission_deadline": "2026-08-13T11:16:29.995578Z",
              "phase": "queue",
              "queue_timeout_ms": 1800000,
              "queue_wait_ms": 0,
              "total_elapsed_ms": 0
            }
          },
          "updated_at": "2026-08-13T10:46:29.995578Z",
          "worker_id": null
        },
        "job_id": "bb7c25cf1b8f8709",
        "progress": 0.0,
        "raw": {
          "job": {
            "created_at": "2026-08-13T10:46:29.995578Z",
            "execution_started_at": null,
            "execution_timeout_ms": 120000,
            "has_result": false,
            "iteration": null,
            "job_id": "bb7c25cf1b8f8709",
            "message": null,
            "model_version_id": null,
            "progress": 0.0,
            "project_id": "668c3e89f5d46128",
            "queue_timeout_ms": 1800000,
            "residual": null,
            "simulation_case_id": "397b8ad60ba640ba",
            "status": "queued",
            "status_detail": {
              "active": true,
              "failure_class": null,
              "lifecycle": "active",
              "recoverable": false,
              "terminal": false,
              "timing": {
                "effective_deadline": "2026-08-13T11:16:29.995578Z",
                "effective_timeout_ms": 1800000,
                "execution_elapsed_ms": null,
                "execution_started_at": null,
                "execution_timeout_ms": 120000,
                "job_submission_deadline": "2026-08-13T11:16:29.995578Z",
                "phase": "queue",
                "queue_timeout_ms": 1800000,
                "queue_wait_ms": 0,
                "total_elapsed_ms": 0
              }
            },
            "updated_at": "2026-08-13T10:46:29.995578Z",
            "worker_id": null
          }
        },
        "status": "queued"
      },
      "requires_confirmation": false
    },
    {
      "index": 5,
      "action": "job_wait",
      "risk": "normal",
      "status": "executed",
      "payload": {
        "interval_ms": 1000,
        "job_id": "bb7c25cf1b8f8709",
        "max_total_timeout_ms": 3600000,
        "resume_policy": "server_deadline",
        "timeout_ms": 60000
      },
      "result_preview": {
        "job": {
          "created_at": "2026-08-13T10:46:29.995578Z",
          "execution_started_at": "2026-08-13T10:46:29.999442Z",
          "execution_timeout_ms": 120000,
          "iteration": 4,
          "job_id": "bb7c25cf1b8f8709",
          "message": "collecting nodal and elemental responses",
          "model_version_id": null,
          "progress": 1.0,
          "project_id": "668c3e89f5d46128",
          "queue_timeout_ms": 1800000,
          "residual": 0.2,
          "simulation_case_id": "397b8ad60ba640ba",
          "status": "completed",
          "status_detail": {
            "active": false,
            "failure_class": null,
            "lifecycle": "terminal",
            "recoverable": false,
            "terminal": true,
            "timing": {
              "effective_deadline": "2026-08-13T10:48:29.999442Z",
              "effective_timeout_ms": 120000,
              "execution_elapsed_ms": 9064,
              "execution_started_at": "2026-08-13T10:46:29.999442Z",
              "execution_timeout_ms": 120000,
              "job_submission_deadline": "2026-08-13T11:16:29.995578Z",
              "phase": "execution",
              "queue_timeout_ms": 1800000,
              "queue_wait_ms": 3,
              "total_elapsed_ms": 9068
            }
          },
          "updated_at": "2026-08-13T10:46:39.064434Z",
          "worker_id": "rust-agent-rpc@127.0.0.1:5002"
        },
        "job_id": "bb7c25cf1b8f8709",
        "progress": 1.0,
        "raw": {
          "job": {
            "created_at": "2026-08-13T10:46:29.995578Z",
            "execution_started_at": "2026-08-13T10:46:29.999442Z",
            "execution_timeout_ms": 120000,
            "iteration": 4,
            "job_id": "bb7c25cf1b8f8709",
            "message": "collecting nodal and elemental responses",
            "model_version_id": null,
            "progress": 1.0,
            "project_id": "668c3e89f5d46128",
            "queue_timeout_ms": 1800000,
            "residual": 0.2,
            "simulation_case_id": "397b8ad60ba640ba",
            "status": "completed",
            "status_detail": {
              "active": false,
              "failure_class": null,
              "lifecycle": "terminal",
              "recoverable": false,
              "terminal": true,
              "timing": {
                "effective_deadline": "2026-08-13T10:48:29.999442Z",
                "effective_timeout_ms": 120000,
                "execution_elapsed_ms": 9064,
                "execution_started_at": "2026-08-13T10:46:29.999442Z",
                "execution_timeout_ms": 120000,
                "job_submission_deadline": "2026-08-13T11:16:29.995578Z",
                "phase": "execution",
                "queue_timeout_ms": 1800000,
                "queue_wait_ms": 3,
                "total_elapsed_ms": 9068
              }
            },
            "updated_at": "2026-08-13T10:46:39.064434Z",
            "worker_id": "rust-agent-rpc@127.0.0.1:5002"
          }
        },
        "result": null,
        "status": "completed",
        "wait": {
          "elapsed_ms": 9114,
          "policy": "server_deadline",
          "poll_attempts": 10,
          "resume_count": 0
        }
      },
      "requires_confirmation": false
    },
    {
      "index": 6,
      "action": "result_fetch",
      "risk": "normal",
      "status": "executed",
      "payload": {
        "job_id": "bb7c25cf1b8f8709"
      },
      "result_preview": {
        "job": {
          "created_at": "2026-08-13T10:46:29.995578Z",
          "execution_started_at": "2026-08-13T10:46:29.999442Z",
          "execution_timeout_ms": 120000,
          "has_result": true,
          "iteration": 4,
          "job_id": "bb7c25cf1b8f8709",
          "message": "collecting nodal and elemental responses",
          "model_version_id": null,
          "progress": 1.0,
          "project_id": "668c3e89f5d46128",
          "queue_timeout_ms": 1800000,
          "residual": 0.2,
          "simulation_case_id": "397b8ad60ba640ba",
          "status": "completed",
          "status_detail": {
            "active": false,
            "failure_class": null,
            "lifecycle": "terminal",
            "recoverable": false,
            "terminal": true,
            "timing": {
              "effective_deadline": "2026-08-13T10:48:29.999442Z",
              "effective_timeout_ms": 120000,
              "execution_elapsed_ms": 9064,
              "execution_started_at": "2026-08-13T10:46:29.999442Z",
              "execution_timeout_ms": 120000,
              "job_submission_deadline": "2026-08-13T11:16:29.995578Z",
              "phase": "execution",
              "queue_timeout_ms": 1800000,
              "queue_wait_ms": 3,
              "total_elapsed_ms": 9068
            }
          },
          "updated_at": "2026-08-13T10:46:39.064434Z",
          "worker_id": "rust-agent-rpc@127.0.0.1:5002"
        },
        "job_id": "bb7c25cf1b8f8709",
        "result": {
          "electric_conduction": {
            "contact_interfaces": [],
            "current_balance_relative_error": 0.0,
            "elements": [
              {
                "area_m2": 0.0009,
                "average_electric_potential_v": 0.0000282,
                "current_density_magnitude_a_m2": 66331.0138175741,
                "current_density_x_a_m2": -66331.0138175741,
                "current_density_y_a_m2": -0.0,
                "electric_field_magnitude_v_m": 0.00188,
                "electric_field_x_v_m": -0.00188,
                "electric_field_y_v_m": -0.0,
                "electric_potential_gradient_x_v_m": 0.00188,
                "electric_potential_gradient_y_v_m": 0.0,
                "id": "conductor_left",
                "index": 0,
                "joule_power_w": 0.0001122320753793354,
                "node_i": 0,
                "node_j": 1,
                "node_k": 2,
                "node_l": 3,
                "peak_current_density_magnitude_a_m2": 66331.0138175741,
                "peak_electric_field_magnitude_v_m": 0.00188,
                "rms_current_density_magnitude_a_m2": 66331.0138175741,
                "rms_electric_field_magnitude_v_m": 0.00188,
                "volumetric_joule_heating_w_m3": 124.70230597703932
              }
            ],
            "free_current_residual_relative_error": 0.0,
            "input": {
              "contact_interfaces": [],
              "elements": [
                {
                  "electrical_conductivity_s_m": 35282454.1582841,
                  "id": "conductor_left",
                  "node_i": 0,
                  "node_j": 1,
                  "node_k": 2,
                  "node_l": 3,
                  "thickness": 0.001
                }
              ],
              "nodes": [
                {
                  "current_source_a": 0.0,
                  "electric_potential_v": 0.0,
                  "fix_electric_potential": true,
                  "id": "n0",
                  "x": 0.0,
                  "y": 0.0
                },
                {
                  "current_source_a": 0.0,
                  "electric_potential_v": 0.000056399999999999995,
                  "fix_electric_potential": true,
                  "id": "n1",
                  "x": 0.03,
                  "y": 0.0
                },
                {
                  "current_source_a": 0.0,
                  "electric_potential_v": 0.000056399999999999995,
                  "fix_electric_potential": true,
                  "id": "n5",
                  "x": 0.03,
                  "y": 0.03
                },
                {
                  "current_source_a": 0.0,
                  "electric_potential_v": 0.0,
                  "fix_electric_potential": true,
                  "id": "n4",
                  "x": 0.0,
                  "y": 0.03
                }
              ],
              "terminals": []
            },
            "max_current_density_a_m2": 66331.0138175741,
            "max_electric_field_v_m": 0.00188,
            "max_electric_potential_v": 0.000056399999999999995,
            "max_free_current_residual_a": 0.0,
            "nodes": [
              {
                "current_source_a": 0.0,
                "electric_potential_v": 0.0,
                "fix_electric_potential": true,
                "id": "n0",
                "index": 0,
                "net_injected_current_a": -0.9949652072636116,
                "reaction_current_a": -0.9949652072636116,
                "x": 0.0,
                "y": 0.0
              },
              {
                "current_source_a": 0.0,
                "electric_potential_v": 0.000056399999999999995,
                "fix_electric_potential": true,
                "id": "n1",
                "index": 1,
                "net_injected_current_a": 0.9949652072636116,
                "reaction_current_a": 0.9949652072636116,
                "x": 0.03,
                "y": 0.0
              },
              {
                "current_source_a": 0.0,
                "electric_potential_v": 0.000056399999999999995,
                "fix_electric_potential": true,
                "id": "n5",
                "index": 2,
                "net_injected_current_a": 0.9949652072636116,
                "reaction_current_a": 0.9949652072636116,
                "x": 0.03,
                "y": 0.03
              },
              {
                "current_source_a": 0.0,
                "electric_potential_v": 0.0,
                "fix_electric_potential": true,
                "id": "n4",
                "index": 3,
                "net_injected_current_a": -0.9949652072636116,
                "reaction_current_a": -0.9949652072636116,
                "x": 0.0,
                "y": 0.03
              }
            ],
            "power_balance_relative_error": 0.0,
            "source_power_balance_relative_error": 0.0,
            "terminals": [],
            "total_bulk_joule_power_w": 0.0001122320753793354,
            "total_contact_joule_power_w": -0.0,
            "total_dissipated_power_w": 0.0001122320753793354,
            "total_electrical_input_power_w": 0.0001122320753793354,
            "total_extracted_current_a": 1.9899304145272232,
            "total_injected_current_a": 1.9899304145272232,
            "total_joule_power_w": 0.0001122320753793354,
            "total_source_power_w": 0.0001122320753793354,
            "total_terminal_impedance_power_w": -0.0
          },
          "electrostatic": {
            "elements": [
              {
                "area": 0.0009,
                "average_potential": 2970.235044543228,
                "electric_energy_density": 19605102710.739365,
                "electric_field_magnitude": 198015.66963621523,
                "electric_field_x": -198015.66963621523,
                "electric_field_y": -0.0,
                "electric_flux_density_magnitude": 198015.66963621523,
                "electric_flux_density_x": -198015.66963621523,
                "electric_flux_density_y": -0.0,
                "id": "conductor_left",
                "index": 0,
                "node_i": 0,
                "node_j": 1,
                "node_k": 5,
                "node_l": 4,
                "potential_gradient_x": 198015.66963621523,
                "potential_gradient_y": 0.0,
                "stored_energy": 17644.59243966543
              },
              {
                "area": 0.0009,
                "average_potential": 6243.536224413887,
                "electric_energy_density": 2000394791.0306988,
                "electric_field_magnitude": 20204.40902182872,
                "electric_field_x": -20204.40902182872,
                "electric_field_y": 1.4551915228366852e-11,
                "electric_flux_density_magnitude": 198015.669636215,
                "electric_flux_density_x": -198015.669636215,
                "electric_flux_density_y": 1.4261774424192927e-10,
                "id": "dielectric_core",
                "index": 1,
                "node_i": 1,
                "node_j": 2,
                "node_k": 6,
                "node_l": 5,
                "potential_gradient_x": 20204.40902182872,
                "potential_gradient_y": -1.4551915228366852e-11,
                "stored_energy": 1800.355311927629
              },
              {
                "area": 0.0009,
                "average_potential": 7253.801179870659,
                "electric_energy_density": 4667881597.795099,
                "electric_field_magnitude": 47146.58800862273,
                "electric_field_x": -47146.58800862273,
                "electric_field_y": 1.4551915228366852e-11,
                "electric_flux_density_magnitude": 198015.6696362155,
                "electric_flux_density_x": -198015.6696362155,
                "electric_flux_density_y": 6.111804395914078e-11,
                "id": "substrate_right",
                "index": 2,
                "node_i": 2,
                "node_j": 3,
                "node_k": 7,
                "node_l": 6,
                "potential_gradient_x": 47146.58800862273,
                "potential_gradient_y": -1.4551915228366852e-11,
                "stored_energy": 4201.0934380155895
              }
            ],
            "input": {
              "elements": [
                {
                  "id": "conductor_left",
                  "node_i": 0,
                  "node_j": 1,
                  "node_k": 5,
                  "node_l": 4,
                  "permittivity": 1.0,
                  "thickness": 0.001
                },
                {
                  "id": "dielectric_core",
                  "node_i": 1,
                  "node_j": 2,
                  "node_k": 6,
                  "node_l": 5,
                  "permittivity": 9.800616757574057,
                  "thickness": 0.001
                },
                {
                  "id": "substrate_right",
                  "node_i": 2,
                  "node_j": 3,
                  "node_k": 7,
                  "node_l": 6,
                  "permittivity": 4.2,
                  "thickness": 0.001
                }
              ],
              "nodes": [
                {
                  "charge_density": 0.0,
                  "fix_potential": true,
                  "id": "n0",
                  "potential": 0.0,
                  "x": 0.0,
                  "y": 0.0
                },
                {
                  "charge_density": 0.0,
                  "fix_potential": false,
                  "id": "n1",
                  "potential": 0.0,
                  "x": 0.03,
                  "y": 0.0
                },
                {
                  "charge_density": 0.0,
                  "fix_potential": false,
                  "id": "n2",
                  "potential": 0.0,
                  "x": 0.06,
                  "y": 0.0
                },
                {
                  "charge_density": 0.0,
                  "fix_potential": true,
                  "id": "n3",
                  "potential": 7961.0,
                  "x": 0.09,
                  "y": 0.0
                },
                {
                  "charge_density": 0.0,
                  "fix_potential": true,
                  "id": "n4",
                  "potential": 0.0,
                  "x": 0.0,
                  "y": 0.03
                },
                {
                  "charge_density": 0.0,
                  "fix_potential": false,
                  "id": "n5",
                  "potential": 0.0,
                  "x": 0.03,
                  "y": 0.03
                },
                {
                  "charge_density": 0.0,
                  "fix_potential": false,
                  "id": "n6",
                  "potential": 0.0,
                  "x": 0.06,
                  "y": 0.03
                },
                {
                  "charge_density": 0.0,
                  "fix_potential": true,
                  "id": "n7",
                  "potential": 7961.0,
                  "x": 0.09,
                  "y": 0.03
                }
              ]
            },
            "max_electric_energy_density": 19605102710.739365,
            "max_electric_field": 198015.66963621523,
            "max_flux_density": 198015.6696362155,
            "max_potential": 7961.0,
            "nodes": [
              {
                "charge_density": 0.0,
                "id": "n0",
                "index": 0,
                "potential": 0.0,
                "x": 0.0,
                "y": 0.0
              },
              {
                "charge_density": 0.0,
                "id": "n1",
                "index": 1,
                "potential": 5940.470089086456,
                "x": 0.03,
                "y": 0.0
              },
              {
                "charge_density": 0.0,
                "id": "n2",
                "index": 2,
                "potential": 6546.602359741319,
                "x": 0.06,
                "y": 0.0
              },
              {
                "charge_density": 0.0,
                "id": "n3",
                "index": 3,
                "potential": 7961.0,
                "x": 0.09,
                "y": 0.0
              },
              {
                "charge_density": 0.0,
                "id": "n4",
                "index": 4,
                "potential": 0.0,
                "x": 0.0,
                "y": 0.03
              },
              {
                "charge_density": 0.0,
                "id": "n5",
                "index": 5,
                "potential": 5940.470089086456,
                "x": 0.03,
                "y": 0.03
              },
              {
                "charge_density": 0.0,
                "id": "n6",
                "index": 6,
                "potential": 6546.602359741318,
                "x": 0.06,
                "y": 0.03
              },
              {
                "charge_density": 0.0,
                "id": "n7",
                "index": 7,
                "potential": 7961.0,
                "x": 0.09,
                "y": 0.03
              }
            ],
            "total_stored_energy": 23646.041189608648
          },
          "electrostatic_mesh_convergence": {
            "finest_pair_relative_change": 1.2513432222071534e-14,
            "max_analytic_relative_error": 7.845555555555555,
            "method": "structured_quad_h_refinement",
            "refinement_levels": [
              1,
              2,
              4,
              8
            ],
            "relative_error_tolerance": 1e-8,
            "samples": [
              {
                "analytic_relative_error": 7.845555555555555,
                "element_count": 3,
                "elements_per_layer": 1,
                "max_electric_field_v_m": 198015.66963621523,
                "node_count": 8,
                "relative_change_from_previous": null
              },
              {
                "analytic_relative_error": 3.250242135602996e-16,
                "element_count": 6,
                "elements_per_layer": 2,
                "max_electric_field_v_m": 22385.89406765402,
                "node_count": 14,
                "relative_change_from_previous": 7.845555555555556
              },
              {
                "analytic_relative_error": 9.750726406808988e-16,
                "element_count": 12,
                "elements_per_layer": 4,
                "max_electric_field_v_m": 22385.894067654048,
                "node_count": 26,
                "relative_change_from_previous": 1.3000968542411984e-15
              },
              {
                "analytic_relative_error": 1.1538359581390636e-14,
                "element_count": 24,
                "elements_per_layer": 8,
                "max_electric_field_v_m": 22385.894067653768,
                "node_count": 50,
                "relative_change_from_previous": 1.2513432222071534e-14
              }
            ],
            "schema_version": "kyuubiki.composite-electrostatic-mesh-convergence/v1",
            "status": "fail"
          },
          "electrothermal_feedback_convergence": {
            "conductivity_relative_change_tolerance": 1e-9,
            "converged": true,
            "final_loss_relative_change": 5.3001774330461266e-11,
            "final_max_conductivity_relative_change": 1.0251168822350872e-10,
            "final_temperature_residual_c": 2.5524542479615775e-8,
            "iteration_count": 12,
            "iterations": [
              {
                "converged": false,
                "coupling_temperature_c": 35.0,
                "dielectric_mean_temperature_c": 35.62946355190921,
                "iteration": 1,
                "loss_relative_change": null,
                "loss_tangent": 0.0002,
                "max_conductivity_relative_change": null,
                "max_temperature_c": 36.25605573798481,
                "relative_permittivity": 9.8,
                "temperature_residual_c": 1.2558868757093578,
                "thermal_conductivity_updates": [
                  {
                    "conductivity_relative_change": null,
                    "conductivity_w_mk": 167.0,
                    "coupling_temperature_c": 35.0,
                    "element_id": "conductor_left",
                    "measured_mean_temperature_c": 36.25588687570936
                  },
                  {
                    "conductivity_relative_change": null,
                    "conductivity_w_mk": 0.25,
                    "coupling_temperature_c": 35.0,
                    "element_id": "dielectric_core",
                    "measured_mean_temperature_c": 35.62946355190921
                  },
                  {
                    "conductivity_relative_change": null,
                    "conductivity_w_mk": 160.0,
                    "coupling_temperature_c": 35.0,
                    "element_id": "substrate_right",
                    "measured_mean_temperature_c": 35.00160454519226
                  }
                ],
                "total_joule_loss_w": 0.00011280000000000002,
                "total_loss_w": 0.0004006544615213762
              },
              {
                "converged": false,
                "coupling_temperature_c": 35.50357084152737,
                "dielectric_mean_temperature_c": 35.62936738025677,
                "iteration": 2,
                "loss_relative_change": 0.0005263102975484058,
                "loss_tangent": 0.00020010071416830548,
                "max_conductivity_relative_change": 0.001007141683054713,
                "max_temperature_c": 36.25586405507797,
                "relative_permittivity": 9.800493499424698,
                "temperature_residual_c": 0.2509862040543851,
                "thermal_conductivity_updates": [
                  {
                    "conductivity_relative_change": 0.0010047095005674494,
                    "conductivity_w_mk": 166.83221351340524,
                    "coupling_temperature_c": 36.004709500567486,
                    "element_id": "conductor_left",
                    "measured_mean_temperature_c": 36.25569570462187
                  },
                  {
                    "conductivity_relative_change": 0.001007141683054713,
                    "conductivity_w_mk": 0.24974821457923632,
                    "coupling_temperature_c": 35.50357084152737,
                    "element_id": "dielectric_core",
                    "measured_mean_temperature_c": 35.62936738025677
                  },
                  {
                    "conductivity_relative_change": 1.5403633845778586e-6,
                    "conductivity_w_mk": 159.99975354185847,
                    "coupling_temperature_c": 35.00128363615381,
                    "element_id": "substrate_right",
                    "measured_mean_temperature_c": 35.001603703173885
                  }
                ],
                "total_joule_loss_w": 0.0001123451169484479,
                "total_loss_w": 0.00040083910820250745
              },
              {
                "converged": false,
                "coupling_temperature_c": 35.604208072510886,
                "dielectric_mean_temperature_c": 35.62934901817956,
                "iteration": 3,
                "loss_relative_change": 0.00010438478869775374,
                "loss_tangent": 0.0002001208416145022,
                "max_conductivity_relative_change": 0.0002014773782328601,
                "max_temperature_c": 36.25582746124123,
                "relative_permittivity": 9.80059212391106,
                "temperature_residual_c": 0.05016074872480658,
                "thermal_conductivity_updates": [
                  {
                    "conductivity_relative_change": 0.0002009909007109635,
                    "conductivity_w_mk": 166.79868175654357,
                    "coupling_temperature_c": 36.205498463811,
                    "element_id": "conductor_left",
                    "measured_mean_temperature_c": 36.25565921253581
                  },
                  {
                    "conductivity_relative_change": 0.0002014773782328601,
                    "conductivity_w_mk": 0.24969789596374456,
                    "coupling_temperature_c": 35.604208072510886,
                    "element_id": "dielectric_core",
                    "measured_mean_temperature_c": 35.62934901817956
                  },
                  {
                    "conductivity_relative_change": 3.072648126048576e-7,
                    "conductivity_w_mk": 159.99970437956418,
                    "coupling_temperature_c": 35.00153968976987,
                    "element_id": "substrate_right",
                    "measured_mean_temperature_c": 35.001603536264376
                  }
                ],
                "total_joule_loss_w": 0.0001122546490876658,
                "total_loss_w": 0.0004008760074363842
              },
              {
                "converged": false,
                "coupling_temperature_c": 35.62432082904583,
                "dielectric_mean_temperature_c": 35.62934538247674,
                "iteration": 4,
                "loss_relative_change": 0.00002083010773695033,
                "loss_tangent": 0.00020012486416580915,
                "max_conductivity_relative_change": 0.00004027418104052162,
                "max_temperature_c": 36.25582021581454,
                "relative_permittivity": 9.800611834412466,
                "temperature_residual_c": 0.010024924632332954,
                "thermal_conductivity_updates": [
                  {
                    "conductivity_relative_change": 0.00004017703233059402,
                    "conductivity_w_mk": 166.79198028051394,
                    "coupling_temperature_c": 36.245627062790845,
                    "element_id": "conductor_left",
                    "measured_mean_temperature_c": 36.25565198742318
                  },
                  {
                    "conductivity_relative_change": 0.00004027418104052162,
                    "conductivity_w_mk": 0.24968783958547708,
                    "coupling_temperature_c": 35.62432082904583,
                    "element_id": "dielectric_core",
                    "measured_mean_temperature_c": 35.62934538247674
                  },
                  {
                    "conductivity_relative_change": 6.129274785836692e-8,
                    "conductivity_w_mk": 159.99969457274264,
                    "coupling_temperature_c": 35.00159076696548,
                    "element_id": "substrate_right",
                    "measured_mean_temperature_c": 35.001603502960826
                  }
                ],
                "total_joule_loss_w": 0.00011223658613562308,
                "total_loss_w": 0.00040088338182156833
              },
              {
                "converged": false,
                "coupling_temperature_c": 35.62834047179056,
                "dielectric_mean_temperature_c": 35.62934465720159,
                "iteration": 5,
                "loss_relative_change": 4.161763765110617e-6,
                "loss_tangent": 0.00020012566809435813,
                "max_conductivity_relative_change": 8.049336225956834e-6,
                "max_temperature_c": 36.25581877045376,
                "relative_permittivity": 9.800615773662356,
                "temperature_residual_c": 0.0020035436247312077,
                "thermal_conductivity_updates": [
                  {
                    "conductivity_relative_change": 8.029942018995238e-6,
                    "conductivity_w_mk": 166.79064095058305,
                    "coupling_temperature_c": 36.25364700249671,
                    "element_id": "conductor_left",
                    "measured_mean_temperature_c": 36.25565054612144
                  },
                  {
                    "conductivity_relative_change": 8.049336225956834e-6,
                    "conductivity_w_mk": 0.24968582976410472,
                    "coupling_temperature_c": 35.62834047179056,
                    "element_id": "dielectric_core",
                    "measured_mean_temperature_c": 35.62934465720159
                  },
                  {
                    "conductivity_relative_change": 1.2226578929754471e-8,
                    "conductivity_w_mk": 159.99969261649375,
                    "coupling_temperature_c": 35.00160095576176,
                    "element_id": "substrate_right",
                    "measured_mean_temperature_c": 35.00160349630703
                  }
                ],
                "total_joule_loss_w": 0.00011223297684394318,
                "total_loss_w": 0.0004008848556291584
              },
              {
                "converged": false,
                "coupling_temperature_c": 35.62914382011939,
                "dielectric_mean_temperature_c": 35.62934451230346,
                "iteration": 6,
                "loss_relative_change": 8.317055100997527e-7,
                "loss_tangent": 0.00020012582876402388,
                "max_conductivity_relative_change": 1.608718303354258e-6,
                "max_temperature_c": 36.25581848169458,
                "relative_permittivity": 9.800616560943718,
                "temperature_residual_c": 0.00040042077695545686,
                "thermal_conductivity_updates": [
                  {
                    "conductivity_relative_change": 1.6048468111218414e-6,
                    "conductivity_w_mk": 166.7903732771548,
                    "coupling_temperature_c": 36.2552498373965,
                    "element_id": "conductor_left",
                    "measured_mean_temperature_c": 36.25565025817345
                  },
                  {
                    "conductivity_relative_change": 1.608718303354258e-6,
                    "conductivity_w_mk": 0.2496854280899403,
                    "coupling_temperature_c": 35.62914382011939,
                    "element_id": "dielectric_core",
                    "measured_mean_temperature_c": 35.62934451230346
                  },
                  {
                    "conductivity_relative_change": 2.438928237545602e-9,
                    "conductivity_w_mk": 159.99969222626598,
                    "coupling_temperature_c": 35.00160298819797,
                    "element_id": "substrate_right",
                    "measured_mean_temperature_c": 35.0016034949773
                  }
                ],
                "total_joule_loss_w": 0.00011223225553235423,
                "total_loss_w": 0.0004008851501778188
              },
              {
                "converged": false,
                "coupling_temperature_c": 35.629304373866646,
                "dielectric_mean_temperature_c": 35.629344483346685,
                "iteration": 7,
                "loss_relative_change": 1.6621988602175514e-7,
                "loss_tangent": 0.00020012586087477332,
                "max_conductivity_relative_change": 3.2151204912070473e-7,
                "max_temperature_c": 36.2558184239883,
                "relative_permittivity": 9.80061671828639,
                "temperature_residual_c": 0.00008002661122930022,
                "thermal_conductivity_updates": [
                  {
                    "conductivity_relative_change": 3.207392294136635e-7,
                    "conductivity_w_mk": 166.790319780939,
                    "coupling_temperature_c": 36.25557017401806,
                    "element_id": "conductor_left",
                    "measured_mean_temperature_c": 36.25565020062929
                  },
                  {
                    "conductivity_relative_change": 3.2151204912070473e-7,
                    "conductivity_w_mk": 0.24968534781306667,
                    "coupling_temperature_c": 35.629304373866646,
                    "element_id": "dielectric_core",
                    "measured_mean_temperature_c": 35.629344483346685
                  },
                  {
                    "conductivity_relative_change": 4.865090141097381e-10,
                    "conductivity_w_mk": 159.99969214842469,
                    "coupling_temperature_c": 35.00160339362144,
                    "element_id": "substrate_right",
                    "measured_mean_temperature_c": 35.001603494711546
                  }
                ],
                "total_joule_loss_w": 0.00011223211137481456,
                "total_loss_w": 0.00040088520904504177
              },
              {
                "converged": false,
                "coupling_temperature_c": 35.62933646145068,
                "dielectric_mean_temperature_c": 35.629344477559556,
                "iteration": 8,
                "loss_relative_change": 3.3220074586660855e-8,
                "loss_tangent": 0.00020012586729229015,
                "max_conductivity_relative_change": 6.425604128421376e-8,
                "max_temperature_c": 36.255818412455454,
                "relative_permittivity": 9.800616749732225,
                "temperature_residual_c": 0.000015993821797621877,
                "thermal_conductivity_updates": [
                  {
                    "conductivity_relative_change": 6.410177334590485e-8,
                    "conductivity_w_mk": 166.79030908938373,
                    "coupling_temperature_c": 36.255634195307046,
                    "element_id": "conductor_left",
                    "measured_mean_temperature_c": 36.25565018912884
                  },
                  {
                    "conductivity_relative_change": 6.425604128421376e-8,
                    "conductivity_w_mk": 0.24968533176927463,
                    "coupling_temperature_c": 35.62933646145068,
                    "element_id": "dielectric_core",
                    "measured_mean_temperature_c": 35.629344477559556
                  },
                  {
                    "conductivity_relative_change": 9.704682411796076e-11,
                    "conductivity_w_mk": 159.99969213289722,
                    "coupling_temperature_c": 35.00160347449352,
                    "element_id": "substrate_right",
                    "measured_mean_temperature_c": 35.00160349465845
                  }
                ],
                "total_joule_loss_w": 0.00011223208256406776,
                "total_loss_w": 0.00040088522080999287
              },
              {
                "converged": false,
                "coupling_temperature_c": 35.62934287433778,
                "dielectric_mean_temperature_c": 35.62934447639826,
                "iteration": 9,
                "loss_relative_change": 6.639247640740301e-9,
                "loss_tangent": 0.00020012586857486757,
                "max_conductivity_relative_change": 1.2841938020123114e-8,
                "max_temperature_c": 36.25581841014113,
                "relative_permittivity": 9.800616756016852,
                "temperature_residual_c": 3.196456518139712e-6,
                "thermal_conductivity_updates": [
                  {
                    "conductivity_relative_change": 1.2811143663789751e-8,
                    "conductivity_w_mk": 166.79030695260911,
                    "coupling_temperature_c": 36.25564699036448,
                    "element_id": "conductor_left",
                    "measured_mean_temperature_c": 36.255650186821
                  },
                  {
                    "conductivity_relative_change": 1.2841938020123114e-8,
                    "conductivity_w_mk": 0.2496853285628311,
                    "coupling_temperature_c": 35.62934287433778,
                    "element_id": "dielectric_core",
                    "measured_mean_temperature_c": 35.62934447639826
                  },
                  {
                    "conductivity_relative_change": 1.9358241177267268e-11,
                    "conductivity_w_mk": 159.9996921297999,
                    "coupling_temperature_c": 35.00160349062546,
                    "element_id": "substrate_right",
                    "measured_mean_temperature_c": 35.001603494647824
                  }
                ],
                "total_joule_loss_w": 0.00011223207680606055,
                "total_loss_w": 0.00040088522316128727
              },
              {
                "converged": false,
                "coupling_temperature_c": 35.62934415598616,
                "dielectric_mean_temperature_c": 35.62934447616962,
                "iteration": 10,
                "loss_relative_change": 1.3268997563259814e-9,
                "loss_tangent": 0.00020012586883119725,
                "max_conductivity_relative_change": 2.566527137151188e-9,
                "max_temperature_c": 36.25581840968552,
                "relative_permittivity": 9.800616757272868,
                "temperature_residual_c": 6.388369726550991e-7,
                "thermal_conductivity_updates": [
                  {
                    "conductivity_relative_change": 2.5603799520382253e-9,
                    "conductivity_w_mk": 166.79030652556256,
                    "coupling_temperature_c": 36.2556495475297,
                    "element_id": "conductor_left",
                    "measured_mean_temperature_c": 36.25565018636667
                  },
                  {
                    "conductivity_relative_change": 2.566527137151188e-9,
                    "conductivity_w_mk": 0.24968532792200693,
                    "coupling_temperature_c": 35.62934415598616,
                    "element_id": "dielectric_core",
                    "measured_mean_temperature_c": 35.62934447616962
                  },
                  {
                    "conductivity_relative_change": 3.861451927650624e-12,
                    "conductivity_w_mk": 159.99969212918208,
                    "coupling_temperature_c": 35.001603493843355,
                    "element_id": "substrate_right",
                    "measured_mean_temperature_c": 35.00160349464571
                  }
                ],
                "total_joule_loss_w": 0.00011223207565529,
                "total_loss_w": 0.0004008852236312026
              },
              {
                "converged": false,
                "coupling_temperature_c": 35.62934441213293,
                "dielectric_mean_temperature_c": 35.62934447612208,
                "iteration": 11,
                "loss_relative_change": 2.6518636117868787e-10,
                "loss_tangent": 0.00020012586888242665,
                "max_conductivity_relative_change": 5.129391714617315e-10,
                "max_temperature_c": 36.25581840959077,
                "relative_permittivity": 9.80061675752389,
                "temperature_residual_c": 1.2767291224236033e-7,
                "thermal_conductivity_updates": [
                  {
                    "conductivity_relative_change": 5.117121795110908e-10,
                    "conductivity_w_mk": 166.79030644021393,
                    "coupling_temperature_c": 36.25565005859928,
                    "element_id": "conductor_left",
                    "measured_mean_temperature_c": 36.25565018627219
                  },
                  {
                    "conductivity_relative_change": 5.129391714617315e-10,
                    "conductivity_w_mk": 0.24968532779393351,
                    "coupling_temperature_c": 35.62934441213293,
                    "element_id": "dielectric_core",
                    "measured_mean_temperature_c": 35.62934447612208
                  },
                  {
                    "conductivity_relative_change": 7.70229807634454e-13,
                    "conductivity_w_mk": 159.99969212905884,
                    "coupling_temperature_c": 35.00160349448524,
                    "element_id": "substrate_right",
                    "measured_mean_temperature_c": 35.00160349464527
                  }
                ],
                "total_joule_loss_w": 0.00011223207542529948,
                "total_loss_w": 0.0004008852237251214
              },
              {
                "converged": true,
                "coupling_temperature_c": 35.62934446332425,
                "dielectric_mean_temperature_c": 35.62934447611701,
                "iteration": 12,
                "loss_relative_change": 5.3001774330461266e-11,
                "loss_tangent": 0.00020012586889266488,
                "max_conductivity_relative_change": 1.0251168822350872e-10,
                "max_temperature_c": 36.25581840958069,
                "relative_permittivity": 9.800616757574057,
                "temperature_residual_c": 2.5524542479615775e-8,
                "thermal_conductivity_updates": [
                  {
                    "conductivity_relative_change": 1.0226667440535626e-10,
                    "conductivity_w_mk": 166.79030642315684,
                    "coupling_temperature_c": 36.25565016073761,
                    "element_id": "conductor_left",
                    "measured_mean_temperature_c": 36.25565018626215
                  },
                  {
                    "conductivity_relative_change": 1.0251168822350872e-10,
                    "conductivity_w_mk": 0.24968532776833788,
                    "coupling_temperature_c": 35.62934446332425,
                    "element_id": "dielectric_core",
                    "measured_mean_temperature_c": 35.62934447611701
                  },
                  {
                    "conductivity_relative_change": 1.5365516227036805e-13,
                    "conductivity_w_mk": 159.99969212903426,
                    "coupling_temperature_c": 35.00160349461326,
                    "element_id": "substrate_right",
                    "measured_mean_temperature_c": 35.0016034946452
                  }
                ],
                "total_joule_loss_w": 0.0001122320753793354,
                "total_loss_w": 0.0004008852237438894
              }
            ],
            "loss_relative_change_tolerance": 1e-9,
            "max_iterations": 12,
            "method": "relaxed_temperature_dependent_dielectric_and_conductivity_fixed_point",
            "parameter_source": "screening_sensitivity_not_material_card",
            "relaxation_factor": 0.8,
            "schema_version": "kyuubiki.composite-electrothermal-feedback-convergence/v1",
            "status": "pass",
            "temperature_residual_tolerance_c": 1e-7
          },
          "electrothermal_loss_projection": {
            "assumptions": [
              "The solved electrostatic field magnitude is interpreted as an RMS harmonic field.",
              "Relative permittivity and loss tangent are scalar, isotropic, and frequency-local screening values.",
              "Element dielectric loss is lumped consistently to its four thermal nodes."
            ],
            "distributed_total_heat_load_w": 0.0004008852237438894,
            "effective_conductivity_s_m": 1.0911519564106253e-6,
            "electric_field_rms_v_m": 20204.40902182872,
            "energy_balance_relative_error": 0.0,
            "frequency_hz": 10000000.0,
            "loss_tangent": 0.00020012586889266488,
            "model": "harmonic_dielectric_loss_sigma_eff_e_rms_squared",
            "relative_permittivity": 9.800616757574057,
            "schema_version": "kyuubiki.composite-electrothermal-loss-projection/v1",
            "source_element_id": "dielectric_core",
            "source_volume_m3": 9e-7,
            "target_element_count": 1,
            "target_node_count": 4,
            "total_loss_w": 0.0004008852237438894,
            "volumetric_loss_w_m3": 445.42802638209935
          },
          "heat": {
            "elements": [
              {
                "area": 0.0009,
                "average_temperature": 36.25565018626215,
                "heat_flow_rate": 1.6834811306805732e-6,
                "heat_flux_magnitude": 1.8705345896450811,
                "heat_flux_x": 1.8705345896450811,
                "heat_flux_y": 7.584744999947217e-11,
                "id": "conductor_left",
                "index": 0,
                "node_i": 0,
                "node_j": 1,
                "node_k": 5,
                "node_l": 4,
                "temperature_gradient_x": -0.011214887901815018,
                "temperature_gradient_y": -4.547473508864641e-13
              },
              {
                "area": 0.0009,
                "average_temperature": 35.62934447611701,
                "heat_flow_rate": 9.380240617580754e-6,
                "heat_flux_magnitude": 10.422489575089728,
                "heat_flux_x": 10.422489575089728,
                "heat_flux_y": 8.515780601840264e-14,
                "id": "dielectric_core",
                "index": 1,
                "node_i": 1,
                "node_j": 2,
                "node_k": 6,
                "node_l": 5,
                "temperature_gradient_x": -41.74249912177413,
                "temperature_gradient_y": -3.410605131648482e-13
              },
              {
                "area": 0.0009,
                "average_temperature": 35.0016034946452,
                "heat_flow_rate": 0.00001539351897376791,
                "heat_flux_magnitude": 17.103909970853234,
                "heat_flux_x": 17.103909970853234,
                "heat_flux_y": 1.8189859034582043e-11,
                "id": "substrate_right",
                "index": 2,
                "node_i": 2,
                "node_j": 3,
                "node_k": 7,
                "node_l": 6,
                "temperature_gradient_x": -0.1068996430134348,
                "temperature_gradient_y": -1.1368683772161605e-13
              }
            ],
            "input": {
              "elements": [
                {
                  "conductivity": 166.79030642315684,
                  "id": "conductor_left",
                  "node_i": 0,
                  "node_j": 1,
                  "node_k": 5,
                  "node_l": 4,
                  "thickness": 0.001
                },
                {
                  "conductivity": 0.24968532776833788,
                  "id": "dielectric_core",
                  "node_i": 1,
                  "node_j": 2,
                  "node_k": 6,
                  "node_l": 5,
                  "thickness": 0.001
                },
                {
                  "conductivity": 159.99969212903426,
                  "id": "substrate_right",
                  "node_i": 2,
                  "node_j": 3,
                  "node_k": 7,
                  "node_l": 6,
                  "thickness": 0.001
                }
              ],
              "nodes": [
                {
                  "fix_temperature": false,
                  "heat_load": 0.000028058018844833847,
                  "id": "n0",
                  "temperature": 35.0,
                  "x": 0.0,
                  "y": 0.0
                },
                {
                  "fix_temperature": false,
                  "heat_load": 0.0001282793247808062,
                  "id": "n1",
                  "temperature": 35.0,
                  "x": 0.03,
                  "y": 0.0
                },
                {
                  "fix_temperature": false,
                  "heat_load": 0.00010022130593597234,
                  "id": "n2",
                  "temperature": 35.0,
                  "x": 0.06,
                  "y": 0.0
                },
                {
                  "fix_temperature": true,
                  "heat_load": 0.0,
                  "id": "n3",
                  "temperature": 35.0,
                  "x": 0.09,
                  "y": 0.0
                },
                {
                  "fix_temperature": false,
                  "heat_load": 0.000028058018844833847,
                  "id": "n4",
                  "temperature": 35.0,
                  "x": 0.0,
                  "y": 0.03
                },
                {
                  "fix_temperature": false,
                  "heat_load": 0.0001282793247808062,
                  "id": "n5",
                  "temperature": 35.0,
                  "x": 0.03,
                  "y": 0.03
                },
                {
                  "fix_temperature": false,
                  "heat_load": 0.00010022130593597234,
                  "id": "n6",
                  "temperature": 35.0,
                  "x": 0.06,
                  "y": 0.03
                },
                {
                  "fix_temperature": true,
                  "heat_load": 0.0,
                  "id": "n7",
                  "temperature": 35.0,
                  "x": 0.09,
                  "y": 0.03
                }
              ]
            },
            "max_heat_flux": 17.103909970853234,
            "max_temperature": 36.25581840958069,
            "nodes": [
              {
                "heat_load": 0.000028058018844833847,
                "id": "n0",
                "index": 0,
                "temperature": 36.25581840958069,
                "x": 0.0,
                "y": 0.0
              },
              {
                "heat_load": 0.0001282793247808062,
                "id": "n1",
                "index": 1,
                "temperature": 36.255481962943634,
                "x": 0.03,
                "y": 0.0
              },
              {
                "heat_load": 0.00010022130593597234,
                "id": "n2",
                "index": 2,
                "temperature": 35.003206989290405,
                "x": 0.06,
                "y": 0.0
              },
              {
                "heat_load": 0.0,
                "id": "n3",
                "index": 3,
                "temperature": 35.0,
                "x": 0.09,
                "y": 0.0
              },
              {
                "heat_load": 0.000028058018844833847,
                "id": "n4",
                "index": 4,
                "temperature": 36.25581840958068,
                "x": 0.0,
                "y": 0.03
              },
              {
                "heat_load": 0.0001282793247808062,
                "id": "n5",
                "index": 5,
                "temperature": 36.25548196294362,
                "x": 0.03,
                "y": 0.03
              },
              {
                "heat_load": 0.00010022130593597234,
                "id": "n6",
                "index": 6,
                "temperature": 35.0032069892904,
                "x": 0.06,
                "y": 0.03
              },
              {
                "heat_load": 0.0,
                "id": "n7",
                "index": 7,
                "temperature": 35.0,
                "x": 0.09,
                "y": 0.03
              }
            ],
            "total_abs_heat_flow_rate": 0.00002645724072202924
          },
          "heat_cross_validation": {
            "absolute_error_c": 5.677236458723201e-12,
            "conductivities_w_mk": [
              166.79030642315684,
              0.24968532776833788,
              159.99969212903426
            ],
            "expected_max_temperature_c": 36.255818409575014,
            "fem_max_temperature_c": 36.25581840958069,
            "fixed_temperature_c": 35.0,
            "method": "layered_thermal_resistance_with_regional_generation_closed_form",
            "relative_error": 1.565882859018255e-13,
            "relative_error_tolerance": 1e-9,
            "schema_version": "kyuubiki.composite-heat-cross-validation/v1",
            "status": "pass",
            "total_heat_load_w": 0.0005131172991232248
          },
          "heat_mesh_convergence": {
            "finest_pair_relative_change": 2.026632621415241e-12,
            "max_analytic_relative_error": 1.3346260663221925e-12,
            "method": "structured_quad_h_refinement",
            "refinement_levels": [
              1,
              2,
              4,
              8
            ],
            "relative_error_tolerance": 1e-8,
            "samples": [
              {
                "analytic_relative_error": 1.565882859018255e-13,
                "element_count": 3,
                "elements_per_layer": 1,
                "max_temperature_c": 36.25581840958069,
                "node_count": 8,
                "relative_change_from_previous": null
              },
              {
                "analytic_relative_error": 3.0455343716074696e-13,
                "element_count": 6,
                "elements_per_layer": 2,
                "max_temperature_c": 36.255818409586055,
                "node_count": 14,
                "relative_change_from_previous": 1.4796515125892146e-13
              },
              {
                "analytic_relative_error": 6.920065550930486e-13,
                "element_count": 12,
                "elements_per_layer": 4,
                "max_temperature_c": 36.2558184096001,
                "node_count": 26,
                "relative_change_from_previous": 3.8745311793230163e-13
              },
              {
                "analytic_relative_error": 1.3346260663221925e-12,
                "element_count": 24,
                "elements_per_layer": 8,
                "max_temperature_c": 36.255818409526626,
                "node_count": 50,
                "relative_change_from_previous": 2.026632621415241e-12
              }
            ],
            "schema_version": "kyuubiki.composite-heat-mesh-convergence/v1",
            "status": "pass"
          },
          "heat_to_thermal_projection": {
            "mapped_node_count": 8,
            "maximum_coordinate_error_m": 0.0,
            "maximum_temperature_delta_c": 1.2558184095806908,
            "minimum_temperature_delta_c": 0.0,
            "reference_temperature_c": 35.0,
            "schema_version": "kyuubiki.composite-heat-to-thermal-projection/v1"
          },
          "joule_heating_projection": {
            "assumptions": [
              "Steady scalar electrical conductivity is solved on a two-dimensional quad mesh.",
              "Joule heating uses the solved local sigma times electric-field magnitude squared.",
              "Element Joule power integrates both triangular subcell fields before thermal projection.",
              "Recovered terminal currents gate current continuity and electrical input-power balance.",
              "Contact and terminal impedance models require explicit study-level heat mappings."
            ],
            "boundary_voltage_span_v": 0.000056399999999999995,
            "current_balance_relative_error": 0.0,
            "distributed_total_heat_load_w": 0.0001122320753793354,
            "electrical_power_balance_relative_error": 0.0,
            "energy_balance_relative_error": 1.2075449117609522e-16,
            "free_current_residual_relative_error": 0.0,
            "max_current_density_a_m2": 66331.0138175741,
            "max_free_current_residual_a": 0.0,
            "model": "solved_steady_current_density_sigma_e_squared",
            "parameter_source": "screening_reference_not_material_card",
            "regions": [
              {
                "coupling_temperature_c": 36.25565016073761,
                "current_density_magnitude_a_m2": 66331.0138175741,
                "distributed_heat_load_w": 0.0001122320753793354,
                "electric_field_magnitude_v_m": 0.00188,
                "electrical_conductivity_s_m": 35282454.1582841,
                "element_id": "conductor_left",
                "energy_balance_relative_error": 0.0,
                "joule_power_w": 0.0001122320753793354,
                "peak_current_density_magnitude_a_m2": 66331.0138175741,
                "peak_electric_field_magnitude_v_m": 0.00188,
                "rms_current_density_magnitude_a_m2": 66331.0138175741,
                "rms_electric_field_magnitude_v_m": 0.00188,
                "source_volume_m3": 9e-7,
                "volumetric_joule_heating_w_m3": 124.70230597703932
              }
            ],
            "schema_version": "kyuubiki.composite-current-to-heat-projection/v2",
            "source_power_balance_relative_error": 0.0,
            "status": "pass",
            "total_dissipated_power_w": 0.0001122320753793354,
            "total_electrical_input_power_w": 0.0001122320753793354,
            "total_extracted_current_a": 1.9899304145272232,
            "total_injected_current_a": 1.9899304145272232,
            "total_joule_loss_w": 0.0001122320753793354,
            "total_source_power_w": 0.0001122320753793354
          },
          "research": {
            "candidate_id": "aluminum_alumina_aluminum",
            "candidate_label": "Aluminum / Alumina / Aluminum",
            "coupling": "iterative_dielectric_and_conductor_joule_heating_with_temperature_dependent_electrical_thermal_feedback_and_expansion_projection",
            "materials": {
              "conductor": "aluminum",
              "dielectric": "alumina_96",
              "substrate": "aluminum_6061"
            },
            "study": "material.composite_thermo_electric_panel.v1"
          },
          "schema_version": "kyuubiki.composite-thermo-electric-panel-result/v1",
          "thermal": {
            "elements": [
              {
                "area": 0.0009,
                "average_temperature_delta": 1.255650186262155,
                "gamma_xy": 0.0,
                "id": "conductor_left",
                "index": 0,
                "max_in_plane_shear": 373365.92108188977,
                "mechanical_strain_x": 2.172310813567358e-6,
                "mechanical_strain_y": -6.788471292397997e-6,
                "node_i": 0,
                "node_j": 1,
                "node_k": 5,
                "node_l": 4,
                "principal_stress_1": -1.1641532182693479e-10,
                "principal_stress_2": -746731.8421637797,
                "strain_energy_density": 8.341288332165274,
                "stress_x": -1.2631870857957336e-10,
                "stress_y": -746731.8421637797,
                "tau_xy": 0.0,
                "thermal_strain": 0.000021351413801583523,
                "total_strain_x": 0.000023523724615150883,
                "total_strain_y": 0.000014562942509185527,
                "von_mises": 746731.8421637795
              },
              {
                "area": 0.0009,
                "average_temperature_delta": 0.6293444761170139,
                "gamma_xy": 2.8767503525455303e-19,
                "id": "dielectric_core",
                "index": 1,
                "max_in_plane_shear": 16933.621298013757,
                "mechanical_strain_x": 4.335007052291371e-6,
                "mechanical_strain_y": -0.00001354689703841116,
                "node_i": 1,
                "node_j": 2,
                "node_k": 6,
                "node_l": 5,
                "principal_stress_1": -5.675246939063071e-10,
                "principal_stress_2": -33867.24259602808,
                "strain_energy_density": 0.8358315934169914,
                "stress_x": -5.644867289649684e-10,
                "stress_y": -33867.24259602808,
                "tau_xy": 2.7286814783009405e-10,
                "thermal_strain": 0.000028334760106171913,
                "total_strain_x": 0.00003266976715846328,
                "total_strain_y": 0.00001478786306776075,
                "von_mises": 33867.2425960278
              },
              {
                "area": 0.0009,
                "average_temperature_delta": 0.001603494645200598,
                "gamma_xy": 1.1704031236644405e-21,
                "id": "substrate_right",
                "index": 2,
                "max_in_plane_shear": 4289.387786926561,
                "mechanical_strain_x": -3.9843369864047394e-8,
                "mechanical_strain_y": 1.245105308251561e-7,
                "node_i": 2,
                "node_j": 3,
                "node_k": 7,
                "node_l": 6,
                "principal_stress_1": 8578.775573853318,
                "principal_stress_2": 1.9645085558295247e-10,
                "strain_energy_density": 0.0016318678640394738,
                "stress_x": 1.9657115441557632e-10,
                "stress_y": 8578.775573853318,
                "tau_xy": 3.0469454120268184e-11,
                "thermal_strain": 3.784249183079526e-8,
                "total_strain_x": -2.000878033252131e-9,
                "total_strain_y": 1.6235302265595137e-7,
                "von_mises": 8578.77557385322
              }
            ],
            "input": {
              "elements": [
                {
                  "id": "conductor_left",
                  "node_i": 0,
                  "node_j": 1,
                  "node_k": 5,
                  "node_l": 4,
                  "poisson_ratio": 0.32,
                  "thermal_expansion": 0.000017004269210633293,
                  "thickness": 0.001,
                  "youngs_modulus": 110000000000.0
                },
                {
                  "id": "dielectric_core",
                  "node_i": 1,
                  "node_j": 2,
                  "node_k": 6,
                  "node_l": 5,
                  "poisson_ratio": 0.32,
                  "thermal_expansion": 0.00004502265640114022,
                  "thickness": 0.001,
                  "youngs_modulus": 2500000000.0
                },
                {
                  "id": "substrate_right",
                  "node_i": 2,
                  "node_j": 3,
                  "node_k": 7,
                  "node_l": 6,
                  "poisson_ratio": 0.32,
                  "thermal_expansion": 0.000023600011352742088,
                  "thickness": 0.001,
                  "youngs_modulus": 68900000000.0
                }
              ],
              "nodes": [
                {
                  "fix_x": true,
                  "fix_y": true,
                  "id": "n0",
                  "load_x": 0.0,
                  "load_y": 0.0,
                  "temperature_delta": 1.2558184095806908,
                  "x": 0.0,
                  "y": 0.0
                },
                {
                  "fix_x": false,
                  "fix_y": false,
                  "id": "n1",
                  "load_x": 0.0,
                  "load_y": 0.0,
                  "temperature_delta": 1.2554819629436338,
                  "x": 0.03,
                  "y": 0.0
                },
                {
                  "fix_x": false,
                  "fix_y": false,
                  "id": "n2",
                  "load_x": 0.0,
                  "load_y": 0.0,
                  "temperature_delta": 0.0032069892904047492,
                  "x": 0.06,
                  "y": 0.0
                },
                {
                  "fix_x": false,
                  "fix_y": false,
                  "id": "n3",
                  "load_x": 0.0,
                  "load_y": 0.0,
                  "temperature_delta": 0.0,
                  "x": 0.09,
                  "y": 0.0
                },
                {
                  "fix_x": true,
                  "fix_y": true,
                  "id": "n4",
                  "load_x": 0.0,
                  "load_y": 0.0,
                  "temperature_delta": 1.2558184095806766,
                  "x": 0.0,
                  "y": 0.03
                },
                {
                  "fix_x": false,
                  "fix_y": false,
                  "id": "n5",
                  "load_x": 0.0,
                  "load_y": 0.0,
                  "temperature_delta": 1.2554819629436196,
                  "x": 0.03,
                  "y": 0.03
                },
                {
                  "fix_x": false,
                  "fix_y": false,
                  "id": "n6",
                  "load_x": 0.0,
                  "load_y": 0.0,
                  "temperature_delta": 0.003206989290397644,
                  "x": 0.06,
                  "y": 0.03
                },
                {
                  "fix_x": false,
                  "fix_y": false,
                  "id": "n7",
                  "load_x": 0.0,
                  "load_y": 0.0,
                  "temperature_delta": 0.0,
                  "x": 0.09,
                  "y": 0.03
                }
              ]
            },
            "max_displacement": 1.6858182571890894e-6,
            "max_strain_energy_density": 8.341288332165274,
            "max_stress": 746731.8421637795,
            "max_temperature_delta": 1.2558184095806908,
            "nodes": [
              {
                "displacement_magnitude": 0.0,
                "id": "n0",
                "index": 0,
                "temperature_delta": 1.2558184095806908,
                "ux": 0.0,
                "uy": 0.0,
                "x": 0.0,
                "y": 0.0
              },
              {
                "displacement_magnitude": 8.300002547383769e-7,
                "id": "n1",
                "index": 1,
                "temperature_delta": 1.2554819629436338,
                "ux": 7.057117384545302e-7,
                "uy": -4.368882752755623e-7,
                "x": 0.03,
                "y": 0.0
              },
              {
                "displacement_magnitude": 1.6858182571890894e-6,
                "id": "n2",
                "index": 2,
                "temperature_delta": 0.0032069892904047492,
                "ux": 1.6858047532084362e-6,
                "uy": -6.747616757229849e-9,
                "x": 0.06,
                "y": 0.0
              },
              {
                "displacement_magnitude": 1.6857457718731717e-6,
                "id": "n3",
                "index": 3,
                "temperature_delta": 0.0,
                "ux": 1.6857447268674395e-6,
                "uy": 1.877026077628078e-9,
                "x": 0.09,
                "y": 0.0
              },
              {
                "displacement_magnitude": 0.0,
                "id": "n4",
                "index": 4,
                "temperature_delta": 1.2558184095806766,
                "ux": 0.0,
                "uy": 0.0,
                "x": 0.0,
                "y": 0.03
              },
              {
                "displacement_magnitude": 8.300002547383747e-7,
                "id": "n5",
                "index": 5,
                "temperature_delta": 1.2554819629436196,
                "ux": 7.05711738454523e-7,
                "uy": 4.368882752755695e-7,
                "x": 0.03,
                "y": 0.03
              },
              {
                "displacement_magnitude": 1.6858182571890676e-6,
                "id": "n6",
                "index": 6,
                "temperature_delta": 0.003206989290397644,
                "ux": 1.6858047532084142e-6,
                "uy": 6.747616757283532e-9,
                "x": 0.06,
                "y": 0.03
              },
              {
                "displacement_magnitude": 1.6857457718731471e-6,
                "id": "n7",
                "index": 7,
                "temperature_delta": 0.0,
                "ux": 1.6857447268674156e-6,
                "uy": -1.8770260775282193e-9,
                "x": 0.09,
                "y": 0.03
              }
            ],
            "total_strain_energy": 8.260876614101674e-6
          },
          "thermal_constraint_regularized_mesh_convergence": {
            "algebraic_validation": {
              "max_relative_residual": null,
              "method": "original_system_recomputed_l2_residual_over_max_rhs_l2_or_one",
              "qualification_effect": "algebraic_gate_does_not_override_discretization_gates",
              "relative_residual_tolerance": 1e-10,
              "required_series": [
                "uniform_full_edge_clamp",
                "uniform_regularized_restraint",
                "interface_graded_full_edge_clamp"
              ],
              "schema_version": "kyuubiki.composite-thermal-algebraic-validation/v1",
              "series": [],
              "status": "missing"
            },
            "convergence_tolerance": 0.02,
            "diagnostic_metrics": [
              "max_von_mises_stress_pa"
            ],
            "finest_pair_displacement_relative_change": 0.0019373271333100464,
            "finest_pair_peak_stress_relative_change": 0.30931705149145056,
            "finest_pair_strain_energy_relative_change": 0.22507765944720207,
            "method": "structured_quad_h_refinement_preserving_piecewise_linear_temperature_roller_edge_with_vertical_anchor",
            "pass_metrics": [
              "max_displacement_m",
              "total_strain_energy_j"
            ],
            "refinement_levels": [
              1,
              2,
              4,
              8
            ],
            "regime_assessment": {
              "diagnosis": "pass_metrics_lack_qualified_discretization_uncertainty",
              "gci_safety_factor": 1.25,
              "method": "four_level_constant_ratio_observed_order_and_fine_grid_gci",
              "metrics": [
                {
                  "coarse_triplet_observed_order": 0.5698269454442493,
                  "fine_grid_gci": null,
                  "fine_triplet_observed_order": 4.043434751466937,
                  "metric": "max_displacement_m",
                  "observed_order_relative_difference": 0.8590735400793796,
                  "qualification_role": "pass_metric",
                  "regime": "oscillatory",
                  "richardson_extrapolated_value": null,
                  "unit": "m"
                },
                {
                  "coarse_triplet_observed_order": 1.6973197811994662,
                  "fine_grid_gci": 0.16637256328847774,
                  "fine_triplet_observed_order": 1.6700426502737629,
                  "metric": "total_strain_energy_j",
                  "observed_order_relative_difference": 0.016070708199975796,
                  "qualification_role": "pass_metric",
                  "regime": "asymptotic_converging",
                  "richardson_extrapolated_value": 1.5690516910383474e-7,
                  "unit": "J"
                },
                {
                  "coarse_triplet_observed_order": -7.092080627882391,
                  "fine_grid_gci": null,
                  "fine_triplet_observed_order": -0.6933471276082197,
                  "metric": "max_von_mises_stress_pa",
                  "observed_order_relative_difference": 0.9022364290554824,
                  "qualification_role": "diagnostic_metric",
                  "regime": "monotonic_diverging",
                  "richardson_extrapolated_value": null,
                  "unit": "Pa"
                }
              ],
              "order_consistency_tolerance": 0.25,
              "qualification_effect": "gci_gates_require_asymptotic_pass_metric_evidence",
              "qualification_tolerance": 0.02,
              "refinement_ratio": 2.0,
              "schema_version": "kyuubiki.composite-thermal-convergence-regime/v1",
              "status": "fail"
            },
            "samples": [
              {
                "displacement_relative_change": null,
                "element_count": 3,
                "elements_per_original_element": 1,
                "max_displacement_m": 1.6821042057334224e-6,
                "max_von_mises_stress_pa": 42390.00939389336,
                "node_count": 8,
                "peak_stress_relative_change": null,
                "strain_energy_relative_change": null,
                "total_strain_energy_j": 9.433809500248028e-7
              },
              {
                "displacement_relative_change": 0.046783681410238635,
                "element_count": 12,
                "elements_per_original_element": 2,
                "max_displacement_m": 1.6034091784735677e-6,
                "max_von_mises_stress_pa": 42509.35215926359,
                "node_count": 21,
                "peak_stress_relative_change": 0.002807447286495914,
                "strain_energy_relative_change": 0.5750842538727154,
                "total_strain_energy_j": 4.008574202620556e-7
              },
              {
                "displacement_relative_change": 0.032006655344278837,
                "element_count": 48,
                "elements_per_original_element": 4,
                "max_displacement_m": 1.6564258290885663e-6,
                "max_von_mises_stress_pa": 58792.00253087021,
                "node_count": 65,
                "peak_stress_relative_change": 0.27695349147287524,
                "strain_energy_relative_change": 0.4173346891745594,
                "total_strain_energy_j": 2.335657133736749e-7
              },
              {
                "displacement_relative_change": 0.0019373271333100464,
                "element_count": 192,
                "elements_per_original_element": 8,
                "max_displacement_m": 1.6596410968169863e-6,
                "max_von_mises_stress_pa": 85121.54912442068,
                "node_count": 225,
                "peak_stress_relative_change": 0.30931705149145056,
                "strain_energy_relative_change": 0.22507765944720207,
                "total_strain_energy_j": 1.809952892804121e-7
              }
            ],
            "schema_version": "kyuubiki.composite-thermal-mesh-convergence/v1",
            "status": "fail"
          },
          "thermal_constraint_sensitivity": {
            "alternative_restraint": "roller_edge_with_vertical_anchor",
            "alternative_status": "fail",
            "diagnosis": "mixed_restraint_sensitivity_and_persistent_energy_nonconvergence",
            "displacement_change_ratio_alternative_to_primary": 0.7377824144272161,
            "peak_stress_change_ratio_alternative_to_primary": 1.1912394000461406,
            "primary_restraint": "full_edge_clamp",
            "primary_status": "fail",
            "qualification_effect": "diagnostic_only_does_not_override_primary_quality_gates",
            "schema_version": "kyuubiki.composite-thermal-constraint-sensitivity/v1",
            "strain_energy_change_ratio_alternative_to_primary": 1.7073659715699947
          },
          "thermal_expansion_projection": {
            "coverage_fraction": 1.0,
            "declared_region_count": 3,
            "max_relative_change": 0.0005034755808936999,
            "model": "regional_linear_temperature_dependent_thermal_expansion",
            "parameter_source": "screening_sensitivity_not_material_card",
            "schema_version": "kyuubiki.composite-thermal-expansion-projection/v1",
            "status": "pass",
            "updated_region_count": 3,
            "updates": [
              {
                "adjusted_thermal_expansion_1_k": 0.000017004269210633293,
                "element_id": "conductor_left",
                "mean_temperature_c": 36.25565018626215,
                "reference_thermal_expansion_1_k": 0.000017,
                "relative_change": 0.0002511300372525599
              },
              {
                "adjusted_thermal_expansion_1_k": 0.00004502265640114022,
                "element_id": "dielectric_core",
                "mean_temperature_c": 35.62934447611701,
                "reference_thermal_expansion_1_k": 0.000045,
                "relative_change": 0.0005034755808936999
              },
              {
                "adjusted_thermal_expansion_1_k": 0.000023600011352742088,
                "element_id": "substrate_right",
                "mean_temperature_c": 35.0016034946452,
                "reference_thermal_expansion_1_k": 0.0000236,
                "relative_change": 4.810483935141462e-7
              }
            ]
          },
          "thermal_interface_grading_assessment": {
            "diagnosis": "graded_mesh_did_not_resolve_nonconvergence",
            "displacement_change_ratio_graded_to_uniform": 1.7328269330099624,
            "graded_mesh_convergence": {
              "algebraic_validation": {
                "max_relative_residual": null,
                "method": "original_system_recomputed_l2_residual_over_max_rhs_l2_or_one",
                "qualification_effect": "algebraic_gate_does_not_override_discretization_gates",
                "relative_residual_tolerance": 1e-10,
                "required_series": [
                  "uniform_full_edge_clamp",
                  "uniform_regularized_restraint",
                  "interface_graded_full_edge_clamp"
                ],
                "schema_version": "kyuubiki.composite-thermal-algebraic-validation/v1",
                "series": [],
                "status": "missing"
              },
              "convergence_tolerance": 0.02,
              "diagnostic_metrics": [
                "max_von_mises_stress_pa"
              ],
              "finest_pair_displacement_relative_change": 0.004550193348342286,
              "finest_pair_peak_stress_relative_change": 0.4148840900251718,
              "finest_pair_strain_energy_relative_change": 0.11925544015997903,
              "method": "cosine_graded_quad_h_refinement_at_clamp_interfaces_and_free_edges",
              "pass_metrics": [
                "max_displacement_m",
                "total_strain_energy_j"
              ],
              "refinement_levels": [
                1,
                2,
                4,
                8
              ],
              "regime_assessment": {
                "diagnosis": "pass_metrics_lack_qualified_discretization_uncertainty",
                "gci_safety_factor": 1.25,
                "method": "four_level_constant_ratio_observed_order_and_fine_grid_gci",
                "metrics": [
                  {
                    "coarse_triplet_observed_order": 1.893129882215079,
                    "fine_grid_gci": null,
                    "fine_triplet_observed_order": 1.402221466150049,
                    "metric": "max_displacement_m",
                    "observed_order_relative_difference": 0.2593104787351605,
                    "qualification_role": "pass_metric",
                    "regime": "oscillatory",
                    "richardson_extrapolated_value": null,
                    "unit": "m"
                  },
                  {
                    "coarse_triplet_observed_order": 0.8547179246730304,
                    "fine_grid_gci": null,
                    "fine_triplet_observed_order": 1.7731331786555178,
                    "metric": "total_strain_energy_j",
                    "observed_order_relative_difference": 0.5179618006352336,
                    "qualification_role": "pass_metric",
                    "regime": "monotonic_pre_asymptotic",
                    "richardson_extrapolated_value": null,
                    "unit": "J"
                  },
                  {
                    "coarse_triplet_observed_order": -1.0587632164058516,
                    "fine_grid_gci": null,
                    "fine_triplet_observed_order": -0.5966205966649578,
                    "metric": "max_von_mises_stress_pa",
                    "observed_order_relative_difference": 0.43649289338716735,
                    "qualification_role": "diagnostic_metric",
                    "regime": "monotonic_diverging",
                    "richardson_extrapolated_value": null,
                    "unit": "Pa"
                  }
                ],
                "order_consistency_tolerance": 0.25,
                "qualification_effect": "gci_gates_require_asymptotic_pass_metric_evidence",
                "qualification_tolerance": 0.02,
                "refinement_ratio": 2.0,
                "schema_version": "kyuubiki.composite-thermal-convergence-regime/v1",
                "status": "fail"
              },
              "samples": [
                {
                  "displacement_relative_change": null,
                  "element_count": 3,
                  "elements_per_original_element": 1,
                  "max_displacement_m": 1.6858182571890894e-6,
                  "max_von_mises_stress_pa": 746731.8421637795,
                  "node_count": 8,
                  "peak_stress_relative_change": null,
                  "strain_energy_relative_change": null,
                  "total_strain_energy_j": 8.260876614101674e-6
                },
                {
                  "displacement_relative_change": 0.04325919853197162,
                  "element_count": 12,
                  "elements_per_original_element": 2,
                  "max_displacement_m": 1.6128911105125242e-6,
                  "max_von_mises_stress_pa": 1296027.3334691692,
                  "node_count": 21,
                  "peak_stress_relative_change": 0.42383017481201657,
                  "strain_energy_relative_change": 0.34369004743467574,
                  "total_strain_energy_j": 5.421695538749066e-6
                },
                {
                  "displacement_relative_change": 0.012026536484205534,
                  "element_count": 48,
                  "elements_per_original_element": 4,
                  "max_displacement_m": 1.6325247287238898e-6,
                  "max_von_mises_stress_pa": 2440289.452331127,
                  "node_count": 65,
                  "peak_stress_relative_change": 0.4689042596028444,
                  "strain_energy_relative_change": 0.2895757786064607,
                  "total_strain_energy_j": 3.8517038317486305e-6
                },
                {
                  "displacement_relative_change": 0.004550193348342286,
                  "element_count": 192,
                  "elements_per_original_element": 8,
                  "max_displacement_m": 1.625096425562246e-6,
                  "max_von_mises_stress_pa": 4170608.610584711,
                  "node_count": 225,
                  "peak_stress_relative_change": 0.4148840900251718,
                  "strain_energy_relative_change": 0.11925544015997903,
                  "total_strain_energy_j": 3.3923671959275697e-6
                }
              ],
              "schema_version": "kyuubiki.composite-thermal-mesh-convergence/v1",
              "status": "fail"
            },
            "graded_stress_recovery": {
              "convergence_tolerance": 0.02,
              "diagnostic_metrics": [
                "max_stress_pa",
                "max_to_p95_ratio"
              ],
              "finest_pair_max_relative_change": 0.4148840900251718,
              "finest_pair_p95_relative_change": 0.34052618535510765,
              "finest_pair_rms_relative_change": 0.009215956702981651,
              "method": "interface_graded_mesh_element_area_weighted_von_mises_p95_and_rms",
              "pass_metrics": [
                "area_weighted_rms_stress_pa",
                "area_weighted_p95_stress_pa"
              ],
              "refinement_levels": [
                1,
                2,
                4,
                8
              ],
              "samples": [
                {
                  "element_count": 3,
                  "elements_per_original_element": 1,
                  "max_relative_change": null,
                  "p95_relative_change": null,
                  "rms_relative_change": null,
                  "statistics": {
                    "area_weighted_mean_stress_pa": 263059.28677788685,
                    "area_weighted_p95_stress_pa": 746731.8421637795,
                    "area_weighted_rms_stress_pa": 431597.4318786418,
                    "max_stress_pa": 746731.8421637795,
                    "max_to_p95_ratio": 1.0
                  }
                },
                {
                  "element_count": 12,
                  "elements_per_original_element": 2,
                  "max_relative_change": 0.42383017481201657,
                  "p95_relative_change": 0.42383017481201657,
                  "rms_relative_change": 0.19680654832851777,
                  "statistics": {
                    "area_weighted_mean_stress_pa": 266304.7245784046,
                    "area_weighted_p95_stress_pa": 1296027.3334691692,
                    "area_weighted_rms_stress_pa": 537351.7811686186,
                    "max_stress_pa": 1296027.3334691692,
                    "max_to_p95_ratio": 1.0
                  }
                },
                {
                  "element_count": 48,
                  "elements_per_original_element": 4,
                  "max_relative_change": 0.4689042596028444,
                  "p95_relative_change": 0.515729260556365,
                  "rms_relative_change": 0.04085724081096059,
                  "statistics": {
                    "area_weighted_mean_stress_pa": 202176.1440382395,
                    "area_weighted_p95_stress_pa": 627628.115118277,
                    "area_weighted_rms_stress_pa": 515397.07004521374,
                    "max_stress_pa": 2440289.452331127,
                    "max_to_p95_ratio": 3.888113667233107
                  }
                },
                {
                  "element_count": 192,
                  "elements_per_original_element": 8,
                  "max_relative_change": 0.4148840900251718,
                  "p95_relative_change": 0.34052618535510765,
                  "rms_relative_change": 0.009215956702981651,
                  "statistics": {
                    "area_weighted_mean_stress_pa": 188787.27721098208,
                    "area_weighted_p95_stress_pa": 951710.4412344812,
                    "area_weighted_rms_stress_pa": 510647.19296283345,
                    "max_stress_pa": 4170608.610584711,
                    "max_to_p95_ratio": 4.382224287856858
                  }
                }
              ],
              "schema_version": "kyuubiki.composite-thermal-stress-recovery/v1",
              "status": "fail"
            },
            "max_change_ratio_graded_to_uniform": 1.5977983499688664,
            "p95_change_ratio_graded_to_uniform": 1.1439825406155708,
            "qualification_effect": "diagnostic_only_does_not_override_uniform_mesh_gates",
            "rms_change_ratio_graded_to_uniform": 0.5711135220347039,
            "schema_version": "kyuubiki.composite-thermal-interface-grading-assessment/v1",
            "strain_energy_change_ratio_graded_to_uniform": 0.904633009574692
          },
          "thermal_mesh_convergence": {
            "algebraic_validation": {
              "max_relative_residual": 2.4824081226657193e-14,
              "method": "original_system_recomputed_l2_residual_over_max_rhs_l2_or_one",
              "qualification_effect": "algebraic_gate_does_not_override_discretization_gates",
              "relative_residual_tolerance": 1e-10,
              "required_series": [
                "uniform_full_edge_clamp",
                "uniform_regularized_restraint",
                "interface_graded_full_edge_clamp"
              ],
              "schema_version": "kyuubiki.composite-thermal-algebraic-validation/v1",
              "series": [
                {
                  "label": "uniform_full_edge_clamp",
                  "max_relative_residual": 1.4436069325318053e-14,
                  "samples": [
                    {
                      "element_count": 3,
                      "elements_per_original_element": 1,
                      "matrix_non_zero_count": 112,
                      "node_count": 8,
                      "relative_residual": 1.3369114737118552e-16,
                      "residual_norm": 1.3934698416669024e-14,
                      "rhs_norm": 104.23052453862309,
                      "solver_iterations": 0
                    },
                    {
                      "element_count": 12,
                      "elements_per_original_element": 2,
                      "matrix_non_zero_count": 439,
                      "node_count": 21,
                      "relative_residual": 9.050278042800513e-16,
                      "residual_norm": 9.286025150571783e-14,
                      "rhs_norm": 102.60486038833696,
                      "solver_iterations": 0
                    },
                    {
                      "element_count": 48,
                      "elements_per_original_element": 4,
                      "matrix_non_zero_count": 1747,
                      "node_count": 65,
                      "relative_residual": 4.661087558025988e-15,
                      "residual_norm": 3.761622186126751e-13,
                      "rhs_norm": 80.7026716254142,
                      "solver_iterations": 0
                    },
                    {
                      "element_count": 192,
                      "elements_per_original_element": 8,
                      "matrix_non_zero_count": 6925,
                      "node_count": 225,
                      "relative_residual": 1.4436069325318053e-14,
                      "residual_norm": 8.620086867287658e-13,
                      "rhs_norm": 59.712146520172944,
                      "solver_iterations": 0
                    }
                  ],
                  "solver_path": "dense_direct",
                  "status": "pass"
                },
                {
                  "label": "uniform_regularized_restraint",
                  "max_relative_residual": 1.816704059867902e-14,
                  "samples": [
                    {
                      "element_count": 3,
                      "elements_per_original_element": 1,
                      "matrix_non_zero_count": 121,
                      "node_count": 8,
                      "relative_residual": 3.156616616333219e-16,
                      "residual_norm": 3.6742218351018813e-14,
                      "rhs_norm": 116.39746860896656,
                      "solver_iterations": 0
                    },
                    {
                      "element_count": 12,
                      "elements_per_original_element": 2,
                      "matrix_non_zero_count": 462,
                      "node_count": 21,
                      "relative_residual": 9.132148796785114e-16,
                      "residual_norm": 9.6640873174033e-14,
                      "rhs_norm": 105.82489983962428,
                      "solver_iterations": 0
                    },
                    {
                      "element_count": 48,
                      "elements_per_original_element": 4,
                      "matrix_non_zero_count": 1799,
                      "node_count": 65,
                      "relative_residual": 4.496399092238858e-15,
                      "residual_norm": 3.675161088362454e-13,
                      "rhs_norm": 81.73565141728798,
                      "solver_iterations": 0
                    },
                    {
                      "element_count": 192,
                      "elements_per_original_element": 8,
                      "matrix_non_zero_count": 7030,
                      "node_count": 225,
                      "relative_residual": 1.816704059867902e-14,
                      "residual_norm": 1.0911558114014625e-12,
                      "rhs_norm": 60.06238635701643,
                      "solver_iterations": 0
                    }
                  ],
                  "solver_path": "dense_direct",
                  "status": "pass"
                },
                {
                  "label": "interface_graded_full_edge_clamp",
                  "max_relative_residual": 2.4824081226657193e-14,
                  "samples": [
                    {
                      "element_count": 3,
                      "elements_per_original_element": 1,
                      "matrix_non_zero_count": 112,
                      "node_count": 8,
                      "relative_residual": 1.3369114737118552e-16,
                      "residual_norm": 1.3934698416669024e-14,
                      "rhs_norm": 104.23052453862309,
                      "solver_iterations": 0
                    },
                    {
                      "element_count": 12,
                      "elements_per_original_element": 2,
                      "matrix_non_zero_count": 444,
                      "node_count": 21,
                      "relative_residual": 1.1173928489247685e-15,
                      "residual_norm": 1.1464993726285194e-13,
                      "rhs_norm": 102.60486038833696,
                      "solver_iterations": 0
                    },
                    {
                      "element_count": 48,
                      "elements_per_original_element": 4,
                      "matrix_non_zero_count": 1748,
                      "node_count": 65,
                      "relative_residual": 5.0296663898713204e-15,
                      "residual_norm": 4.498740575999498e-13,
                      "rhs_norm": 89.44411472416951,
                      "solver_iterations": 0
                    },
                    {
                      "element_count": 192,
                      "elements_per_original_element": 8,
                      "matrix_non_zero_count": 6948,
                      "node_count": 225,
                      "relative_residual": 2.4824081226657193e-14,
                      "residual_norm": 1.6756546994963574e-12,
                      "rhs_norm": 67.50117694978236,
                      "solver_iterations": 0
                    }
                  ],
                  "solver_path": "dense_direct",
                  "status": "pass"
                }
              ],
              "status": "pass"
            },
            "convergence_tolerance": 0.02,
            "diagnostic_metrics": [
              "max_von_mises_stress_pa"
            ],
            "finest_pair_displacement_relative_change": 0.002625878708174561,
            "finest_pair_peak_stress_relative_change": 0.2596598563474896,
            "finest_pair_strain_energy_relative_change": 0.13182742493118432,
            "method": "structured_quad_h_refinement_preserving_piecewise_linear_temperature_full_edge_clamp",
            "pass_metrics": [
              "max_displacement_m",
              "total_strain_energy_j"
            ],
            "refinement_levels": [
              1,
              2,
              4,
              8
            ],
            "regime_assessment": {
              "diagnosis": "pass_metrics_lack_qualified_discretization_uncertainty",
              "gci_safety_factor": 1.25,
              "method": "four_level_constant_ratio_observed_order_and_fine_grid_gci",
              "metrics": [
                {
                  "coarse_triplet_observed_order": 3.82032074544009,
                  "fine_grid_gci": null,
                  "fine_triplet_observed_order": 0.277210307153582,
                  "metric": "max_displacement_m",
                  "observed_order_relative_difference": 0.9274379494223204,
                  "qualification_role": "pass_metric",
                  "regime": "oscillatory",
                  "richardson_extrapolated_value": null,
                  "unit": "m"
                },
                {
                  "coarse_triplet_observed_order": 1.0831669731204758,
                  "fine_grid_gci": 0.12734288781735992,
                  "fine_triplet_observed_order": 1.316441463602752,
                  "metric": "total_strain_energy_j",
                  "observed_order_relative_difference": 0.17720080758005416,
                  "qualification_role": "pass_metric",
                  "regime": "asymptotic_converging",
                  "richardson_extrapolated_value": 3.1825584396449986e-6,
                  "unit": "J"
                },
                {
                  "coarse_triplet_observed_order": 0.04119882050934016,
                  "fine_grid_gci": null,
                  "fine_triplet_observed_order": -0.2657113149944074,
                  "metric": "max_von_mises_stress_pa",
                  "observed_order_relative_difference": 1.155051057988281,
                  "qualification_role": "diagnostic_metric",
                  "regime": "monotonic_diverging",
                  "richardson_extrapolated_value": null,
                  "unit": "Pa"
                }
              ],
              "order_consistency_tolerance": 0.25,
              "qualification_effect": "gci_gates_require_asymptotic_pass_metric_evidence",
              "qualification_tolerance": 0.02,
              "refinement_ratio": 2.0,
              "schema_version": "kyuubiki.composite-thermal-convergence-regime/v1",
              "status": "fail"
            },
            "samples": [
              {
                "displacement_relative_change": null,
                "element_count": 3,
                "elements_per_original_element": 1,
                "max_displacement_m": 1.6858182571890894e-6,
                "max_von_mises_stress_pa": 746731.8421637795,
                "node_count": 8,
                "peak_stress_relative_change": null,
                "strain_energy_relative_change": null,
                "total_strain_energy_j": 8.260876614101674e-6
              },
              {
                "displacement_relative_change": 0.0432591985319352,
                "element_count": 12,
                "elements_per_original_element": 2,
                "max_displacement_m": 1.6128911105125856e-6,
                "max_von_mises_stress_pa": 1296027.3334691706,
                "node_count": 21,
                "peak_stress_relative_change": 0.4238301748120172,
                "strain_energy_relative_change": 0.3436900474346756,
                "total_strain_energy_j": 5.421695538749067e-6
              },
              {
                "displacement_relative_change": 0.003190547273587509,
                "element_count": 48,
                "elements_per_original_element": 4,
                "max_displacement_m": 1.6180535869730208e-6,
                "max_von_mises_stress_pa": 1829858.534453362,
                "node_count": 65,
                "peak_stress_relative_change": 0.2917335908393946,
                "strain_energy_relative_change": 0.24716798477598015,
                "total_strain_energy_j": 4.081625978367538e-6
              },
              {
                "displacement_relative_change": 0.002625878708174561,
                "element_count": 192,
                "elements_per_original_element": 8,
                "max_displacement_m": 1.6223135856756288e-6,
                "max_von_mises_stress_pa": 2471645.7025086475,
                "node_count": 225,
                "peak_stress_relative_change": 0.2596598563474896,
                "strain_energy_relative_change": 0.13182742493118432,
                "total_strain_energy_j": 3.5435557361071194e-6
              }
            ],
            "schema_version": "kyuubiki.composite-thermal-mesh-convergence/v1",
            "status": "fail"
          },
          "thermal_stress_recovery": {
            "convergence_tolerance": 0.02,
            "diagnostic_metrics": [
              "max_stress_pa",
              "max_to_p95_ratio"
            ],
            "finest_pair_max_relative_change": 0.2596598563474896,
            "finest_pair_p95_relative_change": 0.29766729234510203,
            "finest_pair_rms_relative_change": 0.016136821047675422,
            "method": "uniform_mesh_element_area_weighted_von_mises_p95_and_rms",
            "pass_metrics": [
              "area_weighted_rms_stress_pa",
              "area_weighted_p95_stress_pa"
            ],
            "refinement_levels": [
              1,
              2,
              4,
              8
            ],
            "samples": [
              {
                "element_count": 3,
                "elements_per_original_element": 1,
                "max_relative_change": null,
                "p95_relative_change": null,
                "rms_relative_change": null,
                "statistics": {
                  "area_weighted_mean_stress_pa": 263059.28677788685,
                  "area_weighted_p95_stress_pa": 746731.8421637795,
                  "area_weighted_rms_stress_pa": 431597.4318786418,
                  "max_stress_pa": 746731.8421637795,
                  "max_to_p95_ratio": 1.0
                }
              },
              {
                "element_count": 12,
                "elements_per_original_element": 2,
                "max_relative_change": 0.4238301748120172,
                "p95_relative_change": 0.4238301748120172,
                "rms_relative_change": 0.19680654832851824,
                "statistics": {
                  "area_weighted_mean_stress_pa": 266304.72457840433,
                  "area_weighted_p95_stress_pa": 1296027.3334691706,
                  "area_weighted_rms_stress_pa": 537351.7811686189,
                  "max_stress_pa": 1296027.3334691706,
                  "max_to_p95_ratio": 1.0
                }
              },
              {
                "element_count": 48,
                "elements_per_original_element": 4,
                "max_relative_change": 0.2917335908393946,
                "p95_relative_change": 0.2452207513294331,
                "rms_relative_change": 0.021365234024489657,
                "statistics": {
                  "area_weighted_mean_stress_pa": 210622.85104676487,
                  "area_weighted_p95_stress_pa": 1717094.548839191,
                  "area_weighted_rms_stress_pa": 525871.134610475,
                  "max_stress_pa": 1829858.534453362,
                  "max_to_p95_ratio": 1.0656713899012742
                }
              },
              {
                "element_count": 192,
                "elements_per_original_element": 8,
                "max_relative_change": 0.2596598563474896,
                "p95_relative_change": 0.29766729234510203,
                "rms_relative_change": 0.016136821047675422,
                "statistics": {
                  "area_weighted_mean_stress_pa": 193467.2343386531,
                  "area_weighted_p95_stress_pa": 1205971.6637856944,
                  "area_weighted_rms_stress_pa": 517385.2462171278,
                  "max_stress_pa": 2471645.7025086475,
                  "max_to_p95_ratio": 2.0495056200158515
                }
              }
            ],
            "schema_version": "kyuubiki.composite-thermal-stress-recovery/v1",
            "status": "fail"
          }
        },
        "status": "completed"
      },
      "requires_confirmation": false
    },
    {
      "index": 7,
      "action": "solve_composite_thermo_electric_panel",
      "risk": "normal",
      "status": "executed",
      "payload": {
        "electric_conduction_feedback": {
          "parameter_source": "screening_reference_not_material_card",
          "regions": [
            {
              "element_id": "conductor_left",
              "reference_resistivity_ohm_m": 1.68e-8,
              "reference_temperature_c": 35.0,
              "resistivity_temperature_coefficient_1_k": 0.00393
            }
          ]
        },
        "electric_conduction_model": {
          "contact_interfaces": [],
          "elements": [
            {
              "electrical_conductivity_s_m": 59523809.523809515,
              "id": "conductor_left",
              "node_i": 0,
              "node_j": 1,
              "node_k": 2,
              "node_l": 3,
              "thickness": 0.001
            }
          ],
          "nodes": [
            {
              "current_source_a": 0.0,
              "electric_potential_v": 0.0,
              "fix_electric_potential": true,
              "id": "n0",
              "x": 0.0,
              "y": 0.0
            },
            {
              "current_source_a": 0.0,
              "electric_potential_v": 0.000033600000000000004,
              "fix_electric_potential": true,
              "id": "n1",
              "x": 0.03,
              "y": 0.0
            },
            {
              "current_source_a": 0.0,
              "electric_potential_v": 0.000033600000000000004,
              "fix_electric_potential": true,
              "id": "n5",
              "x": 0.03,
              "y": 0.03
            },
            {
              "current_source_a": 0.0,
              "electric_potential_v": 0.0,
              "fix_electric_potential": true,
              "id": "n4",
              "x": 0.0,
              "y": 0.03
            }
          ],
          "terminals": []
        },
        "electrostatic_model": {
          "elements": [
            {
              "id": "conductor_left",
              "node_i": 0,
              "node_j": 1,
              "node_k": 5,
              "node_l": 4,
              "permittivity": 1.0,
              "thickness": 0.001
            },
            {
              "id": "dielectric_core",
              "node_i": 1,
              "node_j": 2,
              "node_k": 6,
              "node_l": 5,
              "permittivity": 2.1,
              "thickness": 0.001
            },
            {
              "id": "substrate_right",
              "node_i": 2,
              "node_j": 3,
              "node_k": 7,
              "node_l": 6,
              "permittivity": 4.2,
              "thickness": 0.001
            }
          ],
          "nodes": [
            {
              "charge_density": 0.0,
              "fix_potential": true,
              "id": "n0",
              "potential": 0.0,
              "x": 0.0,
              "y": 0.0
            },
            {
              "charge_density": 0.0,
              "fix_potential": false,
              "id": "n1",
              "potential": 0.0,
              "x": 0.03,
              "y": 0.0
            },
            {
              "charge_density": 0.0,
              "fix_potential": false,
              "id": "n2",
              "potential": 0.0,
              "x": 0.06,
              "y": 0.0
            },
            {
              "charge_density": 0.0,
              "fix_potential": true,
              "id": "n3",
              "potential": 7961,
              "x": 0.09,
              "y": 0.0
            },
            {
              "charge_density": 0.0,
              "fix_potential": true,
              "id": "n4",
              "potential": 0.0,
              "x": 0.0,
              "y": 0.03
            },
            {
              "charge_density": 0.0,
              "fix_potential": false,
              "id": "n5",
              "potential": 0.0,
              "x": 0.03,
              "y": 0.03
            },
            {
              "charge_density": 0.0,
              "fix_potential": false,
              "id": "n6",
              "potential": 0.0,
              "x": 0.06,
              "y": 0.03
            },
            {
              "charge_density": 0.0,
              "fix_potential": true,
              "id": "n7",
              "potential": 7961,
              "x": 0.09,
              "y": 0.03
            }
          ]
        },
        "electrothermal_feedback": {
          "conductivity_relative_change_tolerance": 1e-9,
          "loss_relative_change_tolerance": 1e-9,
          "loss_tangent_temperature_coefficient_1_k": 0.001,
          "max_iterations": 12,
          "parameter_source": "screening_sensitivity_not_material_card",
          "relative_permittivity_temperature_coefficient_1_k": 0.0001,
          "relaxation_factor": 0.8,
          "temperature_residual_tolerance_c": 1e-7,
          "thermal_conductivity_models": [
            {
              "element_id": "conductor_left",
              "reference_temperature_c": 35.0,
              "temperature_coefficient_1_k": -0.001
            },
            {
              "element_id": "dielectric_core",
              "reference_temperature_c": 35.0,
              "temperature_coefficient_1_k": -0.002
            },
            {
              "element_id": "substrate_right",
              "reference_temperature_c": 35.0,
              "temperature_coefficient_1_k": -0.0012
            }
          ]
        },
        "electrothermal_loss": {
          "frequency_hz": 10000000.0,
          "loss_tangent": 0.0002,
          "reference_temperature_c": 35.0,
          "relative_permittivity": 2.1,
          "source_element_id": "dielectric_core"
        },
        "heat_model": {
          "elements": [
            {
              "conductivity": 390.0,
              "id": "conductor_left",
              "node_i": 0,
              "node_j": 1,
              "node_k": 5,
              "node_l": 4,
              "thickness": 0.001
            },
            {
              "conductivity": 0.25,
              "id": "dielectric_core",
              "node_i": 1,
              "node_j": 2,
              "node_k": 6,
              "node_l": 5,
              "thickness": 0.001
            },
            {
              "conductivity": 160.0,
              "id": "substrate_right",
              "node_i": 2,
              "node_j": 3,
              "node_k": 7,
              "node_l": 6,
              "thickness": 0.001
            }
          ],
          "nodes": [
            {
              "fix_temperature": false,
              "heat_load": 0.0,
              "id": "n0",
              "temperature": 35.0,
              "x": 0.0,
              "y": 0.0
            },
            {
              "fix_temperature": false,
              "heat_load": 0.0,
              "id": "n1",
              "temperature": 35.0,
              "x": 0.03,
              "y": 0.0
            },
            {
              "fix_temperature": false,
              "heat_load": 0.0,
              "id": "n2",
              "temperature": 35.0,
              "x": 0.06,
              "y": 0.0
            },
            {
              "fix_temperature": true,
              "heat_load": 0.0,
              "id": "n3",
              "temperature": 35.0,
              "x": 0.09,
              "y": 0.0
            },
            {
              "fix_temperature": false,
              "heat_load": 0.0,
              "id": "n4",
              "temperature": 35.0,
              "x": 0.0,
              "y": 0.03
            },
            {
              "fix_temperature": false,
              "heat_load": 0.0,
              "id": "n5",
              "temperature": 35.0,
              "x": 0.03,
              "y": 0.03
            },
            {
              "fix_temperature": false,
              "heat_load": 0.0,
              "id": "n6",
              "temperature": 35.0,
              "x": 0.06,
              "y": 0.03
            },
            {
              "fix_temperature": true,
              "heat_load": 0.0,
              "id": "n7",
              "temperature": 35.0,
              "x": 0.09,
              "y": 0.03
            }
          ]
        },
        "research": {
          "candidate_id": "copper_ptfe_glass_epoxy",
          "candidate_label": "Copper / PTFE / Glass epoxy",
          "coupling": "iterative_dielectric_and_conductor_joule_heating_with_temperature_dependent_electrical_thermal_feedback_and_expansion_projection",
          "materials": {
            "conductor": "copper",
            "dielectric": "ptfe",
            "substrate": "glass_epoxy"
          },
          "study": "material.composite_thermo_electric_panel.v1"
        },
        "thermal_expansion_feedback": {
          "parameter_source": "screening_sensitivity_not_material_card",
          "regions": [
            {
              "element_id": "conductor_left",
              "reference_temperature_c": 35.0,
              "temperature_coefficient_1_k": 0.0002
            },
            {
              "element_id": "dielectric_core",
              "reference_temperature_c": 35.0,
              "temperature_coefficient_1_k": 0.0008
            },
            {
              "element_id": "substrate_right",
              "reference_temperature_c": 35.0,
              "temperature_coefficient_1_k": 0.0003
            }
          ]
        },
        "thermal_model": {
          "elements": [
            {
              "id": "conductor_left",
              "node_i": 0,
              "node_j": 1,
              "node_k": 5,
              "node_l": 4,
              "poisson_ratio": 0.32,
              "thermal_expansion": 0.000017,
              "thickness": 0.001,
              "youngs_modulus": 110000000000.0
            },
            {
              "id": "dielectric_core",
              "node_i": 1,
              "node_j": 2,
              "node_k": 6,
              "node_l": 5,
              "poisson_ratio": 0.32,
              "thermal_expansion": 0.000045,
              "thickness": 0.001,
              "youngs_modulus": 2500000000.0
            },
            {
              "id": "substrate_right",
              "node_i": 2,
              "node_j": 3,
              "node_k": 7,
              "node_l": 6,
              "poisson_ratio": 0.32,
              "thermal_expansion": 0.000014,
              "thickness": 0.001,
              "youngs_modulus": 22000000000.0
            }
          ],
          "nodes": [
            {
              "fix_x": true,
              "fix_y": true,
              "id": "n0",
              "load_x": 0.0,
              "load_y": 0.0,
              "temperature_delta": 0.0,
              "x": 0.0,
              "y": 0.0
            },
            {
              "fix_x": false,
              "fix_y": false,
              "id": "n1",
              "load_x": 0.0,
              "load_y": 0.0,
              "temperature_delta": 0.0,
              "x": 0.03,
              "y": 0.0
            },
            {
              "fix_x": false,
              "fix_y": false,
              "id": "n2",
              "load_x": 0.0,
              "load_y": 0.0,
              "temperature_delta": 0.0,
              "x": 0.06,
              "y": 0.0
            },
            {
              "fix_x": false,
              "fix_y": false,
              "id": "n3",
              "load_x": 0.0,
              "load_y": 0.0,
              "temperature_delta": 0.0,
              "x": 0.09,
              "y": 0.0
            },
            {
              "fix_x": true,
              "fix_y": true,
              "id": "n4",
              "load_x": 0.0,
              "load_y": 0.0,
              "temperature_delta": 0.0,
              "x": 0.0,
              "y": 0.03
            },
            {
              "fix_x": false,
              "fix_y": false,
              "id": "n5",
              "load_x": 0.0,
              "load_y": 0.0,
              "temperature_delta": 0.0,
              "x": 0.03,
              "y": 0.03
            },
            {
              "fix_x": false,
              "fix_y": false,
              "id": "n6",
              "load_x": 0.0,
              "load_y": 0.0,
              "temperature_delta": 0.0,
              "x": 0.06,
              "y": 0.03
            },
            {
              "fix_x": false,
              "fix_y": false,
              "id": "n7",
              "load_x": 0.0,
              "load_y": 0.0,
              "temperature_delta": 0.0,
              "x": 0.09,
              "y": 0.03
            }
          ]
        }
      },
      "result_preview": {
        "job": {
          "created_at": "2026-08-13T10:46:39.138385Z",
          "execution_started_at": null,
          "execution_timeout_ms": 120000,
          "has_result": false,
          "iteration": null,
          "job_id": "4180bb5c5b2893ad",
          "message": null,
          "model_version_id": null,
          "progress": 0.0,
          "project_id": "a65842d28230cb3c",
          "queue_timeout_ms": 1800000,
          "residual": null,
          "simulation_case_id": "a52f1c8ebdfeae75",
          "status": "queued",
          "status_detail": {
            "active": true,
            "failure_class": null,
            "lifecycle": "active",
            "recoverable": false,
            "terminal": false,
            "timing": {
              "effective_deadline": "2026-08-13T11:16:39.138385Z",
              "effective_timeout_ms": 1800000,
              "execution_elapsed_ms": null,
              "execution_started_at": null,
              "execution_timeout_ms": 120000,
              "job_submission_deadline": "2026-08-13T11:16:39.138385Z",
              "phase": "queue",
              "queue_timeout_ms": 1800000,
              "queue_wait_ms": 0,
              "total_elapsed_ms": 0
            }
          },
          "updated_at": "2026-08-13T10:46:39.138385Z",
          "worker_id": null
        },
        "job_id": "4180bb5c5b2893ad",
        "progress": 0.0,
        "raw": {
          "job": {
            "created_at": "2026-08-13T10:46:39.138385Z",
            "execution_started_at": null,
            "execution_timeout_ms": 120000,
            "has_result": false,
            "iteration": null,
            "job_id": "4180bb5c5b2893ad",
            "message": null,
            "model_version_id": null,
            "progress": 0.0,
            "project_id": "a65842d28230cb3c",
            "queue_timeout_ms": 1800000,
            "residual": null,
            "simulation_case_id": "a52f1c8ebdfeae75",
            "status": "queued",
            "status_detail": {
              "active": true,
              "failure_class": null,
              "lifecycle": "active",
              "recoverable": false,
              "terminal": false,
              "timing": {
                "effective_deadline": "2026-08-13T11:16:39.138385Z",
                "effective_timeout_ms": 1800000,
                "execution_elapsed_ms": null,
                "execution_started_at": null,
                "execution_timeout_ms": 120000,
                "job_submission_deadline": "2026-08-13T11:16:39.138385Z",
                "phase": "queue",
                "queue_timeout_ms": 1800000,
                "queue_wait_ms": 0,
                "total_elapsed_ms": 0
              }
            },
            "updated_at": "2026-08-13T10:46:39.138385Z",
            "worker_id": null
          }
        },
        "status": "queued"
      },
      "requires_confirmation": false
    },
    {
      "index": 8,
      "action": "job_wait",
      "risk": "normal",
      "status": "executed",
      "payload": {
        "interval_ms": 1000,
        "job_id": "4180bb5c5b2893ad",
        "max_total_timeout_ms": 3600000,
        "resume_policy": "server_deadline",
        "timeout_ms": 60000
      },
      "result_preview": {
        "job": {
          "created_at": "2026-08-13T10:46:39.138385Z",
          "execution_started_at": "2026-08-13T10:46:39.146159Z",
          "execution_timeout_ms": 120000,
          "iteration": 4,
          "job_id": "4180bb5c5b2893ad",
          "message": "collecting nodal and elemental responses",
          "model_version_id": null,
          "progress": 1.0,
          "project_id": "a65842d28230cb3c",
          "queue_timeout_ms": 1800000,
          "residual": 0.2,
          "simulation_case_id": "a52f1c8ebdfeae75",
          "status": "completed",
          "status_detail": {
            "active": false,
            "failure_class": null,
            "lifecycle": "terminal",
            "recoverable": false,
            "terminal": true,
            "timing": {
              "effective_deadline": "2026-08-13T10:48:39.146159Z",
              "effective_timeout_ms": 120000,
              "execution_elapsed_ms": 9123,
              "execution_started_at": "2026-08-13T10:46:39.146159Z",
              "execution_timeout_ms": 120000,
              "job_submission_deadline": "2026-08-13T11:16:39.138385Z",
              "phase": "execution",
              "queue_timeout_ms": 1800000,
              "queue_wait_ms": 7,
              "total_elapsed_ms": 9131
            }
          },
          "updated_at": "2026-08-13T10:46:48.270040Z",
          "worker_id": "rust-agent-rpc@127.0.0.1:5001"
        },
        "job_id": "4180bb5c5b2893ad",
        "progress": 1.0,
        "raw": {
          "job": {
            "created_at": "2026-08-13T10:46:39.138385Z",
            "execution_started_at": "2026-08-13T10:46:39.146159Z",
            "execution_timeout_ms": 120000,
            "iteration": 4,
            "job_id": "4180bb5c5b2893ad",
            "message": "collecting nodal and elemental responses",
            "model_version_id": null,
            "progress": 1.0,
            "project_id": "a65842d28230cb3c",
            "queue_timeout_ms": 1800000,
            "residual": 0.2,
            "simulation_case_id": "a52f1c8ebdfeae75",
            "status": "completed",
            "status_detail": {
              "active": false,
              "failure_class": null,
              "lifecycle": "terminal",
              "recoverable": false,
              "terminal": true,
              "timing": {
                "effective_deadline": "2026-08-13T10:48:39.146159Z",
                "effective_timeout_ms": 120000,
                "execution_elapsed_ms": 9123,
                "execution_started_at": "2026-08-13T10:46:39.146159Z",
                "execution_timeout_ms": 120000,
                "job_submission_deadline": "2026-08-13T11:16:39.138385Z",
                "phase": "execution",
                "queue_timeout_ms": 1800000,
                "queue_wait_ms": 7,
                "total_elapsed_ms": 9131
              }
            },
            "updated_at": "2026-08-13T10:46:48.270040Z",
            "worker_id": "rust-agent-rpc@127.0.0.1:5001"
          }
        },
        "result": null,
        "status": "completed",
        "wait": {
          "elapsed_ms": 10142,
          "policy": "server_deadline",
          "poll_attempts": 11,
          "resume_count": 0
        }
      },
      "requires_confirmation": false
    },
    {
      "index": 9,
      "action": "result_fetch",
      "risk": "normal",
      "status": "executed",
      "payload": {
        "job_id": "4180bb5c5b2893ad"
      },
      "result_preview": {
        "job": {
          "created_at": "2026-08-13T10:46:39.138385Z",
          "execution_started_at": "2026-08-13T10:46:39.146159Z",
          "execution_timeout_ms": 120000,
          "has_result": true,
          "iteration": 4,
          "job_id": "4180bb5c5b2893ad",
          "message": "collecting nodal and elemental responses",
          "model_version_id": null,
          "progress": 1.0,
          "project_id": "a65842d28230cb3c",
          "queue_timeout_ms": 1800000,
          "residual": 0.2,
          "simulation_case_id": "a52f1c8ebdfeae75",
          "status": "completed",
          "status_detail": {
            "active": false,
            "failure_class": null,
            "lifecycle": "terminal",
            "recoverable": false,
            "terminal": true,
            "timing": {
              "effective_deadline": "2026-08-13T10:48:39.146159Z",
              "effective_timeout_ms": 120000,
              "execution_elapsed_ms": 9123,
              "execution_started_at": "2026-08-13T10:46:39.146159Z",
              "execution_timeout_ms": 120000,
              "job_submission_deadline": "2026-08-13T11:16:39.138385Z",
              "phase": "execution",
              "queue_timeout_ms": 1800000,
              "queue_wait_ms": 7,
              "total_elapsed_ms": 9131
            }
          },
          "updated_at": "2026-08-13T10:46:48.270040Z",
          "worker_id": "rust-agent-rpc@127.0.0.1:5001"
        },
        "job_id": "4180bb5c5b2893ad",
        "result": {
          "electric_conduction": {
            "contact_interfaces": [],
            "current_balance_relative_error": 0.0,
            "elements": [
              {
                "area_m2": 0.0009,
                "average_electric_potential_v": 0.000016800000000000002,
                "current_density_magnitude_a_m2": 66000.46911749234,
                "current_density_x_a_m2": -66000.46911749234,
                "current_density_y_a_m2": -0.0,
                "electric_field_magnitude_v_m": 0.00112,
                "electric_field_x_v_m": -0.00112,
                "electric_field_y_v_m": -0.0,
                "electric_potential_gradient_x_v_m": 0.00112,
                "electric_potential_gradient_y_v_m": 0.0,
                "id": "conductor_left",
                "index": 0,
                "joule_power_w": 0.00006652847287043227,
                "node_i": 0,
                "node_j": 1,
                "node_k": 2,
                "node_l": 3,
                "peak_current_density_magnitude_a_m2": 66000.46911749234,
                "peak_electric_field_magnitude_v_m": 0.00112,
                "rms_current_density_magnitude_a_m2": 66000.46911749234,
                "rms_electric_field_magnitude_v_m": 0.00112,
                "volumetric_joule_heating_w_m3": 73.92052541159141
              }
            ],
            "free_current_residual_relative_error": 0.0,
            "input": {
              "contact_interfaces": [],
              "elements": [
                {
                  "electrical_conductivity_s_m": 58928990.28347529,
                  "id": "conductor_left",
                  "node_i": 0,
                  "node_j": 1,
                  "node_k": 2,
                  "node_l": 3,
                  "thickness": 0.001
                }
              ],
              "nodes": [
                {
                  "current_source_a": 0.0,
                  "electric_potential_v": 0.0,
                  "fix_electric_potential": true,
                  "id": "n0",
                  "x": 0.0,
                  "y": 0.0
                },
                {
                  "current_source_a": 0.0,
                  "electric_potential_v": 0.000033600000000000004,
                  "fix_electric_potential": true,
                  "id": "n1",
                  "x": 0.03,
                  "y": 0.0
                },
                {
                  "current_source_a": 0.0,
                  "electric_potential_v": 0.000033600000000000004,
                  "fix_electric_potential": true,
                  "id": "n5",
                  "x": 0.03,
                  "y": 0.03
                },
                {
                  "current_source_a": 0.0,
                  "electric_potential_v": 0.0,
                  "fix_electric_potential": true,
                  "id": "n4",
                  "x": 0.0,
                  "y": 0.03
                }
              ],
              "terminals": []
            },
            "max_current_density_a_m2": 66000.46911749234,
            "max_electric_field_v_m": 0.00112,
            "max_electric_potential_v": 0.000033600000000000004,
            "max_free_current_residual_a": 0.0,
            "nodes": [
              {
                "current_source_a": 0.0,
                "electric_potential_v": 0.0,
                "fix_electric_potential": true,
                "id": "n0",
                "index": 0,
                "net_injected_current_a": -0.990007036762385,
                "reaction_current_a": -0.990007036762385,
                "x": 0.0,
                "y": 0.0
              },
              {
                "current_source_a": 0.0,
                "electric_potential_v": 0.000033600000000000004,
                "fix_electric_potential": true,
                "id": "n1",
                "index": 1,
                "net_injected_current_a": 0.990007036762385,
                "reaction_current_a": 0.990007036762385,
                "x": 0.03,
                "y": 0.0
              },
              {
                "current_source_a": 0.0,
                "electric_potential_v": 0.000033600000000000004,
                "fix_electric_potential": true,
                "id": "n5",
                "index": 2,
                "net_injected_current_a": 0.990007036762385,
                "reaction_current_a": 0.990007036762385,
                "x": 0.03,
                "y": 0.03
              },
              {
                "current_source_a": 0.0,
                "electric_potential_v": 0.0,
                "fix_electric_potential": true,
                "id": "n4",
                "index": 3,
                "net_injected_current_a": -0.990007036762385,
                "reaction_current_a": -0.990007036762385,
                "x": 0.0,
                "y": 0.03
              }
            ],
            "power_balance_relative_error": 0.0,
            "source_power_balance_relative_error": 0.0,
            "terminals": [],
            "total_bulk_joule_power_w": 0.00006652847287043227,
            "total_contact_joule_power_w": -0.0,
            "total_dissipated_power_w": 0.00006652847287043227,
            "total_electrical_input_power_w": 0.00006652847287043227,
            "total_extracted_current_a": 1.98001407352477,
            "total_injected_current_a": 1.98001407352477,
            "total_joule_power_w": 0.00006652847287043227,
            "total_source_power_w": 0.00006652847287043227,
            "total_terminal_impedance_power_w": -0.0
          },
          "electrostatic": {
            "elements": [
              {
                "area": 0.0009,
                "average_potential": 2322.041397795928,
                "electric_energy_density": 11981947229.062376,
                "electric_field_magnitude": 154802.7598530619,
                "electric_field_x": -154802.7598530619,
                "electric_field_y": -0.0,
                "electric_flux_density_magnitude": 154802.7598530619,
                "electric_flux_density_x": -154802.7598530619,
                "electric_flux_density_y": -0.0,
                "id": "conductor_left",
                "index": 0,
                "node_i": 0,
                "node_j": 1,
                "node_k": 5,
                "node_l": 4,
                "potential_gradient_x": 154802.7598530619,
                "potential_gradient_y": 0.0,
                "stored_energy": 10783.752506156135
              },
              {
                "area": 0.0009,
                "average_potential": 5749.674398320707,
                "electric_energy_density": 5704954379.0932,
                "electric_field_magnitude": 73706.10684859003,
                "electric_field_x": -73706.10684859003,
                "electric_field_y": -1.4551915228366852e-11,
                "electric_flux_density_magnitude": 154802.75985306184,
                "electric_flux_density_x": -154802.75985306184,
                "electric_flux_density_y": -3.0562957871679805e-11,
                "id": "dielectric_core",
                "index": 1,
                "node_i": 1,
                "node_j": 2,
                "node_k": 6,
                "node_l": 5,
                "potential_gradient_x": 73706.10684859003,
                "potential_gradient_y": 1.4551915228366852e-11,
                "stored_energy": 5134.45894118388
              },
              {
                "area": 0.0009,
                "average_potential": 7408.133000524778,
                "electric_energy_density": 2852844578.348192,
                "electric_field_magnitude": 36857.79996501478,
                "electric_field_x": -36857.79996501478,
                "electric_field_y": -1.4551915228366852e-11,
                "electric_flux_density_magnitude": 154802.7598530621,
                "electric_flux_density_x": -154802.7598530621,
                "electric_flux_density_y": -6.111804395914078e-11,
                "id": "substrate_right",
                "index": 2,
                "node_i": 2,
                "node_j": 3,
                "node_k": 7,
                "node_l": 6,
                "potential_gradient_x": 36857.79996501478,
                "potential_gradient_y": 1.4551915228366852e-11,
                "stored_energy": 2567.560120513373
              }
            ],
            "input": {
              "elements": [
                {
                  "id": "conductor_left",
                  "node_i": 0,
                  "node_j": 1,
                  "node_k": 5,
                  "node_l": 4,
                  "permittivity": 1.0,
                  "thickness": 0.001
                },
                {
                  "id": "dielectric_core",
                  "node_i": 1,
                  "node_j": 2,
                  "node_k": 6,
                  "node_l": 5,
                  "permittivity": 2.1002704724462484,
                  "thickness": 0.001
                },
                {
                  "id": "substrate_right",
                  "node_i": 2,
                  "node_j": 3,
                  "node_k": 7,
                  "node_l": 6,
                  "permittivity": 4.2,
                  "thickness": 0.001
                }
              ],
              "nodes": [
                {
                  "charge_density": 0.0,
                  "fix_potential": true,
                  "id": "n0",
                  "potential": 0.0,
                  "x": 0.0,
                  "y": 0.0
                },
                {
                  "charge_density": 0.0,
                  "fix_potential": false,
                  "id": "n1",
                  "potential": 0.0,
                  "x": 0.03,
                  "y": 0.0
                },
                {
                  "charge_density": 0.0,
                  "fix_potential": false,
                  "id": "n2",
                  "potential": 0.0,
                  "x": 0.06,
                  "y": 0.0
                },
                {
                  "charge_density": 0.0,
                  "fix_potential": true,
                  "id": "n3",
                  "potential": 7961.0,
                  "x": 0.09,
                  "y": 0.0
                },
                {
                  "charge_density": 0.0,
                  "fix_potential": true,
                  "id": "n4",
                  "potential": 0.0,
                  "x": 0.0,
                  "y": 0.03
                },
                {
                  "charge_density": 0.0,
                  "fix_potential": false,
                  "id": "n5",
                  "potential": 0.0,
                  "x": 0.03,
                  "y": 0.03
                },
                {
                  "charge_density": 0.0,
                  "fix_potential": false,
                  "id": "n6",
                  "potential": 0.0,
                  "x": 0.06,
                  "y": 0.03
                },
                {
                  "charge_density": 0.0,
                  "fix_potential": true,
                  "id": "n7",
                  "potential": 7961.0,
                  "x": 0.09,
                  "y": 0.03
                }
              ]
            },
            "max_electric_energy_density": 11981947229.062376,
            "max_electric_field": 154802.7598530619,
            "max_flux_density": 154802.7598530621,
            "max_potential": 7961.0,
            "nodes": [
              {
                "charge_density": 0.0,
                "id": "n0",
                "index": 0,
                "potential": 0.0,
                "x": 0.0,
                "y": 0.0
              },
              {
                "charge_density": 0.0,
                "id": "n1",
                "index": 1,
                "potential": 4644.082795591856,
                "x": 0.03,
                "y": 0.0
              },
              {
                "charge_density": 0.0,
                "id": "n2",
                "index": 2,
                "potential": 6855.2660010495565,
                "x": 0.06,
                "y": 0.0
              },
              {
                "charge_density": 0.0,
                "id": "n3",
                "index": 3,
                "potential": 7961.0,
                "x": 0.09,
                "y": 0.0
              },
              {
                "charge_density": 0.0,
                "id": "n4",
                "index": 4,
                "potential": 0.0,
                "x": 0.0,
                "y": 0.03
              },
              {
                "charge_density": 0.0,
                "id": "n5",
                "index": 5,
                "potential": 4644.082795591856,
                "x": 0.03,
                "y": 0.03
              },
              {
                "charge_density": 0.0,
                "id": "n6",
                "index": 6,
                "potential": 6855.266001049557,
                "x": 0.06,
                "y": 0.03
              },
              {
                "charge_density": 0.0,
                "id": "n7",
                "index": 7,
                "potential": 7961.0,
                "x": 0.09,
                "y": 0.03
              }
            ],
            "total_stored_energy": 18485.77156785339
          },
          "electrostatic_mesh_convergence": {
            "finest_pair_relative_change": 2.4529493880314592e-14,
            "max_analytic_relative_error": 7.845555555555557,
            "method": "structured_quad_h_refinement",
            "refinement_levels": [
              1,
              2,
              4,
              8
            ],
            "relative_error_tolerance": 1e-8,
            "samples": [
              {
                "analytic_relative_error": 7.845555555555557,
                "element_count": 3,
                "elements_per_layer": 1,
                "max_electric_field_v_m": 154802.7598530619,
                "node_count": 8,
                "relative_change_from_previous": null
              },
              {
                "analytic_relative_error": 1.6630165342586159e-15,
                "element_count": 6,
                "elements_per_layer": 2,
                "max_electric_field_v_m": 17500.626035392026,
                "node_count": 14,
                "relative_change_from_previous": 7.845555555555555
              },
              {
                "analytic_relative_error": 2.07877066782327e-15,
                "element_count": 12,
                "elements_per_layer": 4,
                "max_electric_field_v_m": 17500.626035392033,
                "node_count": 26,
                "relative_change_from_previous": 4.1575413356465397e-16
              },
              {
                "analytic_relative_error": 2.6608264548137854e-14,
                "element_count": 24,
                "elements_per_layer": 8,
                "max_electric_field_v_m": 17500.626035392463,
                "node_count": 50,
                "relative_change_from_previous": 2.4529493880314592e-14
              }
            ],
            "schema_version": "kyuubiki.composite-electrostatic-mesh-convergence/v1",
            "status": "fail"
          },
          "electrothermal_feedback_convergence": {
            "conductivity_relative_change_tolerance": 1e-9,
            "converged": true,
            "final_loss_relative_change": 5.553761750746917e-11,
            "final_max_conductivity_relative_change": 2.3427800741316403e-10,
            "final_temperature_residual_c": 5.8855228246557096e-8,
            "iteration_count": 12,
            "iterations": [
              {
                "converged": false,
                "coupling_temperature_c": 35.0,
                "dielectric_mean_temperature_c": 36.28459808942543,
                "iteration": 1,
                "loss_relative_change": null,
                "loss_tangent": 0.0002,
                "max_conductivity_relative_change": null,
                "max_temperature_c": 37.56172085388069,
                "relative_permittivity": 2.1,
                "temperature_residual_c": 2.561677776957623,
                "thermal_conductivity_updates": [
                  {
                    "conductivity_relative_change": null,
                    "conductivity_w_mk": 390.0,
                    "coupling_temperature_c": 35.0,
                    "element_id": "conductor_left",
                    "measured_mean_temperature_c": 37.56167777695762
                  },
                  {
                    "conductivity_relative_change": null,
                    "conductivity_w_mk": 0.25,
                    "coupling_temperature_c": 35.0,
                    "element_id": "dielectric_core",
                    "measured_mean_temperature_c": 36.28459808942543
                  },
                  {
                    "conductivity_relative_change": null,
                    "conductivity_w_mk": 160.0,
                    "coupling_temperature_c": 35.0,
                    "element_id": "substrate_right",
                    "measured_mean_temperature_c": 35.00378073940816
                  }
                ],
                "total_joule_loss_w": 0.0000672,
                "total_loss_w": 0.0011426366106101623
              },
              {
                "converged": false,
                "coupling_temperature_c": 36.02767847154034,
                "dielectric_mean_temperature_c": 36.287280268733966,
                "iteration": 2,
                "loss_relative_change": 0.00048363758125433826,
                "loss_tangent": 0.0002002055356943081,
                "max_conductivity_relative_change": 0.0020553569430806773,
                "max_temperature_c": 37.56708101520039,
                "relative_permittivity": 2.1002158124790236,
                "temperature_residual_c": 0.5176959731233168,
                "thermal_conductivity_updates": [
                  {
                    "conductivity_relative_change": 0.0020493422215660455,
                    "conductivity_w_mk": 389.2007565335893,
                    "coupling_temperature_c": 37.0493422215661,
                    "element_id": "conductor_left",
                    "measured_mean_temperature_c": 37.56703819468942
                  },
                  {
                    "conductivity_relative_change": 0.0020553569430806773,
                    "conductivity_w_mk": 0.24948616076422983,
                    "coupling_temperature_c": 36.02767847154034,
                    "element_id": "dielectric_core",
                    "measured_mean_temperature_c": 36.287280268733966
                  },
                  {
                    "conductivity_relative_change": 3.6295098318817057e-6,
                    "conductivity_w_mk": 159.9994192784269,
                    "coupling_temperature_c": 35.003024591526525,
                    "element_id": "substrate_right",
                    "measured_mean_temperature_c": 35.003782581644735
                  }
                ],
                "total_joule_loss_w": 0.00006666310105508205,
                "total_loss_w": 0.0011437586320071488
              },
              {
                "converged": false,
                "coupling_temperature_c": 36.23535990929524,
                "dielectric_mean_temperature_c": 36.28782572022794,
                "iteration": 3,
                "loss_relative_change": 0.00009853711512766494,
                "loss_tangent": 0.00020024707198185903,
                "max_conductivity_relative_change": 0.0004162183527910527,
                "max_temperature_c": 37.56817106467676,
                "relative_permittivity": 2.100259425580952,
                "temperature_residual_c": 0.1046292953794179,
                "thermal_conductivity_updates": [
                  {
                    "conductivity_relative_change": 0.0004150072704202296,
                    "conductivity_w_mk": 389.0392353899747,
                    "coupling_temperature_c": 37.46349900006475,
                    "element_id": "conductor_left",
                    "measured_mean_temperature_c": 37.56812829544417
                  },
                  {
                    "conductivity_relative_change": 0.0004162183527910527,
                    "conductivity_w_mk": 0.2493823200453524,
                    "coupling_temperature_c": 36.23535990929524,
                    "element_id": "dielectric_core",
                    "measured_mean_temperature_c": 36.28782572022794
                  },
                  {
                    "conductivity_relative_change": 7.27673154453184e-7,
                    "conductivity_w_mk": 159.99930285114476,
                    "coupling_temperature_c": 35.00363098362109,
                    "element_id": "substrate_right",
                    "measured_mean_temperature_c": 35.003782957122155
                  }
                ],
                "total_joule_loss_w": 0.00006655563818985158,
                "total_loss_w": 0.0011439853663380432
              },
              {
                "converged": false,
                "coupling_temperature_c": 36.2773325580414,
                "dielectric_mean_temperature_c": 36.28793609480235,
                "iteration": 4,
                "loss_relative_change": 0.00001994642093421289,
                "loss_tangent": 0.00020025546651160827,
                "max_conductivity_relative_change": 0.00008415321651217302,
                "max_temperature_c": 37.568391641125245,
                "relative_permittivity": 2.100268239837189,
                "temperature_residual_c": 0.021146445866143893,
                "thermal_conductivity_updates": [
                  {
                    "conductivity_relative_change": 0.00008391014887146293,
                    "conductivity_w_mk": 389.00659104981634,
                    "coupling_temperature_c": 37.54720243636829,
                    "element_id": "conductor_left",
                    "measured_mean_temperature_c": 37.56834888223443
                  },
                  {
                    "conductivity_relative_change": 0.00008415321651217302,
                    "conductivity_w_mk": 0.2493613337209793,
                    "coupling_temperature_c": 36.2773325580414,
                    "element_id": "dielectric_core",
                    "measured_mean_temperature_c": 36.28793609480235
                  },
                  {
                    "conductivity_relative_change": 1.458951968349069e-7,
                    "conductivity_w_mk": 159.99927950801498,
                    "coupling_temperature_c": 35.003752562421944,
                    "element_id": "substrate_right",
                    "measured_mean_temperature_c": 35.003783033130546
                  }
                ],
                "total_joule_loss_w": 0.00006653396140839922,
                "total_loss_w": 0.00114403118907993
              },
              {
                "converged": false,
                "coupling_temperature_c": 36.28581538745016,
                "dielectric_mean_temperature_c": 36.28795840740662,
                "iteration": 5,
                "loss_relative_change": 4.032484213876425e-6,
                "loss_tangent": 0.0002002571630774901,
                "max_conductivity_relative_change": 0.00001700911140103225,
                "max_temperature_c": 37.568436231423824,
                "relative_permittivity": 2.1002700212313647,
                "temperature_residual_c": 0.004273881561083215,
                "thermal_conductivity_updates": [
                  {
                    "conductivity_relative_change": 0.000016960358158556195,
                    "conductivity_w_mk": 388.9999933587061,
                    "coupling_temperature_c": 37.5641195930612,
                    "element_id": "conductor_left",
                    "measured_mean_temperature_c": 37.56839347462228
                  },
                  {
                    "conductivity_relative_change": 0.00001700911140103225,
                    "conductivity_w_mk": 0.24935709230627492,
                    "coupling_temperature_c": 36.28581538745016,
                    "element_id": "dielectric_core",
                    "measured_mean_temperature_c": 36.28795840740662
                  },
                  {
                    "conductivity_relative_change": 2.9252011930971672e-8,
                    "conductivity_w_mk": 159.99927482771415,
                    "coupling_temperature_c": 35.00377693898883,
                    "element_id": "substrate_right",
                    "measured_mean_temperature_c": 35.003783048496246
                  }
                ],
                "total_joule_loss_w": 0.00006652958206676049,
                "total_loss_w": 0.0011440404500064278
              },
              {
                "converged": false,
                "coupling_temperature_c": 36.287529803415325,
                "dielectric_mean_temperature_c": 36.28796291707002,
                "iteration": 6,
                "loss_relative_change": 8.15019880213973e-7,
                "loss_tangent": 0.0002002575059606831,
                "max_conductivity_relative_change": 3.437672354406071e-6,
                "max_temperature_c": 37.568445243695294,
                "relative_permittivity": 2.100270381258717,
                "temperature_residual_c": 0.000863789005897786,
                "thermal_conductivity_updates": [
                  {
                    "conductivity_relative_change": 3.4278947808965703e-6,
                    "conductivity_w_mk": 388.9986599076591,
                    "coupling_temperature_c": 37.56753869831007,
                    "element_id": "conductor_left",
                    "measured_mean_temperature_c": 37.56840248731597
                  },
                  {
                    "conductivity_relative_change": 3.437672354406071e-6,
                    "conductivity_w_mk": 0.24935623509829233,
                    "coupling_temperature_c": 36.287529803415325,
                    "element_id": "dielectric_core",
                    "measured_mean_temperature_c": 36.28796291707002
                  },
                  {
                    "conductivity_relative_change": 5.8651536334900045e-9,
                    "conductivity_w_mk": 159.99927388929382,
                    "coupling_temperature_c": 35.00378182659476,
                    "element_id": "substrate_right",
                    "measured_mean_temperature_c": 35.00378305160169
                  }
                ],
                "total_joule_loss_w": 0.00006652869703356543,
                "total_loss_w": 0.0011440423216782657
              },
              {
                "converged": false,
                "coupling_temperature_c": 36.28787629433908,
                "dielectric_mean_temperature_c": 36.287963828488614,
                "iteration": 7,
                "loss_relative_change": 1.647180219057492e-7,
                "loss_tangent": 0.00020025757525886785,
                "max_conductivity_relative_change": 6.947709240034289e-7,
                "max_temperature_c": 37.56844706510665,
                "relative_permittivity": 2.100270454021811,
                "temperature_residual_c": 0.00017457929788378124,
                "thermal_conductivity_updates": [
                  {
                    "conductivity_relative_change": 6.92810021229015e-7,
                    "conductivity_w_mk": 388.99839040548926,
                    "coupling_temperature_c": 37.56822972951478,
                    "element_id": "conductor_left",
                    "measured_mean_temperature_c": 37.56840430881267
                  },
                  {
                    "conductivity_relative_change": 6.947709240034289e-7,
                    "conductivity_w_mk": 0.2493560618528305,
                    "coupling_temperature_c": 36.28787629433908,
                    "element_id": "dielectric_core",
                    "measured_mean_temperature_c": 36.287963828488614
                  },
                  {
                    "conductivity_relative_change": 1.1760120067911615e-9,
                    "conductivity_w_mk": 159.99927370113275,
                    "coupling_temperature_c": 35.0037828066003,
                    "element_id": "substrate_right",
                    "measured_mean_temperature_c": 35.003783052229274
                  }
                ],
                "total_joule_loss_w": 0.0000665285181634429,
                "total_loss_w": 0.0011440426999512515
              },
              {
                "converged": false,
                "coupling_temperature_c": 36.28794632165871,
                "dielectric_mean_temperature_c": 36.28796401269585,
                "iteration": 8,
                "loss_relative_change": 3.3289667643018853e-8,
                "loss_tangent": 0.00020025758926433176,
                "max_conductivity_relative_change": 1.404163169111768e-7,
                "max_temperature_c": 37.568447433232976,
                "relative_permittivity": 2.100270468727549,
                "temperature_residual_c": 0.000035284003146784926,
                "thermal_conductivity_updates": [
                  {
                    "conductivity_relative_change": 1.4002304978041248e-7,
                    "conductivity_w_mk": 388.9983359367483,
                    "coupling_temperature_c": 37.56836939295309,
                    "element_id": "conductor_left",
                    "measured_mean_temperature_c": 37.568404676956234
                  },
                  {
                    "conductivity_relative_change": 1.404163169111768e-7,
                    "conductivity_w_mk": 0.24935602683917063,
                    "coupling_temperature_c": 36.28794632165871,
                    "element_id": "dielectric_core",
                    "measured_mean_temperature_c": 36.28796401269585
                  },
                  {
                    "conductivity_relative_change": 2.3580498013722007e-10,
                    "conductivity_w_mk": 159.99927366340413,
                    "coupling_temperature_c": 35.00378300310348,
                    "element_id": "substrate_right",
                    "measured_mean_temperature_c": 35.00378305235611
                  }
                ],
                "total_joule_loss_w": 0.00006652848201234663,
                "total_loss_w": 0.0011440427764018613
              },
              {
                "converged": false,
                "coupling_temperature_c": 36.28796047448842,
                "dielectric_mean_temperature_c": 36.28796404992463,
                "iteration": 9,
                "loss_relative_change": 6.727862944410063e-9,
                "loss_tangent": 0.0002002575920948977,
                "max_conductivity_relative_change": 2.8378760122400236e-8,
                "max_temperature_c": 37.568447507632285,
                "relative_permittivity": 2.1002704716996425,
                "temperature_residual_c": 7.131203417998222e-6,
                "thermal_conductivity_updates": [
                  {
                    "conductivity_relative_change": 2.8299887037685362e-8,
                    "conductivity_w_mk": 388.9983249281393,
                    "coupling_temperature_c": 37.56839762015561,
                    "element_id": "conductor_left",
                    "measured_mean_temperature_c": 37.568404751359026
                  },
                  {
                    "conductivity_relative_change": 2.8378760122400236e-8,
                    "conductivity_w_mk": 0.2493560197627558,
                    "coupling_temperature_c": 36.28796047448842,
                    "element_id": "dielectric_core",
                    "measured_mean_temperature_c": 36.28796404992463
                  },
                  {
                    "conductivity_relative_change": 4.7282748089043357e-11,
                    "conductivity_w_mk": 159.99927365583892,
                    "coupling_temperature_c": 35.00378304250559,
                    "element_id": "substrate_right",
                    "measured_mean_temperature_c": 35.00378305238175
                  }
                ],
                "total_joule_loss_w": 0.00006652847470589865,
                "total_loss_w": 0.0011440427918528668
              },
              {
                "converged": false,
                "coupling_temperature_c": 36.28796333483739,
                "dielectric_mean_temperature_c": 36.28796405743779,
                "iteration": 10,
                "loss_relative_change": 1.3597043701797898e-9,
                "loss_tangent": 0.0002002575926669675,
                "max_conductivity_relative_change": 5.735472037953828e-9,
                "max_temperature_c": 37.56844752264688,
                "relative_permittivity": 2.100270472300316,
                "temperature_residual_c": 1.441255982115308e-6,
                "thermal_conductivity_updates": [
                  {
                    "conductivity_relative_change": 5.719652981015073e-9,
                    "conductivity_w_mk": 388.9983227032039,
                    "coupling_temperature_c": 37.56840332511834,
                    "element_id": "conductor_left",
                    "measured_mean_temperature_c": 37.56840476637432
                  },
                  {
                    "conductivity_relative_change": 5.735472037953828e-9,
                    "conductivity_w_mk": 0.2493560183325813,
                    "coupling_temperature_c": 36.28796333483739,
                    "element_id": "dielectric_core",
                    "measured_mean_temperature_c": 36.28796405743779
                  },
                  {
                    "conductivity_relative_change": 9.481170035817996e-12,
                    "conductivity_w_mk": 159.99927365432194,
                    "coupling_temperature_c": 35.00378305040652,
                    "element_id": "substrate_right",
                    "measured_mean_temperature_c": 35.00378305238691
                  }
                ],
                "total_joule_loss_w": 0.00006652847322920227,
                "total_loss_w": 0.0011440427949755822
              },
              {
                "converged": false,
                "coupling_temperature_c": 36.28796391291771,
                "dielectric_mean_temperature_c": 36.28796405896427,
                "iteration": 11,
                "loss_relative_change": 2.7479275309244836e-10,
                "loss_tangent": 0.00020025759278258356,
                "max_conductivity_relative_change": 1.1591464880453852e-9,
                "max_temperature_c": 37.56844752569742,
                "relative_permittivity": 2.1002704724217125,
                "temperature_residual_c": 2.913018875005946e-7,
                "thermal_conductivity_updates": [
                  {
                    "conductivity_relative_change": 1.1559739193176647e-9,
                    "conductivity_w_mk": 388.998322253532,
                    "coupling_temperature_c": 37.56840447812313,
                    "element_id": "conductor_left",
                    "measured_mean_temperature_c": 37.568404769425015
                  },
                  {
                    "conductivity_relative_change": 1.1591464880453852e-9,
                    "conductivity_w_mk": 0.24935601804354116,
                    "coupling_temperature_c": 36.28796391291771,
                    "element_id": "dielectric_core",
                    "measured_mean_temperature_c": 36.28796405896427
                  },
                  {
                    "conductivity_relative_change": 1.9010657197190807e-12,
                    "conductivity_w_mk": 159.99927365401777,
                    "coupling_temperature_c": 35.00378305199083,
                    "element_id": "substrate_right",
                    "measured_mean_temperature_c": 35.003783052387966
                  }
                ],
                "total_joule_loss_w": 0.0000665284729307537,
                "total_loss_w": 0.001144042795606687
              },
              {
                "converged": true,
                "coupling_temperature_c": 36.28796402975496,
                "dielectric_mean_temperature_c": 36.28796405926191,
                "iteration": 12,
                "loss_relative_change": 5.553761750746917e-11,
                "loss_tangent": 0.000200257592805951,
                "max_conductivity_relative_change": 2.3427800741316403e-10,
                "max_temperature_c": 37.568447526292246,
                "relative_permittivity": 2.1002704724462484,
                "temperature_residual_c": 5.8855228246557096e-8,
                "thermal_conductivity_updates": [
                  {
                    "conductivity_relative_change": 2.3364148740324457e-10,
                    "conductivity_w_mk": 388.9983221626458,
                    "coupling_temperature_c": 37.56840471116464,
                    "element_id": "conductor_left",
                    "measured_mean_temperature_c": 37.56840477001987
                  },
                  {
                    "conductivity_relative_change": 2.3427800741316403e-10,
                    "conductivity_w_mk": 0.24935601798512252,
                    "coupling_temperature_c": 36.28796402975496,
                    "element_id": "dielectric_core",
                    "measured_mean_temperature_c": 36.28796405926191
                  },
                  {
                    "conductivity_relative_change": 3.8138554478084714e-13,
                    "conductivity_w_mk": 159.99927365395675,
                    "coupling_temperature_c": 35.00378305230854,
                    "element_id": "substrate_right",
                    "measured_mean_temperature_c": 35.00378305238816
                  }
                ],
                "total_joule_loss_w": 0.00006652847287043227,
                "total_loss_w": 0.0011440427957342407
              }
            ],
            "loss_relative_change_tolerance": 1e-9,
            "max_iterations": 12,
            "method": "relaxed_temperature_dependent_dielectric_and_conductivity_fixed_point",
            "parameter_source": "screening_sensitivity_not_material_card",
            "relaxation_factor": 0.8,
            "schema_version": "kyuubiki.composite-electrothermal-feedback-convergence/v1",
            "status": "pass",
            "temperature_residual_tolerance_c": 1e-7
          },
          "electrothermal_loss_projection": {
            "assumptions": [
              "The solved electrostatic field magnitude is interpreted as an RMS harmonic field.",
              "Relative permittivity and loss tangent are scalar, isotropic, and frequency-local screening values.",
              "Element dielectric loss is lumped consistently to its four thermal nodes."
            ],
            "distributed_total_heat_load_w": 0.0011440427957342407,
            "effective_conductivity_s_m": 2.339875857047417e-7,
            "electric_field_rms_v_m": 73706.10684859003,
            "energy_balance_relative_error": 0.0,
            "frequency_hz": 10000000.0,
            "loss_tangent": 0.000200257592805951,
            "model": "harmonic_dielectric_loss_sigma_eff_e_rms_squared",
            "relative_permittivity": 2.1002704724462484,
            "schema_version": "kyuubiki.composite-electrothermal-loss-projection/v1",
            "source_element_id": "dielectric_core",
            "source_volume_m3": 9e-7,
            "target_element_count": 1,
            "target_node_count": 4,
            "total_loss_w": 0.0011440427957342407,
            "volumetric_loss_w_m3": 1271.1586619269342
          },
          "heat": {
            "elements": [
              {
                "area": 0.0009,
                "average_temperature": 37.56840477001987,
                "heat_flow_rate": 9.979270929127892e-7,
                "heat_flux_magnitude": 1.1088078810142104,
                "heat_flux_x": 1.1088078810142104,
                "heat_flux_y": -0.0,
                "id": "conductor_left",
                "index": 0,
                "node_i": 0,
                "node_j": 1,
                "node_k": 5,
                "node_l": 4,
                "temperature_gradient_x": -0.00285041815823206,
                "temperature_gradient_y": 0.0
              },
              {
                "area": 0.0009,
                "average_temperature": 36.28796405926191,
                "heat_flow_rate": 0.00001915649612200935,
                "heat_flux_magnitude": 21.284995691121505,
                "heat_flux_x": 21.284995691121505,
                "heat_flux_y": -2.8348497151582993e-14,
                "id": "dielectric_core",
                "index": 1,
                "node_i": 1,
                "node_j": 2,
                "node_k": 6,
                "node_l": 5,
                "temperature_gradient_x": -85.3598636323726,
                "temperature_gradient_y": 1.1368683772161605e-13
              },
              {
                "area": 0.0009,
                "average_temperature": 35.00378305238816,
                "heat_flow_rate": 0.00003631713805803182,
                "heat_flux_magnitude": 40.35237562003536,
                "heat_flux_x": 40.35237562003536,
                "heat_flux_y": -1.8189811459473816e-11,
                "id": "substrate_right",
                "index": 2,
                "node_i": 2,
                "node_j": 3,
                "node_k": 7,
                "node_l": 6,
                "temperature_gradient_x": -0.25220349254402663,
                "temperature_gradient_y": 1.1368683772161605e-13
              }
            ],
            "input": {
              "elements": [
                {
                  "conductivity": 388.9983221626458,
                  "id": "conductor_left",
                  "node_i": 0,
                  "node_j": 1,
                  "node_k": 5,
                  "node_l": 4,
                  "thickness": 0.001
                },
                {
                  "conductivity": 0.24935601798512252,
                  "id": "dielectric_core",
                  "node_i": 1,
                  "node_j": 2,
                  "node_k": 6,
                  "node_l": 5,
                  "thickness": 0.001
                },
                {
                  "conductivity": 159.99927365395675,
                  "id": "substrate_right",
                  "node_i": 2,
                  "node_j": 3,
                  "node_k": 7,
                  "node_l": 6,
                  "thickness": 0.001
                }
              ],
              "nodes": [
                {
                  "fix_temperature": false,
                  "heat_load": 0.00001663211821760807,
                  "id": "n0",
                  "temperature": 35.0,
                  "x": 0.0,
                  "y": 0.0
                },
                {
                  "fix_temperature": false,
                  "heat_load": 0.00030264281715116823,
                  "id": "n1",
                  "temperature": 35.0,
                  "x": 0.03,
                  "y": 0.0
                },
                {
                  "fix_temperature": false,
                  "heat_load": 0.0002860106989335602,
                  "id": "n2",
                  "temperature": 35.0,
                  "x": 0.06,
                  "y": 0.0
                },
                {
                  "fix_temperature": true,
                  "heat_load": 0.0,
                  "id": "n3",
                  "temperature": 35.0,
                  "x": 0.09,
                  "y": 0.0
                },
                {
                  "fix_temperature": false,
                  "heat_load": 0.00001663211821760807,
                  "id": "n4",
                  "temperature": 35.0,
                  "x": 0.0,
                  "y": 0.03
                },
                {
                  "fix_temperature": false,
                  "heat_load": 0.00030264281715116823,
                  "id": "n5",
                  "temperature": 35.0,
                  "x": 0.03,
                  "y": 0.03
                },
                {
                  "fix_temperature": false,
                  "heat_load": 0.0002860106989335602,
                  "id": "n6",
                  "temperature": 35.0,
                  "x": 0.06,
                  "y": 0.03
                },
                {
                  "fix_temperature": true,
                  "heat_load": 0.0,
                  "id": "n7",
                  "temperature": 35.0,
                  "x": 0.09,
                  "y": 0.03
                }
              ]
            },
            "max_heat_flux": 40.35237562003536,
            "max_temperature": 37.568447526292246,
            "nodes": [
              {
                "heat_load": 0.00001663211821760807,
                "id": "n0",
                "index": 0,
                "temperature": 37.568447526292246,
                "x": 0.0,
                "y": 0.0
              },
              {
                "heat_load": 0.00030264281715116823,
                "id": "n1",
                "index": 1,
                "temperature": 37.568362013747496,
                "x": 0.03,
                "y": 0.0
              },
              {
                "heat_load": 0.0002860106989335602,
                "id": "n2",
                "index": 2,
                "temperature": 35.007566104776316,
                "x": 0.06,
                "y": 0.0
              },
              {
                "heat_load": 0.0,
                "id": "n3",
                "index": 3,
                "temperature": 35.0,
                "x": 0.09,
                "y": 0.0
              },
              {
                "heat_load": 0.00001663211821760807,
                "id": "n4",
                "index": 4,
                "temperature": 37.568447526292246,
                "x": 0.0,
                "y": 0.03
              },
              {
                "heat_load": 0.00030264281715116823,
                "id": "n5",
                "index": 5,
                "temperature": 37.568362013747496,
                "x": 0.03,
                "y": 0.03
              },
              {
                "heat_load": 0.0002860106989335602,
                "id": "n6",
                "index": 6,
                "temperature": 35.00756610477632,
                "x": 0.06,
                "y": 0.03
              },
              {
                "heat_load": 0.0,
                "id": "n7",
                "index": 7,
                "temperature": 35.0,
                "x": 0.09,
                "y": 0.03
              }
            ],
            "total_abs_heat_flow_rate": 0.000056471561272953965
          },
          "heat_cross_validation": {
            "absolute_error_c": 1.5702994460298214e-11,
            "conductivities_w_mk": [
              388.9983221626458,
              0.24935601798512252,
              159.99927365395675
            ],
            "expected_max_temperature_c": 37.56844752630795,
            "fem_max_temperature_c": 37.568447526292246,
            "fixed_temperature_c": 35.0,
            "method": "layered_thermal_resistance_with_regional_generation_closed_form",
            "relative_error": 4.1798358713923233e-13,
            "relative_error_tolerance": 1e-9,
            "schema_version": "kyuubiki.composite-heat-cross-validation/v1",
            "status": "pass",
            "total_heat_load_w": 0.001210571268604673
          },
          "heat_mesh_convergence": {
            "finest_pair_relative_change": 1.4319058551458883e-11,
            "max_analytic_relative_error": 1.2370233718027822e-11,
            "method": "structured_quad_h_refinement",
            "refinement_levels": [
              1,
              2,
              4,
              8
            ],
            "relative_error_tolerance": 1e-8,
            "samples": [
              {
                "analytic_relative_error": 4.1798358713923233e-13,
                "element_count": 3,
                "elements_per_layer": 1,
                "max_temperature_c": 37.568447526292246,
                "node_count": 8,
                "relative_change_from_previous": null
              },
              {
                "analytic_relative_error": 7.922774871159477e-13,
                "element_count": 6,
                "elements_per_layer": 2,
                "max_temperature_c": 37.568447526337714,
                "node_count": 14,
                "relative_change_from_previous": 1.2102610742551797e-12
              },
              {
                "analytic_relative_error": 1.948824833431063e-12,
                "element_count": 12,
                "elements_per_layer": 4,
                "max_temperature_c": 37.56844752638116,
                "node_count": 26,
                "relative_change_from_previous": 1.1565473463151156e-12
              },
              {
                "analytic_relative_error": 1.2370233718027822e-11,
                "element_count": 24,
                "elements_per_layer": 8,
                "max_temperature_c": 37.56844752584322,
                "node_count": 50,
                "relative_change_from_previous": 1.4319058551458883e-11
              }
            ],
            "schema_version": "kyuubiki.composite-heat-mesh-convergence/v1",
            "status": "pass"
          },
          "heat_to_thermal_projection": {
            "mapped_node_count": 8,
            "maximum_coordinate_error_m": 0.0,
            "maximum_temperature_delta_c": 2.568447526292246,
            "minimum_temperature_delta_c": 0.0,
            "reference_temperature_c": 35.0,
            "schema_version": "kyuubiki.composite-heat-to-thermal-projection/v1"
          },
          "joule_heating_projection": {
            "assumptions": [
              "Steady scalar electrical conductivity is solved on a two-dimensional quad mesh.",
              "Joule heating uses the solved local sigma times electric-field magnitude squared.",
              "Element Joule power integrates both triangular subcell fields before thermal projection.",
              "Recovered terminal currents gate current continuity and electrical input-power balance.",
              "Contact and terminal impedance models require explicit study-level heat mappings."
            ],
            "boundary_voltage_span_v": 0.000033600000000000004,
            "current_balance_relative_error": 0.0,
            "distributed_total_heat_load_w": 0.00006652847287043221,
            "electrical_power_balance_relative_error": 0.0,
            "energy_balance_relative_error": 1.0185508979338118e-15,
            "free_current_residual_relative_error": 0.0,
            "max_current_density_a_m2": 66000.46911749234,
            "max_free_current_residual_a": 0.0,
            "model": "solved_steady_current_density_sigma_e_squared",
            "parameter_source": "screening_reference_not_material_card",
            "regions": [
              {
                "coupling_temperature_c": 37.56840471116464,
                "current_density_magnitude_a_m2": 66000.46911749234,
                "distributed_heat_load_w": 0.00006652847287043227,
                "electric_field_magnitude_v_m": 0.00112,
                "electrical_conductivity_s_m": 58928990.28347529,
                "element_id": "conductor_left",
                "energy_balance_relative_error": 0.0,
                "joule_power_w": 0.00006652847287043227,
                "peak_current_density_magnitude_a_m2": 66000.46911749234,
                "peak_electric_field_magnitude_v_m": 0.00112,
                "rms_current_density_magnitude_a_m2": 66000.46911749234,
                "rms_electric_field_magnitude_v_m": 0.00112,
                "source_volume_m3": 9e-7,
                "volumetric_joule_heating_w_m3": 73.92052541159141
              }
            ],
            "schema_version": "kyuubiki.composite-current-to-heat-projection/v2",
            "source_power_balance_relative_error": 0.0,
            "status": "pass",
            "total_dissipated_power_w": 0.00006652847287043227,
            "total_electrical_input_power_w": 0.00006652847287043227,
            "total_extracted_current_a": 1.98001407352477,
            "total_injected_current_a": 1.98001407352477,
            "total_joule_loss_w": 0.00006652847287043227,
            "total_source_power_w": 0.00006652847287043227
          },
          "research": {
            "candidate_id": "copper_ptfe_glass_epoxy",
            "candidate_label": "Copper / PTFE / Glass epoxy",
            "coupling": "iterative_dielectric_and_conductor_joule_heating_with_temperature_dependent_electrical_thermal_feedback_and_expansion_projection",
            "materials": {
              "conductor": "copper",
              "dielectric": "ptfe",
              "substrate": "glass_epoxy"
            },
            "study": "material.composite_thermo_electric_panel.v1"
          },
          "schema_version": "kyuubiki.composite-thermo-electric-panel-result/v1",
          "thermal": {
            "elements": [
              {
                "area": 0.0009,
                "average_temperature_delta": 2.5684047700198707,
                "gamma_xy": -1.4705433112053822e-20,
                "id": "conductor_left",
                "index": 0,
                "max_in_plane_shear": 764075.3746174074,
                "mechanical_strain_x": 4.4455294523194675e-6,
                "mechanical_strain_y": -0.00001389227953849831,
                "node_i": 0,
                "node_j": 1,
                "node_k": 5,
                "node_l": 4,
                "principal_stress_1": 1.164153218269348e-9,
                "principal_stress_2": -1528150.7492348135,
                "strain_energy_density": 34.90956570655044,
                "stress_x": 1.0737090229263735e-9,
                "stress_y": -1528150.7492348135,
                "tau_xy": -6.315935428978667e-10,
                "thermal_strain": 0.00004368530988075085,
                "total_strain_x": 0.000048130839333070326,
                "total_strain_y": 0.000029793030342252546,
                "von_mises": 1528150.7492348142
              },
              {
                "area": 0.0009,
                "average_temperature_delta": 1.287964059261908,
                "gamma_xy": 1.0707393484714192e-19,
                "id": "dielectric_core",
                "index": 1,
                "max_in_plane_shear": 33823.02723402724,
                "mechanical_strain_x": 8.658694971910946e-6,
                "mechanical_strain_y": -0.00002705842178722182,
                "node_i": 1,
                "node_j": 2,
                "node_k": 6,
                "node_l": 5,
                "principal_stress_1": -1.0186340659856795e-10,
                "principal_stress_2": -67646.05446805459,
                "strain_energy_density": 3.478334274293656,
                "stress_x": -1.0658141036401504e-10,
                "stress_y": -67646.05446805459,
                "tau_xy": 1.0115365335473647e-10,
                "thermal_strain": 0.000058018101317832067,
                "total_strain_x": 0.00006667679628974302,
                "total_strain_y": 0.00003095967953061025,
                "von_mises": 67646.05446805453
              },
              {
                "area": 0.0009,
                "average_temperature_delta": 0.0037830523881599016,
                "gamma_xy": -9.1047310478927e-21,
                "id": "substrate_right",
                "index": 2,
                "max_in_plane_shear": 8144.000876248067,
                "mechanical_strain_x": -2.3691638912723121e-7,
                "mechanical_strain_y": 7.403637160225367e-7,
                "node_i": 2,
                "node_j": 3,
                "node_k": 7,
                "node_l": 6,
                "principal_stress_1": 16288.001752495657,
                "principal_stress_2": -4.765752237290144e-10,
                "strain_energy_density": 0.018161514758246584,
                "stress_x": -4.769024681334284e-10,
                "stress_y": 16288.001752495657,
                "tau_xy": -7.623531435759408e-11,
                "thermal_strain": 5.296279354247718e-8,
                "total_strain_x": -1.8395359558475406e-7,
                "total_strain_y": 7.933265095650139e-7,
                "von_mises": 16288.001752495897
              }
            ],
            "input": {
              "elements": [
                {
                  "id": "conductor_left",
                  "node_i": 0,
                  "node_j": 1,
                  "node_k": 5,
                  "node_l": 4,
                  "poisson_ratio": 0.32,
                  "thermal_expansion": 0.00001700873257621807,
                  "thickness": 0.001,
                  "youngs_modulus": 110000000000.0
                },
                {
                  "id": "dielectric_core",
                  "node_i": 1,
                  "node_j": 2,
                  "node_k": 6,
                  "node_l": 5,
                  "poisson_ratio": 0.32,
                  "thermal_expansion": 0.00004504636670613343,
                  "thickness": 0.001,
                  "youngs_modulus": 2500000000.0
                },
                {
                  "id": "substrate_right",
                  "node_i": 2,
                  "node_j": 3,
                  "node_k": 7,
                  "node_l": 6,
                  "poisson_ratio": 0.32,
                  "thermal_expansion": 0.000014000015888820033,
                  "thickness": 0.001,
                  "youngs_modulus": 22000000000.0
                }
              ],
              "nodes": [
                {
                  "fix_x": true,
                  "fix_y": true,
                  "id": "n0",
                  "load_x": 0.0,
                  "load_y": 0.0,
                  "temperature_delta": 2.568447526292246,
                  "x": 0.0,
                  "y": 0.0
                },
                {
                  "fix_x": false,
                  "fix_y": false,
                  "id": "n1",
                  "load_x": 0.0,
                  "load_y": 0.0,
                  "temperature_delta": 2.568362013747496,
                  "x": 0.03,
                  "y": 0.0
                },
                {
                  "fix_x": false,
                  "fix_y": false,
                  "id": "n2",
                  "load_x": 0.0,
                  "load_y": 0.0,
                  "temperature_delta": 0.0075661047763162514,
                  "x": 0.06,
                  "y": 0.0
                },
                {
                  "fix_x": false,
                  "fix_y": false,
                  "id": "n3",
                  "load_x": 0.0,
                  "load_y": 0.0,
                  "temperature_delta": 0.0,
                  "x": 0.09,
                  "y": 0.0
                },
                {
                  "fix_x": true,
                  "fix_y": true,
                  "id": "n4",
                  "load_x": 0.0,
                  "load_y": 0.0,
                  "temperature_delta": 2.568447526292246,
                  "x": 0.0,
                  "y": 0.03
                },
                {
                  "fix_x": false,
                  "fix_y": false,
                  "id": "n5",
                  "load_x": 0.0,
                  "load_y": 0.0,
                  "temperature_delta": 2.568362013747496,
                  "x": 0.03,
                  "y": 0.03
                },
                {
                  "fix_x": false,
                  "fix_y": false,
                  "id": "n6",
                  "load_x": 0.0,
                  "load_y": 0.0,
                  "temperature_delta": 0.007566104776323357,
                  "x": 0.06,
                  "y": 0.03
                },
                {
                  "fix_x": false,
                  "fix_y": false,
                  "id": "n7",
                  "load_x": 0.0,
                  "load_y": 0.0,
                  "temperature_delta": 0.0,
                  "x": 0.09,
                  "y": 0.03
                }
              ]
            },
            "max_displacement": 3.444406892465877e-6,
            "max_strain_energy_density": 34.90956570655044,
            "max_stress": 1528150.7492348142,
            "max_temperature_delta": 2.568447526292246,
            "nodes": [
              {
                "displacement_magnitude": 0.0,
                "id": "n0",
                "index": 0,
                "temperature_delta": 2.568447526292246,
                "ux": 0.0,
                "uy": 0.0,
                "x": 0.0,
                "y": 0.0
              },
              {
                "displacement_magnitude": 1.6981702260645692e-6,
                "id": "n1",
                "index": 1,
                "temperature_delta": 2.568362013747496,
                "ux": 1.4439251799921092e-6,
                "uy": -8.937909102675775e-7,
                "x": 0.03,
                "y": 0.0
              },
              {
                "displacement_magnitude": 3.444406892465877e-6,
                "id": "n2",
                "index": 2,
                "temperature_delta": 0.0075661047763162514,
                "ux": 3.4442290686844005e-6,
                "uy": -3.499947565072947e-8,
                "x": 0.06,
                "y": 0.0
              },
              {
                "displacement_magnitude": 3.438728699122909e-6,
                "id": "n3",
                "index": 3,
                "temperature_delta": 0.0,
                "ux": 3.4387104608168574e-6,
                "uy": 1.1199680363782471e-8,
                "x": 0.09,
                "y": 0.0
              },
              {
                "displacement_magnitude": 0.0,
                "id": "n4",
                "index": 4,
                "temperature_delta": 2.568447526292246,
                "ux": 0.0,
                "uy": 0.0,
                "x": 0.0,
                "y": 0.03
              },
              {
                "displacement_magnitude": 1.698170226064569e-6,
                "id": "n5",
                "index": 5,
                "temperature_delta": 2.568362013747496,
                "ux": 1.4439251799921104e-6,
                "uy": 8.937909102675754e-7,
                "x": 0.03,
                "y": 0.03
              },
              {
                "displacement_magnitude": 3.4444068924658766e-6,
                "id": "n6",
                "index": 6,
                "temperature_delta": 0.007566104776323357,
                "ux": 3.4442290686844e-6,
                "uy": 3.4999475650732986e-8,
                "x": 0.06,
                "y": 0.03
              },
              {
                "displacement_magnitude": 3.4387286991229102e-6,
                "id": "n7",
                "index": 7,
                "temperature_delta": 0.0,
                "ux": 3.4387104608168583e-6,
                "uy": -1.1199680363779154e-8,
                "x": 0.09,
                "y": 0.03
              }
            ],
            "total_strain_energy": 0.00003456545534604211
          },
          "thermal_constraint_regularized_mesh_convergence": {
            "algebraic_validation": {
              "max_relative_residual": null,
              "method": "original_system_recomputed_l2_residual_over_max_rhs_l2_or_one",
              "qualification_effect": "algebraic_gate_does_not_override_discretization_gates",
              "relative_residual_tolerance": 1e-10,
              "required_series": [
                "uniform_full_edge_clamp",
                "uniform_regularized_restraint",
                "interface_graded_full_edge_clamp"
              ],
              "schema_version": "kyuubiki.composite-thermal-algebraic-validation/v1",
              "series": [],
              "status": "missing"
            },
            "convergence_tolerance": 0.02,
            "diagnostic_metrics": [
              "max_von_mises_stress_pa"
            ],
            "finest_pair_displacement_relative_change": 0.0016574182987340934,
            "finest_pair_peak_stress_relative_change": 0.3090275358920122,
            "finest_pair_strain_energy_relative_change": 0.22701411201864888,
            "method": "structured_quad_h_refinement_preserving_piecewise_linear_temperature_roller_edge_with_vertical_anchor",
            "pass_metrics": [
              "max_displacement_m",
              "total_strain_energy_j"
            ],
            "refinement_levels": [
              1,
              2,
              4,
              8
            ],
            "regime_assessment": {
              "diagnosis": "pass_metrics_lack_qualified_discretization_uncertainty",
              "gci_safety_factor": 1.25,
              "method": "four_level_constant_ratio_observed_order_and_fine_grid_gci",
              "metrics": [
                {
                  "coarse_triplet_observed_order": 0.5577914725481644,
                  "fine_grid_gci": null,
                  "fine_triplet_observed_order": 4.090747426772992,
                  "metric": "max_displacement_m",
                  "observed_order_relative_difference": 0.8636455849369852,
                  "qualification_role": "pass_metric",
                  "regime": "oscillatory",
                  "richardson_extrapolated_value": null,
                  "unit": "m"
                },
                {
                  "coarse_triplet_observed_order": 1.6913255222764536,
                  "fine_grid_gci": 0.16733137111259783,
                  "fine_triplet_observed_order": 1.6753125377584788,
                  "metric": "total_strain_energy_j",
                  "observed_order_relative_difference": 0.009467712931110995,
                  "qualification_role": "pass_metric",
                  "regime": "asymptotic_converging",
                  "richardson_extrapolated_value": 6.477700236175085e-7,
                  "unit": "J"
                },
                {
                  "coarse_triplet_observed_order": -3.961486013566736,
                  "fine_grid_gci": null,
                  "fine_triplet_observed_order": -0.6798621981685162,
                  "metric": "max_von_mises_stress_pa",
                  "observed_order_relative_difference": 0.828382027390676,
                  "qualification_role": "diagnostic_metric",
                  "regime": "monotonic_diverging",
                  "richardson_extrapolated_value": null,
                  "unit": "Pa"
                }
              ],
              "order_consistency_tolerance": 0.25,
              "qualification_effect": "gci_gates_require_asymptotic_pass_metric_evidence",
              "qualification_tolerance": 0.02,
              "refinement_ratio": 2.0,
              "schema_version": "kyuubiki.composite-thermal-convergence-regime/v1",
              "status": "fail"
            },
            "samples": [
              {
                "displacement_relative_change": null,
                "element_count": 3,
                "elements_per_original_element": 1,
                "max_displacement_m": 3.440324449653326e-6,
                "max_von_mises_stress_pa": 84646.69274171213,
                "node_count": 8,
                "peak_stress_relative_change": null,
                "strain_energy_relative_change": null,
                "total_strain_energy_j": 3.934602125351461e-6
              },
              {
                "displacement_relative_change": 0.04109054155386584,
                "element_count": 12,
                "elements_per_original_element": 2,
                "max_displacement_m": 3.2989596548960648e-6,
                "max_von_mises_stress_pa": 86804.76263628146,
                "node_count": 21,
                "peak_stress_relative_change": 0.02486119227826019,
                "strain_energy_relative_change": 0.5758041824393674,
                "total_strain_energy_j": 1.669041765339266e-6
              },
              {
                "displacement_relative_change": 0.02828721649349031,
                "element_count": 48,
                "elements_per_original_element": 4,
                "max_displacement_m": 3.3949946022028066e-6,
                "max_von_mises_stress_pa": 120424.29155778108,
                "node_count": 65,
                "peak_stress_relative_change": 0.279175642111779,
                "strain_energy_relative_change": 0.42030902778807017,
                "total_strain_energy_j": 9.675284436118348e-7
              },
              {
                "displacement_relative_change": 0.0016574182987340934,
                "element_count": 192,
                "elements_per_original_element": 8,
                "max_displacement_m": 3.400630870034041e-6,
                "max_von_mises_stress_pa": 174282.33079192677,
                "node_count": 225,
                "peak_stress_relative_change": 0.3090275358920122,
                "strain_energy_relative_change": 0.22701411201864888,
                "total_strain_energy_j": 7.478858331325087e-7
              }
            ],
            "schema_version": "kyuubiki.composite-thermal-mesh-convergence/v1",
            "status": "fail"
          },
          "thermal_constraint_sensitivity": {
            "alternative_restraint": "roller_edge_with_vertical_anchor",
            "alternative_status": "fail",
            "diagnosis": "mixed_restraint_sensitivity_and_persistent_energy_nonconvergence",
            "displacement_change_ratio_alternative_to_primary": 0.4095954939458483,
            "peak_stress_change_ratio_alternative_to_primary": 1.1901072846622012,
            "primary_restraint": "full_edge_clamp",
            "primary_status": "fail",
            "qualification_effect": "diagnostic_only_does_not_override_primary_quality_gates",
            "schema_version": "kyuubiki.composite-thermal-constraint-sensitivity/v1",
            "strain_energy_change_ratio_alternative_to_primary": 1.7213756194027476
          },
          "thermal_expansion_projection": {
            "coverage_fraction": 1.0,
            "declared_region_count": 3,
            "max_relative_change": 0.001030371247409517,
            "model": "regional_linear_temperature_dependent_thermal_expansion",
            "parameter_source": "screening_sensitivity_not_material_card",
            "schema_version": "kyuubiki.composite-thermal-expansion-projection/v1",
            "status": "pass",
            "updated_region_count": 3,
            "updates": [
              {
                "adjusted_thermal_expansion_1_k": 0.00001700873257621807,
                "element_id": "conductor_left",
                "mean_temperature_c": 37.56840477001987,
                "reference_thermal_expansion_1_k": 0.000017,
                "relative_change": 0.0005136809540040387
              },
              {
                "adjusted_thermal_expansion_1_k": 0.00004504636670613343,
                "element_id": "dielectric_core",
                "mean_temperature_c": 36.28796405926191,
                "reference_thermal_expansion_1_k": 0.000045,
                "relative_change": 0.001030371247409517
              },
              {
                "adjusted_thermal_expansion_1_k": 0.000014000015888820033,
                "element_id": "substrate_right",
                "mean_temperature_c": 35.00378305238816,
                "reference_thermal_expansion_1_k": 0.000014,
                "relative_change": 1.1349157165190245e-6
              }
            ]
          },
          "thermal_interface_grading_assessment": {
            "diagnosis": "graded_mesh_did_not_resolve_nonconvergence",
            "displacement_change_ratio_graded_to_uniform": 1.1198032360850143,
            "graded_mesh_convergence": {
              "algebraic_validation": {
                "max_relative_residual": null,
                "method": "original_system_recomputed_l2_residual_over_max_rhs_l2_or_one",
                "qualification_effect": "algebraic_gate_does_not_override_discretization_gates",
                "relative_residual_tolerance": 1e-10,
                "required_series": [
                  "uniform_full_edge_clamp",
                  "uniform_regularized_restraint",
                  "interface_graded_full_edge_clamp"
                ],
                "schema_version": "kyuubiki.composite-thermal-algebraic-validation/v1",
                "series": [],
                "status": "missing"
              },
              "convergence_tolerance": 0.02,
              "diagnostic_metrics": [
                "max_von_mises_stress_pa"
              ],
              "finest_pair_displacement_relative_change": 0.004531256817767462,
              "finest_pair_peak_stress_relative_change": 0.414890369791112,
              "finest_pair_strain_energy_relative_change": 0.11932985799330392,
              "method": "cosine_graded_quad_h_refinement_at_clamp_interfaces_and_free_edges",
              "pass_metrics": [
                "max_displacement_m",
                "total_strain_energy_j"
              ],
              "refinement_levels": [
                1,
                2,
                4,
                8
              ],
              "regime_assessment": {
                "diagnosis": "pass_metrics_lack_qualified_discretization_uncertainty",
                "gci_safety_factor": 1.25,
                "method": "four_level_constant_ratio_observed_order_and_fine_grid_gci",
                "metrics": [
                  {
                    "coarse_triplet_observed_order": 2.0568329574897297,
                    "fine_grid_gci": null,
                    "fine_triplet_observed_order": 1.0295714792764112,
                    "metric": "max_displacement_m",
                    "observed_order_relative_difference": 0.4994384568142296,
                    "qualification_role": "pass_metric",
                    "regime": "oscillatory",
                    "richardson_extrapolated_value": null,
                    "unit": "m"
                  },
                  {
                    "coarse_triplet_observed_order": 0.8547109905390887,
                    "fine_grid_gci": null,
                    "fine_triplet_observed_order": 1.7729980360579338,
                    "metric": "total_strain_energy_j",
                    "observed_order_relative_difference": 0.5179289693746957,
                    "qualification_role": "pass_metric",
                    "regime": "monotonic_pre_asymptotic",
                    "richardson_extrapolated_value": null,
                    "unit": "J"
                  },
                  {
                    "coarse_triplet_observed_order": -1.0593732704058507,
                    "fine_grid_gci": null,
                    "fine_triplet_observed_order": -0.5966558427418461,
                    "metric": "max_von_mises_stress_pa",
                    "observed_order_relative_difference": 0.43678412566208646,
                    "qualification_role": "diagnostic_metric",
                    "regime": "monotonic_diverging",
                    "richardson_extrapolated_value": null,
                    "unit": "Pa"
                  }
                ],
                "order_consistency_tolerance": 0.25,
                "qualification_effect": "gci_gates_require_asymptotic_pass_metric_evidence",
                "qualification_tolerance": 0.02,
                "refinement_ratio": 2.0,
                "schema_version": "kyuubiki.composite-thermal-convergence-regime/v1",
                "status": "fail"
              },
              "samples": [
                {
                  "displacement_relative_change": null,
                  "element_count": 3,
                  "elements_per_original_element": 1,
                  "max_displacement_m": 3.444406892465877e-6,
                  "max_von_mises_stress_pa": 1528150.7492348142,
                  "node_count": 8,
                  "peak_stress_relative_change": null,
                  "strain_energy_relative_change": null,
                  "total_strain_energy_j": 0.00003456545534604211
                },
                {
                  "displacement_relative_change": 0.037394135412219344,
                  "element_count": 12,
                  "elements_per_original_element": 2,
                  "max_displacement_m": 3.3156062747142264e-6,
                  "max_von_mises_stress_pa": 2651438.229439396,
                  "node_count": 21,
                  "peak_stress_relative_change": 0.4236521400847731,
                  "strain_energy_relative_change": 0.34377391765517895,
                  "total_strain_energy_j": 0.000022682753346198063
                },
                {
                  "displacement_relative_change": 0.009250188338868813,
                  "element_count": 48,
                  "elements_per_original_element": 4,
                  "max_displacement_m": 3.346562609136556e-6,
                  "max_von_mises_stress_pa": 4992398.533644222,
                  "node_count": 65,
                  "peak_stress_relative_change": 0.4689049338567192,
                  "strain_energy_relative_change": 0.28968485453914006,
                  "total_strain_energy_j": 0.000016111903242557485
                },
                {
                  "displacement_relative_change": 0.004531256817767462,
                  "element_count": 192,
                  "elements_per_original_element": 8,
                  "max_displacement_m": 3.33139847449782e-6,
                  "max_von_mises_stress_pa": 8532415.59511147,
                  "node_count": 225,
                  "peak_stress_relative_change": 0.414890369791112,
                  "strain_energy_relative_change": 0.11932985799330392,
                  "total_strain_energy_j": 0.000014189272116621248
                }
              ],
              "schema_version": "kyuubiki.composite-thermal-mesh-convergence/v1",
              "status": "fail"
            },
            "graded_stress_recovery": {
              "convergence_tolerance": 0.02,
              "diagnostic_metrics": [
                "max_stress_pa",
                "max_to_p95_ratio"
              ],
              "finest_pair_max_relative_change": 0.414890369791112,
              "finest_pair_p95_relative_change": 0.34052304311486353,
              "finest_pair_rms_relative_change": 0.009225985006889583,
              "method": "interface_graded_mesh_element_area_weighted_von_mises_p95_and_rms",
              "pass_metrics": [
                "area_weighted_rms_stress_pa",
                "area_weighted_p95_stress_pa"
              ],
              "refinement_levels": [
                1,
                2,
                4,
                8
              ],
              "samples": [
                {
                  "element_count": 3,
                  "elements_per_original_element": 1,
                  "max_relative_change": null,
                  "p95_relative_change": null,
                  "rms_relative_change": null,
                  "statistics": {
                    "area_weighted_mean_stress_pa": 537361.6018184549,
                    "area_weighted_p95_stress_pa": 1528150.7492348142,
                    "area_weighted_rms_stress_pa": 883192.3158016243,
                    "max_stress_pa": 1528150.7492348142,
                    "max_to_p95_ratio": 1.0
                  }
                },
                {
                  "element_count": 12,
                  "elements_per_original_element": 2,
                  "max_relative_change": 0.4236521400847731,
                  "p95_relative_change": 0.4236521400847731,
                  "rms_relative_change": 0.1965879329256196,
                  "statistics": {
                    "area_weighted_mean_stress_pa": 543726.4904095222,
                    "area_weighted_p95_stress_pa": 2651438.229439396,
                    "area_weighted_rms_stress_pa": 1099301.7804895104,
                    "max_stress_pa": 2651438.229439396,
                    "max_to_p95_ratio": 1.0
                  }
                },
                {
                  "element_count": 48,
                  "elements_per_original_element": 4,
                  "max_relative_change": 0.4689049338567192,
                  "p95_relative_change": 0.5157116430400989,
                  "rms_relative_change": 0.0408714586999922,
                  "statistics": {
                    "area_weighted_mean_stress_pa": 412171.15785810846,
                    "area_weighted_p95_stress_pa": 1284060.6637158743,
                    "area_weighted_rms_stress_pa": 1054371.7131694057,
                    "max_stress_pa": 4992398.533644222,
                    "max_to_p95_ratio": 3.8879771608274223
                  }
                },
                {
                  "element_count": 192,
                  "elements_per_original_element": 8,
                  "max_relative_change": 0.414890369791112,
                  "p95_relative_change": 0.34052304311486353,
                  "rms_relative_change": 0.009225985006889583,
                  "statistics": {
                    "area_weighted_mean_stress_pa": 384550.6518665763,
                    "area_weighted_p95_stress_pa": 1947089.508298808,
                    "area_weighted_rms_stress_pa": 1044644.095552016,
                    "max_stress_pa": 8532415.59511147,
                    "max_to_p95_ratio": 4.382138344819253
                  }
                }
              ],
              "schema_version": "kyuubiki.composite-thermal-stress-recovery/v1",
              "status": "fail"
            },
            "max_change_ratio_graded_to_uniform": 1.597799529415203,
            "p95_change_ratio_graded_to_uniform": 1.144031434740604,
            "qualification_effect": "diagnostic_only_does_not_override_uniform_mesh_gates",
            "rms_change_ratio_graded_to_uniform": 0.5713573673927927,
            "schema_version": "kyuubiki.composite-thermal-interface-grading-assessment/v1",
            "strain_energy_change_ratio_graded_to_uniform": 0.9048402603252752
          },
          "thermal_mesh_convergence": {
            "algebraic_validation": {
              "max_relative_residual": 1.6272300153267573e-14,
              "method": "original_system_recomputed_l2_residual_over_max_rhs_l2_or_one",
              "qualification_effect": "algebraic_gate_does_not_override_discretization_gates",
              "relative_residual_tolerance": 1e-10,
              "required_series": [
                "uniform_full_edge_clamp",
                "uniform_regularized_restraint",
                "interface_graded_full_edge_clamp"
              ],
              "schema_version": "kyuubiki.composite-thermal-algebraic-validation/v1",
              "series": [
                {
                  "label": "uniform_full_edge_clamp",
                  "max_relative_residual": 1.0471472005932832e-14,
                  "samples": [
                    {
                      "element_count": 3,
                      "elements_per_original_element": 1,
                      "matrix_non_zero_count": 112,
                      "node_count": 8,
                      "relative_residual": 8.80402388619466e-17,
                      "residual_norm": 1.877562085046797e-14,
                      "rhs_norm": 213.2618117939171,
                      "solver_iterations": 0
                    },
                    {
                      "element_count": 12,
                      "elements_per_original_element": 2,
                      "matrix_non_zero_count": 440,
                      "node_count": 21,
                      "relative_residual": 4.0459296339770245e-16,
                      "residual_norm": 8.493930225934909e-14,
                      "rhs_norm": 209.9376656134683,
                      "solver_iterations": 0
                    },
                    {
                      "element_count": 48,
                      "elements_per_original_element": 4,
                      "matrix_non_zero_count": 1746,
                      "node_count": 65,
                      "relative_residual": 2.1684318579231017e-15,
                      "residual_norm": 3.580603483405607e-13,
                      "rhs_norm": 165.12409510691597,
                      "solver_iterations": 0
                    },
                    {
                      "element_count": 192,
                      "elements_per_original_element": 8,
                      "matrix_non_zero_count": 6925,
                      "node_count": 225,
                      "relative_residual": 1.0471472005932832e-14,
                      "residual_norm": 1.2793597500044945e-12,
                      "rhs_norm": 122.17573128970275,
                      "solver_iterations": 0
                    }
                  ],
                  "solver_path": "dense_direct",
                  "status": "pass"
                },
                {
                  "label": "uniform_regularized_restraint",
                  "max_relative_residual": 1.2817883997144406e-14,
                  "samples": [
                    {
                      "element_count": 3,
                      "elements_per_original_element": 1,
                      "matrix_non_zero_count": 121,
                      "node_count": 8,
                      "relative_residual": 1.4896662077146692e-16,
                      "residual_norm": 3.547688235526278e-14,
                      "rhs_norm": 238.15323306345704,
                      "solver_iterations": 0
                    },
                    {
                      "element_count": 12,
                      "elements_per_original_element": 2,
                      "matrix_non_zero_count": 463,
                      "node_count": 21,
                      "relative_residual": 4.903129915417695e-16,
                      "residual_norm": 1.0616487274367785e-13,
                      "rhs_norm": 216.5246986620662,
                      "solver_iterations": 0
                    },
                    {
                      "element_count": 48,
                      "elements_per_original_element": 4,
                      "matrix_non_zero_count": 1798,
                      "node_count": 65,
                      "relative_residual": 2.8953248904805364e-15,
                      "residual_norm": 4.842057684286645e-13,
                      "rhs_norm": 167.23711042607755,
                      "solver_iterations": 0
                    },
                    {
                      "element_count": 192,
                      "elements_per_original_element": 8,
                      "matrix_non_zero_count": 7030,
                      "node_count": 225,
                      "relative_residual": 1.2817883997144406e-14,
                      "residual_norm": 1.575217341183619e-12,
                      "rhs_norm": 122.89215142956114,
                      "solver_iterations": 0
                    }
                  ],
                  "solver_path": "dense_direct",
                  "status": "pass"
                },
                {
                  "label": "interface_graded_full_edge_clamp",
                  "max_relative_residual": 1.6272300153267573e-14,
                  "samples": [
                    {
                      "element_count": 3,
                      "elements_per_original_element": 1,
                      "matrix_non_zero_count": 112,
                      "node_count": 8,
                      "relative_residual": 8.80402388619466e-17,
                      "residual_norm": 1.877562085046797e-14,
                      "rhs_norm": 213.2618117939171,
                      "solver_iterations": 0
                    },
                    {
                      "element_count": 12,
                      "elements_per_original_element": 2,
                      "matrix_non_zero_count": 444,
                      "node_count": 21,
                      "relative_residual": 4.367260601051781e-16,
                      "residual_norm": 9.168524957104837e-14,
                      "rhs_norm": 209.9376656134683,
                      "solver_iterations": 0
                    },
                    {
                      "element_count": 48,
                      "elements_per_original_element": 4,
                      "matrix_non_zero_count": 1749,
                      "node_count": 65,
                      "relative_residual": 4.2219358593462356e-15,
                      "residual_norm": 7.72653524143815e-13,
                      "rhs_norm": 183.00929949785169,
                      "solver_iterations": 0
                    },
                    {
                      "element_count": 192,
                      "elements_per_original_element": 8,
                      "matrix_non_zero_count": 6951,
                      "node_count": 225,
                      "relative_residual": 1.6272300153267573e-14,
                      "residual_norm": 2.2474076440518665e-12,
                      "rhs_norm": 138.1124747505702,
                      "solver_iterations": 0
                    }
                  ],
                  "solver_path": "dense_direct",
                  "status": "pass"
                }
              ],
              "status": "pass"
            },
            "convergence_tolerance": 0.02,
            "diagnostic_metrics": [
              "max_von_mises_stress_pa"
            ],
            "finest_pair_displacement_relative_change": 0.004046475909115389,
            "finest_pair_peak_stress_relative_change": 0.2596635949335662,
            "finest_pair_strain_energy_relative_change": 0.13187947445044806,
            "method": "structured_quad_h_refinement_preserving_piecewise_linear_temperature_full_edge_clamp",
            "pass_metrics": [
              "max_displacement_m",
              "total_strain_energy_j"
            ],
            "refinement_levels": [
              1,
              2,
              4,
              8
            ],
            "regime_assessment": {
              "diagnosis": "pass_metrics_lack_qualified_discretization_uncertainty",
              "gci_safety_factor": 1.25,
              "method": "four_level_constant_ratio_observed_order_and_fine_grid_gci",
              "metrics": [
                {
                  "coarse_triplet_observed_order": 7.205131209376913,
                  "fine_grid_gci": null,
                  "fine_triplet_observed_order": -3.9475440230926178,
                  "metric": "max_displacement_m",
                  "observed_order_relative_difference": 1.54787954700328,
                  "qualification_role": "pass_metric",
                  "regime": "oscillatory",
                  "richardson_extrapolated_value": null,
                  "unit": "m"
                },
                {
                  "coarse_triplet_observed_order": 1.0828523180825076,
                  "fine_grid_gci": 0.1273180557316476,
                  "fine_triplet_observed_order": 1.3170025240413403,
                  "metric": "total_strain_energy_j",
                  "observed_order_relative_difference": 0.1777902484501866,
                  "qualification_role": "pass_metric",
                  "regime": "asymptotic_converging",
                  "richardson_extrapolated_value": 0.00001331178991582742,
                  "unit": "J"
                },
                {
                  "coarse_triplet_observed_order": 0.040593056633134894,
                  "fine_grid_gci": null,
                  "fine_triplet_observed_order": -0.2657396441655868,
                  "metric": "max_von_mises_stress_pa",
                  "observed_order_relative_difference": 1.152754989796858,
                  "qualification_role": "diagnostic_metric",
                  "regime": "monotonic_diverging",
                  "richardson_extrapolated_value": null,
                  "unit": "Pa"
                }
              ],
              "order_consistency_tolerance": 0.25,
              "qualification_effect": "gci_gates_require_asymptotic_pass_metric_evidence",
              "qualification_tolerance": 0.02,
              "refinement_ratio": 2.0,
              "schema_version": "kyuubiki.composite-thermal-convergence-regime/v1",
              "status": "fail"
            },
            "samples": [
              {
                "displacement_relative_change": null,
                "element_count": 3,
                "elements_per_original_element": 1,
                "max_displacement_m": 3.444406892465877e-6,
                "max_von_mises_stress_pa": 1528150.7492348142,
                "node_count": 8,
                "peak_stress_relative_change": null,
                "strain_energy_relative_change": null,
                "total_strain_energy_j": 0.00003456545534604211
              },
              {
                "displacement_relative_change": 0.0373941354122432,
                "element_count": 12,
                "elements_per_original_element": 2,
                "max_displacement_m": 3.315606274714144e-6,
                "max_von_mises_stress_pa": 2651438.229439395,
                "node_count": 21,
                "peak_stress_relative_change": 0.4236521400847729,
                "strain_energy_relative_change": 0.34377391765517873,
                "total_strain_energy_j": 0.00002268275334619807
              },
              {
                "displacement_relative_change": 0.00026326575842608327,
                "element_count": 48,
                "elements_per_original_element": 4,
                "max_displacement_m": 3.3147333891135893e-6,
                "max_von_mises_stress_pa": 3743560.317469307,
                "node_count": 65,
                "peak_stress_relative_change": 0.29173353583580025,
                "strain_energy_relative_change": 0.24731383215173475,
                "total_strain_energy_j": 0.00001707299469239724
              },
              {
                "displacement_relative_change": 0.004046475909115389,
                "element_count": 192,
                "elements_per_original_element": 8,
                "max_displacement_m": 3.3282008737699964e-6,
                "max_von_mises_stress_pa": 5056566.571426918,
                "node_count": 225,
                "peak_stress_relative_change": 0.2596635949335662,
                "strain_energy_relative_change": 0.13187947445044806,
                "total_strain_energy_j": 0.000014821417125068604
              }
            ],
            "schema_version": "kyuubiki.composite-thermal-mesh-convergence/v1",
            "status": "fail"
          },
          "thermal_stress_recovery": {
            "convergence_tolerance": 0.02,
            "diagnostic_metrics": [
              "max_stress_pa",
              "max_to_p95_ratio"
            ],
            "finest_pair_max_relative_change": 0.2596635949335662,
            "finest_pair_p95_relative_change": 0.2976518238697464,
            "finest_pair_rms_relative_change": 0.016147485852837474,
            "method": "uniform_mesh_element_area_weighted_von_mises_p95_and_rms",
            "pass_metrics": [
              "area_weighted_rms_stress_pa",
              "area_weighted_p95_stress_pa"
            ],
            "refinement_levels": [
              1,
              2,
              4,
              8
            ],
            "samples": [
              {
                "element_count": 3,
                "elements_per_original_element": 1,
                "max_relative_change": null,
                "p95_relative_change": null,
                "rms_relative_change": null,
                "statistics": {
                  "area_weighted_mean_stress_pa": 537361.6018184549,
                  "area_weighted_p95_stress_pa": 1528150.7492348142,
                  "area_weighted_rms_stress_pa": 883192.3158016243,
                  "max_stress_pa": 1528150.7492348142,
                  "max_to_p95_ratio": 1.0
                }
              },
              {
                "element_count": 12,
                "elements_per_original_element": 2,
                "max_relative_change": 0.4236521400847729,
                "p95_relative_change": 0.4236521400847729,
                "rms_relative_change": 0.1965879329256196,
                "statistics": {
                  "area_weighted_mean_stress_pa": 543726.4904095226,
                  "area_weighted_p95_stress_pa": 2651438.229439395,
                  "area_weighted_rms_stress_pa": 1099301.7804895104,
                  "max_stress_pa": 2651438.229439395,
                  "max_to_p95_ratio": 1.0
                }
              },
              {
                "element_count": 48,
                "elements_per_original_element": 4,
                "max_relative_change": 0.29173353583580025,
                "p95_relative_change": 0.24522248713899705,
                "rms_relative_change": 0.021380189892113443,
                "statistics": {
                  "area_weighted_mean_stress_pa": 429278.0491506588,
                  "area_weighted_p95_stress_pa": 3512873.9055686123,
                  "area_weighted_rms_stress_pa": 1075798.4996739062,
                  "max_stress_pa": 3743560.317469307,
                  "max_to_p95_ratio": 1.0656688563557632
                }
              },
              {
                "element_count": 192,
                "elements_per_original_element": 8,
                "max_relative_change": 0.2596635949335662,
                "p95_relative_change": 0.2976518238697464,
                "rms_relative_change": 0.016147485852837474,
                "statistics": {
                  "area_weighted_mean_stress_pa": 394025.43125489395,
                  "area_weighted_p95_stress_pa": 2467260.5805516755,
                  "area_weighted_rms_stress_pa": 1058427.058619918,
                  "max_stress_pa": 5056566.571426918,
                  "max_to_p95_ratio": 2.049465958839369
                }
              }
            ],
            "schema_version": "kyuubiki.composite-thermal-stress-recovery/v1",
            "status": "fail"
          }
        },
        "status": "completed"
      },
      "requires_confirmation": false
    }
  ]
}
