{
  "schema_version": "kyuubiki.headless-execution-run/v1",
  "workflow_id": "template.material_composite_thermo_electric_panel_screening",
  "mode": "execute:service",
  "status": "ok",
  "executed_step_count": 9,
  "warning_count": 0,
  "blocked_by_confirmation": null,
  "validation": {
    "ok": true,
    "issue_count": 0,
    "issues": [],
    "warning_count": 0,
    "warnings": [],
    "summary": {
      "schema_version": "kyuubiki.headless-execution-batch/v1",
      "workflow_id": "template.material_composite_thermo_electric_panel_screening",
      "template_id": "material_composite_thermo_electric_panel_screening",
      "exported_at": "1970-01-01T00:00:00.000Z",
      "language": "en",
      "step_count": 9,
      "warning_count": 0,
      "actions": [
        "solve_composite_thermo_electric_panel",
        "job_wait",
        "result_fetch",
        "solve_composite_thermo_electric_panel",
        "job_wait",
        "result_fetch",
        "solve_composite_thermo_electric_panel",
        "job_wait",
        "result_fetch"
      ]
    },
    "policy": {
      "required_engines": [
        "service"
      ],
      "engine_counts": {
        "service": 9,
        "browser": 0
      },
      "risk_counts": {
        "sensitive": 0,
        "normal": 9,
        "destructive": 0
      },
      "recommended_runtime": "service_only",
      "needs_desktop_browser": false,
      "safe_for_service_only": true,
      "notes": []
    }
  },
  "execution_summary": {
    "schema_version": "kyuubiki.headless-execution-summary/v1",
    "job_count": 3,
    "job_ids": [
      "1188729cb6130e52",
      "902afaaa6a784dc2",
      "c34a87fcbe068757"
    ],
    "jobs": [
      {
        "job_id": "1188729cb6130e52",
        "status": "completed",
        "worker_id": "rust-agent-rpc@127.0.0.1:5001",
        "phase": "execution",
        "created_at": "2026-08-13T11:16:30.214584Z",
        "execution_started_at": "2026-08-13T11:16:30.217366Z",
        "updated_at": "2026-08-13T11:16:36.262722Z",
        "queue_wait_ms": 2,
        "execution_elapsed_ms": 6045,
        "total_elapsed_ms": 6048,
        "effective_timeout_ms": 120000,
        "effective_deadline": "2026-08-13T11:18:30.217366Z"
      },
      {
        "job_id": "902afaaa6a784dc2",
        "status": "completed",
        "worker_id": "rust-agent-rpc@127.0.0.1:5002",
        "phase": "execution",
        "created_at": "2026-08-13T11:16:36.292833Z",
        "execution_started_at": "2026-08-13T11:16:36.296260Z",
        "updated_at": "2026-08-13T11:16:42.341718Z",
        "queue_wait_ms": 3,
        "execution_elapsed_ms": 6045,
        "total_elapsed_ms": 6048,
        "effective_timeout_ms": 120000,
        "effective_deadline": "2026-08-13T11:18:36.296260Z"
      },
      {
        "job_id": "c34a87fcbe068757",
        "status": "completed",
        "worker_id": "rust-agent-rpc@127.0.0.1:5001",
        "phase": "execution",
        "created_at": "2026-08-13T11:16:42.365102Z",
        "execution_started_at": "2026-08-13T11:16:42.369020Z",
        "updated_at": "2026-08-13T11:16:48.413199Z",
        "queue_wait_ms": 3,
        "execution_elapsed_ms": 6044,
        "total_elapsed_ms": 6048,
        "effective_timeout_ms": 120000,
        "effective_deadline": "2026-08-13T11:18:42.369020Z"
      }
    ],
    "failure": null
  },
  "steps": [
    {
      "index": 1,
      "action": "solve_composite_thermo_electric_panel",
      "risk": "normal",
      "status": "executed",
      "payload": {
        "electric_conduction_feedback": {
          "parameter_source": "screening_reference_not_material_card",
          "regions": [
            {
              "element_id": "conductor_left",
              "reference_resistivity_ohm_m": 1.68e-8,
              "reference_temperature_c": 35.0,
              "resistivity_temperature_coefficient_1_k": 0.00393
            }
          ]
        },
        "electric_conduction_model": {
          "contact_interfaces": [],
          "elements": [
            {
              "electrical_conductivity_s_m": 59523809.523809515,
              "id": "conductor_left",
              "node_i": 0,
              "node_j": 1,
              "node_k": 2,
              "node_l": 3,
              "thickness": 0.001
            }
          ],
          "nodes": [
            {
              "current_source_a": 0.0,
              "electric_potential_v": 0.0,
              "fix_electric_potential": true,
              "id": "n0",
              "x": 0.0,
              "y": 0.0
            },
            {
              "current_source_a": 0.0,
              "electric_potential_v": 0.000033600000000000004,
              "fix_electric_potential": true,
              "id": "n1",
              "x": 0.03,
              "y": 0.0
            },
            {
              "current_source_a": 0.0,
              "electric_potential_v": 0.000033600000000000004,
              "fix_electric_potential": true,
              "id": "n5",
              "x": 0.03,
              "y": 0.03
            },
            {
              "current_source_a": 0.0,
              "electric_potential_v": 0.0,
              "fix_electric_potential": true,
              "id": "n4",
              "x": 0.0,
              "y": 0.03
            }
          ],
          "terminals": []
        },
        "electrostatic_model": {
          "elements": [
            {
              "id": "conductor_left",
              "node_i": 0,
              "node_j": 1,
              "node_k": 5,
              "node_l": 4,
              "permittivity": 1.0,
              "thickness": 0.001
            },
            {
              "id": "dielectric_core",
              "node_i": 1,
              "node_j": 2,
              "node_k": 6,
              "node_l": 5,
              "permittivity": 3.4,
              "thickness": 0.001
            },
            {
              "id": "substrate_right",
              "node_i": 2,
              "node_j": 3,
              "node_k": 7,
              "node_l": 6,
              "permittivity": 4.2,
              "thickness": 0.001
            }
          ],
          "nodes": [
            {
              "charge_density": 0.0,
              "fix_potential": true,
              "id": "n0",
              "potential": 0.0,
              "x": 0.0,
              "y": 0.0
            },
            {
              "charge_density": 0.0,
              "fix_potential": false,
              "id": "n1",
              "potential": 0.0,
              "x": 0.03,
              "y": 0.0
            },
            {
              "charge_density": 0.0,
              "fix_potential": false,
              "id": "n2",
              "potential": 0.0,
              "x": 0.06,
              "y": 0.0
            },
            {
              "charge_density": 0.0,
              "fix_potential": true,
              "id": "n3",
              "potential": 1198,
              "x": 0.09,
              "y": 0.0
            },
            {
              "charge_density": 0.0,
              "fix_potential": true,
              "id": "n4",
              "potential": 0.0,
              "x": 0.0,
              "y": 0.03
            },
            {
              "charge_density": 0.0,
              "fix_potential": false,
              "id": "n5",
              "potential": 0.0,
              "x": 0.03,
              "y": 0.03
            },
            {
              "charge_density": 0.0,
              "fix_potential": false,
              "id": "n6",
              "potential": 0.0,
              "x": 0.06,
              "y": 0.03
            },
            {
              "charge_density": 0.0,
              "fix_potential": true,
              "id": "n7",
              "potential": 1198,
              "x": 0.09,
              "y": 0.03
            }
          ]
        },
        "electrothermal_feedback": {
          "conductivity_relative_change_tolerance": 1e-9,
          "loss_relative_change_tolerance": 1e-9,
          "loss_tangent_temperature_coefficient_1_k": 0.001,
          "max_iterations": 12,
          "parameter_source": "screening_sensitivity_not_material_card",
          "relative_permittivity_temperature_coefficient_1_k": 0.0001,
          "relaxation_factor": 0.8,
          "temperature_residual_tolerance_c": 1e-7,
          "thermal_conductivity_models": [
            {
              "element_id": "conductor_left",
              "reference_temperature_c": 35.0,
              "temperature_coefficient_1_k": -0.001
            },
            {
              "element_id": "dielectric_core",
              "reference_temperature_c": 35.0,
              "temperature_coefficient_1_k": -0.002
            },
            {
              "element_id": "substrate_right",
              "reference_temperature_c": 35.0,
              "temperature_coefficient_1_k": -0.0012
            }
          ]
        },
        "electrothermal_loss": {
          "frequency_hz": 10000000.0,
          "loss_tangent": 0.008,
          "reference_temperature_c": 35.0,
          "relative_permittivity": 3.4,
          "source_element_id": "dielectric_core"
        },
        "heat_model": {
          "elements": [
            {
              "conductivity": 390.0,
              "id": "conductor_left",
              "node_i": 0,
              "node_j": 1,
              "node_k": 5,
              "node_l": 4,
              "thickness": 0.001
            },
            {
              "conductivity": 0.25,
              "id": "dielectric_core",
              "node_i": 1,
              "node_j": 2,
              "node_k": 6,
              "node_l": 5,
              "thickness": 0.001
            },
            {
              "conductivity": 160.0,
              "id": "substrate_right",
              "node_i": 2,
              "node_j": 3,
              "node_k": 7,
              "node_l": 6,
              "thickness": 0.001
            }
          ],
          "nodes": [
            {
              "fix_temperature": false,
              "heat_load": 0.0,
              "id": "n0",
              "temperature": 35.0,
              "x": 0.0,
              "y": 0.0
            },
            {
              "fix_temperature": false,
              "heat_load": 0.0,
              "id": "n1",
              "temperature": 35.0,
              "x": 0.03,
              "y": 0.0
            },
            {
              "fix_temperature": false,
              "heat_load": 0.0,
              "id": "n2",
              "temperature": 35.0,
              "x": 0.06,
              "y": 0.0
            },
            {
              "fix_temperature": true,
              "heat_load": 0.0,
              "id": "n3",
              "temperature": 35.0,
              "x": 0.09,
              "y": 0.0
            },
            {
              "fix_temperature": false,
              "heat_load": 0.0,
              "id": "n4",
              "temperature": 35.0,
              "x": 0.0,
              "y": 0.03
            },
            {
              "fix_temperature": false,
              "heat_load": 0.0,
              "id": "n5",
              "temperature": 35.0,
              "x": 0.03,
              "y": 0.03
            },
            {
              "fix_temperature": false,
              "heat_load": 0.0,
              "id": "n6",
              "temperature": 35.0,
              "x": 0.06,
              "y": 0.03
            },
            {
              "fix_temperature": true,
              "heat_load": 0.0,
              "id": "n7",
              "temperature": 35.0,
              "x": 0.09,
              "y": 0.03
            }
          ]
        },
        "research": {
          "candidate_id": "copper_polyimide_aluminum",
          "candidate_label": "Copper / Polyimide / Aluminum",
          "coupling": "iterative_dielectric_and_conductor_joule_heating_with_temperature_dependent_electrical_thermal_feedback_and_expansion_projection",
          "materials": {
            "conductor": "copper",
            "dielectric": "polyimide",
            "substrate": "aluminum_6061"
          },
          "study": "material.composite_thermo_electric_panel.v1"
        },
        "thermal_expansion_feedback": {
          "parameter_source": "screening_sensitivity_not_material_card",
          "regions": [
            {
              "element_id": "conductor_left",
              "reference_temperature_c": 35.0,
              "temperature_coefficient_1_k": 0.0002
            },
            {
              "element_id": "dielectric_core",
              "reference_temperature_c": 35.0,
              "temperature_coefficient_1_k": 0.0008
            },
            {
              "element_id": "substrate_right",
              "reference_temperature_c": 35.0,
              "temperature_coefficient_1_k": 0.0003
            }
          ]
        },
        "thermal_model": {
          "elements": [
            {
              "id": "conductor_left",
              "node_i": 0,
              "node_j": 1,
              "node_k": 5,
              "node_l": 4,
              "poisson_ratio": 0.32,
              "thermal_expansion": 0.000017,
              "thickness": 0.001,
              "youngs_modulus": 110000000000.0
            },
            {
              "id": "dielectric_core",
              "node_i": 1,
              "node_j": 2,
              "node_k": 6,
              "node_l": 5,
              "poisson_ratio": 0.32,
              "thermal_expansion": 0.000045,
              "thickness": 0.001,
              "youngs_modulus": 2500000000.0
            },
            {
              "id": "substrate_right",
              "node_i": 2,
              "node_j": 3,
              "node_k": 7,
              "node_l": 6,
              "poisson_ratio": 0.32,
              "thermal_expansion": 0.0000236,
              "thickness": 0.001,
              "youngs_modulus": 68900000000.0
            }
          ],
          "nodes": [
            {
              "fix_x": true,
              "fix_y": true,
              "id": "n0",
              "load_x": 0.0,
              "load_y": 0.0,
              "temperature_delta": 0.0,
              "x": 0.0,
              "y": 0.0
            },
            {
              "fix_x": false,
              "fix_y": false,
              "id": "n1",
              "load_x": 0.0,
              "load_y": 0.0,
              "temperature_delta": 0.0,
              "x": 0.03,
              "y": 0.0
            },
            {
              "fix_x": false,
              "fix_y": false,
              "id": "n2",
              "load_x": 0.0,
              "load_y": 0.0,
              "temperature_delta": 0.0,
              "x": 0.06,
              "y": 0.0
            },
            {
              "fix_x": false,
              "fix_y": false,
              "id": "n3",
              "load_x": 0.0,
              "load_y": 0.0,
              "temperature_delta": 0.0,
              "x": 0.09,
              "y": 0.0
            },
            {
              "fix_x": true,
              "fix_y": true,
              "id": "n4",
              "load_x": 0.0,
              "load_y": 0.0,
              "temperature_delta": 0.0,
              "x": 0.0,
              "y": 0.03
            },
            {
              "fix_x": false,
              "fix_y": false,
              "id": "n5",
              "load_x": 0.0,
              "load_y": 0.0,
              "temperature_delta": 0.0,
              "x": 0.03,
              "y": 0.03
            },
            {
              "fix_x": false,
              "fix_y": false,
              "id": "n6",
              "load_x": 0.0,
              "load_y": 0.0,
              "temperature_delta": 0.0,
              "x": 0.06,
              "y": 0.03
            },
            {
              "fix_x": false,
              "fix_y": false,
              "id": "n7",
              "load_x": 0.0,
              "load_y": 0.0,
              "temperature_delta": 0.0,
              "x": 0.09,
              "y": 0.03
            }
          ]
        }
      },
      "result_preview": {
        "job": {
          "created_at": "2026-08-13T11:16:30.214584Z",
          "execution_started_at": null,
          "execution_timeout_ms": 120000,
          "has_result": false,
          "iteration": null,
          "job_id": "1188729cb6130e52",
          "message": null,
          "model_version_id": null,
          "progress": 0.0,
          "project_id": "d4fbb3ac7def7e88",
          "queue_timeout_ms": 1800000,
          "residual": null,
          "simulation_case_id": "68cdfb3409b64db3",
          "status": "queued",
          "status_detail": {
            "active": true,
            "failure_class": null,
            "lifecycle": "active",
            "recoverable": false,
            "terminal": false,
            "timing": {
              "effective_deadline": "2026-08-13T11:46:30.214584Z",
              "effective_timeout_ms": 1800000,
              "execution_elapsed_ms": null,
              "execution_started_at": null,
              "execution_timeout_ms": 120000,
              "job_submission_deadline": "2026-08-13T11:46:30.214584Z",
              "phase": "queue",
              "queue_timeout_ms": 1800000,
              "queue_wait_ms": 0,
              "total_elapsed_ms": 0
            }
          },
          "updated_at": "2026-08-13T11:16:30.214584Z",
          "worker_id": null
        },
        "job_id": "1188729cb6130e52",
        "progress": 0.0,
        "raw": {
          "job": {
            "created_at": "2026-08-13T11:16:30.214584Z",
            "execution_started_at": null,
            "execution_timeout_ms": 120000,
            "has_result": false,
            "iteration": null,
            "job_id": "1188729cb6130e52",
            "message": null,
            "model_version_id": null,
            "progress": 0.0,
            "project_id": "d4fbb3ac7def7e88",
            "queue_timeout_ms": 1800000,
            "residual": null,
            "simulation_case_id": "68cdfb3409b64db3",
            "status": "queued",
            "status_detail": {
              "active": true,
              "failure_class": null,
              "lifecycle": "active",
              "recoverable": false,
              "terminal": false,
              "timing": {
                "effective_deadline": "2026-08-13T11:46:30.214584Z",
                "effective_timeout_ms": 1800000,
                "execution_elapsed_ms": null,
                "execution_started_at": null,
                "execution_timeout_ms": 120000,
                "job_submission_deadline": "2026-08-13T11:46:30.214584Z",
                "phase": "queue",
                "queue_timeout_ms": 1800000,
                "queue_wait_ms": 0,
                "total_elapsed_ms": 0
              }
            },
            "updated_at": "2026-08-13T11:16:30.214584Z",
            "worker_id": null
          }
        },
        "status": "queued"
      },
      "requires_confirmation": false
    },
    {
      "index": 2,
      "action": "job_wait",
      "risk": "normal",
      "status": "executed",
      "payload": {
        "interval_ms": 1000,
        "job_id": "1188729cb6130e52",
        "max_total_timeout_ms": 3600000,
        "resume_policy": "server_deadline",
        "timeout_ms": 60000
      },
      "result_preview": {
        "job": {
          "created_at": "2026-08-13T11:16:30.214584Z",
          "execution_started_at": "2026-08-13T11:16:30.217366Z",
          "execution_timeout_ms": 120000,
          "iteration": 4,
          "job_id": "1188729cb6130e52",
          "message": "collecting nodal and elemental responses",
          "model_version_id": null,
          "progress": 1.0,
          "project_id": "d4fbb3ac7def7e88",
          "queue_timeout_ms": 1800000,
          "residual": 0.2,
          "simulation_case_id": "68cdfb3409b64db3",
          "status": "completed",
          "status_detail": {
            "active": false,
            "failure_class": null,
            "lifecycle": "terminal",
            "recoverable": false,
            "terminal": true,
            "timing": {
              "effective_deadline": "2026-08-13T11:18:30.217366Z",
              "effective_timeout_ms": 120000,
              "execution_elapsed_ms": 6045,
              "execution_started_at": "2026-08-13T11:16:30.217366Z",
              "execution_timeout_ms": 120000,
              "job_submission_deadline": "2026-08-13T11:46:30.214584Z",
              "phase": "execution",
              "queue_timeout_ms": 1800000,
              "queue_wait_ms": 2,
              "total_elapsed_ms": 6048
            }
          },
          "updated_at": "2026-08-13T11:16:36.262722Z",
          "worker_id": "rust-agent-rpc@127.0.0.1:5001"
        },
        "job_id": "1188729cb6130e52",
        "progress": 1.0,
        "raw": {
          "job": {
            "created_at": "2026-08-13T11:16:30.214584Z",
            "execution_started_at": "2026-08-13T11:16:30.217366Z",
            "execution_timeout_ms": 120000,
            "iteration": 4,
            "job_id": "1188729cb6130e52",
            "message": "collecting nodal and elemental responses",
            "model_version_id": null,
            "progress": 1.0,
            "project_id": "d4fbb3ac7def7e88",
            "queue_timeout_ms": 1800000,
            "residual": 0.2,
            "simulation_case_id": "68cdfb3409b64db3",
            "status": "completed",
            "status_detail": {
              "active": false,
              "failure_class": null,
              "lifecycle": "terminal",
              "recoverable": false,
              "terminal": true,
              "timing": {
                "effective_deadline": "2026-08-13T11:18:30.217366Z",
                "effective_timeout_ms": 120000,
                "execution_elapsed_ms": 6045,
                "execution_started_at": "2026-08-13T11:16:30.217366Z",
                "execution_timeout_ms": 120000,
                "job_submission_deadline": "2026-08-13T11:46:30.214584Z",
                "phase": "execution",
                "queue_timeout_ms": 1800000,
                "queue_wait_ms": 2,
                "total_elapsed_ms": 6048
              }
            },
            "updated_at": "2026-08-13T11:16:36.262722Z",
            "worker_id": "rust-agent-rpc@127.0.0.1:5001"
          }
        },
        "result": null,
        "status": "completed",
        "wait": {
          "elapsed_ms": 6058,
          "policy": "server_deadline",
          "poll_attempts": 7,
          "resume_count": 0
        }
      },
      "requires_confirmation": false
    },
    {
      "index": 3,
      "action": "result_fetch",
      "risk": "normal",
      "status": "executed",
      "payload": {
        "job_id": "1188729cb6130e52"
      },
      "result_preview": {
        "job": {
          "created_at": "2026-08-13T11:16:30.214584Z",
          "execution_started_at": "2026-08-13T11:16:30.217366Z",
          "execution_timeout_ms": 120000,
          "has_result": true,
          "iteration": 4,
          "job_id": "1188729cb6130e52",
          "message": "collecting nodal and elemental responses",
          "model_version_id": null,
          "progress": 1.0,
          "project_id": "d4fbb3ac7def7e88",
          "queue_timeout_ms": 1800000,
          "residual": 0.2,
          "simulation_case_id": "68cdfb3409b64db3",
          "status": "completed",
          "status_detail": {
            "active": false,
            "failure_class": null,
            "lifecycle": "terminal",
            "recoverable": false,
            "terminal": true,
            "timing": {
              "effective_deadline": "2026-08-13T11:18:30.217366Z",
              "effective_timeout_ms": 120000,
              "execution_elapsed_ms": 6045,
              "execution_started_at": "2026-08-13T11:16:30.217366Z",
              "execution_timeout_ms": 120000,
              "job_submission_deadline": "2026-08-13T11:46:30.214584Z",
              "phase": "execution",
              "queue_timeout_ms": 1800000,
              "queue_wait_ms": 2,
              "total_elapsed_ms": 6048
            }
          },
          "updated_at": "2026-08-13T11:16:36.262722Z",
          "worker_id": "rust-agent-rpc@127.0.0.1:5001"
        },
        "job_id": "1188729cb6130e52",
        "result": {
          "electric_conduction": {
            "contact_interfaces": [],
            "current_balance_relative_error": 0.0,
            "elements": [
              {
                "area_m2": 0.0009,
                "average_electric_potential_v": 0.000016800000000000002,
                "current_density_magnitude_a_m2": 66178.31377060026,
                "current_density_x_a_m2": -66178.31377060026,
                "current_density_y_a_m2": -0.0,
                "electric_field_magnitude_v_m": 0.00112,
                "electric_field_x_v_m": -0.00112,
                "electric_field_y_v_m": -0.0,
                "electric_potential_gradient_x_v_m": 0.00112,
                "electric_potential_gradient_y_v_m": 0.0,
                "id": "conductor_left",
                "index": 0,
                "joule_power_w": 0.00006670774028076507,
                "node_i": 0,
                "node_j": 1,
                "node_k": 2,
                "node_l": 3,
                "peak_current_density_magnitude_a_m2": 66178.31377060026,
                "peak_electric_field_magnitude_v_m": 0.00112,
                "rms_current_density_magnitude_a_m2": 66178.31377060026,
                "rms_electric_field_magnitude_v_m": 0.00112,
                "volumetric_joule_heating_w_m3": 74.1197114230723
              }
            ],
            "free_current_residual_relative_error": 0.0,
            "input": {
              "contact_interfaces": [],
              "elements": [
                {
                  "electrical_conductivity_s_m": 59087780.15232166,
                  "id": "conductor_left",
                  "node_i": 0,
                  "node_j": 1,
                  "node_k": 2,
                  "node_l": 3,
                  "thickness": 0.001
                }
              ],
              "nodes": [
                {
                  "current_source_a": 0.0,
                  "electric_potential_v": 0.0,
                  "fix_electric_potential": true,
                  "id": "n0",
                  "x": 0.0,
                  "y": 0.0
                },
                {
                  "current_source_a": 0.0,
                  "electric_potential_v": 0.000033600000000000004,
                  "fix_electric_potential": true,
                  "id": "n1",
                  "x": 0.03,
                  "y": 0.0
                },
                {
                  "current_source_a": 0.0,
                  "electric_potential_v": 0.000033600000000000004,
                  "fix_electric_potential": true,
                  "id": "n5",
                  "x": 0.03,
                  "y": 0.03
                },
                {
                  "current_source_a": 0.0,
                  "electric_potential_v": 0.0,
                  "fix_electric_potential": true,
                  "id": "n4",
                  "x": 0.0,
                  "y": 0.03
                }
              ],
              "terminals": []
            },
            "max_current_density_a_m2": 66178.31377060026,
            "max_electric_field_v_m": 0.00112,
            "max_electric_potential_v": 0.000033600000000000004,
            "max_free_current_residual_a": 0.0,
            "nodes": [
              {
                "current_source_a": 0.0,
                "electric_potential_v": 0.0,
                "fix_electric_potential": true,
                "id": "n0",
                "index": 0,
                "net_injected_current_a": -0.9926747065590042,
                "reaction_current_a": -0.9926747065590042,
                "x": 0.0,
                "y": 0.0
              },
              {
                "current_source_a": 0.0,
                "electric_potential_v": 0.000033600000000000004,
                "fix_electric_potential": true,
                "id": "n1",
                "index": 1,
                "net_injected_current_a": 0.9926747065590042,
                "reaction_current_a": 0.9926747065590042,
                "x": 0.03,
                "y": 0.0
              },
              {
                "current_source_a": 0.0,
                "electric_potential_v": 0.000033600000000000004,
                "fix_electric_potential": true,
                "id": "n5",
                "index": 2,
                "net_injected_current_a": 0.9926747065590042,
                "reaction_current_a": 0.9926747065590042,
                "x": 0.03,
                "y": 0.03
              },
              {
                "current_source_a": 0.0,
                "electric_potential_v": 0.0,
                "fix_electric_potential": true,
                "id": "n4",
                "index": 3,
                "net_injected_current_a": -0.9926747065590042,
                "reaction_current_a": -0.9926747065590042,
                "x": 0.0,
                "y": 0.03
              }
            ],
            "power_balance_relative_error": 4.063254758451657e-16,
            "source_power_balance_relative_error": 4.063254758451657e-16,
            "terminals": [],
            "total_bulk_joule_power_w": 0.00006670774028076507,
            "total_contact_joule_power_w": -0.0,
            "total_dissipated_power_w": 0.00006670774028076507,
            "total_electrical_input_power_w": 0.0000667077402807651,
            "total_extracted_current_a": 1.9853494131180085,
            "total_injected_current_a": 1.9853494131180085,
            "total_joule_power_w": 0.00006670774028076507,
            "total_source_power_w": 0.0000667077402807651,
            "total_terminal_impedance_power_w": -0.0
          },
          "electrostatic": {
            "elements": [
              {
                "area": 0.0009,
                "average_potential": 390.9449078204375,
                "electric_energy_density": 339639824.3349566,
                "electric_field_magnitude": 26062.99385469584,
                "electric_field_x": -26062.99385469584,
                "electric_field_y": -0.0,
                "electric_flux_density_magnitude": 26062.99385469584,
                "electric_flux_density_x": -26062.99385469584,
                "electric_flux_density_y": -0.0,
                "id": "conductor_left",
                "index": 0,
                "node_i": 0,
                "node_j": 1,
                "node_k": 5,
                "node_l": 4,
                "potential_gradient_x": 26062.99385469584,
                "potential_gradient_y": 0.0,
                "stored_energy": 305.6758419014609
              },
              {
                "area": 0.0009,
                "average_potential": 896.8627869108095,
                "electric_energy_density": 99884661.45548066,
                "electric_field_magnitude": 7664.864751328958,
                "electric_field_x": -7664.864751328958,
                "electric_field_y": -0.0,
                "electric_flux_density_magnitude": 26062.993854695833,
                "electric_flux_density_x": -26062.993854695833,
                "electric_flux_density_y": -0.0,
                "id": "dielectric_core",
                "index": 1,
                "node_i": 1,
                "node_j": 2,
                "node_k": 6,
                "node_l": 5,
                "potential_gradient_x": 7664.864751328958,
                "potential_gradient_y": 0.0,
                "stored_energy": 89.8961953099326
              },
              {
                "area": 0.0009,
                "average_potential": 1104.917879090372,
                "electric_energy_density": 80866624.84165643,
                "electric_field_magnitude": 6205.474727308538,
                "electric_field_x": -6205.474727308538,
                "electric_field_y": -0.0,
                "electric_flux_density_magnitude": 26062.99385469586,
                "electric_flux_density_x": -26062.99385469586,
                "electric_flux_density_y": -0.0,
                "id": "substrate_right",
                "index": 2,
                "node_i": 2,
                "node_j": 3,
                "node_k": 7,
                "node_l": 6,
                "potential_gradient_x": 6205.474727308538,
                "potential_gradient_y": 0.0,
                "stored_energy": 72.77996235749079
              }
            ],
            "input": {
              "elements": [
                {
                  "id": "conductor_left",
                  "node_i": 0,
                  "node_j": 1,
                  "node_k": 5,
                  "node_l": 4,
                  "permittivity": 1.0,
                  "thickness": 0.001
                },
                {
                  "id": "dielectric_core",
                  "node_i": 1,
                  "node_j": 2,
                  "node_k": 6,
                  "node_l": 5,
                  "permittivity": 3.400320123088532,
                  "thickness": 0.001
                },
                {
                  "id": "substrate_right",
                  "node_i": 2,
                  "node_j": 3,
                  "node_k": 7,
                  "node_l": 6,
                  "permittivity": 4.2,
                  "thickness": 0.001
                }
              ],
              "nodes": [
                {
                  "charge_density": 0.0,
                  "fix_potential": true,
                  "id": "n0",
                  "potential": 0.0,
                  "x": 0.0,
                  "y": 0.0
                },
                {
                  "charge_density": 0.0,
                  "fix_potential": false,
                  "id": "n1",
                  "potential": 0.0,
                  "x": 0.03,
                  "y": 0.0
                },
                {
                  "charge_density": 0.0,
                  "fix_potential": false,
                  "id": "n2",
                  "potential": 0.0,
                  "x": 0.06,
                  "y": 0.0
                },
                {
                  "charge_density": 0.0,
                  "fix_potential": true,
                  "id": "n3",
                  "potential": 1198.0,
                  "x": 0.09,
                  "y": 0.0
                },
                {
                  "charge_density": 0.0,
                  "fix_potential": true,
                  "id": "n4",
                  "potential": 0.0,
                  "x": 0.0,
                  "y": 0.03
                },
                {
                  "charge_density": 0.0,
                  "fix_potential": false,
                  "id": "n5",
                  "potential": 0.0,
                  "x": 0.03,
                  "y": 0.03
                },
                {
                  "charge_density": 0.0,
                  "fix_potential": false,
                  "id": "n6",
                  "potential": 0.0,
                  "x": 0.06,
                  "y": 0.03
                },
                {
                  "charge_density": 0.0,
                  "fix_potential": true,
                  "id": "n7",
                  "potential": 1198.0,
                  "x": 0.09,
                  "y": 0.03
                }
              ]
            },
            "max_electric_energy_density": 339639824.3349566,
            "max_electric_field": 26062.99385469584,
            "max_flux_density": 26062.99385469586,
            "max_potential": 1198.0,
            "nodes": [
              {
                "charge_density": 0.0,
                "id": "n0",
                "index": 0,
                "potential": 0.0,
                "x": 0.0,
                "y": 0.0
              },
              {
                "charge_density": 0.0,
                "id": "n1",
                "index": 1,
                "potential": 781.8898156408751,
                "x": 0.03,
                "y": 0.0
              },
              {
                "charge_density": 0.0,
                "id": "n2",
                "index": 2,
                "potential": 1011.8357581807438,
                "x": 0.06,
                "y": 0.0
              },
              {
                "charge_density": 0.0,
                "id": "n3",
                "index": 3,
                "potential": 1198.0,
                "x": 0.09,
                "y": 0.0
              },
              {
                "charge_density": 0.0,
                "id": "n4",
                "index": 4,
                "potential": 0.0,
                "x": 0.0,
                "y": 0.03
              },
              {
                "charge_density": 0.0,
                "id": "n5",
                "index": 5,
                "potential": 781.8898156408751,
                "x": 0.03,
                "y": 0.03
              },
              {
                "charge_density": 0.0,
                "id": "n6",
                "index": 6,
                "potential": 1011.835758180744,
                "x": 0.06,
                "y": 0.03
              },
              {
                "charge_density": 0.0,
                "id": "n7",
                "index": 7,
                "potential": 1198.0,
                "x": 0.09,
                "y": 0.03
              }
            ],
            "total_stored_energy": 468.35199956888425
          },
          "electrostatic_mesh_convergence": {
            "finest_pair_relative_change": 9.847501176285761e-15,
            "max_analytic_relative_error": 0.3311111111111111,
            "method": "structured_quad_h_refinement",
            "refinement_levels": [
              1,
              2,
              4,
              8
            ],
            "relative_error_tolerance": 1e-8,
            "samples": [
              {
                "analytic_relative_error": 0.3311111111111111,
                "element_count": 3,
                "elements_per_layer": 1,
                "max_electric_field_v_m": 26062.99385469584,
                "node_count": 8,
                "relative_change_from_previous": null
              },
              {
                "analytic_relative_error": 3.716038179730475e-16,
                "element_count": 6,
                "elements_per_layer": 2,
                "max_electric_field_v_m": 19579.878521891707,
                "node_count": 14,
                "relative_change_from_previous": 0.3311111111111107
              },
              {
                "analytic_relative_error": 1.1148114539191426e-15,
                "element_count": 12,
                "elements_per_layer": 4,
                "max_electric_field_v_m": 19579.87852189172,
                "node_count": 26,
                "relative_change_from_previous": 7.43207635946095e-16
              },
              {
                "analytic_relative_error": 1.0962312630204902e-14,
                "element_count": 24,
                "elements_per_layer": 8,
                "max_electric_field_v_m": 19579.878521891915,
                "node_count": 50,
                "relative_change_from_previous": 9.847501176285761e-15
              }
            ],
            "schema_version": "kyuubiki.composite-electrostatic-mesh-convergence/v1",
            "status": "fail"
          },
          "electrothermal_feedback_convergence": {
            "conductivity_relative_change_tolerance": 1e-9,
            "converged": true,
            "final_loss_relative_change": 2.191383840307356e-11,
            "final_max_conductivity_relative_change": 1.64396315083528e-10,
            "final_temperature_residual_c": 4.115253915415451e-8,
            "iteration_count": 12,
            "iterations": [
              {
                "converged": false,
                "coupling_temperature_c": 35.0,
                "dielectric_mean_temperature_c": 35.94005191057104,
                "iteration": 1,
                "loss_relative_change": null,
                "loss_tangent": 0.008,
                "max_conductivity_relative_change": null,
                "max_temperature_c": 36.87476853454989,
                "relative_permittivity": 3.4,
                "temperature_residual_c": 1.874725457626809,
                "thermal_conductivity_updates": [
                  {
                    "conductivity_relative_change": null,
                    "conductivity_w_mk": 390.0,
                    "coupling_temperature_c": 35.0,
                    "element_id": "conductor_left",
                    "measured_mean_temperature_c": 36.87472545762681
                  },
                  {
                    "conductivity_relative_change": null,
                    "conductivity_w_mk": 0.25,
                    "coupling_temperature_c": 35.0,
                    "element_id": "dielectric_core",
                    "measured_mean_temperature_c": 35.94005191057104
                  },
                  {
                    "conductivity_relative_change": null,
                    "conductivity_w_mk": 160.0,
                    "coupling_temperature_c": 35.0,
                    "element_id": "substrate_right",
                    "measured_mean_temperature_c": 35.00271072021917
                  }
                ],
                "total_joule_loss_w": 0.0000672,
                "total_loss_w": 0.000800230470133721
              },
              {
                "converged": false,
                "coupling_temperature_c": 35.752041528456836,
                "dielectric_mean_temperature_c": 35.94123771029106,
                "iteration": 2,
                "loss_relative_change": 0.00019706312659954983,
                "loss_tangent": 0.008006016332227655,
                "max_conductivity_relative_change": 0.00150408305691363,
                "max_temperature_c": 36.87713867533356,
                "relative_permittivity": 3.4002556941196755,
                "temperature_residual_c": 0.3773154203987162,
                "thermal_conductivity_updates": [
                  {
                    "conductivity_relative_change": 0.0014997803661013875,
                    "conductivity_w_mk": 389.41508565722046,
                    "coupling_temperature_c": 36.49978036610145,
                    "element_id": "conductor_left",
                    "measured_mean_temperature_c": 36.87709578650016
                  },
                  {
                    "conductivity_relative_change": 0.00150408305691363,
                    "conductivity_w_mk": 0.2496239792357716,
                    "coupling_temperature_c": 35.752041528456836,
                    "element_id": "dielectric_core",
                    "measured_mean_temperature_c": 35.94123771029106
                  },
                  {
                    "conductivity_relative_change": 2.602291410269686e-6,
                    "conductivity_w_mk": 159.99958363337436,
                    "coupling_temperature_c": 35.002168576175336,
                    "element_id": "substrate_right",
                    "measured_mean_temperature_c": 35.00271126145768
                  }
                ],
                "total_joule_loss_w": 0.00006680623490975831,
                "total_loss_w": 0.000800795173784515
              },
              {
                "converged": false,
                "coupling_temperature_c": 35.90339847392422,
                "dielectric_mean_temperature_c": 35.9414779087097,
                "iteration": 3,
                "loss_relative_change": 0.00004028693056810406,
                "loss_tangent": 0.008007227187791394,
                "max_conductivity_relative_change": 0.00030316988362015545,
                "max_temperature_c": 36.877618775756424,
                "relative_permittivity": 3.400307155481134,
                "temperature_residual_c": 0.07594322206887938,
                "thermal_conductivity_updates": [
                  {
                    "conductivity_relative_change": 0.0003023057285152548,
                    "conductivity_w_mk": 389.297363246056,
                    "coupling_temperature_c": 36.80163270242042,
                    "element_id": "conductor_left",
                    "measured_mean_temperature_c": 36.8775759244893
                  },
                  {
                    "conductivity_relative_change": 0.00030316988362015545,
                    "conductivity_w_mk": 0.24954830076303788,
                    "coupling_temperature_c": 35.90339847392422,
                    "element_id": "dielectric_core",
                    "measured_mean_temperature_c": 35.9414779087097
                  },
                  {
                    "conductivity_relative_change": 5.20979226894338e-7,
                    "conductivity_w_mk": 159.99950027691497,
                    "coupling_temperature_c": 35.00260272440121,
                    "element_id": "substrate_right",
                    "measured_mean_temperature_c": 35.00271137209862
                  }
                ],
                "total_joule_loss_w": 0.00006672754121480949,
                "total_loss_w": 0.0008009088204771767
              },
              {
                "converged": false,
                "coupling_temperature_c": 35.9338620217526,
                "dielectric_mean_temperature_c": 35.9415263152584,
                "iteration": 4,
                "loss_relative_change": 8.133468515292328e-6,
                "loss_tangent": 0.00800747089617402,
                "max_conductivity_relative_change": 0.00006103737780467085,
                "max_temperature_c": 36.87771552908364,
                "relative_permittivity": 3.400317513087396,
                "temperature_residual_c": 0.015285405290399012,
                "thermal_conductivity_updates": [
                  {
                    "conductivity_relative_change": 0.00006086423264692915,
                    "conductivity_w_mk": 389.2736689607706,
                    "coupling_temperature_c": 36.86238728007552,
                    "element_id": "conductor_left",
                    "measured_mean_temperature_c": 36.87767268536592
                  },
                  {
                    "conductivity_relative_change": 0.00006103737780467085,
                    "conductivity_w_mk": 0.2495330689891237,
                    "coupling_temperature_c": 35.9338620217526,
                    "element_id": "dielectric_core",
                    "measured_mean_temperature_c": 35.9415263152584
                  },
                  {
                    "conductivity_relative_change": 1.043021153687808e-7,
                    "conductivity_w_mk": 159.99948358862864,
                    "coupling_temperature_c": 35.00268964255913,
                    "element_id": "substrate_right",
                    "measured_mean_temperature_c": 35.002711394434286
                  }
                ],
                "total_joule_loss_w": 0.0000667117247443486,
                "total_loss_w": 0.000800931693840668
              },
              {
                "converged": false,
                "coupling_temperature_c": 35.93999345655724,
                "dielectric_mean_temperature_c": 35.94153606052663,
                "iteration": 5,
                "loss_relative_change": 1.6379990204920197e-6,
                "loss_tangent": 0.008007519947652458,
                "max_conductivity_relative_change": 0.00001228581612348202,
                "max_temperature_c": 36.87773500758628,
                "relative_permittivity": 3.4003195977752294,
                "temperature_residual_c": 0.003076561079758733,
                "thermal_conductivity_updates": [
                  {
                    "conductivity_relative_change": 0.00001225114060081404,
                    "conductivity_w_mk": 389.26889991431995,
                    "coupling_temperature_c": 36.87461560430784,
                    "element_id": "conductor_left",
                    "measured_mean_temperature_c": 36.8776921653876
                  },
                  {
                    "conductivity_relative_change": 0.00001228581612348202,
                    "conductivity_w_mk": 0.24953000327172137,
                    "coupling_temperature_c": 35.93999345655724,
                    "element_id": "dielectric_core",
                    "measured_mean_temperature_c": 35.94153606052663
                  },
                  {
                    "conductivity_relative_change": 2.0881867508994637e-8,
                    "conductivity_w_mk": 159.99948024754062,
                    "coupling_temperature_c": 35.00270704405926,
                    "element_id": "substrate_right",
                    "measured_mean_temperature_c": 35.00271139893216
                  }
                ],
                "total_joule_loss_w": 0.0000667085422045618,
                "total_loss_w": 0.0008009362975795246
              },
              {
                "converged": false,
                "coupling_temperature_c": 35.94122753973275,
                "dielectric_mean_temperature_c": 35.94153802206387,
                "iteration": 6,
                "loss_relative_change": 3.2971317392443485e-7,
                "loss_tangent": 0.008007529820317862,
                "max_conductivity_relative_change": 2.47281521120186e-6,
                "max_temperature_c": 36.877738928238664,
                "relative_permittivity": 3.400320017363509,
                "temperature_residual_c": 0.0006192331740564327,
                "thermal_conductivity_updates": [
                  {
                    "conductivity_relative_change": 2.4658714248081555e-6,
                    "conductivity_w_mk": 389.2679400272631,
                    "coupling_temperature_c": 36.87707685317165,
                    "element_id": "conductor_left",
                    "measured_mean_temperature_c": 36.87769608634571
                  },
                  {
                    "conductivity_relative_change": 2.47281521120186e-6,
                    "conductivity_w_mk": 0.24952938623013363,
                    "coupling_temperature_c": 35.94122753973275,
                    "element_id": "dielectric_core",
                    "measured_mean_temperature_c": 35.94153802206387
                  },
                  {
                    "conductivity_relative_change": 4.180691429132374e-9,
                    "conductivity_w_mk": 159.99947957863216,
                    "coupling_temperature_c": 35.00271052795758,
                    "element_id": "substrate_right",
                    "measured_mean_temperature_c": 35.002711399837494
                  }
                ],
                "total_joule_loss_w": 0.00006670790167742203,
                "total_loss_w": 0.0008009372241805984
              },
              {
                "converged": false,
                "coupling_temperature_c": 35.94147592559764,
                "dielectric_mean_temperature_c": 35.94153841686928,
                "iteration": 7,
                "loss_relative_change": 6.636143062999434e-8,
                "loss_tangent": 0.008007531807404782,
                "max_conductivity_relative_change": 4.9770864391699e-7,
                "max_temperature_c": 36.87773971736202,
                "relative_permittivity": 3.400320101814703,
                "temperature_residual_c": 0.00012463581969512916,
                "thermal_conductivity_updates": [
                  {
                    "conductivity_relative_change": 4.963181665440862e-7,
                    "conductivity_w_mk": 389.2677468265128,
                    "coupling_temperature_c": 36.877572239710894,
                    "element_id": "conductor_left",
                    "measured_mean_temperature_c": 36.87769687553059
                  },
                  {
                    "conductivity_relative_change": 4.9770864391699e-7,
                    "conductivity_w_mk": 0.2495292620372012,
                    "coupling_temperature_c": 35.94147592559764,
                    "element_id": "dielectric_core",
                    "measured_mean_temperature_c": 35.94153841686928
                  },
                  {
                    "conductivity_relative_change": 8.37007676714249e-10,
                    "conductivity_w_mk": 159.99947944471137,
                    "coupling_temperature_c": 35.00271122546151,
                    "element_id": "substrate_right",
                    "measured_mean_temperature_c": 35.002711400019706
                  }
                ],
                "total_joule_loss_w": 0.00006670777275715404,
                "total_loss_w": 0.0008009374106790382
              },
              {
                "converged": false,
                "coupling_temperature_c": 35.94152591861495,
                "dielectric_mean_temperature_c": 35.94153849631873,
                "iteration": 8,
                "loss_relative_change": 1.335631441031058e-8,
                "loss_tangent": 0.00800753220734892,
                "max_conductivity_relative_change": 1.0017465873308659e-7,
                "max_temperature_c": 36.877739876162835,
                "relative_permittivity": 3.4003201188123287,
                "temperature_residual_c": 0.00002508597714268035,
                "thermal_conductivity_updates": [
                  {
                    "conductivity_relative_change": 9.989621816634752e-8,
                    "conductivity_w_mk": 389.26770794013703,
                    "coupling_temperature_c": 36.87767194836665,
                    "element_id": "conductor_left",
                    "measured_mean_temperature_c": 36.87769703434379
                  },
                  {
                    "conductivity_relative_change": 1.0017465873308659e-7,
                    "conductivity_w_mk": 0.24952923704069252,
                    "coupling_temperature_c": 35.94152591861495,
                    "element_id": "dielectric_core",
                    "measured_mean_temperature_c": 35.94153849631873
                  },
                  {
                    "conductivity_relative_change": 1.6757636509190291e-10,
                    "conductivity_w_mk": 159.99947941789924,
                    "coupling_temperature_c": 35.00271136510807,
                    "element_id": "substrate_right",
                    "measured_mean_temperature_c": 35.002711400056356
                  }
                ],
                "total_joule_loss_w": 0.00006670774680885758,
                "total_loss_w": 0.0008009374482158766
              },
              {
                "converged": false,
                "coupling_temperature_c": 35.94153598077797,
                "dielectric_mean_temperature_c": 35.94153851232551,
                "iteration": 9,
                "loss_relative_change": 2.6881588746991044e-9,
                "loss_tangent": 0.008007532287846226,
                "max_conductivity_relative_change": 2.016229262558856e-8,
                "max_temperature_c": 36.877739908156606,
                "relative_permittivity": 3.4003201222334645,
                "temperature_residual_c": 5.0491916994133135e-6,
                "thermal_conductivity_updates": [
                  {
                    "conductivity_relative_change": 2.0106535304568335e-8,
                    "conductivity_w_mk": 389.2677001133121,
                    "coupling_temperature_c": 36.87769201714836,
                    "element_id": "conductor_left",
                    "measured_mean_temperature_c": 36.87769706634006
                  },
                  {
                    "conductivity_relative_change": 2.016229262558856e-8,
                    "conductivity_w_mk": 0.24952923200961105,
                    "coupling_temperature_c": 35.94153598077797,
                    "element_id": "dielectric_core",
                    "measured_mean_temperature_c": 35.94153851232551
                  },
                  {
                    "conductivity_relative_change": 3.3550516058358733e-11,
                    "conductivity_w_mk": 159.99947941253117,
                    "coupling_temperature_c": 35.0027113930667,
                    "element_id": "substrate_right",
                    "measured_mean_temperature_c": 35.00271140006375
                  }
                ],
                "total_joule_loss_w": 0.00006670774158613695,
                "total_loss_w": 0.0008009374557709653
              },
              {
                "converged": false,
                "coupling_temperature_c": 35.941538006016,
                "dielectric_mean_temperature_c": 35.94153851554379,
                "iteration": 10,
                "loss_relative_change": 5.410363108699716e-10,
                "loss_tangent": 0.008007532304048128,
                "max_conductivity_relative_change": 4.058117793498182e-9,
                "max_temperature_c": 36.877739914589206,
                "relative_permittivity": 3.400320122922045,
                "temperature_residual_c": 1.0162714332295764e-6,
                "thermal_conductivity_updates": [
                  {
                    "conductivity_relative_change": 4.046952178266267e-9,
                    "conductivity_w_mk": 389.2676985379643,
                    "coupling_temperature_c": 36.87769605650172,
                    "element_id": "conductor_left",
                    "measured_mean_temperature_c": 36.87769707277315
                  },
                  {
                    "conductivity_relative_change": 4.058117793498182e-9,
                    "conductivity_w_mk": 0.249529230996992,
                    "coupling_temperature_c": 35.941538006016,
                    "element_id": "dielectric_core",
                    "measured_mean_temperature_c": 35.94153851554379
                  },
                  {
                    "conductivity_relative_change": 6.716959971606604e-12,
                    "conductivity_w_mk": 159.99947941145646,
                    "coupling_temperature_c": 35.00271139866434,
                    "element_id": "substrate_right",
                    "measured_mean_temperature_c": 35.00271140006524
                  }
                ],
                "total_joule_loss_w": 0.00006670774053493154,
                "total_loss_w": 0.0008009374572915983
              },
              {
                "converged": false,
                "coupling_temperature_c": 35.941538413638234,
                "dielectric_mean_temperature_c": 35.941538516192495,
                "iteration": 11,
                "loss_relative_change": 1.0889303799913008e-10,
                "loss_tangent": 0.008007532307309106,
                "max_conductivity_relative_change": 8.167826022688022e-10,
                "max_temperature_c": 36.877739915885805,
                "relative_permittivity": 3.400320123060637,
                "temperature_residual_c": 2.0455099303262616e-7,
                "thermal_conductivity_updates": [
                  {
                    "conductivity_relative_change": 8.145467532139458e-10,
                    "conductivity_w_mk": 389.2676982208876,
                    "coupling_temperature_c": 36.877696869518864,
                    "element_id": "conductor_left",
                    "measured_mean_temperature_c": 36.87769707406986
                  },
                  {
                    "conductivity_relative_change": 8.167826022688022e-10,
                    "conductivity_w_mk": 0.24952923079318087,
                    "coupling_temperature_c": 35.941538413638234,
                    "element_id": "dielectric_core",
                    "measured_mean_temperature_c": 35.941538516192495
                  },
                  {
                    "conductivity_relative_change": 1.344884138930399e-12,
                    "conductivity_w_mk": 159.99947941124128,
                    "coupling_temperature_c": 35.002711399785056,
                    "element_id": "substrate_right",
                    "measured_mean_temperature_c": 35.002711400065536
                  }
                ],
                "total_joule_loss_w": 0.00006670774032335111,
                "total_loss_w": 0.0008009374575976592
              },
              {
                "converged": true,
                "coupling_temperature_c": 35.94153849568164,
                "dielectric_mean_temperature_c": 35.94153851631373,
                "iteration": 12,
                "loss_relative_change": 2.191383840307356e-11,
                "loss_tangent": 0.008007532307965453,
                "max_conductivity_relative_change": 1.64396315083528e-10,
                "max_temperature_c": 36.87773991612812,
                "relative_permittivity": 3.400320123088532,
                "temperature_residual_c": 4.115253915415451e-8,
                "thermal_conductivity_updates": [
                  {
                    "conductivity_relative_change": 1.6394853411340502e-10,
                    "conductivity_w_mk": 389.26769815706774,
                    "coupling_temperature_c": 36.877697033159656,
                    "element_id": "conductor_left",
                    "measured_mean_temperature_c": 36.877697074312195
                  },
                  {
                    "conductivity_relative_change": 1.64396315083528e-10,
                    "conductivity_w_mk": 0.2495292307521592,
                    "coupling_temperature_c": 35.94153849568164,
                    "element_id": "dielectric_core",
                    "measured_mean_temperature_c": 35.94153851631373
                  },
                  {
                    "conductivity_relative_change": 2.692965730578823e-13,
                    "conductivity_w_mk": 159.9994794111982,
                    "coupling_temperature_c": 35.00271140000944,
                    "element_id": "substrate_right",
                    "measured_mean_temperature_c": 35.002711400065586
                  }
                ],
                "total_joule_loss_w": 0.00006670774028076507,
                "total_loss_w": 0.0008009374576592587
              }
            ],
            "loss_relative_change_tolerance": 1e-9,
            "max_iterations": 12,
            "method": "relaxed_temperature_dependent_dielectric_and_conductivity_fixed_point",
            "parameter_source": "screening_sensitivity_not_material_card",
            "relaxation_factor": 0.8,
            "schema_version": "kyuubiki.composite-electrothermal-feedback-convergence/v1",
            "status": "pass",
            "temperature_residual_tolerance_c": 1e-7
          },
          "electrothermal_loss_projection": {
            "assumptions": [
              "The solved electrostatic field magnitude is interpreted as an RMS harmonic field.",
              "Relative permittivity and loss tangent are scalar, isotropic, and frequency-local screening values.",
              "Element dielectric loss is lumped consistently to its four thermal nodes."
            ],
            "distributed_total_heat_load_w": 0.0008009374576592587,
            "effective_conductivity_s_m": 0.000015147714234315513,
            "electric_field_rms_v_m": 7664.864751328958,
            "energy_balance_relative_error": 0.0,
            "frequency_hz": 10000000.0,
            "loss_tangent": 0.008007532307965453,
            "model": "harmonic_dielectric_loss_sigma_eff_e_rms_squared",
            "relative_permittivity": 3.400320123088532,
            "schema_version": "kyuubiki.composite-electrothermal-loss-projection/v1",
            "source_element_id": "dielectric_core",
            "source_volume_m3": 9e-7,
            "target_element_count": 1,
            "target_node_count": 4,
            "total_loss_w": 0.0008009374576592587,
            "volumetric_loss_w_m3": 889.9305085102875
          },
          "heat": {
            "elements": [
              {
                "area": 0.0009,
                "average_temperature": 36.877697074312195,
                "heat_flow_rate": 1.0006161041953332e-6,
                "heat_flux_magnitude": 1.1117956713281478,
                "heat_flux_x": 1.1117956713281478,
                "heat_flux_y": 4.4254613630649565e-11,
                "id": "conductor_left",
                "index": 0,
                "node_i": 0,
                "node_j": 1,
                "node_k": 5,
                "node_l": 4,
                "temperature_gradient_x": -0.002856121061654449,
                "temperature_gradient_y": -1.1368683772161605e-13
              },
              {
                "area": 0.0009,
                "average_temperature": 35.94153851631373,
                "heat_flow_rate": 0.000014015294073242315,
                "heat_flux_magnitude": 15.57254897026924,
                "heat_flux_x": 15.57254897026924,
                "heat_flux_y": 2.83681891633204e-14,
                "id": "dielectric_core",
                "index": 1,
                "node_i": 1,
                "node_j": 2,
                "node_k": 6,
                "node_l": 5,
                "temperature_gradient_x": -62.40771441217009,
                "temperature_gradient_y": -1.1368683772161605e-13
              },
              {
                "area": 0.0009,
                "average_temperature": 35.002711400065586,
                "heat_flow_rate": 0.000026029355938149103,
                "heat_flux_magnitude": 28.92150659794345,
                "heat_flux_x": 28.92150659794345,
                "heat_flux_y": -0.0,
                "id": "substrate_right",
                "index": 2,
                "node_i": 2,
                "node_j": 3,
                "node_k": 7,
                "node_l": 6,
                "temperature_gradient_x": -0.1807600043723596,
                "temperature_gradient_y": 0.0
              }
            ],
            "input": {
              "elements": [
                {
                  "conductivity": 389.26769815706774,
                  "id": "conductor_left",
                  "node_i": 0,
                  "node_j": 1,
                  "node_k": 5,
                  "node_l": 4,
                  "thickness": 0.001
                },
                {
                  "conductivity": 0.2495292307521592,
                  "id": "dielectric_core",
                  "node_i": 1,
                  "node_j": 2,
                  "node_k": 6,
                  "node_l": 5,
                  "thickness": 0.001
                },
                {
                  "conductivity": 159.9994794111982,
                  "id": "substrate_right",
                  "node_i": 2,
                  "node_j": 3,
                  "node_k": 7,
                  "node_l": 6,
                  "thickness": 0.001
                }
              ],
              "nodes": [
                {
                  "fix_temperature": false,
                  "heat_load": 0.000016676935070191268,
                  "id": "n0",
                  "temperature": 35.0,
                  "x": 0.0,
                  "y": 0.0
                },
                {
                  "fix_temperature": false,
                  "heat_load": 0.0002169112994850059,
                  "id": "n1",
                  "temperature": 35.0,
                  "x": 0.03,
                  "y": 0.0
                },
                {
                  "fix_temperature": false,
                  "heat_load": 0.00020023436441481468,
                  "id": "n2",
                  "temperature": 35.0,
                  "x": 0.06,
                  "y": 0.0
                },
                {
                  "fix_temperature": true,
                  "heat_load": 0.0,
                  "id": "n3",
                  "temperature": 35.0,
                  "x": 0.09,
                  "y": 0.0
                },
                {
                  "fix_temperature": false,
                  "heat_load": 0.000016676935070191268,
                  "id": "n4",
                  "temperature": 35.0,
                  "x": 0.0,
                  "y": 0.03
                },
                {
                  "fix_temperature": false,
                  "heat_load": 0.0002169112994850059,
                  "id": "n5",
                  "temperature": 35.0,
                  "x": 0.03,
                  "y": 0.03
                },
                {
                  "fix_temperature": false,
                  "heat_load": 0.00020023436441481468,
                  "id": "n6",
                  "temperature": 35.0,
                  "x": 0.06,
                  "y": 0.03
                },
                {
                  "fix_temperature": true,
                  "heat_load": 0.0,
                  "id": "n7",
                  "temperature": 35.0,
                  "x": 0.09,
                  "y": 0.03
                }
              ]
            },
            "max_heat_flux": 28.92150659794345,
            "max_temperature": 36.87773991612812,
            "nodes": [
              {
                "heat_load": 0.000016676935070191268,
                "id": "n0",
                "index": 0,
                "temperature": 36.87773991612812,
                "x": 0.0,
                "y": 0.0
              },
              {
                "heat_load": 0.0002169112994850059,
                "id": "n1",
                "index": 1,
                "temperature": 36.87765423249627,
                "x": 0.03,
                "y": 0.0
              },
              {
                "heat_load": 0.00020023436441481468,
                "id": "n2",
                "index": 2,
                "temperature": 35.00542280013117,
                "x": 0.06,
                "y": 0.0
              },
              {
                "heat_load": 0.0,
                "id": "n3",
                "index": 3,
                "temperature": 35.0,
                "x": 0.09,
                "y": 0.0
              },
              {
                "heat_load": 0.000016676935070191268,
                "id": "n4",
                "index": 4,
                "temperature": 36.87773991612812,
                "x": 0.0,
                "y": 0.03
              },
              {
                "heat_load": 0.0002169112994850059,
                "id": "n5",
                "index": 5,
                "temperature": 36.87765423249627,
                "x": 0.03,
                "y": 0.03
              },
              {
                "heat_load": 0.00020023436441481468,
                "id": "n6",
                "index": 6,
                "temperature": 35.00542280013117,
                "x": 0.06,
                "y": 0.03
              },
              {
                "heat_load": 0.0,
                "id": "n7",
                "index": 7,
                "temperature": 35.0,
                "x": 0.09,
                "y": 0.03
              }
            ],
            "total_abs_heat_flow_rate": 0.00004104526611558675
          },
          "heat_cross_validation": {
            "absolute_error_c": 9.301004411099711e-12,
            "conductivities_w_mk": [
              389.26769815706774,
              0.2495292307521592,
              159.9994794111982
            ],
            "expected_max_temperature_c": 36.87773991613742,
            "fem_max_temperature_c": 36.87773991612812,
            "fixed_temperature_c": 35.0,
            "method": "layered_thermal_resistance_with_regional_generation_closed_form",
            "relative_error": 2.5221188804549443e-13,
            "relative_error_tolerance": 1e-9,
            "schema_version": "kyuubiki.composite-heat-cross-validation/v1",
            "status": "pass",
            "total_heat_load_w": 0.0008676451979400238
          },
          "heat_mesh_convergence": {
            "finest_pair_relative_change": 2.3182684774357436e-11,
            "max_analytic_relative_error": 2.0227046605818184e-11,
            "method": "structured_quad_h_refinement",
            "refinement_levels": [
              1,
              2,
              4,
              8
            ],
            "relative_error_tolerance": 1e-8,
            "samples": [
              {
                "analytic_relative_error": 2.5221188804549443e-13,
                "element_count": 3,
                "elements_per_layer": 1,
                "max_temperature_c": 36.87773991612812,
                "node_count": 8,
                "relative_change_from_previous": null
              },
              {
                "analytic_relative_error": 3.0404152737646305e-13,
                "element_count": 6,
                "elements_per_layer": 2,
                "max_temperature_c": 36.877739916148634,
                "node_count": 14,
                "relative_change_from_previous": 5.562534154219575e-13
              },
              {
                "analytic_relative_error": 2.9556381685392544e-12,
                "element_count": 12,
                "elements_per_layer": 4,
                "max_temperature_c": 36.877739916028425,
                "node_count": 26,
                "relative_change_from_previous": 3.2596796959157177e-12
              },
              {
                "analytic_relative_error": 2.0227046605818184e-11,
                "element_count": 24,
                "elements_per_layer": 8,
                "max_temperature_c": 36.87773991688335,
                "node_count": 50,
                "relative_change_from_previous": 2.3182684774357436e-11
              }
            ],
            "schema_version": "kyuubiki.composite-heat-mesh-convergence/v1",
            "status": "pass"
          },
          "heat_to_thermal_projection": {
            "mapped_node_count": 8,
            "maximum_coordinate_error_m": 0.0,
            "maximum_temperature_delta_c": 1.877739916128121,
            "minimum_temperature_delta_c": 0.0,
            "reference_temperature_c": 35.0,
            "schema_version": "kyuubiki.composite-heat-to-thermal-projection/v1"
          },
          "joule_heating_projection": {
            "assumptions": [
              "Steady scalar electrical conductivity is solved on a two-dimensional quad mesh.",
              "Joule heating uses the solved local sigma times electric-field magnitude squared.",
              "Element Joule power integrates both triangular subcell fields before thermal projection.",
              "Recovered terminal currents gate current continuity and electrical input-power balance.",
              "Contact and terminal impedance models require explicit study-level heat mappings."
            ],
            "boundary_voltage_span_v": 0.000033600000000000004,
            "current_balance_relative_error": 0.0,
            "distributed_total_heat_load_w": 0.00006670774028076512,
            "electrical_power_balance_relative_error": 4.063254758451657e-16,
            "energy_balance_relative_error": 8.126509516903319e-16,
            "free_current_residual_relative_error": 0.0,
            "max_current_density_a_m2": 66178.31377060026,
            "max_free_current_residual_a": 0.0,
            "model": "solved_steady_current_density_sigma_e_squared",
            "parameter_source": "screening_reference_not_material_card",
            "regions": [
              {
                "coupling_temperature_c": 36.877697033159656,
                "current_density_magnitude_a_m2": 66178.31377060026,
                "distributed_heat_load_w": 0.00006670774028076507,
                "electric_field_magnitude_v_m": 0.00112,
                "electrical_conductivity_s_m": 59087780.15232166,
                "element_id": "conductor_left",
                "energy_balance_relative_error": 0.0,
                "joule_power_w": 0.00006670774028076507,
                "peak_current_density_magnitude_a_m2": 66178.31377060026,
                "peak_electric_field_magnitude_v_m": 0.00112,
                "rms_current_density_magnitude_a_m2": 66178.31377060026,
                "rms_electric_field_magnitude_v_m": 0.00112,
                "source_volume_m3": 9e-7,
                "volumetric_joule_heating_w_m3": 74.1197114230723
              }
            ],
            "schema_version": "kyuubiki.composite-current-to-heat-projection/v2",
            "source_power_balance_relative_error": 4.063254758451657e-16,
            "status": "pass",
            "total_dissipated_power_w": 0.00006670774028076507,
            "total_electrical_input_power_w": 0.0000667077402807651,
            "total_extracted_current_a": 1.9853494131180085,
            "total_injected_current_a": 1.9853494131180085,
            "total_joule_loss_w": 0.00006670774028076507,
            "total_source_power_w": 0.0000667077402807651
          },
          "research": {
            "candidate_id": "copper_polyimide_aluminum",
            "candidate_label": "Copper / Polyimide / Aluminum",
            "coupling": "iterative_dielectric_and_conductor_joule_heating_with_temperature_dependent_electrical_thermal_feedback_and_expansion_projection",
            "materials": {
              "conductor": "copper",
              "dielectric": "polyimide",
              "substrate": "aluminum_6061"
            },
            "study": "material.composite_thermo_electric_panel.v1"
          },
          "schema_version": "kyuubiki.composite-thermo-electric-panel-result/v1",
          "thermal": {
            "elements": [
              {
                "area": 0.0009,
                "average_temperature_delta": 1.8776970743121968,
                "gamma_xy": -1.1029074834040371e-20,
                "id": "conductor_left",
                "index": 0,
                "max_in_plane_shear": 558322.833709682,
                "mechanical_strain_x": 3.24842375976542e-6,
                "mechanical_strain_y": -0.000010151324249266947,
                "node_i": 0,
                "node_j": 1,
                "node_k": 5,
                "node_l": 4,
                "principal_stress_1": -4.656612873077393e-10,
                "principal_stress_2": -1116645.6674193644,
                "strain_energy_density": 18.65349845339775,
                "stress_x": -4.4211548002850676e-10,
                "stress_y": -1116645.6674193644,
                "tau_xy": -4.579053186009534e-10,
                "thermal_strain": 0.00003193283780073713,
                "total_strain_x": 0.000035181261560502546,
                "total_strain_y": 0.000021781513551470182,
                "von_mises": 1116645.6674193642
              },
              {
                "area": 0.0009,
                "average_temperature_delta": 0.941538516313722,
                "gamma_xy": 3.883153431151713e-19,
                "id": "dielectric_core",
                "index": 1,
                "max_in_plane_shear": 25344.411603930053,
                "mechanical_strain_x": 6.488169370605844e-6,
                "mechanical_strain_y": -0.000020275529283144292,
                "node_i": 1,
                "node_j": 2,
                "node_k": 6,
                "node_l": 5,
                "principal_stress_1": -9.167706593871116e-10,
                "principal_stress_2": -50688.82320786102,
                "strain_energy_density": 1.8701637992000029,
                "stress_x": -9.158106372019067e-10,
                "stress_y": -50688.82320786102,
                "tau_xy": 3.671137468093851e-10,
                "thermal_strain": 0.00004240114704611477,
                "total_strain_x": 0.000048889316416720617,
                "total_strain_y": 0.00002212561776297048,
                "von_mises": 50688.823207860565
              },
              {
                "area": 0.0009,
                "average_temperature_delta": 0.002711400065585678,
                "gamma_xy": -1.8180740546738422e-20,
                "id": "substrate_right",
                "index": 2,
                "max_in_plane_shear": 6423.82385959072,
                "mechanical_strain_x": -5.966977170012488e-8,
                "mechanical_strain_y": 1.8646803656285773e-7,
                "node_i": 2,
                "node_j": 3,
                "node_k": 7,
                "node_l": 6,
                "principal_stress_1": 12847.64771918064,
                "principal_stress_2": -7.98536348156631e-10,
                "strain_energy_density": 0.0036751341622017694,
                "stress_x": -7.992372196162654e-10,
                "stress_y": 12847.64771918064,
                "tau_xy": -4.749287383118724e-10,
                "thermal_strain": 6.398909359778945e-8,
                "total_strain_x": 4.319321897664554e-9,
                "total_strain_y": 2.504571301606472e-7,
                "von_mises": 12847.64771918104
              }
            ],
            "input": {
              "elements": [
                {
                  "id": "conductor_left",
                  "node_i": 0,
                  "node_j": 1,
                  "node_k": 5,
                  "node_l": 4,
                  "poisson_ratio": 0.32,
                  "thermal_expansion": 0.00001700638417005266,
                  "thickness": 0.001,
                  "youngs_modulus": 110000000000.0
                },
                {
                  "id": "dielectric_core",
                  "node_i": 1,
                  "node_j": 2,
                  "node_k": 6,
                  "node_l": 5,
                  "poisson_ratio": 0.32,
                  "thermal_expansion": 0.000045033895386587296,
                  "thickness": 0.001,
                  "youngs_modulus": 2500000000.0
                },
                {
                  "id": "substrate_right",
                  "node_i": 2,
                  "node_j": 3,
                  "node_k": 7,
                  "node_l": 6,
                  "poisson_ratio": 0.32,
                  "thermal_expansion": 0.000023600019196712468,
                  "thickness": 0.001,
                  "youngs_modulus": 68900000000.0
                }
              ],
              "nodes": [
                {
                  "fix_x": true,
                  "fix_y": true,
                  "id": "n0",
                  "load_x": 0.0,
                  "load_y": 0.0,
                  "temperature_delta": 1.877739916128121,
                  "x": 0.0,
                  "y": 0.0
                },
                {
                  "fix_x": false,
                  "fix_y": false,
                  "id": "n1",
                  "load_x": 0.0,
                  "load_y": 0.0,
                  "temperature_delta": 1.877654232496276,
                  "x": 0.03,
                  "y": 0.0
                },
                {
                  "fix_x": false,
                  "fix_y": false,
                  "id": "n2",
                  "load_x": 0.0,
                  "load_y": 0.0,
                  "temperature_delta": 0.005422800131171357,
                  "x": 0.06,
                  "y": 0.0
                },
                {
                  "fix_x": false,
                  "fix_y": false,
                  "id": "n3",
                  "load_x": 0.0,
                  "load_y": 0.0,
                  "temperature_delta": 0.0,
                  "x": 0.09,
                  "y": 0.0
                },
                {
                  "fix_x": true,
                  "fix_y": true,
                  "id": "n4",
                  "load_x": 0.0,
                  "load_y": 0.0,
                  "temperature_delta": 1.877739916128121,
                  "x": 0.0,
                  "y": 0.03
                },
                {
                  "fix_x": false,
                  "fix_y": false,
                  "id": "n5",
                  "load_x": 0.0,
                  "load_y": 0.0,
                  "temperature_delta": 1.877654232496269,
                  "x": 0.03,
                  "y": 0.03
                },
                {
                  "fix_x": false,
                  "fix_y": false,
                  "id": "n6",
                  "load_x": 0.0,
                  "load_y": 0.0,
                  "temperature_delta": 0.005422800131171357,
                  "x": 0.06,
                  "y": 0.03
                },
                {
                  "fix_x": false,
                  "fix_y": false,
                  "id": "n7",
                  "load_x": 0.0,
                  "load_y": 0.0,
                  "temperature_delta": 0.0,
                  "x": 0.09,
                  "y": 0.03
                }
              ]
            },
            "max_displacement": 2.5222484836094597e-6,
            "max_strain_energy_density": 18.65349845339775,
            "max_stress": 1116645.6674193642,
            "max_temperature_delta": 1.877739916128121,
            "nodes": [
              {
                "displacement_magnitude": 0.0,
                "id": "n0",
                "index": 0,
                "temperature_delta": 1.877739916128121,
                "ux": 0.0,
                "uy": 0.0,
                "x": 0.0,
                "y": 0.0
              },
              {
                "displacement_magnitude": 1.2413460225993547e-6,
                "id": "n1",
                "index": 1,
                "temperature_delta": 1.877654232496276,
                "ux": 1.0554378468150775e-6,
                "uy": -6.534454065441048e-7,
                "x": 0.03,
                "y": 0.0
              },
              {
                "displacement_magnitude": 2.522138465711087e-6,
                "id": "n2",
                "index": 2,
                "temperature_delta": 0.005422800131171357,
                "ux": 2.5221173393166983e-6,
                "uy": -1.0323126344992492e-8,
                "x": 0.06,
                "y": 0.0
              },
              {
                "displacement_magnitude": 2.5222484836094597e-6,
                "id": "n3",
                "index": 3,
                "temperature_delta": 0.0,
                "ux": 2.522246918973628e-6,
                "uy": 2.809412440211758e-9,
                "x": 0.09,
                "y": 0.0
              },
              {
                "displacement_magnitude": 0.0,
                "id": "n4",
                "index": 4,
                "temperature_delta": 1.877739916128121,
                "ux": 0.0,
                "uy": 0.0,
                "x": 0.0,
                "y": 0.03
              },
              {
                "displacement_magnitude": 1.2413460225993537e-6,
                "id": "n5",
                "index": 5,
                "temperature_delta": 1.877654232496269,
                "ux": 1.0554378468150756e-6,
                "uy": 6.534454065441061e-7,
                "x": 0.03,
                "y": 0.03
              },
              {
                "displacement_magnitude": 2.522138465711081e-6,
                "id": "n6",
                "index": 6,
                "temperature_delta": 0.005422800131171357,
                "ux": 2.522117339316692e-6,
                "uy": 1.0323126345025388e-8,
                "x": 0.06,
                "y": 0.03
              },
              {
                "displacement_magnitude": 2.5222484836094537e-6,
                "id": "n7",
                "index": 7,
                "temperature_delta": 0.0,
                "ux": 2.5222469189736224e-6,
                "uy": -2.8094124401672892e-9,
                "x": 0.09,
                "y": 0.03
              }
            ],
            "total_strain_energy": 0.00001847460364808396
          },
          "thermal_constraint_regularized_mesh_convergence": {
            "algebraic_validation": {
              "max_relative_residual": null,
              "method": "original_system_recomputed_l2_residual_over_max_rhs_l2_or_one",
              "qualification_effect": "algebraic_gate_does_not_override_discretization_gates",
              "relative_residual_tolerance": 1e-10,
              "required_series": [
                "uniform_full_edge_clamp",
                "uniform_regularized_restraint",
                "interface_graded_full_edge_clamp"
              ],
              "schema_version": "kyuubiki.composite-thermal-algebraic-validation/v1",
              "series": [],
              "status": "missing"
            },
            "convergence_tolerance": 0.02,
            "diagnostic_metrics": [
              "max_von_mises_stress_pa"
            ],
            "finest_pair_displacement_relative_change": 0.0019350482066995936,
            "finest_pair_peak_stress_relative_change": 0.30930726397384417,
            "finest_pair_strain_energy_relative_change": 0.22501830737765577,
            "method": "structured_quad_h_refinement_preserving_piecewise_linear_temperature_roller_edge_with_vertical_anchor",
            "pass_metrics": [
              "max_displacement_m",
              "total_strain_energy_j"
            ],
            "refinement_levels": [
              1,
              2,
              4,
              8
            ],
            "regime_assessment": {
              "diagnosis": "pass_metrics_lack_qualified_discretization_uncertainty",
              "gci_safety_factor": 1.25,
              "method": "four_level_constant_ratio_observed_order_and_fine_grid_gci",
              "metrics": [
                {
                  "coarse_triplet_observed_order": 0.5738063875465047,
                  "fine_grid_gci": null,
                  "fine_triplet_observed_order": 4.04131714350717,
                  "metric": "max_displacement_m",
                  "observed_order_relative_difference": 0.8580150066993903,
                  "qualification_role": "pass_metric",
                  "regime": "oscillatory",
                  "richardson_extrapolated_value": null,
                  "unit": "m"
                },
                {
                  "coarse_triplet_observed_order": 1.6974630341102368,
                  "fine_grid_gci": 0.16633473119761177,
                  "fine_triplet_observed_order": 1.6699309570071932,
                  "metric": "total_strain_energy_j",
                  "observed_order_relative_difference": 0.01621954443177325,
                  "qualification_role": "pass_metric",
                  "regime": "asymptotic_converging",
                  "richardson_extrapolated_value": 3.511899727880753e-7,
                  "unit": "J"
                },
                {
                  "coarse_triplet_observed_order": -7.222135705654513,
                  "fine_grid_gci": null,
                  "fine_triplet_observed_order": -0.6930019714197305,
                  "metric": "max_von_mises_stress_pa",
                  "observed_order_relative_difference": 0.904044731411354,
                  "qualification_role": "diagnostic_metric",
                  "regime": "monotonic_diverging",
                  "richardson_extrapolated_value": null,
                  "unit": "Pa"
                }
              ],
              "order_consistency_tolerance": 0.25,
              "qualification_effect": "gci_gates_require_asymptotic_pass_metric_evidence",
              "qualification_tolerance": 0.02,
              "refinement_ratio": 2.0,
              "schema_version": "kyuubiki.composite-thermal-convergence-regime/v1",
              "status": "fail"
            },
            "samples": [
              {
                "displacement_relative_change": null,
                "element_count": 3,
                "elements_per_original_element": 1,
                "max_displacement_m": 2.516606820535079e-6,
                "max_von_mises_stress_pa": 63433.8533790025,
                "node_count": 8,
                "peak_stress_relative_change": null,
                "strain_energy_relative_change": null,
                "total_strain_energy_j": 2.11084750431095e-6
              },
              {
                "displacement_relative_change": 0.046784743540905255,
                "element_count": 12,
                "elements_per_original_element": 2,
                "max_displacement_m": 2.3988680158430525e-6,
                "max_von_mises_stress_pa": 63597.05117811524,
                "node_count": 21,
                "peak_stress_relative_change": 0.0025661221092731115,
                "strain_energy_relative_change": 0.5750599407551733,
                "total_strain_energy_j": 8.969836635386896e-7
              },
              {
                "displacement_relative_change": 0.03192204209032959,
                "element_count": 48,
                "elements_per_original_element": 4,
                "max_displacement_m": 2.4779698744745994e-6,
                "max_von_mises_stress_pa": 87963.58630256951,
                "node_count": 65,
                "peak_stress_relative_change": 0.27700706790921853,
                "strain_energy_relative_change": 0.417251735133994,
                "total_strain_energy_j": 5.227156735403247e-7
              },
              {
                "displacement_relative_change": 0.0019350482066995936,
                "element_count": 192,
                "elements_per_original_element": 8,
                "max_displacement_m": 2.4827741621647363e-6,
                "max_von_mises_stress_pa": 127355.59781424778,
                "node_count": 225,
                "peak_stress_relative_change": 0.30930726397384417,
                "strain_energy_relative_change": 0.22501830737765577,
                "total_strain_energy_j": 4.050950774405096e-7
              }
            ],
            "schema_version": "kyuubiki.composite-thermal-mesh-convergence/v1",
            "status": "fail"
          },
          "thermal_constraint_sensitivity": {
            "alternative_restraint": "roller_edge_with_vertical_anchor",
            "alternative_status": "fail",
            "diagnosis": "mixed_restraint_sensitivity_and_persistent_energy_nonconvergence",
            "displacement_change_ratio_alternative_to_primary": 0.7256999756712309,
            "peak_stress_change_ratio_alternative_to_primary": 1.1911880175854983,
            "primary_restraint": "full_edge_clamp",
            "primary_status": "fail",
            "qualification_effect": "diagnostic_only_does_not_override_primary_quality_gates",
            "schema_version": "kyuubiki.composite-thermal-constraint-sensitivity/v1",
            "strain_energy_change_ratio_alternative_to_primary": 1.7069497876157305
          },
          "thermal_expansion_projection": {
            "coverage_fraction": 1.0,
            "declared_region_count": 3,
            "max_relative_change": 0.0007532308130509659,
            "model": "regional_linear_temperature_dependent_thermal_expansion",
            "parameter_source": "screening_sensitivity_not_material_card",
            "schema_version": "kyuubiki.composite-thermal-expansion-projection/v1",
            "status": "pass",
            "updated_region_count": 3,
            "updates": [
              {
                "adjusted_thermal_expansion_1_k": 0.00001700638417005266,
                "element_id": "conductor_left",
                "mean_temperature_c": 36.877697074312195,
                "reference_thermal_expansion_1_k": 0.000017,
                "relative_change": 0.00037553941486228166
              },
              {
                "adjusted_thermal_expansion_1_k": 0.000045033895386587296,
                "element_id": "dielectric_core",
                "mean_temperature_c": 35.94153851631373,
                "reference_thermal_expansion_1_k": 0.000045,
                "relative_change": 0.0007532308130509659
              },
              {
                "adjusted_thermal_expansion_1_k": 0.000023600019196712468,
                "element_id": "substrate_right",
                "mean_temperature_c": 35.002711400065586,
                "reference_thermal_expansion_1_k": 0.0000236,
                "relative_change": 8.134200197931006e-7
              }
            ]
          },
          "thermal_interface_grading_assessment": {
            "diagnosis": "graded_mesh_did_not_resolve_nonconvergence",
            "displacement_change_ratio_graded_to_uniform": 1.705575711700471,
            "graded_mesh_convergence": {
              "algebraic_validation": {
                "max_relative_residual": null,
                "method": "original_system_recomputed_l2_residual_over_max_rhs_l2_or_one",
                "qualification_effect": "algebraic_gate_does_not_override_discretization_gates",
                "relative_residual_tolerance": 1e-10,
                "required_series": [
                  "uniform_full_edge_clamp",
                  "uniform_regularized_restraint",
                  "interface_graded_full_edge_clamp"
                ],
                "schema_version": "kyuubiki.composite-thermal-algebraic-validation/v1",
                "series": [],
                "status": "missing"
              },
              "convergence_tolerance": 0.02,
              "diagnostic_metrics": [
                "max_von_mises_stress_pa"
              ],
              "finest_pair_displacement_relative_change": 0.004547845298277328,
              "finest_pair_peak_stress_relative_change": 0.41489013643708617,
              "finest_pair_strain_energy_relative_change": 0.1192539620012601,
              "method": "cosine_graded_quad_h_refinement_at_clamp_interfaces_and_free_edges",
              "pass_metrics": [
                "max_displacement_m",
                "total_strain_energy_j"
              ],
              "refinement_levels": [
                1,
                2,
                4,
                8
              ],
              "regime_assessment": {
                "diagnosis": "pass_metrics_lack_qualified_discretization_uncertainty",
                "gci_safety_factor": 1.25,
                "method": "four_level_constant_ratio_observed_order_and_fine_grid_gci",
                "metrics": [
                  {
                    "coarse_triplet_observed_order": 1.901151111777493,
                    "fine_grid_gci": null,
                    "fine_triplet_observed_order": 1.3966024869162812,
                    "metric": "max_displacement_m",
                    "observed_order_relative_difference": 0.26539112106111384,
                    "qualification_role": "pass_metric",
                    "regime": "oscillatory",
                    "richardson_extrapolated_value": null,
                    "unit": "m"
                  },
                  {
                    "coarse_triplet_observed_order": 0.854697897458162,
                    "fine_grid_gci": null,
                    "fine_triplet_observed_order": 1.7730947028244737,
                    "metric": "total_strain_energy_j",
                    "observed_order_relative_difference": 0.517962635556544,
                    "qualification_role": "pass_metric",
                    "regime": "monotonic_pre_asymptotic",
                    "richardson_extrapolated_value": null,
                    "unit": "J"
                  },
                  {
                    "coarse_triplet_observed_order": -1.0586824325230042,
                    "fine_grid_gci": null,
                    "fine_triplet_observed_order": -0.596650930055766,
                    "metric": "max_von_mises_stress_pa",
                    "observed_order_relative_difference": 0.4364212423607952,
                    "qualification_role": "diagnostic_metric",
                    "regime": "monotonic_diverging",
                    "richardson_extrapolated_value": null,
                    "unit": "Pa"
                  }
                ],
                "order_consistency_tolerance": 0.25,
                "qualification_effect": "gci_gates_require_asymptotic_pass_metric_evidence",
                "qualification_tolerance": 0.02,
                "refinement_ratio": 2.0,
                "schema_version": "kyuubiki.composite-thermal-convergence-regime/v1",
                "status": "fail"
              },
              "samples": [
                {
                  "displacement_relative_change": null,
                  "element_count": 3,
                  "elements_per_original_element": 1,
                  "max_displacement_m": 2.5222484836094597e-6,
                  "max_von_mises_stress_pa": 1116645.6674193642,
                  "node_count": 8,
                  "peak_stress_relative_change": null,
                  "strain_energy_relative_change": null,
                  "total_strain_energy_j": 0.00001847460364808396
                },
                {
                  "displacement_relative_change": 0.04330455631572902,
                  "element_count": 12,
                  "elements_per_original_element": 2,
                  "max_displacement_m": 2.4130236321087317e-6,
                  "max_von_mises_stress_pa": 1938139.800256897,
                  "node_count": 21,
                  "peak_stress_relative_change": 0.423857005943867,
                  "strain_energy_relative_change": 0.3436806561745178,
                  "total_strain_energy_j": 0.000012125239743746324
                },
                {
                  "displacement_relative_change": 0.011973604908166196,
                  "element_count": 48,
                  "elements_per_original_element": 4,
                  "max_displacement_m": 2.4422663646394276e-6,
                  "max_von_mises_stress_pa": 3649335.3184310617,
                  "node_count": 65,
                  "peak_stress_relative_change": 0.468906079836437,
                  "strain_energy_relative_change": 0.28956774228266574,
                  "total_strain_energy_j": 8.614161446513652e-6
                },
                {
                  "displacement_relative_change": 0.004547845298277328,
                  "element_count": 192,
                  "elements_per_original_element": 8,
                  "max_displacement_m": 2.4311593150358613e-6,
                  "max_von_mises_stress_pa": 6237008.715267825,
                  "node_count": 225,
                  "peak_stress_relative_change": 0.41489013643708617,
                  "strain_energy_relative_change": 0.1192539620012601,
                  "total_strain_energy_j": 7.586888564698393e-6
                }
              ],
              "schema_version": "kyuubiki.composite-thermal-mesh-convergence/v1",
              "status": "fail"
            },
            "graded_stress_recovery": {
              "convergence_tolerance": 0.02,
              "diagnostic_metrics": [
                "max_stress_pa",
                "max_to_p95_ratio"
              ],
              "finest_pair_max_relative_change": 0.41489013643708617,
              "finest_pair_p95_relative_change": 0.3405227498986025,
              "finest_pair_rms_relative_change": 0.009214304696841731,
              "method": "interface_graded_mesh_element_area_weighted_von_mises_p95_and_rms",
              "pass_metrics": [
                "area_weighted_rms_stress_pa",
                "area_weighted_p95_stress_pa"
              ],
              "refinement_levels": [
                1,
                2,
                4,
                8
              ],
              "samples": [
                {
                  "element_count": 3,
                  "elements_per_original_element": 1,
                  "max_relative_change": null,
                  "p95_relative_change": null,
                  "rms_relative_change": null,
                  "statistics": {
                    "area_weighted_mean_stress_pa": 393394.04611546866,
                    "area_weighted_p95_stress_pa": 1116645.6674193642,
                    "area_weighted_rms_stress_pa": 645402.1912514581,
                    "max_stress_pa": 1116645.6674193642,
                    "max_to_p95_ratio": 1.0
                  }
                },
                {
                  "element_count": 12,
                  "elements_per_original_element": 2,
                  "max_relative_change": 0.423857005943867,
                  "p95_relative_change": 0.423857005943867,
                  "rms_relative_change": 0.19684257241712255,
                  "statistics": {
                    "area_weighted_mean_stress_pa": 398252.1632959172,
                    "area_weighted_p95_stress_pa": 1938139.800256897,
                    "area_weighted_rms_stress_pa": 803581.1773462798,
                    "max_stress_pa": 1938139.800256897,
                    "max_to_p95_ratio": 1.0
                  }
                },
                {
                  "element_count": 48,
                  "elements_per_original_element": 4,
                  "max_relative_change": 0.468906079836437,
                  "p95_relative_change": 0.5157148457511158,
                  "rms_relative_change": 0.040854297549696536,
                  "statistics": {
                    "area_weighted_mean_stress_pa": 302351.76547488396,
                    "area_weighted_p95_stress_pa": 938612.332123313,
                    "area_weighted_rms_stress_pa": 770751.4328216395,
                    "max_stress_pa": 3649335.3184310617,
                    "max_to_p95_ratio": 3.888011262515161
                  }
                },
                {
                  "element_count": 192,
                  "elements_per_original_element": 8,
                  "max_relative_change": 0.41489013643708617,
                  "p95_relative_change": 0.3405227498986025,
                  "rms_relative_change": 0.009214304696841731,
                  "statistics": {
                    "area_weighted_mean_stress_pa": 282330.097813309,
                    "area_weighted_p95_stress_pa": 1423267.1892457204,
                    "area_weighted_rms_stress_pa": 763649.4942740935,
                    "max_stress_pa": 6237008.715267825,
                    "max_to_p95_ratio": 4.382176981521798
                  }
                }
              ],
              "schema_version": "kyuubiki.composite-thermal-stress-recovery/v1",
              "status": "fail"
            },
            "max_change_ratio_graded_to_uniform": 1.597803274287349,
            "p95_change_ratio_graded_to_uniform": 1.144015009874747,
            "qualification_effect": "diagnostic_only_does_not_override_uniform_mesh_gates",
            "rms_change_ratio_graded_to_uniform": 0.5710368853551105,
            "schema_version": "kyuubiki.composite-thermal-interface-grading-assessment/v1",
            "strain_energy_change_ratio_graded_to_uniform": 0.904639837898802
          },
          "thermal_mesh_convergence": {
            "algebraic_validation": {
              "max_relative_residual": 2.2338199944876535e-14,
              "method": "original_system_recomputed_l2_residual_over_max_rhs_l2_or_one",
              "qualification_effect": "algebraic_gate_does_not_override_discretization_gates",
              "relative_residual_tolerance": 1e-10,
              "required_series": [
                "uniform_full_edge_clamp",
                "uniform_regularized_restraint",
                "interface_graded_full_edge_clamp"
              ],
              "schema_version": "kyuubiki.composite-thermal-algebraic-validation/v1",
              "series": [
                {
                  "label": "uniform_full_edge_clamp",
                  "max_relative_residual": 1.464239325015576e-14,
                  "samples": [
                    {
                      "element_count": 3,
                      "elements_per_original_element": 1,
                      "matrix_non_zero_count": 112,
                      "node_count": 8,
                      "relative_residual": 1.916001041095343e-16,
                      "residual_norm": 2.9868271942087744e-14,
                      "rhs_norm": 155.8885997526003,
                      "solver_iterations": 0
                    },
                    {
                      "element_count": 12,
                      "elements_per_original_element": 2,
                      "matrix_non_zero_count": 439,
                      "node_count": 21,
                      "relative_residual": 7.825100798134164e-16,
                      "residual_norm": 1.2008262538877128e-13,
                      "rhs_norm": 153.4582473588124,
                      "solver_iterations": 0
                    },
                    {
                      "element_count": 48,
                      "elements_per_original_element": 4,
                      "matrix_non_zero_count": 1747,
                      "node_count": 65,
                      "relative_residual": 3.5051748197652954e-15,
                      "residual_norm": 4.230787329552327e-13,
                      "rhs_norm": 120.70117888829346,
                      "solver_iterations": 0
                    },
                    {
                      "element_count": 192,
                      "elements_per_original_element": 8,
                      "matrix_non_zero_count": 6925,
                      "node_count": 225,
                      "relative_residual": 1.464239325015576e-14,
                      "residual_norm": 1.307672513503791e-12,
                      "rhs_norm": 89.30729363452116,
                      "solver_iterations": 0
                    }
                  ],
                  "solver_path": "dense_direct",
                  "status": "pass"
                },
                {
                  "label": "uniform_regularized_restraint",
                  "max_relative_residual": 1.6860073876327445e-14,
                  "samples": [
                    {
                      "element_count": 3,
                      "elements_per_original_element": 1,
                      "matrix_non_zero_count": 121,
                      "node_count": 8,
                      "relative_residual": 3.123804481944303e-16,
                      "residual_norm": 5.4380341286202586e-14,
                      "rhs_norm": 174.08369057834065,
                      "solver_iterations": 0
                    },
                    {
                      "element_count": 12,
                      "elements_per_original_element": 2,
                      "matrix_non_zero_count": 462,
                      "node_count": 21,
                      "relative_residual": 9.753578898605358e-16,
                      "residual_norm": 1.5437307483720734e-13,
                      "rhs_norm": 158.27326199132995,
                      "solver_iterations": 0
                    },
                    {
                      "element_count": 48,
                      "elements_per_original_element": 4,
                      "matrix_non_zero_count": 1799,
                      "node_count": 65,
                      "relative_residual": 4.4381165936533705e-15,
                      "residual_norm": 5.425409277121534e-13,
                      "rhs_norm": 122.245758141641,
                      "solver_iterations": 0
                    },
                    {
                      "element_count": 192,
                      "elements_per_original_element": 8,
                      "matrix_non_zero_count": 7030,
                      "node_count": 225,
                      "relative_residual": 1.6860073876327445e-14,
                      "residual_norm": 1.5145570328448905e-12,
                      "rhs_norm": 89.83098436901983,
                      "solver_iterations": 0
                    }
                  ],
                  "solver_path": "dense_direct",
                  "status": "pass"
                },
                {
                  "label": "interface_graded_full_edge_clamp",
                  "max_relative_residual": 2.2338199944876535e-14,
                  "samples": [
                    {
                      "element_count": 3,
                      "elements_per_original_element": 1,
                      "matrix_non_zero_count": 112,
                      "node_count": 8,
                      "relative_residual": 1.916001041095343e-16,
                      "residual_norm": 2.9868271942087744e-14,
                      "rhs_norm": 155.8885997526003,
                      "solver_iterations": 0
                    },
                    {
                      "element_count": 12,
                      "elements_per_original_element": 2,
                      "matrix_non_zero_count": 444,
                      "node_count": 21,
                      "relative_residual": 7.332882159183726e-16,
                      "residual_norm": 1.1252912442370386e-13,
                      "rhs_norm": 153.4582473588124,
                      "solver_iterations": 0
                    },
                    {
                      "element_count": 48,
                      "elements_per_original_element": 4,
                      "matrix_non_zero_count": 1748,
                      "node_count": 65,
                      "relative_residual": 6.074967436901625e-15,
                      "residual_norm": 8.126789417548218e-13,
                      "rhs_norm": 133.77502845831006,
                      "solver_iterations": 0
                    },
                    {
                      "element_count": 192,
                      "elements_per_original_element": 8,
                      "matrix_non_zero_count": 6948,
                      "node_count": 225,
                      "relative_residual": 2.2338199944876535e-14,
                      "residual_norm": 2.2551938183845196e-12,
                      "rhs_norm": 100.95682839036311,
                      "solver_iterations": 0
                    }
                  ],
                  "solver_path": "dense_direct",
                  "status": "pass"
                }
              ],
              "status": "pass"
            },
            "convergence_tolerance": 0.02,
            "diagnostic_metrics": [
              "max_von_mises_stress_pa"
            ],
            "finest_pair_displacement_relative_change": 0.002666457587944363,
            "finest_pair_peak_stress_relative_change": 0.2596628402968664,
            "finest_pair_strain_energy_relative_change": 0.13182479590800478,
            "method": "structured_quad_h_refinement_preserving_piecewise_linear_temperature_full_edge_clamp",
            "pass_metrics": [
              "max_displacement_m",
              "total_strain_energy_j"
            ],
            "refinement_levels": [
              1,
              2,
              4,
              8
            ],
            "regime_assessment": {
              "diagnosis": "pass_metrics_lack_qualified_discretization_uncertainty",
              "gci_safety_factor": 1.25,
              "method": "four_level_constant_ratio_observed_order_and_fine_grid_gci",
              "metrics": [
                {
                  "coarse_triplet_observed_order": 3.860216600762884,
                  "fine_grid_gci": null,
                  "fine_triplet_observed_order": 0.21683258269977607,
                  "metric": "max_displacement_m",
                  "observed_order_relative_difference": 0.9438289077724488,
                  "qualification_role": "pass_metric",
                  "regime": "oscillatory",
                  "richardson_extrapolated_value": null,
                  "unit": "m"
                },
                {
                  "coarse_triplet_observed_order": 1.083150475367488,
                  "fine_grid_gci": 0.12734425444560304,
                  "fine_triplet_observed_order": 1.316412363881742,
                  "metric": "total_strain_energy_j",
                  "observed_order_relative_difference": 0.17719515169732092,
                  "qualification_role": "pass_metric",
                  "regime": "asymptotic_converging",
                  "richardson_extrapolated_value": 7.117650979443574e-6,
                  "unit": "J"
                },
                {
                  "coarse_triplet_observed_order": 0.04127239020382973,
                  "fine_grid_gci": null,
                  "fine_triplet_observed_order": -0.265721130638961,
                  "metric": "max_von_mises_stress_pa",
                  "observed_order_relative_difference": 1.15532219851912,
                  "qualification_role": "diagnostic_metric",
                  "regime": "monotonic_diverging",
                  "richardson_extrapolated_value": null,
                  "unit": "Pa"
                }
              ],
              "order_consistency_tolerance": 0.25,
              "qualification_effect": "gci_gates_require_asymptotic_pass_metric_evidence",
              "qualification_tolerance": 0.02,
              "refinement_ratio": 2.0,
              "schema_version": "kyuubiki.composite-thermal-convergence-regime/v1",
              "status": "fail"
            },
            "samples": [
              {
                "displacement_relative_change": null,
                "element_count": 3,
                "elements_per_original_element": 1,
                "max_displacement_m": 2.5222484836094597e-6,
                "max_von_mises_stress_pa": 1116645.6674193642,
                "node_count": 8,
                "peak_stress_relative_change": null,
                "strain_energy_relative_change": null,
                "total_strain_energy_j": 0.00001847460364808396
              },
              {
                "displacement_relative_change": 0.04330455631568956,
                "element_count": 12,
                "elements_per_original_element": 2,
                "max_displacement_m": 2.4130236321088312e-6,
                "max_von_mises_stress_pa": 1938139.8002568989,
                "node_count": 21,
                "peak_stress_relative_change": 0.4238570059438675,
                "strain_energy_relative_change": 0.3436806561745178,
                "total_strain_energy_j": 0.000012125239743746324
              },
              {
                "displacement_relative_change": 0.0031071868210635636,
                "element_count": 48,
                "elements_per_original_element": 4,
                "max_displacement_m": 2.4205447167525197e-6,
                "max_von_mises_stress_pa": 2736465.73575582,
                "node_count": 65,
                "peak_stress_relative_change": 0.2917361343384119,
                "strain_energy_relative_change": 0.24716052069246663,
                "total_strain_energy_j": 9.128359175160993e-6
              },
              {
                "displacement_relative_change": 0.002666457587944363,
                "element_count": 192,
                "elements_per_original_element": 8,
                "max_displacement_m": 2.427016252655477e-6,
                "max_von_mises_stress_pa": 3696242.583383374,
                "node_count": 225,
                "peak_stress_relative_change": 0.2596628402968664,
                "strain_energy_relative_change": 0.13182479590800478,
                "total_strain_energy_j": 7.92501508992043e-6
              }
            ],
            "schema_version": "kyuubiki.composite-thermal-mesh-convergence/v1",
            "status": "fail"
          },
          "thermal_stress_recovery": {
            "convergence_tolerance": 0.02,
            "diagnostic_metrics": [
              "max_stress_pa",
              "max_to_p95_ratio"
            ],
            "finest_pair_max_relative_change": 0.2596628402968664,
            "finest_pair_p95_relative_change": 0.29765584101548176,
            "finest_pair_rms_relative_change": 0.016136093715052462,
            "method": "uniform_mesh_element_area_weighted_von_mises_p95_and_rms",
            "pass_metrics": [
              "area_weighted_rms_stress_pa",
              "area_weighted_p95_stress_pa"
            ],
            "refinement_levels": [
              1,
              2,
              4,
              8
            ],
            "samples": [
              {
                "element_count": 3,
                "elements_per_original_element": 1,
                "max_relative_change": null,
                "p95_relative_change": null,
                "rms_relative_change": null,
                "statistics": {
                  "area_weighted_mean_stress_pa": 393394.04611546866,
                  "area_weighted_p95_stress_pa": 1116645.6674193642,
                  "area_weighted_rms_stress_pa": 645402.1912514581,
                  "max_stress_pa": 1116645.6674193642,
                  "max_to_p95_ratio": 1.0
                }
              },
              {
                "element_count": 12,
                "elements_per_original_element": 2,
                "max_relative_change": 0.4238570059438675,
                "p95_relative_change": 0.4238570059438675,
                "rms_relative_change": 0.1968425724171227,
                "statistics": {
                  "area_weighted_mean_stress_pa": 398252.1632959171,
                  "area_weighted_p95_stress_pa": 1938139.8002568989,
                  "area_weighted_rms_stress_pa": 803581.17734628,
                  "max_stress_pa": 1938139.8002568989,
                  "max_to_p95_ratio": 1.0
                }
              },
              {
                "element_count": 48,
                "elements_per_original_element": 4,
                "max_relative_change": 0.2917361343384119,
                "p95_relative_change": 0.2452223257386854,
                "rms_relative_change": 0.02136113528651729,
                "statistics": {
                  "area_weighted_mean_stress_pa": 314984.0191426282,
                  "area_weighted_p95_stress_pa": 2567828.734671725,
                  "area_weighted_rms_stress_pa": 786415.7711032872,
                  "max_stress_pa": 2736465.73575582,
                  "max_to_p95_ratio": 1.0656729939995992
                }
              },
              {
                "element_count": 192,
                "elements_per_original_element": 8,
                "max_relative_change": 0.2596628402968664,
                "p95_relative_change": 0.29765584101548176,
                "rms_relative_change": 0.016136093715052462,
                "statistics": {
                  "area_weighted_mean_stress_pa": 289329.23961263016,
                  "area_weighted_p95_stress_pa": 1803499.5130692923,
                  "area_weighted_rms_stress_pa": 773726.0925217693,
                  "max_stress_pa": 3696242.583383374,
                  "max_to_p95_ratio": 2.049483549398308
                }
              }
            ],
            "schema_version": "kyuubiki.composite-thermal-stress-recovery/v1",
            "status": "fail"
          }
        },
        "status": "completed"
      },
      "requires_confirmation": false
    },
    {
      "index": 4,
      "action": "solve_composite_thermo_electric_panel",
      "risk": "normal",
      "status": "executed",
      "payload": {
        "electric_conduction_feedback": {
          "parameter_source": "screening_reference_not_material_card",
          "regions": [
            {
              "element_id": "conductor_left",
              "reference_resistivity_ohm_m": 2.82e-8,
              "reference_temperature_c": 35.0,
              "resistivity_temperature_coefficient_1_k": 0.00403
            }
          ]
        },
        "electric_conduction_model": {
          "contact_interfaces": [],
          "elements": [
            {
              "electrical_conductivity_s_m": 35460992.90780142,
              "id": "conductor_left",
              "node_i": 0,
              "node_j": 1,
              "node_k": 2,
              "node_l": 3,
              "thickness": 0.001
            }
          ],
          "nodes": [
            {
              "current_source_a": 0.0,
              "electric_potential_v": 0.0,
              "fix_electric_potential": true,
              "id": "n0",
              "x": 0.0,
              "y": 0.0
            },
            {
              "current_source_a": 0.0,
              "electric_potential_v": 0.000056399999999999995,
              "fix_electric_potential": true,
              "id": "n1",
              "x": 0.03,
              "y": 0.0
            },
            {
              "current_source_a": 0.0,
              "electric_potential_v": 0.000056399999999999995,
              "fix_electric_potential": true,
              "id": "n5",
              "x": 0.03,
              "y": 0.03
            },
            {
              "current_source_a": 0.0,
              "electric_potential_v": 0.0,
              "fix_electric_potential": true,
              "id": "n4",
              "x": 0.0,
              "y": 0.03
            }
          ],
          "terminals": []
        },
        "electrostatic_model": {
          "elements": [
            {
              "id": "conductor_left",
              "node_i": 0,
              "node_j": 1,
              "node_k": 5,
              "node_l": 4,
              "permittivity": 1.0,
              "thickness": 0.001
            },
            {
              "id": "dielectric_core",
              "node_i": 1,
              "node_j": 2,
              "node_k": 6,
              "node_l": 5,
              "permittivity": 9.8,
              "thickness": 0.001
            },
            {
              "id": "substrate_right",
              "node_i": 2,
              "node_j": 3,
              "node_k": 7,
              "node_l": 6,
              "permittivity": 4.2,
              "thickness": 0.001
            }
          ],
          "nodes": [
            {
              "charge_density": 0.0,
              "fix_potential": true,
              "id": "n0",
              "potential": 0.0,
              "x": 0.0,
              "y": 0.0
            },
            {
              "charge_density": 0.0,
              "fix_potential": false,
              "id": "n1",
              "potential": 0.0,
              "x": 0.03,
              "y": 0.0
            },
            {
              "charge_density": 0.0,
              "fix_potential": false,
              "id": "n2",
              "potential": 0.0,
              "x": 0.06,
              "y": 0.0
            },
            {
              "charge_density": 0.0,
              "fix_potential": true,
              "id": "n3",
              "potential": 1198,
              "x": 0.09,
              "y": 0.0
            },
            {
              "charge_density": 0.0,
              "fix_potential": true,
              "id": "n4",
              "potential": 0.0,
              "x": 0.0,
              "y": 0.03
            },
            {
              "charge_density": 0.0,
              "fix_potential": false,
              "id": "n5",
              "potential": 0.0,
              "x": 0.03,
              "y": 0.03
            },
            {
              "charge_density": 0.0,
              "fix_potential": false,
              "id": "n6",
              "potential": 0.0,
              "x": 0.06,
              "y": 0.03
            },
            {
              "charge_density": 0.0,
              "fix_potential": true,
              "id": "n7",
              "potential": 1198,
              "x": 0.09,
              "y": 0.03
            }
          ]
        },
        "electrothermal_feedback": {
          "conductivity_relative_change_tolerance": 1e-9,
          "loss_relative_change_tolerance": 1e-9,
          "loss_tangent_temperature_coefficient_1_k": 0.001,
          "max_iterations": 12,
          "parameter_source": "screening_sensitivity_not_material_card",
          "relative_permittivity_temperature_coefficient_1_k": 0.0001,
          "relaxation_factor": 0.8,
          "temperature_residual_tolerance_c": 1e-7,
          "thermal_conductivity_models": [
            {
              "element_id": "conductor_left",
              "reference_temperature_c": 35.0,
              "temperature_coefficient_1_k": -0.001
            },
            {
              "element_id": "dielectric_core",
              "reference_temperature_c": 35.0,
              "temperature_coefficient_1_k": -0.002
            },
            {
              "element_id": "substrate_right",
              "reference_temperature_c": 35.0,
              "temperature_coefficient_1_k": -0.0012
            }
          ]
        },
        "electrothermal_loss": {
          "frequency_hz": 10000000.0,
          "loss_tangent": 0.0002,
          "reference_temperature_c": 35.0,
          "relative_permittivity": 9.8,
          "source_element_id": "dielectric_core"
        },
        "heat_model": {
          "elements": [
            {
              "conductivity": 167.0,
              "id": "conductor_left",
              "node_i": 0,
              "node_j": 1,
              "node_k": 5,
              "node_l": 4,
              "thickness": 0.001
            },
            {
              "conductivity": 0.25,
              "id": "dielectric_core",
              "node_i": 1,
              "node_j": 2,
              "node_k": 6,
              "node_l": 5,
              "thickness": 0.001
            },
            {
              "conductivity": 160.0,
              "id": "substrate_right",
              "node_i": 2,
              "node_j": 3,
              "node_k": 7,
              "node_l": 6,
              "thickness": 0.001
            }
          ],
          "nodes": [
            {
              "fix_temperature": false,
              "heat_load": 0.0,
              "id": "n0",
              "temperature": 35.0,
              "x": 0.0,
              "y": 0.0
            },
            {
              "fix_temperature": false,
              "heat_load": 0.0,
              "id": "n1",
              "temperature": 35.0,
              "x": 0.03,
              "y": 0.0
            },
            {
              "fix_temperature": false,
              "heat_load": 0.0,
              "id": "n2",
              "temperature": 35.0,
              "x": 0.06,
              "y": 0.0
            },
            {
              "fix_temperature": true,
              "heat_load": 0.0,
              "id": "n3",
              "temperature": 35.0,
              "x": 0.09,
              "y": 0.0
            },
            {
              "fix_temperature": false,
              "heat_load": 0.0,
              "id": "n4",
              "temperature": 35.0,
              "x": 0.0,
              "y": 0.03
            },
            {
              "fix_temperature": false,
              "heat_load": 0.0,
              "id": "n5",
              "temperature": 35.0,
              "x": 0.03,
              "y": 0.03
            },
            {
              "fix_temperature": false,
              "heat_load": 0.0,
              "id": "n6",
              "temperature": 35.0,
              "x": 0.06,
              "y": 0.03
            },
            {
              "fix_temperature": true,
              "heat_load": 0.0,
              "id": "n7",
              "temperature": 35.0,
              "x": 0.09,
              "y": 0.03
            }
          ]
        },
        "research": {
          "candidate_id": "aluminum_alumina_aluminum",
          "candidate_label": "Aluminum / Alumina / Aluminum",
          "coupling": "iterative_dielectric_and_conductor_joule_heating_with_temperature_dependent_electrical_thermal_feedback_and_expansion_projection",
          "materials": {
            "conductor": "aluminum",
            "dielectric": "alumina_96",
            "substrate": "aluminum_6061"
          },
          "study": "material.composite_thermo_electric_panel.v1"
        },
        "thermal_expansion_feedback": {
          "parameter_source": "screening_sensitivity_not_material_card",
          "regions": [
            {
              "element_id": "conductor_left",
              "reference_temperature_c": 35.0,
              "temperature_coefficient_1_k": 0.0002
            },
            {
              "element_id": "dielectric_core",
              "reference_temperature_c": 35.0,
              "temperature_coefficient_1_k": 0.0008
            },
            {
              "element_id": "substrate_right",
              "reference_temperature_c": 35.0,
              "temperature_coefficient_1_k": 0.0003
            }
          ]
        },
        "thermal_model": {
          "elements": [
            {
              "id": "conductor_left",
              "node_i": 0,
              "node_j": 1,
              "node_k": 5,
              "node_l": 4,
              "poisson_ratio": 0.32,
              "thermal_expansion": 0.000017,
              "thickness": 0.001,
              "youngs_modulus": 110000000000.0
            },
            {
              "id": "dielectric_core",
              "node_i": 1,
              "node_j": 2,
              "node_k": 6,
              "node_l": 5,
              "poisson_ratio": 0.32,
              "thermal_expansion": 0.000045,
              "thickness": 0.001,
              "youngs_modulus": 2500000000.0
            },
            {
              "id": "substrate_right",
              "node_i": 2,
              "node_j": 3,
              "node_k": 7,
              "node_l": 6,
              "poisson_ratio": 0.32,
              "thermal_expansion": 0.0000236,
              "thickness": 0.001,
              "youngs_modulus": 68900000000.0
            }
          ],
          "nodes": [
            {
              "fix_x": true,
              "fix_y": true,
              "id": "n0",
              "load_x": 0.0,
              "load_y": 0.0,
              "temperature_delta": 0.0,
              "x": 0.0,
              "y": 0.0
            },
            {
              "fix_x": false,
              "fix_y": false,
              "id": "n1",
              "load_x": 0.0,
              "load_y": 0.0,
              "temperature_delta": 0.0,
              "x": 0.03,
              "y": 0.0
            },
            {
              "fix_x": false,
              "fix_y": false,
              "id": "n2",
              "load_x": 0.0,
              "load_y": 0.0,
              "temperature_delta": 0.0,
              "x": 0.06,
              "y": 0.0
            },
            {
              "fix_x": false,
              "fix_y": false,
              "id": "n3",
              "load_x": 0.0,
              "load_y": 0.0,
              "temperature_delta": 0.0,
              "x": 0.09,
              "y": 0.0
            },
            {
              "fix_x": true,
              "fix_y": true,
              "id": "n4",
              "load_x": 0.0,
              "load_y": 0.0,
              "temperature_delta": 0.0,
              "x": 0.0,
              "y": 0.03
            },
            {
              "fix_x": false,
              "fix_y": false,
              "id": "n5",
              "load_x": 0.0,
              "load_y": 0.0,
              "temperature_delta": 0.0,
              "x": 0.03,
              "y": 0.03
            },
            {
              "fix_x": false,
              "fix_y": false,
              "id": "n6",
              "load_x": 0.0,
              "load_y": 0.0,
              "temperature_delta": 0.0,
              "x": 0.06,
              "y": 0.03
            },
            {
              "fix_x": false,
              "fix_y": false,
              "id": "n7",
              "load_x": 0.0,
              "load_y": 0.0,
              "temperature_delta": 0.0,
              "x": 0.09,
              "y": 0.03
            }
          ]
        }
      },
      "result_preview": {
        "job": {
          "created_at": "2026-08-13T11:16:36.292833Z",
          "execution_started_at": null,
          "execution_timeout_ms": 120000,
          "has_result": false,
          "iteration": null,
          "job_id": "902afaaa6a784dc2",
          "message": null,
          "model_version_id": null,
          "progress": 0.0,
          "project_id": "dc93c072c7c94d91",
          "queue_timeout_ms": 1800000,
          "residual": null,
          "simulation_case_id": "c48b5847697161b2",
          "status": "queued",
          "status_detail": {
            "active": true,
            "failure_class": null,
            "lifecycle": "active",
            "recoverable": false,
            "terminal": false,
            "timing": {
              "effective_deadline": "2026-08-13T11:46:36.292833Z",
              "effective_timeout_ms": 1800000,
              "execution_elapsed_ms": null,
              "execution_started_at": null,
              "execution_timeout_ms": 120000,
              "job_submission_deadline": "2026-08-13T11:46:36.292833Z",
              "phase": "queue",
              "queue_timeout_ms": 1800000,
              "queue_wait_ms": 0,
              "total_elapsed_ms": 0
            }
          },
          "updated_at": "2026-08-13T11:16:36.292833Z",
          "worker_id": null
        },
        "job_id": "902afaaa6a784dc2",
        "progress": 0.0,
        "raw": {
          "job": {
            "created_at": "2026-08-13T11:16:36.292833Z",
            "execution_started_at": null,
            "execution_timeout_ms": 120000,
            "has_result": false,
            "iteration": null,
            "job_id": "902afaaa6a784dc2",
            "message": null,
            "model_version_id": null,
            "progress": 0.0,
            "project_id": "dc93c072c7c94d91",
            "queue_timeout_ms": 1800000,
            "residual": null,
            "simulation_case_id": "c48b5847697161b2",
            "status": "queued",
            "status_detail": {
              "active": true,
              "failure_class": null,
              "lifecycle": "active",
              "recoverable": false,
              "terminal": false,
              "timing": {
                "effective_deadline": "2026-08-13T11:46:36.292833Z",
                "effective_timeout_ms": 1800000,
                "execution_elapsed_ms": null,
                "execution_started_at": null,
                "execution_timeout_ms": 120000,
                "job_submission_deadline": "2026-08-13T11:46:36.292833Z",
                "phase": "queue",
                "queue_timeout_ms": 1800000,
                "queue_wait_ms": 0,
                "total_elapsed_ms": 0
              }
            },
            "updated_at": "2026-08-13T11:16:36.292833Z",
            "worker_id": null
          }
        },
        "status": "queued"
      },
      "requires_confirmation": false
    },
    {
      "index": 5,
      "action": "job_wait",
      "risk": "normal",
      "status": "executed",
      "payload": {
        "interval_ms": 1000,
        "job_id": "902afaaa6a784dc2",
        "max_total_timeout_ms": 3600000,
        "resume_policy": "server_deadline",
        "timeout_ms": 60000
      },
      "result_preview": {
        "job": {
          "created_at": "2026-08-13T11:16:36.292833Z",
          "execution_started_at": "2026-08-13T11:16:36.296260Z",
          "execution_timeout_ms": 120000,
          "iteration": 4,
          "job_id": "902afaaa6a784dc2",
          "message": "collecting nodal and elemental responses",
          "model_version_id": null,
          "progress": 1.0,
          "project_id": "dc93c072c7c94d91",
          "queue_timeout_ms": 1800000,
          "residual": 0.2,
          "simulation_case_id": "c48b5847697161b2",
          "status": "completed",
          "status_detail": {
            "active": false,
            "failure_class": null,
            "lifecycle": "terminal",
            "recoverable": false,
            "terminal": true,
            "timing": {
              "effective_deadline": "2026-08-13T11:18:36.296260Z",
              "effective_timeout_ms": 120000,
              "execution_elapsed_ms": 6045,
              "execution_started_at": "2026-08-13T11:16:36.296260Z",
              "execution_timeout_ms": 120000,
              "job_submission_deadline": "2026-08-13T11:46:36.292833Z",
              "phase": "execution",
              "queue_timeout_ms": 1800000,
              "queue_wait_ms": 3,
              "total_elapsed_ms": 6048
            }
          },
          "updated_at": "2026-08-13T11:16:42.341718Z",
          "worker_id": "rust-agent-rpc@127.0.0.1:5002"
        },
        "job_id": "902afaaa6a784dc2",
        "progress": 1.0,
        "raw": {
          "job": {
            "created_at": "2026-08-13T11:16:36.292833Z",
            "execution_started_at": "2026-08-13T11:16:36.296260Z",
            "execution_timeout_ms": 120000,
            "iteration": 4,
            "job_id": "902afaaa6a784dc2",
            "message": "collecting nodal and elemental responses",
            "model_version_id": null,
            "progress": 1.0,
            "project_id": "dc93c072c7c94d91",
            "queue_timeout_ms": 1800000,
            "residual": 0.2,
            "simulation_case_id": "c48b5847697161b2",
            "status": "completed",
            "status_detail": {
              "active": false,
              "failure_class": null,
              "lifecycle": "terminal",
              "recoverable": false,
              "terminal": true,
              "timing": {
                "effective_deadline": "2026-08-13T11:18:36.296260Z",
                "effective_timeout_ms": 120000,
                "execution_elapsed_ms": 6045,
                "execution_started_at": "2026-08-13T11:16:36.296260Z",
                "execution_timeout_ms": 120000,
                "job_submission_deadline": "2026-08-13T11:46:36.292833Z",
                "phase": "execution",
                "queue_timeout_ms": 1800000,
                "queue_wait_ms": 3,
                "total_elapsed_ms": 6048
              }
            },
            "updated_at": "2026-08-13T11:16:42.341718Z",
            "worker_id": "rust-agent-rpc@127.0.0.1:5002"
          }
        },
        "result": null,
        "status": "completed",
        "wait": {
          "elapsed_ms": 6053,
          "policy": "server_deadline",
          "poll_attempts": 7,
          "resume_count": 0
        }
      },
      "requires_confirmation": false
    },
    {
      "index": 6,
      "action": "result_fetch",
      "risk": "normal",
      "status": "executed",
      "payload": {
        "job_id": "902afaaa6a784dc2"
      },
      "result_preview": {
        "job": {
          "created_at": "2026-08-13T11:16:36.292833Z",
          "execution_started_at": "2026-08-13T11:16:36.296260Z",
          "execution_timeout_ms": 120000,
          "has_result": true,
          "iteration": 4,
          "job_id": "902afaaa6a784dc2",
          "message": "collecting nodal and elemental responses",
          "model_version_id": null,
          "progress": 1.0,
          "project_id": "dc93c072c7c94d91",
          "queue_timeout_ms": 1800000,
          "residual": 0.2,
          "simulation_case_id": "c48b5847697161b2",
          "status": "completed",
          "status_detail": {
            "active": false,
            "failure_class": null,
            "lifecycle": "terminal",
            "recoverable": false,
            "terminal": true,
            "timing": {
              "effective_deadline": "2026-08-13T11:18:36.296260Z",
              "effective_timeout_ms": 120000,
              "execution_elapsed_ms": 6045,
              "execution_started_at": "2026-08-13T11:16:36.296260Z",
              "execution_timeout_ms": 120000,
              "job_submission_deadline": "2026-08-13T11:46:36.292833Z",
              "phase": "execution",
              "queue_timeout_ms": 1800000,
              "queue_wait_ms": 3,
              "total_elapsed_ms": 6048
            }
          },
          "updated_at": "2026-08-13T11:16:42.341718Z",
          "worker_id": "rust-agent-rpc@127.0.0.1:5002"
        },
        "job_id": "902afaaa6a784dc2",
        "result": {
          "electric_conduction": {
            "contact_interfaces": [],
            "current_balance_relative_error": 0.0,
            "elements": [
              {
                "area_m2": 0.0009,
                "average_electric_potential_v": 0.0000282,
                "current_density_magnitude_a_m2": 66540.72658787051,
                "current_density_x_a_m2": -66540.72658787051,
                "current_density_y_a_m2": -0.0,
                "electric_field_magnitude_v_m": 0.00188,
                "electric_field_x_v_m": -0.00188,
                "electric_field_y_v_m": -0.0,
                "electric_potential_gradient_x_v_m": 0.00188,
                "electric_potential_gradient_y_v_m": 0.0,
                "id": "conductor_left",
                "index": 0,
                "joule_power_w": 0.0001125869093866769,
                "node_i": 0,
                "node_j": 1,
                "node_k": 2,
                "node_l": 3,
                "peak_current_density_magnitude_a_m2": 66540.72658787051,
                "peak_electric_field_magnitude_v_m": 0.00188,
                "rms_current_density_magnitude_a_m2": 66540.72658787051,
                "rms_electric_field_magnitude_v_m": 0.00188,
                "volumetric_joule_heating_w_m3": 125.09656598519656
              }
            ],
            "free_current_residual_relative_error": 0.0,
            "input": {
              "contact_interfaces": [],
              "elements": [
                {
                  "electrical_conductivity_s_m": 35394003.504186444,
                  "id": "conductor_left",
                  "node_i": 0,
                  "node_j": 1,
                  "node_k": 2,
                  "node_l": 3,
                  "thickness": 0.001
                }
              ],
              "nodes": [
                {
                  "current_source_a": 0.0,
                  "electric_potential_v": 0.0,
                  "fix_electric_potential": true,
                  "id": "n0",
                  "x": 0.0,
                  "y": 0.0
                },
                {
                  "current_source_a": 0.0,
                  "electric_potential_v": 0.000056399999999999995,
                  "fix_electric_potential": true,
                  "id": "n1",
                  "x": 0.03,
                  "y": 0.0
                },
                {
                  "current_source_a": 0.0,
                  "electric_potential_v": 0.000056399999999999995,
                  "fix_electric_potential": true,
                  "id": "n5",
                  "x": 0.03,
                  "y": 0.03
                },
                {
                  "current_source_a": 0.0,
                  "electric_potential_v": 0.0,
                  "fix_electric_potential": true,
                  "id": "n4",
                  "x": 0.0,
                  "y": 0.03
                }
              ],
              "terminals": []
            },
            "max_current_density_a_m2": 66540.72658787051,
            "max_electric_field_v_m": 0.00188,
            "max_electric_potential_v": 0.000056399999999999995,
            "max_free_current_residual_a": 0.0,
            "nodes": [
              {
                "current_source_a": 0.0,
                "electric_potential_v": 0.0,
                "fix_electric_potential": true,
                "id": "n0",
                "index": 0,
                "net_injected_current_a": -0.998110898818058,
                "reaction_current_a": -0.998110898818058,
                "x": 0.0,
                "y": 0.0
              },
              {
                "current_source_a": 0.0,
                "electric_potential_v": 0.000056399999999999995,
                "fix_electric_potential": true,
                "id": "n1",
                "index": 1,
                "net_injected_current_a": 0.998110898818058,
                "reaction_current_a": 0.998110898818058,
                "x": 0.03,
                "y": 0.0
              },
              {
                "current_source_a": 0.0,
                "electric_potential_v": 0.000056399999999999995,
                "fix_electric_potential": true,
                "id": "n5",
                "index": 2,
                "net_injected_current_a": 0.998110898818058,
                "reaction_current_a": 0.998110898818058,
                "x": 0.03,
                "y": 0.03
              },
              {
                "current_source_a": 0.0,
                "electric_potential_v": 0.0,
                "fix_electric_potential": true,
                "id": "n4",
                "index": 3,
                "net_injected_current_a": -0.998110898818058,
                "reaction_current_a": -0.998110898818058,
                "x": 0.0,
                "y": 0.03
              }
            ],
            "power_balance_relative_error": 1.2037391584773848e-16,
            "source_power_balance_relative_error": 1.2037391584773848e-16,
            "terminals": [],
            "total_bulk_joule_power_w": 0.0001125869093866769,
            "total_contact_joule_power_w": -0.0,
            "total_dissipated_power_w": 0.0001125869093866769,
            "total_electrical_input_power_w": 0.00011258690938667692,
            "total_extracted_current_a": 1.996221797636116,
            "total_injected_current_a": 1.996221797636116,
            "total_joule_power_w": 0.0001125869093866769,
            "total_source_power_w": 0.00011258690938667692,
            "total_terminal_impedance_power_w": -0.0
          },
          "electrostatic": {
            "elements": [
              {
                "area": 0.0009,
                "average_potential": 446.9703433163252,
                "electric_energy_density": 443961084.009586,
                "electric_field_magnitude": 29798.022887755014,
                "electric_field_x": -29798.022887755014,
                "electric_field_y": 3.637978807091713e-12,
                "electric_flux_density_magnitude": 29798.022887755014,
                "electric_flux_density_x": -29798.022887755014,
                "electric_flux_density_y": 3.637978807091713e-12,
                "id": "conductor_left",
                "index": 0,
                "node_i": 0,
                "node_j": 1,
                "node_k": 5,
                "node_l": 4,
                "potential_gradient_x": 29798.022887755014,
                "potential_gradient_y": -3.637978807091713e-12,
                "stored_energy": 399.5649756086274
              },
              {
                "area": 0.0009,
                "average_potential": 939.5488330029146,
                "electric_energy_density": 45301086.31364035,
                "electric_field_magnitude": 3040.5430913509445,
                "electric_field_x": -3040.5430913509445,
                "electric_field_y": -0.0,
                "electric_flux_density_magnitude": 29798.02288775497,
                "electric_flux_density_x": -29798.02288775497,
                "electric_flux_density_y": -0.0,
                "id": "dielectric_core",
                "index": 1,
                "node_i": 1,
                "node_j": 2,
                "node_k": 6,
                "node_l": 5,
                "potential_gradient_x": 3040.5430913509445,
                "potential_gradient_y": 0.0,
                "stored_energy": 40.77097768227632
              },
              {
                "area": 0.0009,
                "average_potential": 1091.5784896865894,
                "electric_energy_density": 105705020.00228202,
                "electric_field_magnitude": 7094.767354227373,
                "electric_field_x": -7094.767354227373,
                "electric_field_y": -3.637978807091713e-12,
                "electric_flux_density_magnitude": 29798.02288775497,
                "electric_flux_density_x": -29798.02288775497,
                "electric_flux_density_y": -1.5279510989785195e-11,
                "id": "substrate_right",
                "index": 2,
                "node_i": 2,
                "node_j": 3,
                "node_k": 7,
                "node_l": 6,
                "potential_gradient_x": 7094.767354227373,
                "potential_gradient_y": 3.637978807091713e-12,
                "stored_energy": 95.13451800205382
              }
            ],
            "input": {
              "elements": [
                {
                  "id": "conductor_left",
                  "node_i": 0,
                  "node_j": 1,
                  "node_k": 5,
                  "node_l": 4,
                  "permittivity": 1.0,
                  "thickness": 0.001
                },
                {
                  "id": "dielectric_core",
                  "node_i": 1,
                  "node_j": 2,
                  "node_k": 6,
                  "node_l": 5,
                  "permittivity": 9.800230416900751,
                  "thickness": 0.001
                },
                {
                  "id": "substrate_right",
                  "node_i": 2,
                  "node_j": 3,
                  "node_k": 7,
                  "node_l": 6,
                  "permittivity": 4.2,
                  "thickness": 0.001
                }
              ],
              "nodes": [
                {
                  "charge_density": 0.0,
                  "fix_potential": true,
                  "id": "n0",
                  "potential": 0.0,
                  "x": 0.0,
                  "y": 0.0
                },
                {
                  "charge_density": 0.0,
                  "fix_potential": false,
                  "id": "n1",
                  "potential": 0.0,
                  "x": 0.03,
                  "y": 0.0
                },
                {
                  "charge_density": 0.0,
                  "fix_potential": false,
                  "id": "n2",
                  "potential": 0.0,
                  "x": 0.06,
                  "y": 0.0
                },
                {
                  "charge_density": 0.0,
                  "fix_potential": true,
                  "id": "n3",
                  "potential": 1198.0,
                  "x": 0.09,
                  "y": 0.0
                },
                {
                  "charge_density": 0.0,
                  "fix_potential": true,
                  "id": "n4",
                  "potential": 0.0,
                  "x": 0.0,
                  "y": 0.03
                },
                {
                  "charge_density": 0.0,
                  "fix_potential": false,
                  "id": "n5",
                  "potential": 0.0,
                  "x": 0.03,
                  "y": 0.03
                },
                {
                  "charge_density": 0.0,
                  "fix_potential": false,
                  "id": "n6",
                  "potential": 0.0,
                  "x": 0.06,
                  "y": 0.03
                },
                {
                  "charge_density": 0.0,
                  "fix_potential": true,
                  "id": "n7",
                  "potential": 1198.0,
                  "x": 0.09,
                  "y": 0.03
                }
              ]
            },
            "max_electric_energy_density": 443961084.009586,
            "max_electric_field": 29798.022887755014,
            "max_flux_density": 29798.022887755014,
            "max_potential": 1198.0,
            "nodes": [
              {
                "charge_density": 0.0,
                "id": "n0",
                "index": 0,
                "potential": 0.0,
                "x": 0.0,
                "y": 0.0
              },
              {
                "charge_density": 0.0,
                "id": "n1",
                "index": 1,
                "potential": 893.9406866326506,
                "x": 0.03,
                "y": 0.0
              },
              {
                "charge_density": 0.0,
                "id": "n2",
                "index": 2,
                "potential": 985.1569793731788,
                "x": 0.06,
                "y": 0.0
              },
              {
                "charge_density": 0.0,
                "id": "n3",
                "index": 3,
                "potential": 1198.0,
                "x": 0.09,
                "y": 0.0
              },
              {
                "charge_density": 0.0,
                "id": "n4",
                "index": 4,
                "potential": 0.0,
                "x": 0.0,
                "y": 0.03
              },
              {
                "charge_density": 0.0,
                "id": "n5",
                "index": 5,
                "potential": 893.9406866326503,
                "x": 0.03,
                "y": 0.03
              },
              {
                "charge_density": 0.0,
                "id": "n6",
                "index": 6,
                "potential": 985.1569793731788,
                "x": 0.06,
                "y": 0.03
              },
              {
                "charge_density": 0.0,
                "id": "n7",
                "index": 7,
                "potential": 1198.0,
                "x": 0.09,
                "y": 0.03
              }
            ],
            "total_stored_energy": 535.4704712929575
          },
          "electrostatic_mesh_convergence": {
            "finest_pair_relative_change": 1.1050856429758681e-14,
            "max_analytic_relative_error": 0.33111111111111163,
            "method": "structured_quad_h_refinement",
            "refinement_levels": [
              1,
              2,
              4,
              8
            ],
            "relative_error_tolerance": 1e-8,
            "samples": [
              {
                "analytic_relative_error": 0.33111111111111163,
                "element_count": 3,
                "elements_per_layer": 1,
                "max_electric_field_v_m": 29798.022887755014,
                "node_count": 8,
                "relative_change_from_previous": null
              },
              {
                "analytic_relative_error": 1.6251259455527471e-16,
                "element_count": 6,
                "elements_per_layer": 2,
                "max_electric_field_v_m": 22385.82687727838,
                "node_count": 14,
                "relative_change_from_previous": 0.3311111111111118
              },
              {
                "analytic_relative_error": 3.575277080216043e-15,
                "element_count": 12,
                "elements_per_layer": 4,
                "max_electric_field_v_m": 22385.826877278465,
                "node_count": 26,
                "relative_change_from_previous": 3.7377896747713175e-15
              },
              {
                "analytic_relative_error": 1.4626133509974722e-14,
                "element_count": 24,
                "elements_per_layer": 8,
                "max_electric_field_v_m": 22385.826877278712,
                "node_count": 50,
                "relative_change_from_previous": 1.1050856429758681e-14
              }
            ],
            "schema_version": "kyuubiki.composite-electrostatic-mesh-convergence/v1",
            "status": "fail"
          },
          "electrothermal_feedback_convergence": {
            "conductivity_relative_change_tolerance": 1e-9,
            "converged": true,
            "final_loss_relative_change": 6.769446824664813e-10,
            "final_max_conductivity_relative_change": 1.838578995504431e-10,
            "final_temperature_residual_c": 4.5636319612185616e-8,
            "iteration_count": 11,
            "iterations": [
              {
                "converged": false,
                "coupling_temperature_c": 35.0,
                "dielectric_mean_temperature_c": 35.23543465287072,
                "iteration": 1,
                "loss_relative_change": null,
                "loss_tangent": 0.0002,
                "max_conductivity_relative_change": null,
                "max_temperature_c": 35.47044532437389,
                "relative_permittivity": 9.8,
                "temperature_residual_c": 0.4702764620984397,
                "thermal_conductivity_updates": [
                  {
                    "conductivity_relative_change": null,
                    "conductivity_w_mk": 167.0,
                    "coupling_temperature_c": 35.0,
                    "element_id": "conductor_left",
                    "measured_mean_temperature_c": 35.47027646209844
                  },
                  {
                    "conductivity_relative_change": null,
                    "conductivity_w_mk": 0.25,
                    "coupling_temperature_c": 35.0,
                    "element_id": "dielectric_core",
                    "measured_mean_temperature_c": 35.23543465287072
                  },
                  {
                    "conductivity_relative_change": null,
                    "conductivity_w_mk": 160.0,
                    "coupling_temperature_c": 35.0,
                    "element_id": "substrate_right",
                    "measured_mean_temperature_c": 35.000380852959225
                  }
                ],
                "total_joule_loss_w": 0.00011280000000000002,
                "total_loss_w": 9.072946949018824e-6
              },
              {
                "converged": false,
                "coupling_temperature_c": 35.18834772229658,
                "dielectric_mean_temperature_c": 35.235181934615525,
                "iteration": 2,
                "loss_relative_change": 0.0013883412087395289,
                "loss_tangent": 0.00020003766954445937,
                "max_conductivity_relative_change": 0.0003766954445931781,
                "max_temperature_c": 35.469940560734564,
                "relative_permittivity": 9.800184580767851,
                "temperature_residual_c": 0.09355072095965512,
                "thermal_conductivity_updates": [
                  {
                    "conductivity_relative_change": 0.0003762211696786909,
                    "conductivity_w_mk": 166.93717106466366,
                    "coupling_temperature_c": 35.37622116967875,
                    "element_id": "conductor_left",
                    "measured_mean_temperature_c": 35.469771890638405
                  },
                  {
                    "conductivity_relative_change": 0.0003766954445931781,
                    "conductivity_w_mk": 0.2499058261388517,
                    "coupling_temperature_c": 35.18834772229658,
                    "element_id": "dielectric_core",
                    "measured_mean_temperature_c": 35.235181934615525
                  },
                  {
                    "conductivity_relative_change": 3.656188408029948e-7,
                    "conductivity_w_mk": 159.99994150098547,
                    "coupling_temperature_c": 35.00030468236738,
                    "element_id": "substrate_right",
                    "measured_mean_temperature_c": 35.000380324344405
                  }
                ],
                "total_joule_loss_w": 0.00011262923478512294,
                "total_loss_w": 9.074510929416065e-6
              },
              {
                "converged": false,
                "coupling_temperature_c": 35.225815092151734,
                "dielectric_mean_temperature_c": 35.23513176316313,
                "iteration": 3,
                "loss_relative_change": 0.0002760562180602264,
                "loss_tangent": 0.0002000451630184303,
                "max_conductivity_relative_change": 0.00007496297792261609,
                "max_temperature_c": 35.46984035144715,
                "relative_permittivity": 9.80022129879031,
                "temperature_residual_c": 0.01860997305910672,
                "thermal_conductivity_updates": [
                  {
                    "conductivity_relative_change": 0.00007486874397423736,
                    "conductivity_w_mk": 166.92467268834343,
                    "coupling_temperature_c": 35.45106174644648,
                    "element_id": "conductor_left",
                    "measured_mean_temperature_c": 35.469671719505584
                  },
                  {
                    "conductivity_relative_change": 0.00007496297792261609,
                    "conductivity_w_mk": 0.24988709245392413,
                    "coupling_temperature_c": 35.225815092151734,
                    "element_id": "dielectric_core",
                    "measured_mean_temperature_c": 35.23513176316313
                  },
                  {
                    "conductivity_relative_change": 7.261632459123559e-8,
                    "conductivity_w_mk": 159.99992988237778,
                    "coupling_temperature_c": 35.000365195949,
                    "element_id": "substrate_right",
                    "measured_mean_temperature_c": 35.00038021938112
                  }
                ],
                "total_joule_loss_w": 0.00011259532659803222,
                "total_loss_w": 9.074822040741062e-6
              },
              {
                "converged": false,
                "coupling_temperature_c": 35.233268428960855,
                "dielectric_mean_temperature_c": 35.23512178657909,
                "iteration": 4,
                "loss_relative_change": 0.00005491080890640475,
                "loss_tangent": 0.00020004665368579216,
                "max_conductivity_relative_change": 0.000014913408963892442,
                "max_temperature_c": 35.4698204248502,
                "relative_permittivity": 9.800228603060384,
                "temperature_residual_c": 0.0037020756019785495,
                "thermal_conductivity_updates": [
                  {
                    "conductivity_relative_change": 0.000014894696875313874,
                    "conductivity_w_mk": 166.92218639594273,
                    "coupling_temperature_c": 35.46594972489376,
                    "element_id": "conductor_left",
                    "measured_mean_temperature_c": 35.46965180049574
                  },
                  {
                    "conductivity_relative_change": 0.000014913408963892442,
                    "conductivity_w_mk": 0.24988336578551956,
                    "coupling_temperature_c": 35.233268428960855,
                    "element_id": "dielectric_core",
                    "measured_mean_temperature_c": 35.23512178657909
                  },
                  {
                    "conductivity_relative_change": 1.44225011632941e-8,
                    "conductivity_w_mk": 159.9999275747786,
                    "coupling_temperature_c": 35.000377214694694,
                    "element_id": "substrate_right",
                    "measured_mean_temperature_c": 35.00038019850845
                  }
                ],
                "total_joule_loss_w": 0.00011258858370300156,
                "total_loss_w": 9.074883929490204e-6
              },
              {
                "converged": false,
                "coupling_temperature_c": 35.234751115055445,
                "dielectric_mean_temperature_c": 35.23511980209561,
                "iteration": 5,
                "loss_relative_change": 0.000010923197094351651,
                "loss_tangent": 0.00020004695022301112,
                "max_conductivity_relative_change": 2.966756290292178e-6,
                "max_temperature_c": 35.469816461168676,
                "relative_permittivity": 9.800230056092756,
                "temperature_residual_c": 0.0007364529480540227,
                "thermal_conductivity_updates": [
                  {
                    "conductivity_relative_change": 2.963041109728245e-6,
                    "conductivity_w_mk": 166.9216917986423,
                    "coupling_temperature_c": 35.46891138537534,
                    "element_id": "conductor_left",
                    "measured_mean_temperature_c": 35.4696478383234
                  },
                  {
                    "conductivity_relative_change": 2.966756290292178e-6,
                    "conductivity_w_mk": 0.24988262444247228,
                    "coupling_temperature_c": 35.234751115055445,
                    "element_id": "dielectric_core",
                    "measured_mean_temperature_c": 35.23511980209561
                  },
                  {
                    "conductivity_relative_change": 2.864462498189063e-9,
                    "conductivity_w_mk": 159.99992711646482,
                    "coupling_temperature_c": 35.0003796017457,
                    "element_id": "substrate_right",
                    "measured_mean_temperature_c": 35.00038019435655
                  }
                ],
                "total_joule_loss_w": 0.00011258724243749736,
                "total_loss_w": 9.074896240958262e-6
              },
              {
                "converged": false,
                "coupling_temperature_c": 35.23504606468758,
                "dielectric_mean_temperature_c": 35.235119407329435,
                "iteration": 6,
                "loss_relative_change": 2.172941255342269e-6,
                "loss_tangent": 0.00020004700921293753,
                "max_conductivity_relative_change": 5.90176353439054e-7,
                "max_temperature_c": 35.469815672687716,
                "relative_permittivity": 9.800230345143394,
                "temperature_residual_c": 0.0001465024088673772,
                "thermal_conductivity_updates": [
                  {
                    "conductivity_relative_change": 5.894387530002199e-7,
                    "conductivity_w_mk": 166.92159340852845,
                    "coupling_temperature_c": 35.46950054773379,
                    "element_id": "conductor_left",
                    "measured_mean_temperature_c": 35.469647050142655
                  },
                  {
                    "conductivity_relative_change": 5.90176353439054e-7,
                    "conductivity_w_mk": 0.2498824769676562,
                    "coupling_temperature_c": 35.23504606468758,
                    "element_id": "dielectric_core",
                    "measured_mean_temperature_c": 35.235119407329435
                  },
                  {
                    "conductivity_relative_change": 5.689066034055205e-10,
                    "conductivity_w_mk": 159.9999270254398,
                    "coupling_temperature_c": 35.00038007583438,
                    "element_id": "substrate_right",
                    "measured_mean_temperature_c": 35.00038019353064
                  }
                ],
                "total_joule_loss_w": 0.00011258697562370624,
                "total_loss_w": 9.074898690069046e-6
              },
              {
                "converged": false,
                "coupling_temperature_c": 35.23510473880106,
                "dielectric_mean_temperature_c": 35.23511932879998,
                "iteration": 7,
                "loss_relative_change": 4.322623948571765e-7,
                "loss_tangent": 0.00020004702094776023,
                "max_conductivity_relative_change": 1.1740341733590097e-7,
                "max_temperature_c": 35.46981551583798,
                "relative_permittivity": 9.800230402644026,
                "temperature_residual_c": 0.000029143691762101295,
                "thermal_conductivity_updates": [
                  {
                    "conductivity_relative_change": 1.1725697940002017e-7,
                    "conductivity_w_mk": 166.9215738358066,
                    "coupling_temperature_c": 35.469617749660884,
                    "element_id": "conductor_left",
                    "measured_mean_temperature_c": 35.469646893352646
                  },
                  {
                    "conductivity_relative_change": 1.1740341733590097e-7,
                    "conductivity_w_mk": 0.24988244763059947,
                    "coupling_temperature_c": 35.23510473880106,
                    "element_id": "dielectric_core",
                    "measured_mean_temperature_c": 35.23511932879998
                  },
                  {
                    "conductivity_relative_change": 1.1298860338113304e-10,
                    "conductivity_w_mk": 159.99992700736163,
                    "coupling_temperature_c": 35.00038016999139,
                    "element_id": "substrate_right",
                    "measured_mean_temperature_c": 35.00038019336633
                  }
                ],
                "total_joule_loss_w": 0.00011258692254665334,
                "total_loss_w": 9.074899177268787e-6
              },
              {
                "converged": false,
                "coupling_temperature_c": 35.235116410800195,
                "dielectric_mean_temperature_c": 35.235119313176384,
                "iteration": 8,
                "loss_relative_change": 8.598985233513914e-8,
                "loss_tangent": 0.00020004702328216,
                "max_conductivity_relative_change": 2.335498002291568e-8,
                "max_temperature_c": 35.46981548463239,
                "relative_permittivity": 9.800230414082586,
                "temperature_residual_c": 5.797544645247399e-6,
                "thermal_conductivity_updates": [
                  {
                    "conductivity_relative_change": 2.3325907613420215e-8,
                    "conductivity_w_mk": 166.9215699422094,
                    "coupling_temperature_c": 35.469641064614294,
                    "element_id": "conductor_left",
                    "measured_mean_temperature_c": 35.46964686215894
                  },
                  {
                    "conductivity_relative_change": 2.335498002291568e-8,
                    "conductivity_w_mk": 0.2498824417945999,
                    "coupling_temperature_c": 35.235116410800195,
                    "element_id": "dielectric_core",
                    "measured_mean_temperature_c": 35.235119313176384
                  },
                  {
                    "conductivity_relative_change": 2.2439838010867294e-11,
                    "conductivity_w_mk": 159.99992700377126,
                    "coupling_temperature_c": 35.000380188691345,
                    "element_id": "substrate_right",
                    "measured_mean_temperature_c": 35.00038019333364
                  }
                ],
                "total_joule_loss_w": 0.00011258691198805294,
                "total_loss_w": 9.074899274187109e-6
              },
              {
                "converged": false,
                "coupling_temperature_c": 35.235118732701146,
                "dielectric_mean_temperature_c": 35.23511931006928,
                "iteration": 9,
                "loss_relative_change": 1.7105931583084953e-8,
                "loss_tangent": 0.00020004702374654023,
                "max_conductivity_relative_change": 4.645986593959135e-9,
                "max_temperature_c": 35.469815478426476,
                "relative_permittivity": 9.800230416358048,
                "temperature_residual_c": 1.1533053623224987e-6,
                "thermal_conductivity_updates": [
                  {
                    "conductivity_relative_change": 4.6402148623302565e-9,
                    "conductivity_w_mk": 166.92156916765745,
                    "coupling_temperature_c": 35.46964570265001,
                    "element_id": "conductor_left",
                    "measured_mean_temperature_c": 35.469646855955375
                  },
                  {
                    "conductivity_relative_change": 4.645986593959135e-9,
                    "conductivity_w_mk": 0.24988244063364945,
                    "coupling_temperature_c": 35.235118732701146,
                    "element_id": "dielectric_core",
                    "measured_mean_temperature_c": 35.23511931006928
                  },
                  {
                    "conductivity_relative_change": 4.456526071872326e-12,
                    "conductivity_w_mk": 159.99992700305822,
                    "coupling_temperature_c": 35.00038019240518,
                    "element_id": "substrate_right",
                    "measured_mean_temperature_c": 35.000380193327146
                  }
                ],
                "total_joule_loss_w": 0.0001125869098876344,
                "total_loss_w": 9.074899293467022e-6
              },
              {
                "converged": false,
                "coupling_temperature_c": 35.235119194595654,
                "dielectric_mean_temperature_c": 35.23511930945281,
                "iteration": 10,
                "loss_relative_change": 3.402883249800129e-9,
                "loss_tangent": 0.00020004702383891916,
                "max_conductivity_relative_change": 9.242236498461505e-10,
                "max_temperature_c": 35.46981547719517,
                "relative_permittivity": 9.800230416810704,
                "temperature_residual_c": 2.2943024191590666e-7,
                "thermal_conductivity_updates": [
                  {
                    "conductivity_relative_change": 9.230777719250223e-10,
                    "conductivity_w_mk": 166.92156901357586,
                    "coupling_temperature_c": 35.4696466252943,
                    "element_id": "conductor_left",
                    "measured_mean_temperature_c": 35.469646854724544
                  },
                  {
                    "conductivity_relative_change": 9.242236498461505e-10,
                    "conductivity_w_mk": 0.24988244040270216,
                    "coupling_temperature_c": 35.235119194595654,
                    "element_id": "dielectric_core",
                    "measured_mean_temperature_c": 35.23511930945281
                  },
                  {
                    "conductivity_relative_change": 8.851590169100276e-13,
                    "conductivity_w_mk": 159.9999270029166,
                    "coupling_temperature_c": 35.00038019314275,
                    "element_id": "substrate_right",
                    "measured_mean_temperature_c": 35.00038019332585
                  }
                ],
                "total_joule_loss_w": 0.00011258690946979824,
                "total_loss_w": 9.074899297302268e-6
              },
              {
                "converged": true,
                "coupling_temperature_c": 35.23511928648138,
                "dielectric_mean_temperature_c": 35.23511930932773,
                "iteration": 11,
                "loss_relative_change": 6.769446824664813e-10,
                "loss_tangent": 0.00020004702385729628,
                "max_conductivity_relative_change": 1.838578995504431e-10,
                "max_temperature_c": 35.46981547694535,
                "relative_permittivity": 9.800230416900751,
                "temperature_residual_c": 4.5636319612185616e-8,
                "thermal_conductivity_updates": [
                  {
                    "conductivity_relative_change": 1.8363057756482028e-10,
                    "conductivity_w_mk": 166.92156898292396,
                    "coupling_temperature_c": 35.4696468088385,
                    "element_id": "conductor_left",
                    "measured_mean_temperature_c": 35.46964685447482
                  },
                  {
                    "conductivity_relative_change": 1.838578995504431e-10,
                    "conductivity_w_mk": 0.2498824403567593,
                    "coupling_temperature_c": 35.23511928648138,
                    "element_id": "dielectric_core",
                    "measured_mean_temperature_c": 35.23511930932773
                  },
                  {
                    "conductivity_relative_change": 1.758594073332737e-13,
                    "conductivity_w_mk": 159.99992700288846,
                    "coupling_temperature_c": 35.00038019328923,
                    "element_id": "substrate_right",
                    "measured_mean_temperature_c": 35.00038019332559
                  }
                ],
                "total_joule_loss_w": 0.0001125869093866769,
                "total_loss_w": 9.074899298065276e-6
              }
            ],
            "loss_relative_change_tolerance": 1e-9,
            "max_iterations": 12,
            "method": "relaxed_temperature_dependent_dielectric_and_conductivity_fixed_point",
            "parameter_source": "screening_sensitivity_not_material_card",
            "relaxation_factor": 0.8,
            "schema_version": "kyuubiki.composite-electrothermal-feedback-convergence/v1",
            "status": "pass",
            "temperature_residual_tolerance_c": 1e-7
          },
          "electrothermal_loss_projection": {
            "assumptions": [
              "The solved electrostatic field magnitude is interpreted as an RMS harmonic field.",
              "Relative permittivity and loss tangent are scalar, isotropic, and frequency-local screening values.",
              "Element dielectric loss is lumped consistently to its four thermal nodes."
            ],
            "distributed_total_heat_load_w": 9.074899298065276e-6,
            "effective_conductivity_s_m": 1.090679071081883e-6,
            "electric_field_rms_v_m": 3040.5430913509445,
            "energy_balance_relative_error": 0.0,
            "frequency_hz": 10000000.0,
            "loss_tangent": 0.00020004702385729628,
            "model": "harmonic_dielectric_loss_sigma_eff_e_rms_squared",
            "relative_permittivity": 9.800230416900751,
            "schema_version": "kyuubiki.composite-electrothermal-loss-projection/v1",
            "source_element_id": "dielectric_core",
            "source_volume_m3": 9e-7,
            "target_element_count": 1,
            "target_node_count": 4,
            "total_loss_w": 9.074899298065276e-6,
            "volumetric_loss_w_m3": 10.083221442294754
          },
          "heat": {
            "elements": [
              {
                "area": 0.0009,
                "average_temperature": 35.46964685447482,
                "heat_flow_rate": 1.6888036408027584e-6,
                "heat_flux_magnitude": 1.8764484897808429,
                "heat_flux_x": 1.8764484897808429,
                "heat_flux_y": -3.7953570650398423e-11,
                "id": "conductor_left",
                "index": 0,
                "node_i": 0,
                "node_j": 1,
                "node_k": 5,
                "node_l": 4,
                "temperature_gradient_x": -0.011241498035360564,
                "temperature_gradient_y": 2.273736754432321e-13
              },
              {
                "area": 0.0009,
                "average_temperature": 35.23511930932773,
                "heat_flow_rate": 3.513730771067875e-6,
                "heat_flux_magnitude": 3.904145301186528,
                "heat_flux_x": 3.904145301186528,
                "heat_flux_y": -2.840834444632029e-14,
                "id": "dielectric_core",
                "index": 1,
                "node_i": 1,
                "node_j": 2,
                "node_k": 6,
                "node_l": 5,
                "temperature_gradient_x": -15.623928178436811,
                "temperature_gradient_y": 1.1368683772161605e-13
              },
              {
                "area": 0.0009,
                "average_temperature": 35.00038019332559,
                "heat_flow_rate": 3.649854260491579e-6,
                "heat_flux_magnitude": 4.055393622768421,
                "heat_flux_x": 4.055393622768421,
                "heat_flux_y": -0.0,
                "id": "substrate_right",
                "index": 2,
                "node_i": 2,
                "node_j": 3,
                "node_k": 7,
                "node_l": 6,
                "temperature_gradient_x": -0.025346221706058714,
                "temperature_gradient_y": 0.0
              }
            ],
            "input": {
              "elements": [
                {
                  "conductivity": 166.92156898292396,
                  "id": "conductor_left",
                  "node_i": 0,
                  "node_j": 1,
                  "node_k": 5,
                  "node_l": 4,
                  "thickness": 0.001
                },
                {
                  "conductivity": 0.2498824403567593,
                  "id": "dielectric_core",
                  "node_i": 1,
                  "node_j": 2,
                  "node_k": 6,
                  "node_l": 5,
                  "thickness": 0.001
                },
                {
                  "conductivity": 159.99992700288846,
                  "id": "substrate_right",
                  "node_i": 2,
                  "node_j": 3,
                  "node_k": 7,
                  "node_l": 6,
                  "thickness": 0.001
                }
              ],
              "nodes": [
                {
                  "fix_temperature": false,
                  "heat_load": 0.000028146727346669223,
                  "id": "n0",
                  "temperature": 35.0,
                  "x": 0.0,
                  "y": 0.0
                },
                {
                  "fix_temperature": false,
                  "heat_load": 0.000030415452171185544,
                  "id": "n1",
                  "temperature": 35.0,
                  "x": 0.03,
                  "y": 0.0
                },
                {
                  "fix_temperature": false,
                  "heat_load": 2.2687248245163193e-6,
                  "id": "n2",
                  "temperature": 35.0,
                  "x": 0.06,
                  "y": 0.0
                },
                {
                  "fix_temperature": true,
                  "heat_load": 0.0,
                  "id": "n3",
                  "temperature": 35.0,
                  "x": 0.09,
                  "y": 0.0
                },
                {
                  "fix_temperature": false,
                  "heat_load": 0.000028146727346669223,
                  "id": "n4",
                  "temperature": 35.0,
                  "x": 0.0,
                  "y": 0.03
                },
                {
                  "fix_temperature": false,
                  "heat_load": 0.000030415452171185544,
                  "id": "n5",
                  "temperature": 35.0,
                  "x": 0.03,
                  "y": 0.03
                },
                {
                  "fix_temperature": false,
                  "heat_load": 2.2687248245163193e-6,
                  "id": "n6",
                  "temperature": 35.0,
                  "x": 0.06,
                  "y": 0.03
                },
                {
                  "fix_temperature": true,
                  "heat_load": 0.0,
                  "id": "n7",
                  "temperature": 35.0,
                  "x": 0.09,
                  "y": 0.03
                }
              ]
            },
            "max_heat_flux": 4.055393622768421,
            "max_temperature": 35.46981547694535,
            "nodes": [
              {
                "heat_load": 0.000028146727346669223,
                "id": "n0",
                "index": 0,
                "temperature": 35.46981547694534,
                "x": 0.0,
                "y": 0.0
              },
              {
                "heat_load": 0.000030415452171185544,
                "id": "n1",
                "index": 1,
                "temperature": 35.469478232004285,
                "x": 0.03,
                "y": 0.0
              },
              {
                "heat_load": 2.2687248245163193e-6,
                "id": "n2",
                "index": 2,
                "temperature": 35.00076038665118,
                "x": 0.06,
                "y": 0.0
              },
              {
                "heat_load": 0.0,
                "id": "n3",
                "index": 3,
                "temperature": 35.0,
                "x": 0.09,
                "y": 0.0
              },
              {
                "heat_load": 0.000028146727346669223,
                "id": "n4",
                "index": 4,
                "temperature": 35.46981547694535,
                "x": 0.0,
                "y": 0.03
              },
              {
                "heat_load": 0.000030415452171185544,
                "id": "n5",
                "index": 5,
                "temperature": 35.46947823200429,
                "x": 0.03,
                "y": 0.03
              },
              {
                "heat_load": 2.2687248245163193e-6,
                "id": "n6",
                "index": 6,
                "temperature": 35.00076038665118,
                "x": 0.06,
                "y": 0.03
              },
              {
                "heat_load": 0.0,
                "id": "n7",
                "index": 7,
                "temperature": 35.0,
                "x": 0.09,
                "y": 0.03
              }
            ],
            "total_abs_heat_flow_rate": 8.852388672362213e-6
          },
          "heat_cross_validation": {
            "absolute_error_c": 4.618527782440651e-13,
            "conductivities_w_mk": [
              166.92156898292396,
              0.2498824403567593,
              159.99992700288846
            ],
            "expected_max_temperature_c": 35.46981547694581,
            "fem_max_temperature_c": 35.46981547694535,
            "fixed_temperature_c": 35.0,
            "method": "layered_thermal_resistance_with_regional_generation_closed_form",
            "relative_error": 1.3021008765727972e-14,
            "relative_error_tolerance": 1e-9,
            "schema_version": "kyuubiki.composite-heat-cross-validation/v1",
            "status": "pass",
            "total_heat_load_w": 0.00012166180868474218
          },
          "heat_mesh_convergence": {
            "finest_pair_relative_change": 1.7858814330225369e-12,
            "max_analytic_relative_error": 1.250617811145227e-12,
            "method": "structured_quad_h_refinement",
            "refinement_levels": [
              1,
              2,
              4,
              8
            ],
            "relative_error_tolerance": 1e-8,
            "samples": [
              {
                "analytic_relative_error": 1.3021008765727972e-14,
                "element_count": 3,
                "elements_per_layer": 1,
                "max_temperature_c": 35.46981547694535,
                "node_count": 8,
                "relative_change_from_previous": null
              },
              {
                "analytic_relative_error": 3.171116442484213e-13,
                "element_count": 6,
                "elements_per_layer": 2,
                "max_temperature_c": 35.46981547693456,
                "node_count": 14,
                "relative_change_from_previous": 3.040906354826933e-13
              },
              {
                "analytic_relative_error": 5.352636218773099e-13,
                "element_count": 12,
                "elements_per_layer": 4,
                "max_temperature_c": 35.4698154769648,
                "node_count": 26,
                "relative_change_from_previous": 8.523752661257313e-13
              },
              {
                "analytic_relative_error": 1.250617811145227e-12,
                "element_count": 24,
                "elements_per_layer": 8,
                "max_temperature_c": 35.46981547690145,
                "node_count": 50,
                "relative_change_from_previous": 1.7858814330225369e-12
              }
            ],
            "schema_version": "kyuubiki.composite-heat-mesh-convergence/v1",
            "status": "pass"
          },
          "heat_to_thermal_projection": {
            "mapped_node_count": 8,
            "maximum_coordinate_error_m": 0.0,
            "maximum_temperature_delta_c": 0.46981547694534953,
            "minimum_temperature_delta_c": 0.0,
            "reference_temperature_c": 35.0,
            "schema_version": "kyuubiki.composite-heat-to-thermal-projection/v1"
          },
          "joule_heating_projection": {
            "assumptions": [
              "Steady scalar electrical conductivity is solved on a two-dimensional quad mesh.",
              "Joule heating uses the solved local sigma times electric-field magnitude squared.",
              "Element Joule power integrates both triangular subcell fields before thermal projection.",
              "Recovered terminal currents gate current continuity and electrical input-power balance.",
              "Contact and terminal impedance models require explicit study-level heat mappings."
            ],
            "boundary_voltage_span_v": 0.000056399999999999995,
            "current_balance_relative_error": 0.0,
            "distributed_total_heat_load_w": 0.0001125869093866769,
            "electrical_power_balance_relative_error": 1.2037391584773848e-16,
            "energy_balance_relative_error": 0.0,
            "free_current_residual_relative_error": 0.0,
            "max_current_density_a_m2": 66540.72658787051,
            "max_free_current_residual_a": 0.0,
            "model": "solved_steady_current_density_sigma_e_squared",
            "parameter_source": "screening_reference_not_material_card",
            "regions": [
              {
                "coupling_temperature_c": 35.4696468088385,
                "current_density_magnitude_a_m2": 66540.72658787051,
                "distributed_heat_load_w": 0.0001125869093866769,
                "electric_field_magnitude_v_m": 0.00188,
                "electrical_conductivity_s_m": 35394003.504186444,
                "element_id": "conductor_left",
                "energy_balance_relative_error": 0.0,
                "joule_power_w": 0.0001125869093866769,
                "peak_current_density_magnitude_a_m2": 66540.72658787051,
                "peak_electric_field_magnitude_v_m": 0.00188,
                "rms_current_density_magnitude_a_m2": 66540.72658787051,
                "rms_electric_field_magnitude_v_m": 0.00188,
                "source_volume_m3": 9e-7,
                "volumetric_joule_heating_w_m3": 125.09656598519656
              }
            ],
            "schema_version": "kyuubiki.composite-current-to-heat-projection/v2",
            "source_power_balance_relative_error": 1.2037391584773848e-16,
            "status": "pass",
            "total_dissipated_power_w": 0.0001125869093866769,
            "total_electrical_input_power_w": 0.00011258690938667692,
            "total_extracted_current_a": 1.996221797636116,
            "total_injected_current_a": 1.996221797636116,
            "total_joule_loss_w": 0.0001125869093866769,
            "total_source_power_w": 0.00011258690938667692
          },
          "research": {
            "candidate_id": "aluminum_alumina_aluminum",
            "candidate_label": "Aluminum / Alumina / Aluminum",
            "coupling": "iterative_dielectric_and_conductor_joule_heating_with_temperature_dependent_electrical_thermal_feedback_and_expansion_projection",
            "materials": {
              "conductor": "aluminum",
              "dielectric": "alumina_96",
              "substrate": "aluminum_6061"
            },
            "study": "material.composite_thermo_electric_panel.v1"
          },
          "schema_version": "kyuubiki.composite-thermo-electric-panel-result/v1",
          "thermal": {
            "elements": [
              {
                "area": 0.0009,
                "average_temperature_delta": 0.46964685447481713,
                "gamma_xy": 1.2637481580671257e-21,
                "id": "conductor_left",
                "index": 0,
                "max_in_plane_shear": 139665.39302119662,
                "mechanical_strain_x": 8.12598650305142e-7,
                "mechanical_strain_y": -2.539370782203577e-6,
                "node_i": 0,
                "node_j": 1,
                "node_k": 5,
                "node_l": 4,
                "principal_stress_1": -3.4924596548080444e-10,
                "principal_stress_2": -279330.7860423936,
                "strain_energy_density": 1.1670615387457524,
                "stress_x": -3.2763915037826836e-10,
                "stress_y": -279330.7860423936,
                "tau_xy": 4.7369515717340015e-11,
                "thermal_strain": 7.984746457842813e-6,
                "total_strain_x": 8.797345108147953e-6,
                "total_strain_y": 5.445375675639235e-6,
                "von_mises": 279330.7860423934
              },
              {
                "area": 0.0009,
                "average_temperature_delta": 0.23511930932773417,
                "gamma_xy": 1.0167428362630967e-19,
                "id": "dielectric_core",
                "index": 1,
                "max_in_plane_shear": 6322.800418051992,
                "mechanical_strain_x": 1.6186369070212489e-6,
                "mechanical_strain_y": -5.058240334441656e-6,
                "node_i": 1,
                "node_j": 2,
                "node_k": 6,
                "node_l": 5,
                "principal_stress_1": -2.2555468603968618e-10,
                "principal_stress_2": -12645.60083610421,
                "strain_energy_density": 0.11687654554539868,
                "stress_x": -2.2599206456814294e-10,
                "stress_y": -12645.60083610421,
                "tau_xy": 9.634268691469414e-11,
                "thermal_strain": 0.000010582359038974314,
                "total_strain_x": 0.000012200995945995562,
                "total_strain_y": 5.524118704532658e-6,
                "von_mises": 12645.600836104097
              },
              {
                "area": 0.0009,
                "average_temperature_delta": 0.000380193325590028,
                "gamma_xy": 3.482487821946341e-22,
                "id": "substrate_right",
                "index": 2,
                "max_in_plane_shear": 1598.84201633957,
                "mechanical_strain_x": -1.4851362706201442e-8,
                "mechanical_strain_y": 4.641050845688223e-8,
                "node_i": 2,
                "node_j": 3,
                "node_k": 7,
                "node_l": 6,
                "principal_stress_1": 3197.684032679207,
                "principal_stress_2": 6.684786058031023e-11,
                "strain_energy_density": 0.00022469785033635184,
                "stress_x": 6.682925817674207e-11,
                "stress_y": 3197.684032679207,
                "tau_xy": 9.005142310848492e-12,
                "thermal_strain": 8.972563507317174e-9,
                "total_strain_x": -5.87879919888427e-9,
                "total_strain_y": 5.53830719641994e-8,
                "von_mises": 3197.6840326791735
              }
            ],
            "input": {
              "elements": [
                {
                  "id": "conductor_left",
                  "node_i": 0,
                  "node_j": 1,
                  "node_k": 5,
                  "node_l": 4,
                  "poisson_ratio": 0.32,
                  "thermal_expansion": 0.000017001596799305215,
                  "thickness": 0.001,
                  "youngs_modulus": 110000000000.0
                },
                {
                  "id": "dielectric_core",
                  "node_i": 1,
                  "node_j": 2,
                  "node_k": 6,
                  "node_l": 5,
                  "poisson_ratio": 0.32,
                  "thermal_expansion": 0.000045008464295135806,
                  "thickness": 0.001,
                  "youngs_modulus": 2500000000.0
                },
                {
                  "id": "substrate_right",
                  "node_i": 2,
                  "node_j": 3,
                  "node_k": 7,
                  "node_l": 6,
                  "poisson_ratio": 0.32,
                  "thermal_expansion": 0.00002360000269176875,
                  "thickness": 0.001,
                  "youngs_modulus": 68900000000.0
                }
              ],
              "nodes": [
                {
                  "fix_x": true,
                  "fix_y": true,
                  "id": "n0",
                  "load_x": 0.0,
                  "load_y": 0.0,
                  "temperature_delta": 0.4698154769453424,
                  "x": 0.0,
                  "y": 0.0
                },
                {
                  "fix_x": false,
                  "fix_y": false,
                  "id": "n1",
                  "load_x": 0.0,
                  "load_y": 0.0,
                  "temperature_delta": 0.46947823200428473,
                  "x": 0.03,
                  "y": 0.0
                },
                {
                  "fix_x": false,
                  "fix_y": false,
                  "id": "n2",
                  "load_x": 0.0,
                  "load_y": 0.0,
                  "temperature_delta": 0.0007603866511800561,
                  "x": 0.06,
                  "y": 0.0
                },
                {
                  "fix_x": false,
                  "fix_y": false,
                  "id": "n3",
                  "load_x": 0.0,
                  "load_y": 0.0,
                  "temperature_delta": 0.0,
                  "x": 0.09,
                  "y": 0.0
                },
                {
                  "fix_x": true,
                  "fix_y": true,
                  "id": "n4",
                  "load_x": 0.0,
                  "load_y": 0.0,
                  "temperature_delta": 0.46981547694534953,
                  "x": 0.0,
                  "y": 0.03
                },
                {
                  "fix_x": false,
                  "fix_y": false,
                  "id": "n5",
                  "load_x": 0.0,
                  "load_y": 0.0,
                  "temperature_delta": 0.46947823200429184,
                  "x": 0.03,
                  "y": 0.03
                },
                {
                  "fix_x": false,
                  "fix_y": false,
                  "id": "n6",
                  "load_x": 0.0,
                  "load_y": 0.0,
                  "temperature_delta": 0.0007603866511800561,
                  "x": 0.06,
                  "y": 0.03
                },
                {
                  "fix_x": false,
                  "fix_y": false,
                  "id": "n7",
                  "load_x": 0.0,
                  "load_y": 0.0,
                  "temperature_delta": 0.0,
                  "x": 0.09,
                  "y": 0.03
                }
              ]
            },
            "max_displacement": 6.299546608619232e-7,
            "max_strain_energy_density": 1.1670615387457524,
            "max_stress": 279330.7860423934,
            "max_temperature_delta": 0.46981547694534953,
            "nodes": [
              {
                "displacement_magnitude": 0.0,
                "id": "n0",
                "index": 0,
                "temperature_delta": 0.4698154769453424,
                "ux": 0.0,
                "uy": 0.0,
                "x": 0.0,
                "y": 0.0
              },
              {
                "displacement_magnitude": 3.103882366982164e-7,
                "id": "n1",
                "index": 1,
                "temperature_delta": 0.46947823200428473,
                "ux": 2.639203532444369e-7,
                "uy": -1.6336127026917881e-7,
                "x": 0.03,
                "y": 0.0
              },
              {
                "displacement_magnitude": 6.299546608619152e-7,
                "id": "n2",
                "index": 2,
                "temperature_delta": 0.0007603866511800561,
                "ux": 6.299502316243015e-7,
                "uy": -2.3622908668073414e-9,
                "x": 0.06,
                "y": 0.0
              },
              {
                "displacement_magnitude": 6.297742575650194e-7,
                "id": "n3",
                "index": 3,
                "temperature_delta": 0.0,
                "ux": 6.297738676483349e-7,
                "uy": 7.007987078638398e-10,
                "x": 0.09,
                "y": 0.0
              },
              {
                "displacement_magnitude": 0.0,
                "id": "n4",
                "index": 4,
                "temperature_delta": 0.46981547694534953,
                "ux": 0.0,
                "uy": 0.0,
                "x": 0.0,
                "y": 0.03
              },
              {
                "displacement_magnitude": 3.1038823669821764e-7,
                "id": "n5",
                "index": 5,
                "temperature_delta": 0.46947823200429184,
                "ux": 2.639203532444405e-7,
                "uy": 1.633612702691753e-7,
                "x": 0.03,
                "y": 0.03
              },
              {
                "displacement_magnitude": 6.299546608619232e-7,
                "id": "n6",
                "index": 6,
                "temperature_delta": 0.0007603866511800561,
                "ux": 6.299502316243096e-7,
                "uy": 2.3622908667980774e-9,
                "x": 0.06,
                "y": 0.03
              },
              {
                "displacement_magnitude": 6.297742575650277e-7,
                "id": "n7",
                "index": 7,
                "temperature_delta": 0.0,
                "ux": 6.297738676483432e-7,
                "uy": -7.007987078896146e-10,
                "x": 0.09,
                "y": 0.03
              }
            ],
            "total_strain_energy": 1.1557465039273385e-6
          },
          "thermal_constraint_regularized_mesh_convergence": {
            "algebraic_validation": {
              "max_relative_residual": null,
              "method": "original_system_recomputed_l2_residual_over_max_rhs_l2_or_one",
              "qualification_effect": "algebraic_gate_does_not_override_discretization_gates",
              "relative_residual_tolerance": 1e-10,
              "required_series": [
                "uniform_full_edge_clamp",
                "uniform_regularized_restraint",
                "interface_graded_full_edge_clamp"
              ],
              "schema_version": "kyuubiki.composite-thermal-algebraic-validation/v1",
              "series": [],
              "status": "missing"
            },
            "convergence_tolerance": 0.02,
            "diagnostic_metrics": [
              "max_von_mises_stress_pa"
            ],
            "finest_pair_displacement_relative_change": 0.0019436036057600328,
            "finest_pair_peak_stress_relative_change": 0.3093440040526521,
            "finest_pair_strain_energy_relative_change": 0.2252305221623062,
            "method": "structured_quad_h_refinement_preserving_piecewise_linear_temperature_roller_edge_with_vertical_anchor",
            "pass_metrics": [
              "max_displacement_m",
              "total_strain_energy_j"
            ],
            "refinement_levels": [
              1,
              2,
              4,
              8
            ],
            "regime_assessment": {
              "diagnosis": "pass_metrics_lack_qualified_discretization_uncertainty",
              "gci_safety_factor": 1.25,
              "method": "four_level_constant_ratio_observed_order_and_fine_grid_gci",
              "metrics": [
                {
                  "coarse_triplet_observed_order": 0.5592036250372512,
                  "fine_grid_gci": null,
                  "fine_triplet_observed_order": 4.049303926406209,
                  "metric": "max_displacement_m",
                  "observed_order_relative_difference": 0.8619012958275154,
                  "qualification_role": "pass_metric",
                  "regime": "oscillatory",
                  "richardson_extrapolated_value": null,
                  "unit": "m"
                },
                {
                  "coarse_triplet_observed_order": 1.6969055724104654,
                  "fine_grid_gci": 0.16646992460544466,
                  "fine_triplet_observed_order": 1.6703307355000592,
                  "metric": "total_strain_energy_j",
                  "observed_order_relative_difference": 0.015660763534800854,
                  "qualification_role": "pass_metric",
                  "regime": "asymptotic_converging",
                  "richardson_extrapolated_value": 2.192052705291902e-8,
                  "unit": "J"
                },
                {
                  "coarse_triplet_observed_order": -6.779663016751071,
                  "fine_grid_gci": null,
                  "fine_triplet_observed_order": -0.694283289058312,
                  "metric": "max_von_mises_stress_pa",
                  "observed_order_relative_difference": 0.8975932450708997,
                  "qualification_role": "diagnostic_metric",
                  "regime": "monotonic_diverging",
                  "richardson_extrapolated_value": null,
                  "unit": "Pa"
                }
              ],
              "order_consistency_tolerance": 0.25,
              "qualification_effect": "gci_gates_require_asymptotic_pass_metric_evidence",
              "qualification_tolerance": 0.02,
              "refinement_ratio": 2.0,
              "schema_version": "kyuubiki.composite-thermal-convergence-regime/v1",
              "status": "fail"
            },
            "samples": [
              {
                "displacement_relative_change": null,
                "element_count": 3,
                "elements_per_original_element": 1,
                "max_displacement_m": 6.285467635957984e-7,
                "max_von_mises_stress_pa": 15833.59150326698,
                "node_count": 8,
                "peak_stress_relative_change": null,
                "strain_energy_relative_change": null,
                "total_strain_energy_j": 1.3189883514671486e-7
              },
              {
                "displacement_relative_change": 0.04679206932768104,
                "element_count": 12,
                "elements_per_original_element": 2,
                "max_displacement_m": 5.991357598579343e-7,
                "max_von_mises_stress_pa": 15888.944326278192,
                "node_count": 21,
                "peak_stress_relative_change": 0.003483731950628422,
                "strain_energy_relative_change": 0.5751391695413488,
                "total_strain_energy_j": 5.6038648636962003e-8
              },
              {
                "displacement_relative_change": 0.03224144940689448,
                "element_count": 48,
                "elements_per_original_element": 4,
                "max_displacement_m": 6.190963226217375e-7,
                "max_von_mises_stress_pa": 21970.598256559904,
                "node_count": 65,
                "peak_stress_relative_change": 0.27680875410235467,
                "strain_energy_relative_change": 0.4175483532415219,
                "total_strain_energy_j": 3.2639803180718264e-8
              },
              {
                "displacement_relative_change": 0.0019436036057600328,
                "element_count": 192,
                "elements_per_original_element": 8,
                "max_displacement_m": 6.203019437162042e-7,
                "max_von_mises_stress_pa": 31811.20324080243,
                "node_count": 225,
                "peak_stress_relative_change": 0.3093440040526521,
                "strain_energy_relative_change": 0.2252305221623062,
                "total_strain_energy_j": 2.528832326705019e-8
              }
            ],
            "schema_version": "kyuubiki.composite-thermal-mesh-convergence/v1",
            "status": "fail"
          },
          "thermal_constraint_sensitivity": {
            "alternative_restraint": "roller_edge_with_vertical_anchor",
            "alternative_status": "fail",
            "diagnosis": "mixed_restraint_sensitivity_and_persistent_energy_nonconvergence",
            "displacement_change_ratio_alternative_to_primary": 0.773464558514292,
            "peak_stress_change_ratio_alternative_to_primary": 1.1913706107313289,
            "primary_restraint": "full_edge_clamp",
            "primary_status": "fail",
            "qualification_effect": "diagnostic_only_does_not_override_primary_quality_gates",
            "schema_version": "kyuubiki.composite-thermal-constraint-sensitivity/v1",
            "strain_energy_change_ratio_alternative_to_primary": 1.7084097213796627
          },
          "thermal_expansion_projection": {
            "coverage_fraction": 1.0,
            "declared_region_count": 3,
            "max_relative_change": 0.00018809544746228575,
            "model": "regional_linear_temperature_dependent_thermal_expansion",
            "parameter_source": "screening_sensitivity_not_material_card",
            "schema_version": "kyuubiki.composite-thermal-expansion-projection/v1",
            "status": "pass",
            "updated_region_count": 3,
            "updates": [
              {
                "adjusted_thermal_expansion_1_k": 0.000017001596799305215,
                "element_id": "conductor_left",
                "mean_temperature_c": 35.46964685447482,
                "reference_thermal_expansion_1_k": 0.000017,
                "relative_change": 0.00009392937089498938
              },
              {
                "adjusted_thermal_expansion_1_k": 0.000045008464295135806,
                "element_id": "dielectric_core",
                "mean_temperature_c": 35.23511930932773,
                "reference_thermal_expansion_1_k": 0.000045,
                "relative_change": 0.00018809544746228575
              },
              {
                "adjusted_thermal_expansion_1_k": 0.00002360000269176875,
                "element_id": "substrate_right",
                "mean_temperature_c": 35.00038019332559,
                "reference_thermal_expansion_1_k": 0.0000236,
                "relative_change": 1.1405799776797626e-7
              }
            ]
          },
          "thermal_interface_grading_assessment": {
            "diagnosis": "graded_mesh_did_not_resolve_nonconvergence",
            "displacement_change_ratio_graded_to_uniform": 1.8135200744062077,
            "graded_mesh_convergence": {
              "algebraic_validation": {
                "max_relative_residual": null,
                "method": "original_system_recomputed_l2_residual_over_max_rhs_l2_or_one",
                "qualification_effect": "algebraic_gate_does_not_override_discretization_gates",
                "relative_residual_tolerance": 1e-10,
                "required_series": [
                  "uniform_full_edge_clamp",
                  "uniform_regularized_restraint",
                  "interface_graded_full_edge_clamp"
                ],
                "schema_version": "kyuubiki.composite-thermal-algebraic-validation/v1",
                "series": [],
                "status": "missing"
              },
              "convergence_tolerance": 0.02,
              "diagnostic_metrics": [
                "max_von_mises_stress_pa"
              ],
              "finest_pair_displacement_relative_change": 0.004557111398232189,
              "finest_pair_peak_stress_relative_change": 0.4148719044938682,
              "finest_pair_strain_energy_relative_change": 0.11926275558626924,
              "method": "cosine_graded_quad_h_refinement_at_clamp_interfaces_and_free_edges",
              "pass_metrics": [
                "max_displacement_m",
                "total_strain_energy_j"
              ],
              "refinement_levels": [
                1,
                2,
                4,
                8
              ],
              "regime_assessment": {
                "diagnosis": "pass_metrics_lack_qualified_discretization_uncertainty",
                "gci_safety_factor": 1.25,
                "method": "four_level_constant_ratio_observed_order_and_fine_grid_gci",
                "metrics": [
                  {
                    "coarse_triplet_observed_order": 1.8749751541084896,
                    "fine_grid_gci": null,
                    "fine_triplet_observed_order": 1.418029181978797,
                    "metric": "max_displacement_m",
                    "observed_order_relative_difference": 0.2437077478751769,
                    "qualification_role": "pass_metric",
                    "regime": "oscillatory",
                    "richardson_extrapolated_value": null,
                    "unit": "m"
                  },
                  {
                    "coarse_triplet_observed_order": 0.8547923193344487,
                    "fine_grid_gci": null,
                    "fine_triplet_observed_order": 1.7732072488986643,
                    "metric": "total_strain_energy_j",
                    "observed_order_relative_difference": 0.5179399814289285,
                    "qualification_role": "pass_metric",
                    "regime": "monotonic_pre_asymptotic",
                    "richardson_extrapolated_value": null,
                    "unit": "J"
                  },
                  {
                    "coarse_triplet_observed_order": -1.058917665142231,
                    "fine_grid_gci": null,
                    "fine_triplet_observed_order": -0.5965593746288566,
                    "metric": "max_von_mises_stress_pa",
                    "observed_order_relative_difference": 0.4366328995477393,
                    "qualification_role": "diagnostic_metric",
                    "regime": "monotonic_diverging",
                    "richardson_extrapolated_value": null,
                    "unit": "Pa"
                  }
                ],
                "order_consistency_tolerance": 0.25,
                "qualification_effect": "gci_gates_require_asymptotic_pass_metric_evidence",
                "qualification_tolerance": 0.02,
                "refinement_ratio": 2.0,
                "schema_version": "kyuubiki.composite-thermal-convergence-regime/v1",
                "status": "fail"
              },
              "samples": [
                {
                  "displacement_relative_change": null,
                  "element_count": 3,
                  "elements_per_original_element": 1,
                  "max_displacement_m": 6.299546608619232e-7,
                  "max_von_mises_stress_pa": 279330.7860423934,
                  "node_count": 8,
                  "peak_stress_relative_change": null,
                  "strain_energy_relative_change": null,
                  "total_strain_energy_j": 1.1557465039273385e-6
                },
                {
                  "displacement_relative_change": 0.043261071065978506,
                  "element_count": 12,
                  "elements_per_original_element": 2,
                  "max_displacement_m": 6.027021475100312e-7,
                  "max_von_mises_stress_pa": 484762.9597681978,
                  "node_count": 21,
                  "peak_stress_relative_change": 0.4237786109401535,
                  "strain_energy_relative_change": 0.34371973659196237,
                  "total_strain_energy_j": 7.584936200303523e-7
                },
                {
                  "displacement_relative_change": 0.012177523140245592,
                  "element_count": 48,
                  "elements_per_original_element": 4,
                  "max_displacement_m": 6.101320446017746e-7,
                  "max_von_mises_stress_pa": 912753.7677325592,
                  "node_count": 65,
                  "peak_stress_relative_change": 0.4689006204023302,
                  "strain_energy_relative_change": 0.2895989603226903,
                  "total_strain_energy_j": 5.388346562581686e-7
                },
                {
                  "displacement_relative_change": 0.004557111398232189,
                  "element_count": 192,
                  "elements_per_original_element": 8,
                  "max_displacement_m": 6.073516049068932e-7,
                  "max_von_mises_stress_pa": 1559921.280045583,
                  "node_count": 225,
                  "peak_stress_relative_change": 0.4148719044938682,
                  "strain_energy_relative_change": 0.11926275558626924,
                  "total_strain_energy_j": 4.745717503474393e-7
                }
              ],
              "schema_version": "kyuubiki.composite-thermal-mesh-convergence/v1",
              "status": "fail"
            },
            "graded_stress_recovery": {
              "convergence_tolerance": 0.02,
              "diagnostic_metrics": [
                "max_stress_pa",
                "max_to_p95_ratio"
              ],
              "finest_pair_max_relative_change": 0.4148719044938682,
              "finest_pair_p95_relative_change": 0.3405332456937913,
              "finest_pair_rms_relative_change": 0.009219302539240025,
              "method": "interface_graded_mesh_element_area_weighted_von_mises_p95_and_rms",
              "pass_metrics": [
                "area_weighted_rms_stress_pa",
                "area_weighted_p95_stress_pa"
              ],
              "refinement_levels": [
                1,
                2,
                4,
                8
              ],
              "samples": [
                {
                  "element_count": 3,
                  "elements_per_original_element": 1,
                  "max_relative_change": null,
                  "p95_relative_change": null,
                  "rms_relative_change": null,
                  "statistics": {
                    "area_weighted_mean_stress_pa": 98391.3569703922,
                    "area_weighted_p95_stress_pa": 279330.7860423934,
                    "area_weighted_rms_stress_pa": 161447.4366832131,
                    "max_stress_pa": 279330.7860423934,
                    "max_to_p95_ratio": 1.0
                  }
                },
                {
                  "element_count": 12,
                  "elements_per_original_element": 2,
                  "max_relative_change": 0.4237786109401535,
                  "p95_relative_change": 0.4237786109401535,
                  "rms_relative_change": 0.19673776714925428,
                  "statistics": {
                    "area_weighted_mean_stress_pa": 99604.67239361524,
                    "area_weighted_p95_stress_pa": 484762.9597681978,
                    "area_weighted_rms_stress_pa": 200989.70184399505,
                    "max_stress_pa": 484762.9597681978,
                    "max_to_p95_ratio": 1.0
                  }
                },
                {
                  "element_count": 48,
                  "elements_per_original_element": 4,
                  "max_relative_change": 0.4689006204023302,
                  "p95_relative_change": 0.5157583027680754,
                  "rms_relative_change": 0.04086299468511242,
                  "statistics": {
                    "area_weighted_mean_stress_pa": 75617.93491138273,
                    "area_weighted_p95_stress_pa": 234742.43839332327,
                    "area_weighted_rms_stress_pa": 192776.66072578155,
                    "max_stress_pa": 912753.7677325592,
                    "max_to_p95_ratio": 3.888320211632089
                  }
                },
                {
                  "element_count": 192,
                  "elements_per_original_element": 8,
                  "max_relative_change": 0.4148719044938682,
                  "p95_relative_change": 0.3405332456937913,
                  "rms_relative_change": 0.009219302539240025,
                  "statistics": {
                    "area_weighted_mean_stress_pa": 70609.55429845116,
                    "area_weighted_p95_stress_pa": 355957.95672866603,
                    "area_weighted_rms_stress_pa": 190999.39436804617,
                    "max_stress_pa": 1559921.280045583,
                    "max_to_p95_ratio": 4.382318896258456
                  }
                }
              ],
              "schema_version": "kyuubiki.composite-thermal-stress-recovery/v1",
              "status": "fail"
            },
            "max_change_ratio_graded_to_uniform": 1.5977881832421177,
            "p95_change_ratio_graded_to_uniform": 1.1439176171719696,
            "qualification_effect": "diagnostic_only_does_not_override_uniform_mesh_gates",
            "rms_change_ratio_graded_to_uniform": 0.5712692317839179,
            "schema_version": "kyuubiki.composite-thermal-interface-grading-assessment/v1",
            "strain_energy_change_ratio_graded_to_uniform": 0.9046271752426276
          },
          "thermal_mesh_convergence": {
            "algebraic_validation": {
              "max_relative_residual": 2.3336608417766094e-14,
              "method": "original_system_recomputed_l2_residual_over_max_rhs_l2_or_one",
              "qualification_effect": "algebraic_gate_does_not_override_discretization_gates",
              "relative_residual_tolerance": 1e-10,
              "required_series": [
                "uniform_full_edge_clamp",
                "uniform_regularized_restraint",
                "interface_graded_full_edge_clamp"
              ],
              "schema_version": "kyuubiki.composite-thermal-algebraic-validation/v1",
              "series": [
                {
                  "label": "uniform_full_edge_clamp",
                  "max_relative_residual": 1.3884475935096911e-14,
                  "samples": [
                    {
                      "element_count": 3,
                      "elements_per_original_element": 1,
                      "matrix_non_zero_count": 112,
                      "node_count": 8,
                      "relative_residual": 1.786547360715313e-16,
                      "residual_norm": 6.9634961564918215e-15,
                      "rhs_norm": 38.97739466421824,
                      "solver_iterations": 0
                    },
                    {
                      "element_count": 12,
                      "elements_per_original_element": 2,
                      "matrix_non_zero_count": 439,
                      "node_count": 21,
                      "relative_residual": 5.482140950076249e-16,
                      "residual_norm": 2.1034386460021084e-14,
                      "rhs_norm": 38.36892675976988,
                      "solver_iterations": 0
                    },
                    {
                      "element_count": 48,
                      "elements_per_original_element": 4,
                      "matrix_non_zero_count": 1747,
                      "node_count": 65,
                      "relative_residual": 3.868744101318718e-15,
                      "residual_norm": 1.1675257733822654e-13,
                      "rhs_norm": 30.17841818445156,
                      "solver_iterations": 0
                    },
                    {
                      "element_count": 192,
                      "elements_per_original_element": 8,
                      "matrix_non_zero_count": 6925,
                      "node_count": 225,
                      "relative_residual": 1.3884475935096911e-14,
                      "residual_norm": 3.100267099397876e-13,
                      "rhs_norm": 22.329017774168054,
                      "solver_iterations": 0
                    }
                  ],
                  "solver_path": "dense_direct",
                  "status": "pass"
                },
                {
                  "label": "uniform_regularized_restraint",
                  "max_relative_residual": 1.8115321508194355e-14,
                  "samples": [
                    {
                      "element_count": 3,
                      "elements_per_original_element": 1,
                      "matrix_non_zero_count": 121,
                      "node_count": 8,
                      "relative_residual": 2.0134784068195946e-16,
                      "residual_norm": 8.764318303070325e-15,
                      "rhs_norm": 43.528245812747855,
                      "solver_iterations": 0
                    },
                    {
                      "element_count": 12,
                      "elements_per_original_element": 2,
                      "matrix_non_zero_count": 462,
                      "node_count": 21,
                      "relative_residual": 1.3318647613630501e-15,
                      "residual_norm": 5.2706597714588765e-14,
                      "rhs_norm": 39.57353572493957,
                      "solver_iterations": 0
                    },
                    {
                      "element_count": 48,
                      "elements_per_original_element": 4,
                      "matrix_non_zero_count": 1799,
                      "node_count": 65,
                      "relative_residual": 4.034854427047548e-15,
                      "residual_norm": 1.2332486716059298e-13,
                      "rhs_norm": 30.56488638942901,
                      "solver_iterations": 0
                    },
                    {
                      "element_count": 192,
                      "elements_per_original_element": 8,
                      "matrix_non_zero_count": 7030,
                      "node_count": 225,
                      "relative_residual": 1.8115321508194355e-14,
                      "residual_norm": 4.0687117961009534e-13,
                      "rhs_norm": 22.460058433191463,
                      "solver_iterations": 0
                    }
                  ],
                  "solver_path": "dense_direct",
                  "status": "pass"
                },
                {
                  "label": "interface_graded_full_edge_clamp",
                  "max_relative_residual": 2.3336608417766094e-14,
                  "samples": [
                    {
                      "element_count": 3,
                      "elements_per_original_element": 1,
                      "matrix_non_zero_count": 112,
                      "node_count": 8,
                      "relative_residual": 1.786547360715313e-16,
                      "residual_norm": 6.9634961564918215e-15,
                      "rhs_norm": 38.97739466421824,
                      "solver_iterations": 0
                    },
                    {
                      "element_count": 12,
                      "elements_per_original_element": 2,
                      "matrix_non_zero_count": 444,
                      "node_count": 21,
                      "relative_residual": 8.97432955037214e-16,
                      "residual_norm": 3.443353932362672e-14,
                      "rhs_norm": 38.36892675976988,
                      "solver_iterations": 0
                    },
                    {
                      "element_count": 48,
                      "elements_per_original_element": 4,
                      "matrix_non_zero_count": 1748,
                      "node_count": 65,
                      "relative_residual": 5.14119391191978e-15,
                      "residual_norm": 1.719589148938629e-13,
                      "rhs_norm": 33.44727272301065,
                      "solver_iterations": 0
                    },
                    {
                      "element_count": 192,
                      "elements_per_original_element": 8,
                      "matrix_non_zero_count": 6948,
                      "node_count": 225,
                      "relative_residual": 2.3336608417766094e-14,
                      "residual_norm": 5.890546204126348e-13,
                      "rhs_norm": 25.241655079758257,
                      "solver_iterations": 0
                    }
                  ],
                  "solver_path": "dense_direct",
                  "status": "pass"
                }
              ],
              "status": "pass"
            },
            "convergence_tolerance": 0.02,
            "diagnostic_metrics": [
              "max_von_mises_stress_pa"
            ],
            "finest_pair_displacement_relative_change": 0.0025128541241674993,
            "finest_pair_peak_stress_relative_change": 0.25965388206341583,
            "finest_pair_strain_energy_relative_change": 0.1318363618186488,
            "method": "structured_quad_h_refinement_preserving_piecewise_linear_temperature_full_edge_clamp",
            "pass_metrics": [
              "max_displacement_m",
              "total_strain_energy_j"
            ],
            "refinement_levels": [
              1,
              2,
              4,
              8
            ],
            "regime_assessment": {
              "diagnosis": "pass_metrics_lack_qualified_discretization_uncertainty",
              "gci_safety_factor": 1.25,
              "method": "four_level_constant_ratio_observed_order_and_fine_grid_gci",
              "metrics": [
                {
                  "coarse_triplet_observed_order": 3.7175908614706,
                  "fine_grid_gci": null,
                  "fine_triplet_observed_order": 0.4433023986210352,
                  "metric": "max_displacement_m",
                  "observed_order_relative_difference": 0.8807554636483923,
                  "qualification_role": "pass_metric",
                  "regime": "oscillatory",
                  "richardson_extrapolated_value": null,
                  "unit": "m"
                },
                {
                  "coarse_triplet_observed_order": 1.0832193053283632,
                  "fine_grid_gci": 0.12734030775316182,
                  "fine_triplet_observed_order": 1.316526378102496,
                  "metric": "total_strain_energy_j",
                  "observed_order_relative_difference": 0.17721412700472997,
                  "qualification_role": "pass_metric",
                  "regime": "asymptotic_converging",
                  "richardson_extrapolated_value": 4.452214969613348e-7,
                  "unit": "J"
                },
                {
                  "coarse_triplet_observed_order": 0.0410590094567501,
                  "fine_grid_gci": null,
                  "fine_triplet_observed_order": -0.265691778477436,
                  "metric": "max_von_mises_stress_pa",
                  "observed_order_relative_difference": 1.1545362438086773,
                  "qualification_role": "diagnostic_metric",
                  "regime": "monotonic_diverging",
                  "richardson_extrapolated_value": null,
                  "unit": "Pa"
                }
              ],
              "order_consistency_tolerance": 0.25,
              "qualification_effect": "gci_gates_require_asymptotic_pass_metric_evidence",
              "qualification_tolerance": 0.02,
              "refinement_ratio": 2.0,
              "schema_version": "kyuubiki.composite-thermal-convergence-regime/v1",
              "status": "fail"
            },
            "samples": [
              {
                "displacement_relative_change": null,
                "element_count": 3,
                "elements_per_original_element": 1,
                "max_displacement_m": 6.299546608619232e-7,
                "max_von_mises_stress_pa": 279330.7860423934,
                "node_count": 8,
                "peak_stress_relative_change": null,
                "strain_energy_relative_change": null,
                "total_strain_energy_j": 1.1557465039273385e-6
              },
              {
                "displacement_relative_change": 0.043261071065941695,
                "element_count": 12,
                "elements_per_original_element": 2,
                "max_displacement_m": 6.027021475100544e-7,
                "max_von_mises_stress_pa": 484762.95976819814,
                "node_count": 21,
                "peak_stress_relative_change": 0.4237786109401539,
                "strain_energy_relative_change": 0.3437197365919624,
                "total_strain_energy_j": 7.584936200303522e-7
              },
              {
                "displacement_relative_change": 0.003425368416451606,
                "element_count": 48,
                "elements_per_original_element": 4,
                "max_displacement_m": 6.047737203107066e-7,
                "max_von_mises_stress_pa": 684430.9599141615,
                "node_count": 65,
                "peak_stress_relative_change": 0.2917284749523968,
                "strain_energy_relative_change": 0.24719155173090396,
                "total_strain_energy_j": 5.710004051170588e-7
              },
              {
                "displacement_relative_change": 0.0025128541241674993,
                "element_count": 192,
                "elements_per_original_element": 8,
                "max_displacement_m": 6.062972568731116e-7,
                "max_von_mises_stress_pa": 924474.3010495368,
                "node_count": 225,
                "peak_stress_relative_change": 0.25965388206341583,
                "strain_energy_relative_change": 0.1318363618186488,
                "total_strain_energy_j": 4.957217891094512e-7
              }
            ],
            "schema_version": "kyuubiki.composite-thermal-mesh-convergence/v1",
            "status": "fail"
          },
          "thermal_stress_recovery": {
            "convergence_tolerance": 0.02,
            "diagnostic_metrics": [
              "max_stress_pa",
              "max_to_p95_ratio"
            ],
            "finest_pair_max_relative_change": 0.25965388206341583,
            "finest_pair_p95_relative_change": 0.29769035862536036,
            "finest_pair_rms_relative_change": 0.01613827951218493,
            "method": "uniform_mesh_element_area_weighted_von_mises_p95_and_rms",
            "pass_metrics": [
              "area_weighted_rms_stress_pa",
              "area_weighted_p95_stress_pa"
            ],
            "refinement_levels": [
              1,
              2,
              4,
              8
            ],
            "samples": [
              {
                "element_count": 3,
                "elements_per_original_element": 1,
                "max_relative_change": null,
                "p95_relative_change": null,
                "rms_relative_change": null,
                "statistics": {
                  "area_weighted_mean_stress_pa": 98391.3569703922,
                  "area_weighted_p95_stress_pa": 279330.7860423934,
                  "area_weighted_rms_stress_pa": 161447.4366832131,
                  "max_stress_pa": 279330.7860423934,
                  "max_to_p95_ratio": 1.0
                }
              },
              {
                "element_count": 12,
                "elements_per_original_element": 2,
                "max_relative_change": 0.4237786109401539,
                "p95_relative_change": 0.4237786109401539,
                "rms_relative_change": 0.1967377671492544,
                "statistics": {
                  "area_weighted_mean_stress_pa": 99604.67239361518,
                  "area_weighted_p95_stress_pa": 484762.95976819814,
                  "area_weighted_rms_stress_pa": 200989.70184399508,
                  "max_stress_pa": 484762.95976819814,
                  "max_to_p95_ratio": 1.0
                }
              },
              {
                "element_count": 48,
                "elements_per_original_element": 4,
                "max_relative_change": 0.2917284749523968,
                "p95_relative_change": 0.24521776511935897,
                "rms_relative_change": 0.021373347272209048,
                "statistics": {
                  "area_weighted_mean_stress_pa": 78776.88814611213,
                  "area_weighted_p95_stress_pa": 642255.3915101845,
                  "area_weighted_rms_stress_pa": 196693.8791483456,
                  "max_stress_pa": 684430.9599141615,
                  "max_to_p95_ratio": 1.0656679086878609
                }
              },
              {
                "element_count": 192,
                "elements_per_original_element": 8,
                "max_relative_change": 0.25965388206341583,
                "p95_relative_change": 0.29769035862536036,
                "rms_relative_change": 0.01613827951218493,
                "statistics": {
                  "area_weighted_mean_stress_pa": 72359.75180917408,
                  "area_weighted_p95_stress_pa": 451062.15368244646,
                  "area_weighted_rms_stress_pa": 193519.5783483137,
                  "max_stress_pa": 924474.3010495368,
                  "max_to_p95_ratio": 2.0495496984222235
                }
              }
            ],
            "schema_version": "kyuubiki.composite-thermal-stress-recovery/v1",
            "status": "fail"
          }
        },
        "status": "completed"
      },
      "requires_confirmation": false
    },
    {
      "index": 7,
      "action": "solve_composite_thermo_electric_panel",
      "risk": "normal",
      "status": "executed",
      "payload": {
        "electric_conduction_feedback": {
          "parameter_source": "screening_reference_not_material_card",
          "regions": [
            {
              "element_id": "conductor_left",
              "reference_resistivity_ohm_m": 1.68e-8,
              "reference_temperature_c": 35.0,
              "resistivity_temperature_coefficient_1_k": 0.00393
            }
          ]
        },
        "electric_conduction_model": {
          "contact_interfaces": [],
          "elements": [
            {
              "electrical_conductivity_s_m": 59523809.523809515,
              "id": "conductor_left",
              "node_i": 0,
              "node_j": 1,
              "node_k": 2,
              "node_l": 3,
              "thickness": 0.001
            }
          ],
          "nodes": [
            {
              "current_source_a": 0.0,
              "electric_potential_v": 0.0,
              "fix_electric_potential": true,
              "id": "n0",
              "x": 0.0,
              "y": 0.0
            },
            {
              "current_source_a": 0.0,
              "electric_potential_v": 0.000033600000000000004,
              "fix_electric_potential": true,
              "id": "n1",
              "x": 0.03,
              "y": 0.0
            },
            {
              "current_source_a": 0.0,
              "electric_potential_v": 0.000033600000000000004,
              "fix_electric_potential": true,
              "id": "n5",
              "x": 0.03,
              "y": 0.03
            },
            {
              "current_source_a": 0.0,
              "electric_potential_v": 0.0,
              "fix_electric_potential": true,
              "id": "n4",
              "x": 0.0,
              "y": 0.03
            }
          ],
          "terminals": []
        },
        "electrostatic_model": {
          "elements": [
            {
              "id": "conductor_left",
              "node_i": 0,
              "node_j": 1,
              "node_k": 5,
              "node_l": 4,
              "permittivity": 1.0,
              "thickness": 0.001
            },
            {
              "id": "dielectric_core",
              "node_i": 1,
              "node_j": 2,
              "node_k": 6,
              "node_l": 5,
              "permittivity": 2.1,
              "thickness": 0.001
            },
            {
              "id": "substrate_right",
              "node_i": 2,
              "node_j": 3,
              "node_k": 7,
              "node_l": 6,
              "permittivity": 4.2,
              "thickness": 0.001
            }
          ],
          "nodes": [
            {
              "charge_density": 0.0,
              "fix_potential": true,
              "id": "n0",
              "potential": 0.0,
              "x": 0.0,
              "y": 0.0
            },
            {
              "charge_density": 0.0,
              "fix_potential": false,
              "id": "n1",
              "potential": 0.0,
              "x": 0.03,
              "y": 0.0
            },
            {
              "charge_density": 0.0,
              "fix_potential": false,
              "id": "n2",
              "potential": 0.0,
              "x": 0.06,
              "y": 0.0
            },
            {
              "charge_density": 0.0,
              "fix_potential": true,
              "id": "n3",
              "potential": 1198,
              "x": 0.09,
              "y": 0.0
            },
            {
              "charge_density": 0.0,
              "fix_potential": true,
              "id": "n4",
              "potential": 0.0,
              "x": 0.0,
              "y": 0.03
            },
            {
              "charge_density": 0.0,
              "fix_potential": false,
              "id": "n5",
              "potential": 0.0,
              "x": 0.03,
              "y": 0.03
            },
            {
              "charge_density": 0.0,
              "fix_potential": false,
              "id": "n6",
              "potential": 0.0,
              "x": 0.06,
              "y": 0.03
            },
            {
              "charge_density": 0.0,
              "fix_potential": true,
              "id": "n7",
              "potential": 1198,
              "x": 0.09,
              "y": 0.03
            }
          ]
        },
        "electrothermal_feedback": {
          "conductivity_relative_change_tolerance": 1e-9,
          "loss_relative_change_tolerance": 1e-9,
          "loss_tangent_temperature_coefficient_1_k": 0.001,
          "max_iterations": 12,
          "parameter_source": "screening_sensitivity_not_material_card",
          "relative_permittivity_temperature_coefficient_1_k": 0.0001,
          "relaxation_factor": 0.8,
          "temperature_residual_tolerance_c": 1e-7,
          "thermal_conductivity_models": [
            {
              "element_id": "conductor_left",
              "reference_temperature_c": 35.0,
              "temperature_coefficient_1_k": -0.001
            },
            {
              "element_id": "dielectric_core",
              "reference_temperature_c": 35.0,
              "temperature_coefficient_1_k": -0.002
            },
            {
              "element_id": "substrate_right",
              "reference_temperature_c": 35.0,
              "temperature_coefficient_1_k": -0.0012
            }
          ]
        },
        "electrothermal_loss": {
          "frequency_hz": 10000000.0,
          "loss_tangent": 0.0002,
          "reference_temperature_c": 35.0,
          "relative_permittivity": 2.1,
          "source_element_id": "dielectric_core"
        },
        "heat_model": {
          "elements": [
            {
              "conductivity": 390.0,
              "id": "conductor_left",
              "node_i": 0,
              "node_j": 1,
              "node_k": 5,
              "node_l": 4,
              "thickness": 0.001
            },
            {
              "conductivity": 0.25,
              "id": "dielectric_core",
              "node_i": 1,
              "node_j": 2,
              "node_k": 6,
              "node_l": 5,
              "thickness": 0.001
            },
            {
              "conductivity": 160.0,
              "id": "substrate_right",
              "node_i": 2,
              "node_j": 3,
              "node_k": 7,
              "node_l": 6,
              "thickness": 0.001
            }
          ],
          "nodes": [
            {
              "fix_temperature": false,
              "heat_load": 0.0,
              "id": "n0",
              "temperature": 35.0,
              "x": 0.0,
              "y": 0.0
            },
            {
              "fix_temperature": false,
              "heat_load": 0.0,
              "id": "n1",
              "temperature": 35.0,
              "x": 0.03,
              "y": 0.0
            },
            {
              "fix_temperature": false,
              "heat_load": 0.0,
              "id": "n2",
              "temperature": 35.0,
              "x": 0.06,
              "y": 0.0
            },
            {
              "fix_temperature": true,
              "heat_load": 0.0,
              "id": "n3",
              "temperature": 35.0,
              "x": 0.09,
              "y": 0.0
            },
            {
              "fix_temperature": false,
              "heat_load": 0.0,
              "id": "n4",
              "temperature": 35.0,
              "x": 0.0,
              "y": 0.03
            },
            {
              "fix_temperature": false,
              "heat_load": 0.0,
              "id": "n5",
              "temperature": 35.0,
              "x": 0.03,
              "y": 0.03
            },
            {
              "fix_temperature": false,
              "heat_load": 0.0,
              "id": "n6",
              "temperature": 35.0,
              "x": 0.06,
              "y": 0.03
            },
            {
              "fix_temperature": true,
              "heat_load": 0.0,
              "id": "n7",
              "temperature": 35.0,
              "x": 0.09,
              "y": 0.03
            }
          ]
        },
        "research": {
          "candidate_id": "copper_ptfe_glass_epoxy",
          "candidate_label": "Copper / PTFE / Glass epoxy",
          "coupling": "iterative_dielectric_and_conductor_joule_heating_with_temperature_dependent_electrical_thermal_feedback_and_expansion_projection",
          "materials": {
            "conductor": "copper",
            "dielectric": "ptfe",
            "substrate": "glass_epoxy"
          },
          "study": "material.composite_thermo_electric_panel.v1"
        },
        "thermal_expansion_feedback": {
          "parameter_source": "screening_sensitivity_not_material_card",
          "regions": [
            {
              "element_id": "conductor_left",
              "reference_temperature_c": 35.0,
              "temperature_coefficient_1_k": 0.0002
            },
            {
              "element_id": "dielectric_core",
              "reference_temperature_c": 35.0,
              "temperature_coefficient_1_k": 0.0008
            },
            {
              "element_id": "substrate_right",
              "reference_temperature_c": 35.0,
              "temperature_coefficient_1_k": 0.0003
            }
          ]
        },
        "thermal_model": {
          "elements": [
            {
              "id": "conductor_left",
              "node_i": 0,
              "node_j": 1,
              "node_k": 5,
              "node_l": 4,
              "poisson_ratio": 0.32,
              "thermal_expansion": 0.000017,
              "thickness": 0.001,
              "youngs_modulus": 110000000000.0
            },
            {
              "id": "dielectric_core",
              "node_i": 1,
              "node_j": 2,
              "node_k": 6,
              "node_l": 5,
              "poisson_ratio": 0.32,
              "thermal_expansion": 0.000045,
              "thickness": 0.001,
              "youngs_modulus": 2500000000.0
            },
            {
              "id": "substrate_right",
              "node_i": 2,
              "node_j": 3,
              "node_k": 7,
              "node_l": 6,
              "poisson_ratio": 0.32,
              "thermal_expansion": 0.000014,
              "thickness": 0.001,
              "youngs_modulus": 22000000000.0
            }
          ],
          "nodes": [
            {
              "fix_x": true,
              "fix_y": true,
              "id": "n0",
              "load_x": 0.0,
              "load_y": 0.0,
              "temperature_delta": 0.0,
              "x": 0.0,
              "y": 0.0
            },
            {
              "fix_x": false,
              "fix_y": false,
              "id": "n1",
              "load_x": 0.0,
              "load_y": 0.0,
              "temperature_delta": 0.0,
              "x": 0.03,
              "y": 0.0
            },
            {
              "fix_x": false,
              "fix_y": false,
              "id": "n2",
              "load_x": 0.0,
              "load_y": 0.0,
              "temperature_delta": 0.0,
              "x": 0.06,
              "y": 0.0
            },
            {
              "fix_x": false,
              "fix_y": false,
              "id": "n3",
              "load_x": 0.0,
              "load_y": 0.0,
              "temperature_delta": 0.0,
              "x": 0.09,
              "y": 0.0
            },
            {
              "fix_x": true,
              "fix_y": true,
              "id": "n4",
              "load_x": 0.0,
              "load_y": 0.0,
              "temperature_delta": 0.0,
              "x": 0.0,
              "y": 0.03
            },
            {
              "fix_x": false,
              "fix_y": false,
              "id": "n5",
              "load_x": 0.0,
              "load_y": 0.0,
              "temperature_delta": 0.0,
              "x": 0.03,
              "y": 0.03
            },
            {
              "fix_x": false,
              "fix_y": false,
              "id": "n6",
              "load_x": 0.0,
              "load_y": 0.0,
              "temperature_delta": 0.0,
              "x": 0.06,
              "y": 0.03
            },
            {
              "fix_x": false,
              "fix_y": false,
              "id": "n7",
              "load_x": 0.0,
              "load_y": 0.0,
              "temperature_delta": 0.0,
              "x": 0.09,
              "y": 0.03
            }
          ]
        }
      },
      "result_preview": {
        "job": {
          "created_at": "2026-08-13T11:16:42.365102Z",
          "execution_started_at": null,
          "execution_timeout_ms": 120000,
          "has_result": false,
          "iteration": null,
          "job_id": "c34a87fcbe068757",
          "message": null,
          "model_version_id": null,
          "progress": 0.0,
          "project_id": "0658a2ee90f77ad4",
          "queue_timeout_ms": 1800000,
          "residual": null,
          "simulation_case_id": "585803dd2d049533",
          "status": "queued",
          "status_detail": {
            "active": true,
            "failure_class": null,
            "lifecycle": "active",
            "recoverable": false,
            "terminal": false,
            "timing": {
              "effective_deadline": "2026-08-13T11:46:42.365102Z",
              "effective_timeout_ms": 1800000,
              "execution_elapsed_ms": null,
              "execution_started_at": null,
              "execution_timeout_ms": 120000,
              "job_submission_deadline": "2026-08-13T11:46:42.365102Z",
              "phase": "queue",
              "queue_timeout_ms": 1800000,
              "queue_wait_ms": 0,
              "total_elapsed_ms": 0
            }
          },
          "updated_at": "2026-08-13T11:16:42.365102Z",
          "worker_id": null
        },
        "job_id": "c34a87fcbe068757",
        "progress": 0.0,
        "raw": {
          "job": {
            "created_at": "2026-08-13T11:16:42.365102Z",
            "execution_started_at": null,
            "execution_timeout_ms": 120000,
            "has_result": false,
            "iteration": null,
            "job_id": "c34a87fcbe068757",
            "message": null,
            "model_version_id": null,
            "progress": 0.0,
            "project_id": "0658a2ee90f77ad4",
            "queue_timeout_ms": 1800000,
            "residual": null,
            "simulation_case_id": "585803dd2d049533",
            "status": "queued",
            "status_detail": {
              "active": true,
              "failure_class": null,
              "lifecycle": "active",
              "recoverable": false,
              "terminal": false,
              "timing": {
                "effective_deadline": "2026-08-13T11:46:42.365102Z",
                "effective_timeout_ms": 1800000,
                "execution_elapsed_ms": null,
                "execution_started_at": null,
                "execution_timeout_ms": 120000,
                "job_submission_deadline": "2026-08-13T11:46:42.365102Z",
                "phase": "queue",
                "queue_timeout_ms": 1800000,
                "queue_wait_ms": 0,
                "total_elapsed_ms": 0
              }
            },
            "updated_at": "2026-08-13T11:16:42.365102Z",
            "worker_id": null
          }
        },
        "status": "queued"
      },
      "requires_confirmation": false
    },
    {
      "index": 8,
      "action": "job_wait",
      "risk": "normal",
      "status": "executed",
      "payload": {
        "interval_ms": 1000,
        "job_id": "c34a87fcbe068757",
        "max_total_timeout_ms": 3600000,
        "resume_policy": "server_deadline",
        "timeout_ms": 60000
      },
      "result_preview": {
        "job": {
          "created_at": "2026-08-13T11:16:42.365102Z",
          "execution_started_at": "2026-08-13T11:16:42.369020Z",
          "execution_timeout_ms": 120000,
          "iteration": 4,
          "job_id": "c34a87fcbe068757",
          "message": "collecting nodal and elemental responses",
          "model_version_id": null,
          "progress": 1.0,
          "project_id": "0658a2ee90f77ad4",
          "queue_timeout_ms": 1800000,
          "residual": 0.2,
          "simulation_case_id": "585803dd2d049533",
          "status": "completed",
          "status_detail": {
            "active": false,
            "failure_class": null,
            "lifecycle": "terminal",
            "recoverable": false,
            "terminal": true,
            "timing": {
              "effective_deadline": "2026-08-13T11:18:42.369020Z",
              "effective_timeout_ms": 120000,
              "execution_elapsed_ms": 6044,
              "execution_started_at": "2026-08-13T11:16:42.369020Z",
              "execution_timeout_ms": 120000,
              "job_submission_deadline": "2026-08-13T11:46:42.365102Z",
              "phase": "execution",
              "queue_timeout_ms": 1800000,
              "queue_wait_ms": 3,
              "total_elapsed_ms": 6048
            }
          },
          "updated_at": "2026-08-13T11:16:48.413199Z",
          "worker_id": "rust-agent-rpc@127.0.0.1:5001"
        },
        "job_id": "c34a87fcbe068757",
        "progress": 1.0,
        "raw": {
          "job": {
            "created_at": "2026-08-13T11:16:42.365102Z",
            "execution_started_at": "2026-08-13T11:16:42.369020Z",
            "execution_timeout_ms": 120000,
            "iteration": 4,
            "job_id": "c34a87fcbe068757",
            "message": "collecting nodal and elemental responses",
            "model_version_id": null,
            "progress": 1.0,
            "project_id": "0658a2ee90f77ad4",
            "queue_timeout_ms": 1800000,
            "residual": 0.2,
            "simulation_case_id": "585803dd2d049533",
            "status": "completed",
            "status_detail": {
              "active": false,
              "failure_class": null,
              "lifecycle": "terminal",
              "recoverable": false,
              "terminal": true,
              "timing": {
                "effective_deadline": "2026-08-13T11:18:42.369020Z",
                "effective_timeout_ms": 120000,
                "execution_elapsed_ms": 6044,
                "execution_started_at": "2026-08-13T11:16:42.369020Z",
                "execution_timeout_ms": 120000,
                "job_submission_deadline": "2026-08-13T11:46:42.365102Z",
                "phase": "execution",
                "queue_timeout_ms": 1800000,
                "queue_wait_ms": 3,
                "total_elapsed_ms": 6048
              }
            },
            "updated_at": "2026-08-13T11:16:48.413199Z",
            "worker_id": "rust-agent-rpc@127.0.0.1:5001"
          }
        },
        "result": null,
        "status": "completed",
        "wait": {
          "elapsed_ms": 6057,
          "policy": "server_deadline",
          "poll_attempts": 7,
          "resume_count": 0
        }
      },
      "requires_confirmation": false
    },
    {
      "index": 9,
      "action": "result_fetch",
      "risk": "normal",
      "status": "executed",
      "payload": {
        "job_id": "c34a87fcbe068757"
      },
      "result_preview": {
        "job": {
          "created_at": "2026-08-13T11:16:42.365102Z",
          "execution_started_at": "2026-08-13T11:16:42.369020Z",
          "execution_timeout_ms": 120000,
          "has_result": true,
          "iteration": 4,
          "job_id": "c34a87fcbe068757",
          "message": "collecting nodal and elemental responses",
          "model_version_id": null,
          "progress": 1.0,
          "project_id": "0658a2ee90f77ad4",
          "queue_timeout_ms": 1800000,
          "residual": 0.2,
          "simulation_case_id": "585803dd2d049533",
          "status": "completed",
          "status_detail": {
            "active": false,
            "failure_class": null,
            "lifecycle": "terminal",
            "recoverable": false,
            "terminal": true,
            "timing": {
              "effective_deadline": "2026-08-13T11:18:42.369020Z",
              "effective_timeout_ms": 120000,
              "execution_elapsed_ms": 6044,
              "execution_started_at": "2026-08-13T11:16:42.369020Z",
              "execution_timeout_ms": 120000,
              "job_submission_deadline": "2026-08-13T11:46:42.365102Z",
              "phase": "execution",
              "queue_timeout_ms": 1800000,
              "queue_wait_ms": 3,
              "total_elapsed_ms": 6048
            }
          },
          "updated_at": "2026-08-13T11:16:48.413199Z",
          "worker_id": "rust-agent-rpc@127.0.0.1:5001"
        },
        "job_id": "c34a87fcbe068757",
        "result": {
          "electric_conduction": {
            "contact_interfaces": [],
            "current_balance_relative_error": 0.0,
            "elements": [
              {
                "area_m2": 0.0009,
                "average_electric_potential_v": 0.000016800000000000002,
                "current_density_magnitude_a_m2": 66582.68441127968,
                "current_density_x_a_m2": -66582.68441127968,
                "current_density_y_a_m2": -0.0,
                "electric_field_magnitude_v_m": 0.00112,
                "electric_field_x_v_m": -0.00112,
                "electric_field_y_v_m": -0.0,
                "electric_potential_gradient_x_v_m": 0.00112,
                "electric_potential_gradient_y_v_m": 0.0,
                "id": "conductor_left",
                "index": 0,
                "joule_power_w": 0.00006711534588656994,
                "node_i": 0,
                "node_j": 1,
                "node_k": 2,
                "node_l": 3,
                "peak_current_density_magnitude_a_m2": 66582.68441127968,
                "peak_electric_field_magnitude_v_m": 0.00112,
                "rms_current_density_magnitude_a_m2": 66582.68441127968,
                "rms_electric_field_magnitude_v_m": 0.00112,
                "volumetric_joule_heating_w_m3": 74.57260654063326
              }
            ],
            "free_current_residual_relative_error": 0.0,
            "input": {
              "contact_interfaces": [],
              "elements": [
                {
                  "electrical_conductivity_s_m": 59448825.367214,
                  "id": "conductor_left",
                  "node_i": 0,
                  "node_j": 1,
                  "node_k": 2,
                  "node_l": 3,
                  "thickness": 0.001
                }
              ],
              "nodes": [
                {
                  "current_source_a": 0.0,
                  "electric_potential_v": 0.0,
                  "fix_electric_potential": true,
                  "id": "n0",
                  "x": 0.0,
                  "y": 0.0
                },
                {
                  "current_source_a": 0.0,
                  "electric_potential_v": 0.000033600000000000004,
                  "fix_electric_potential": true,
                  "id": "n1",
                  "x": 0.03,
                  "y": 0.0
                },
                {
                  "current_source_a": 0.0,
                  "electric_potential_v": 0.000033600000000000004,
                  "fix_electric_potential": true,
                  "id": "n5",
                  "x": 0.03,
                  "y": 0.03
                },
                {
                  "current_source_a": 0.0,
                  "electric_potential_v": 0.0,
                  "fix_electric_potential": true,
                  "id": "n4",
                  "x": 0.0,
                  "y": 0.03
                }
              ],
              "terminals": []
            },
            "max_current_density_a_m2": 66582.68441127968,
            "max_electric_field_v_m": 0.00112,
            "max_electric_potential_v": 0.000033600000000000004,
            "max_free_current_residual_a": 0.0,
            "nodes": [
              {
                "current_source_a": 0.0,
                "electric_potential_v": 0.0,
                "fix_electric_potential": true,
                "id": "n0",
                "index": 0,
                "net_injected_current_a": -0.9987402661691956,
                "reaction_current_a": -0.9987402661691956,
                "x": 0.0,
                "y": 0.0
              },
              {
                "current_source_a": 0.0,
                "electric_potential_v": 0.000033600000000000004,
                "fix_electric_potential": true,
                "id": "n1",
                "index": 1,
                "net_injected_current_a": 0.9987402661691956,
                "reaction_current_a": 0.9987402661691956,
                "x": 0.03,
                "y": 0.0
              },
              {
                "current_source_a": 0.0,
                "electric_potential_v": 0.000033600000000000004,
                "fix_electric_potential": true,
                "id": "n5",
                "index": 2,
                "net_injected_current_a": 0.9987402661691956,
                "reaction_current_a": 0.9987402661691956,
                "x": 0.03,
                "y": 0.03
              },
              {
                "current_source_a": 0.0,
                "electric_potential_v": 0.0,
                "fix_electric_potential": true,
                "id": "n4",
                "index": 3,
                "net_injected_current_a": -0.9987402661691956,
                "reaction_current_a": -0.9987402661691956,
                "x": 0.0,
                "y": 0.03
              }
            ],
            "power_balance_relative_error": 2.019288879025314e-16,
            "source_power_balance_relative_error": 2.019288879025314e-16,
            "terminals": [],
            "total_bulk_joule_power_w": 0.00006711534588656994,
            "total_contact_joule_power_w": -0.0,
            "total_dissipated_power_w": 0.00006711534588656994,
            "total_electrical_input_power_w": 0.00006711534588656995,
            "total_extracted_current_a": 1.997480532338391,
            "total_injected_current_a": 1.997480532338391,
            "total_joule_power_w": 0.00006711534588656994,
            "total_source_power_w": 0.00006711534588656995,
            "total_terminal_impedance_power_w": -0.0
          },
          "electrostatic": {
            "elements": [
              {
                "area": 0.0009,
                "average_potential": 349.4182268204109,
                "electric_energy_density": 271317993.85404474,
                "electric_field_magnitude": 23294.54845469406,
                "electric_field_x": -23294.54845469406,
                "electric_field_y": -0.0,
                "electric_flux_density_magnitude": 23294.54845469406,
                "electric_flux_density_x": -23294.54845469406,
                "electric_flux_density_y": -0.0,
                "id": "conductor_left",
                "index": 0,
                "node_i": 0,
                "node_j": 1,
                "node_k": 5,
                "node_l": 4,
                "potential_gradient_x": 23294.54845469406,
                "potential_gradient_y": 0.0,
                "stored_energy": 244.18619446864025
              },
              {
                "area": 0.0009,
                "average_potential": 865.2234109107892,
                "electric_energy_density": 129196967.9451456,
                "electric_field_magnitude": 11092.463817997832,
                "electric_field_x": -11092.463817997832,
                "electric_field_y": -0.0,
                "electric_flux_density_magnitude": 23294.54845469406,
                "electric_flux_density_x": -23294.54845469406,
                "electric_flux_density_y": -0.0,
                "id": "dielectric_core",
                "index": 1,
                "node_i": 1,
                "node_j": 2,
                "node_k": 6,
                "node_l": 5,
                "potential_gradient_x": 11092.463817997832,
                "potential_gradient_y": 0.0,
                "stored_energy": 116.27727115063104
              },
              {
                "area": 0.0009,
                "average_potential": 1114.8051840903784,
                "electric_energy_density": 64599522.34620113,
                "electric_field_magnitude": 5546.321060641443,
                "electric_field_x": -5546.321060641443,
                "electric_field_y": -0.0,
                "electric_flux_density_magnitude": 23294.54845469406,
                "electric_flux_density_x": -23294.54845469406,
                "electric_flux_density_y": -0.0,
                "id": "substrate_right",
                "index": 2,
                "node_i": 2,
                "node_j": 3,
                "node_k": 7,
                "node_l": 6,
                "potential_gradient_x": 5546.321060641443,
                "potential_gradient_y": 0.0,
                "stored_energy": 58.139570111581016
              }
            ],
            "input": {
              "elements": [
                {
                  "id": "conductor_left",
                  "node_i": 0,
                  "node_j": 1,
                  "node_k": 5,
                  "node_l": 4,
                  "permittivity": 1.0,
                  "thickness": 0.001
                },
                {
                  "id": "dielectric_core",
                  "node_i": 1,
                  "node_j": 2,
                  "node_k": 6,
                  "node_l": 5,
                  "permittivity": 2.1000337559720506,
                  "thickness": 0.001
                },
                {
                  "id": "substrate_right",
                  "node_i": 2,
                  "node_j": 3,
                  "node_k": 7,
                  "node_l": 6,
                  "permittivity": 4.2,
                  "thickness": 0.001
                }
              ],
              "nodes": [
                {
                  "charge_density": 0.0,
                  "fix_potential": true,
                  "id": "n0",
                  "potential": 0.0,
                  "x": 0.0,
                  "y": 0.0
                },
                {
                  "charge_density": 0.0,
                  "fix_potential": false,
                  "id": "n1",
                  "potential": 0.0,
                  "x": 0.03,
                  "y": 0.0
                },
                {
                  "charge_density": 0.0,
                  "fix_potential": false,
                  "id": "n2",
                  "potential": 0.0,
                  "x": 0.06,
                  "y": 0.0
                },
                {
                  "charge_density": 0.0,
                  "fix_potential": true,
                  "id": "n3",
                  "potential": 1198.0,
                  "x": 0.09,
                  "y": 0.0
                },
                {
                  "charge_density": 0.0,
                  "fix_potential": true,
                  "id": "n4",
                  "potential": 0.0,
                  "x": 0.0,
                  "y": 0.03
                },
                {
                  "charge_density": 0.0,
                  "fix_potential": false,
                  "id": "n5",
                  "potential": 0.0,
                  "x": 0.03,
                  "y": 0.03
                },
                {
                  "charge_density": 0.0,
                  "fix_potential": false,
                  "id": "n6",
                  "potential": 0.0,
                  "x": 0.06,
                  "y": 0.03
                },
                {
                  "charge_density": 0.0,
                  "fix_potential": true,
                  "id": "n7",
                  "potential": 1198.0,
                  "x": 0.09,
                  "y": 0.03
                }
              ]
            },
            "max_electric_energy_density": 271317993.85404474,
            "max_electric_field": 23294.54845469406,
            "max_flux_density": 23294.54845469406,
            "max_potential": 1198.0,
            "nodes": [
              {
                "charge_density": 0.0,
                "id": "n0",
                "index": 0,
                "potential": 0.0,
                "x": 0.0,
                "y": 0.0
              },
              {
                "charge_density": 0.0,
                "id": "n1",
                "index": 1,
                "potential": 698.8364536408218,
                "x": 0.03,
                "y": 0.0
              },
              {
                "charge_density": 0.0,
                "id": "n2",
                "index": 2,
                "potential": 1031.6103681807567,
                "x": 0.06,
                "y": 0.0
              },
              {
                "charge_density": 0.0,
                "id": "n3",
                "index": 3,
                "potential": 1198.0,
                "x": 0.09,
                "y": 0.0
              },
              {
                "charge_density": 0.0,
                "id": "n4",
                "index": 4,
                "potential": 0.0,
                "x": 0.0,
                "y": 0.03
              },
              {
                "charge_density": 0.0,
                "id": "n5",
                "index": 5,
                "potential": 698.8364536408218,
                "x": 0.03,
                "y": 0.03
              },
              {
                "charge_density": 0.0,
                "id": "n6",
                "index": 6,
                "potential": 1031.6103681807567,
                "x": 0.06,
                "y": 0.03
              },
              {
                "charge_density": 0.0,
                "id": "n7",
                "index": 7,
                "potential": 1198.0,
                "x": 0.09,
                "y": 0.03
              }
            ],
            "total_stored_energy": 418.6030357308523
          },
          "electrostatic_mesh_convergence": {
            "finest_pair_relative_change": 1.3304548803665058e-14,
            "max_analytic_relative_error": 0.3311111111111112,
            "method": "structured_quad_h_refinement",
            "refinement_levels": [
              1,
              2,
              4,
              8
            ],
            "relative_error_tolerance": 1e-8,
            "samples": [
              {
                "analytic_relative_error": 0.3311111111111112,
                "element_count": 3,
                "elements_per_layer": 1,
                "max_electric_field_v_m": 23294.54845469406,
                "node_count": 8,
                "relative_change_from_previous": null
              },
              {
                "analytic_relative_error": 2.078835750572665e-16,
                "element_count": 6,
                "elements_per_layer": 2,
                "max_electric_field_v_m": 17500.078137917077,
                "node_count": 14,
                "relative_change_from_previous": 0.33111111111111097
              },
              {
                "analytic_relative_error": 8.315343002290661e-16,
                "element_count": 12,
                "elements_per_layer": 4,
                "max_electric_field_v_m": 17500.078137917088,
                "node_count": 26,
                "relative_change_from_previous": 6.236507251717997e-16
              },
              {
                "analytic_relative_error": 1.4136083103894124e-14,
                "element_count": 24,
                "elements_per_layer": 8,
                "max_electric_field_v_m": 17500.07813791732,
                "node_count": 50,
                "relative_change_from_previous": 1.3304548803665058e-14
              }
            ],
            "schema_version": "kyuubiki.composite-electrostatic-mesh-convergence/v1",
            "status": "fail"
          },
          "electrothermal_feedback_convergence": {
            "conductivity_relative_change_tolerance": 1e-9,
            "converged": true,
            "final_loss_relative_change": 3.4620115777776135e-10,
            "final_max_conductivity_relative_change": 1.2849722254426254e-10,
            "final_temperature_residual_c": 3.19464206199882e-8,
            "iteration_count": 11,
            "iterations": [
              {
                "converged": false,
                "coupling_temperature_c": 35.0,
                "dielectric_mean_temperature_c": 35.16085708833918,
                "iteration": 1,
                "loss_relative_change": null,
                "loss_tangent": 0.0002,
                "max_conductivity_relative_change": null,
                "max_temperature_c": 35.32121860947891,
                "relative_permittivity": 2.1,
                "temperature_residual_c": 0.3211755325558343,
                "thermal_conductivity_updates": [
                  {
                    "conductivity_relative_change": null,
                    "conductivity_w_mk": 390.0,
                    "coupling_temperature_c": 35.0,
                    "element_id": "conductor_left",
                    "measured_mean_temperature_c": 35.321175532555834
                  },
                  {
                    "conductivity_relative_change": null,
                    "conductivity_w_mk": 0.25,
                    "coupling_temperature_c": 35.0,
                    "element_id": "dielectric_core",
                    "measured_mean_temperature_c": 35.16085708833918
                  },
                  {
                    "conductivity_relative_change": null,
                    "conductivity_w_mk": 160.0,
                    "coupling_temperature_c": 35.0,
                    "element_id": "substrate_right",
                    "measured_mean_temperature_c": 35.000290860522796
                  }
                ],
                "total_joule_loss_w": 0.0000672,
                "total_loss_w": 0.00002587536729456721
              },
              {
                "converged": false,
                "coupling_temperature_c": 35.128685670671345,
                "dielectric_mean_temperature_c": 35.16076551633812,
                "iteration": 2,
                "loss_relative_change": 0.0006941332557851562,
                "loss_tangent": 0.00020002573713413427,
                "max_conductivity_relative_change": 0.0002573713413427381,
                "max_temperature_c": 35.32103580431784,
                "relative_permittivity": 2.1000270239908407,
                "temperature_residual_c": 0.06405233374437103,
                "thermal_conductivity_updates": [
                  {
                    "conductivity_relative_change": 0.00025694042604457607,
                    "conductivity_w_mk": 389.8997932338426,
                    "coupling_temperature_c": 35.256940426044665,
                    "element_id": "conductor_left",
                    "measured_mean_temperature_c": 35.320992759789036
                  },
                  {
                    "conductivity_relative_change": 0.0002573713413427381,
                    "conductivity_w_mk": 0.24993565716466432,
                    "coupling_temperature_c": 35.128685670671345,
                    "element_id": "dielectric_core",
                    "measured_mean_temperature_c": 35.16076551633812
                  },
                  {
                    "conductivity_relative_change": 2.792261019735065e-7,
                    "conductivity_w_mk": 159.99995532382368,
                    "coupling_temperature_c": 35.00023268841824,
                    "element_id": "substrate_right",
                    "measured_mean_temperature_c": 35.000290658707996
                  }
                ],
                "total_joule_loss_w": 0.00006713221151242261,
                "total_loss_w": 0.00002587854907441102
              },
              {
                "converged": false,
                "coupling_temperature_c": 35.15434954720476,
                "dielectric_mean_temperature_c": 35.160747281244554,
                "iteration": 3,
                "loss_relative_change": 0.00013835202026936657,
                "loss_tangent": 0.00020003086990944097,
                "max_conductivity_relative_change": 0.00005134096676030196,
                "max_temperature_c": 35.32099940162095,
                "relative_permittivity": 2.100032413404913,
                "temperature_residual_c": 0.012774070503908774,
                "thermal_conductivity_updates": [
                  {
                    "conductivity_relative_change": 0.00005125503648659518,
                    "conductivity_w_mk": 389.8798089057143,
                    "coupling_temperature_c": 35.30818229304016,
                    "element_id": "conductor_left",
                    "measured_mean_temperature_c": 35.32095636354407
                  },
                  {
                    "conductivity_relative_change": 0.00005134096676030196,
                    "conductivity_w_mk": 0.2499228252263976,
                    "coupling_temperature_c": 35.15434954720476,
                    "element_id": "dielectric_core",
                    "measured_mean_temperature_c": 35.160747281244554
                  },
                  {
                    "conductivity_relative_change": 5.565149363184956e-8,
                    "conductivity_w_mk": 159.9999464195872,
                    "coupling_temperature_c": 35.000279064650044,
                    "element_id": "substrate_right",
                    "measured_mean_temperature_c": 35.000290618510945
                  }
                ],
                "total_joule_loss_w": 0.00006711870874556128,
                "total_loss_w": 0.00002587918361463837
              },
              {
                "converged": false,
                "coupling_temperature_c": 35.159467734436596,
                "dielectric_mean_temperature_c": 35.160743645666145,
                "iteration": 4,
                "loss_relative_change": 0.0000275886244807246,
                "loss_tangent": 0.00020003189354688732,
                "max_conductivity_relative_change": 0.0000102395353989284,
                "max_temperature_c": 35.32099214392044,
                "relative_permittivity": 2.100033488224232,
                "temperature_residual_c": 0.002547557686668256,
                "thermal_conductivity_updates": [
                  {
                    "conductivity_relative_change": 0.000010222406767744296,
                    "conductivity_w_mk": 389.87582339571713,
                    "coupling_temperature_c": 35.31840154944329,
                    "element_id": "conductor_left",
                    "measured_mean_temperature_c": 35.320949107129955
                  },
                  {
                    "conductivity_relative_change": 0.0000102395353989284,
                    "conductivity_w_mk": 0.2499202661327817,
                    "coupling_temperature_c": 35.159467734436596,
                    "element_id": "dielectric_core",
                    "measured_mean_temperature_c": 35.160743645666145
                  },
                  {
                    "conductivity_relative_change": 1.1091710289793008e-8,
                    "conductivity_w_mk": 159.99994464491414,
                    "coupling_temperature_c": 35.000288307738764,
                    "element_id": "substrate_right",
                    "measured_mean_temperature_c": 35.000290610496414
                  }
                ],
                "total_joule_loss_w": 0.0000671160165144529,
                "total_loss_w": 0.00002587931016181692
              },
              {
                "converged": false,
                "coupling_temperature_c": 35.160488463420236,
                "dielectric_mean_temperature_c": 35.16074292065505,
                "iteration": 5,
                "loss_relative_change": 5.501927332887174e-6,
                "loss_tangent": 0.00020003209769268407,
                "max_conductivity_relative_change": 2.0421092684159123e-6,
                "max_temperature_c": 35.32099069658176,
                "relative_permittivity": 2.1000337025773184,
                "temperature_residual_c": 0.0005080644551682667,
                "thermal_conductivity_updates": [
                  {
                    "conductivity_relative_change": 2.038695273036608e-6,
                    "conductivity_w_mk": 389.8750285577189,
                    "coupling_temperature_c": 35.320439595592624,
                    "element_id": "conductor_left",
                    "measured_mean_temperature_c": 35.32094766004779
                  },
                  {
                    "conductivity_relative_change": 2.0421092684159123e-6,
                    "conductivity_w_mk": 0.24991975576828987,
                    "coupling_temperature_c": 35.160488463420236,
                    "element_id": "dielectric_core",
                    "measured_mean_temperature_c": 35.16074292065505
                  },
                  {
                    "conductivity_relative_change": 2.210648074469151e-9,
                    "conductivity_w_mk": 159.99994429121057,
                    "coupling_temperature_c": 35.00029014994488,
                    "element_id": "substrate_right",
                    "measured_mean_temperature_c": 35.00029060889814
                  }
                ],
                "total_joule_loss_w": 0.0000671154796234063,
                "total_loss_w": 0.00002587933539933386
              },
              {
                "converged": false,
                "coupling_temperature_c": 35.16069202920809,
                "dielectric_mean_temperature_c": 35.160742776066826,
                "iteration": 6,
                "loss_relative_change": 1.097255269792309e-6,
                "loss_tangent": 0.00020003213840584164,
                "max_conductivity_relative_change": 4.0726229747550786e-7,
                "max_temperature_c": 35.32099040794046,
                "relative_permittivity": 2.1000337453261335,
                "temperature_residual_c": 0.00010132430090692424,
                "thermal_conductivity_updates": [
                  {
                    "conductivity_relative_change": 4.0658184914873355e-7,
                    "conductivity_w_mk": 389.87487004160886,
                    "coupling_temperature_c": 35.320846047156756,
                    "element_id": "conductor_left",
                    "measured_mean_temperature_c": 35.32094737145766
                  },
                  {
                    "conductivity_relative_change": 4.0726229747550786e-7,
                    "conductivity_w_mk": 0.24991965398539595,
                    "coupling_temperature_c": 35.16069202920809,
                    "element_id": "dielectric_core",
                    "measured_mean_temperature_c": 35.160742776066826
                  },
                  {
                    "conductivity_relative_change": 4.405952693533941e-10,
                    "conductivity_w_mk": 159.99994422071535,
                    "coupling_temperature_c": 35.00029051710749,
                    "element_id": "substrate_right",
                    "measured_mean_temperature_c": 35.00029060857939
                  }
                ],
                "total_joule_loss_w": 0.00006711537255119303,
                "total_loss_w": 0.00002587934043249627
              },
              {
                "converged": false,
                "coupling_temperature_c": 35.16073262669508,
                "dielectric_mean_temperature_c": 35.16074274721483,
                "iteration": 7,
                "loss_relative_change": 2.188276038810994e-7,
                "loss_tangent": 0.000200032146525339,
                "max_conductivity_relative_change": 8.122107712592087e-8,
                "max_temperature_c": 35.320990350343266,
                "relative_permittivity": 2.100033753851606,
                "temperature_residual_c": 0.000020207273195183006,
                "thermal_conductivity_updates": [
                  {
                    "conductivity_relative_change": 8.10854566532374e-8,
                    "conductivity_w_mk": 389.874838428427,
                    "coupling_temperature_c": 35.32092710659748,
                    "element_id": "conductor_left",
                    "measured_mean_temperature_c": 35.320947313870676
                  },
                  {
                    "conductivity_relative_change": 8.122107712592087e-8,
                    "conductivity_w_mk": 0.2499196336866525,
                    "coupling_temperature_c": 35.16073262669508,
                    "element_id": "dielectric_core",
                    "measured_mean_temperature_c": 35.16074274721483
                  },
                  {
                    "conductivity_relative_change": 8.781298751937397e-11,
                    "conductivity_w_mk": 159.99994420666528,
                    "coupling_temperature_c": 35.00029059028501,
                    "element_id": "substrate_right",
                    "measured_mean_temperature_c": 35.00029060851579
                  }
                ],
                "total_joule_loss_w": 0.00006711535119761028,
                "total_loss_w": 0.000025879341436268812
              },
              {
                "converged": false,
                "coupling_temperature_c": 35.160740723110884,
                "dielectric_mean_temperature_c": 35.16074274148086,
                "iteration": 8,
                "loss_relative_change": 4.364114605902291e-8,
                "loss_tangent": 0.00020003214814462216,
                "max_conductivity_relative_change": 1.6198038737750543e-8,
                "max_temperature_c": 35.320990338896564,
                "relative_permittivity": 2.100033755551854,
                "temperature_residual_c": 4.030009961297765e-6,
                "thermal_conductivity_updates": [
                  {
                    "conductivity_relative_change": 1.6171008247130533e-8,
                    "conductivity_w_mk": 389.87483212375776,
                    "coupling_temperature_c": 35.32094327241604,
                    "element_id": "conductor_left",
                    "measured_mean_temperature_c": 35.320947302426
                  },
                  {
                    "conductivity_relative_change": 1.6198038737750543e-8,
                    "conductivity_w_mk": 0.24991962963844455,
                    "coupling_temperature_c": 35.160740723110884,
                    "element_id": "dielectric_core",
                    "measured_mean_temperature_c": 35.16074274148086
                  },
                  {
                    "conductivity_relative_change": 1.750156186313159e-11,
                    "conductivity_w_mk": 159.99994420386503,
                    "coupling_temperature_c": 35.00029060486963,
                    "element_id": "substrate_right",
                    "measured_mean_temperature_c": 35.00029060850314
                  }
                ],
                "total_joule_loss_w": 0.00006711534693903151,
                "total_loss_w": 0.00002587934163645262
              },
              {
                "converged": false,
                "coupling_temperature_c": 35.160742337806866,
                "dielectric_mean_temperature_c": 35.16074274032582,
                "iteration": 9,
                "loss_relative_change": 8.703512510158769e-9,
                "loss_tangent": 0.0002000321484675614,
                "max_conductivity_relative_change": 3.230430499525112e-9,
                "max_temperature_c": 35.320990336590754,
                "relative_permittivity": 2.100033755890939,
                "temperature_residual_c": 8.036965866153878e-7,
                "thermal_conductivity_updates": [
                  {
                    "conductivity_relative_change": 3.225043065724067e-9,
                    "conductivity_w_mk": 389.87483086639463,
                    "coupling_temperature_c": 35.32094649642401,
                    "element_id": "conductor_left",
                    "measured_mean_temperature_c": 35.320947300120594
                  },
                  {
                    "conductivity_relative_change": 3.230430499525112e-9,
                    "conductivity_w_mk": 0.24991962883109656,
                    "coupling_temperature_c": 35.160742337806866,
                    "element_id": "dielectric_core",
                    "measured_mean_temperature_c": 35.16074274032582
                  },
                  {
                    "conductivity_relative_change": 3.488233141967317e-12,
                    "conductivity_w_mk": 159.9999442033069,
                    "coupling_temperature_c": 35.00029060777644,
                    "element_id": "substrate_right",
                    "measured_mean_temperature_c": 35.000290608500606
                  }
                ],
                "total_joule_loss_w": 0.00006711534608972773,
                "total_loss_w": 0.000025879341676375965
              },
              {
                "converged": false,
                "coupling_temperature_c": 35.160742659822034,
                "dielectric_mean_temperature_c": 35.160742740106954,
                "iteration": 10,
                "loss_relative_change": 1.735723646357396e-9,
                "loss_tangent": 0.0002000321485319644,
                "max_conductivity_relative_change": 6.442373860025864e-10,
                "max_temperature_c": 35.32099033615381,
                "relative_permittivity": 2.1000337559585627,
                "temperature_residual_c": 1.60302462859363e-7,
                "thermal_conductivity_updates": [
                  {
                    "conductivity_relative_change": 6.431636436238523e-10,
                    "conductivity_w_mk": 389.8748306156413,
                    "coupling_temperature_c": 35.320947139381275,
                    "element_id": "conductor_left",
                    "measured_mean_temperature_c": 35.32094729968374
                  },
                  {
                    "conductivity_relative_change": 6.442373860025864e-10,
                    "conductivity_w_mk": 0.249919628670089,
                    "coupling_temperature_c": 35.160742659822034,
                    "element_id": "dielectric_core",
                    "measured_mean_temperature_c": 35.160742740106954
                  },
                  {
                    "conductivity_relative_change": 6.950886736551269e-13,
                    "conductivity_w_mk": 159.9999442031957,
                    "coupling_temperature_c": 35.000290608355776,
                    "element_id": "substrate_right",
                    "measured_mean_temperature_c": 35.00029060850012
                  }
                ],
                "total_joule_loss_w": 0.00006711534592035282,
                "total_loss_w": 0.000025879341684337793
              },
              {
                "converged": true,
                "coupling_temperature_c": 35.16074272404997,
                "dielectric_mean_temperature_c": 35.1607427400498,
                "iteration": 11,
                "loss_relative_change": 3.4620115777776135e-10,
                "loss_tangent": 0.00020003214854481,
                "max_conductivity_relative_change": 1.2849722254426254e-10,
                "max_temperature_c": 35.32099033603971,
                "relative_permittivity": 2.1000337559720506,
                "temperature_residual_c": 3.19464206199882e-8,
                "thermal_conductivity_updates": [
                  {
                    "conductivity_relative_change": 1.2828313160593583e-10,
                    "conductivity_w_mk": 389.87483056562695,
                    "coupling_temperature_c": 35.32094726762325,
                    "element_id": "conductor_left",
                    "measured_mean_temperature_c": 35.32094729956967
                  },
                  {
                    "conductivity_relative_change": 1.2849722254426254e-10,
                    "conductivity_w_mk": 0.249919628637975,
                    "coupling_temperature_c": 35.16074272404997,
                    "element_id": "dielectric_core",
                    "measured_mean_temperature_c": 35.1607427400498
                  },
                  {
                    "conductivity_relative_change": 1.385558817918159e-13,
                    "conductivity_w_mk": 159.99994420317353,
                    "coupling_temperature_c": 35.00029060847125,
                    "element_id": "substrate_right",
                    "measured_mean_temperature_c": 35.00029060849999
                  }
                ],
                "total_joule_loss_w": 0.00006711534588656994,
                "total_loss_w": 0.000025879341685925807
              }
            ],
            "loss_relative_change_tolerance": 1e-9,
            "max_iterations": 12,
            "method": "relaxed_temperature_dependent_dielectric_and_conductivity_fixed_point",
            "parameter_source": "screening_sensitivity_not_material_card",
            "relaxation_factor": 0.8,
            "schema_version": "kyuubiki.composite-electrothermal-feedback-convergence/v1",
            "status": "pass",
            "temperature_residual_tolerance_c": 1e-7
          },
          "electrothermal_loss_projection": {
            "assumptions": [
              "The solved electrostatic field magnitude is interpreted as an RMS harmonic field.",
              "Relative permittivity and loss tangent are scalar, isotropic, and frequency-local screening values.",
              "Element dielectric loss is lumped consistently to its four thermal nodes."
            ],
            "distributed_total_heat_load_w": 0.000025879341685925807,
            "effective_conductivity_s_m": 2.3369782669037077e-7,
            "electric_field_rms_v_m": 11092.463817997832,
            "energy_balance_relative_error": 0.0,
            "frequency_hz": 10000000.0,
            "loss_tangent": 0.00020003214854481,
            "model": "harmonic_dielectric_loss_sigma_eff_e_rms_squared",
            "relative_permittivity": 2.1000337559720506,
            "schema_version": "kyuubiki.composite-electrothermal-loss-projection/v1",
            "source_element_id": "dielectric_core",
            "source_volume_m3": 9e-7,
            "target_element_count": 1,
            "target_node_count": 4,
            "total_loss_w": 0.000025879341685925807,
            "volumetric_loss_w_m3": 28.75482409547312
          },
          "heat": {
            "elements": [
              {
                "area": 0.0009,
                "average_temperature": 35.32094729956967,
                "heat_flow_rate": 1.0067301881271526e-6,
                "heat_flux_magnitude": 1.1185890979190585,
                "heat_flux_x": 1.1185890979190585,
                "heat_flux_y": 4.4323636594256976e-11,
                "id": "conductor_left",
                "index": 0,
                "node_i": 0,
                "node_j": 1,
                "node_k": 5,
                "node_l": 4,
                "temperature_gradient_x": -0.0028690980033161395,
                "temperature_gradient_y": -1.1368683772161605e-13
              },
              {
                "area": 0.0009,
                "average_temperature": 35.1607427400498,
                "heat_flow_rate": 2.4016505017621883e-6,
                "heat_flux_magnitude": 2.6685005575135423,
                "heat_flux_x": 2.6685005575135423,
                "heat_flux_y": 2.8412572264412007e-14,
                "id": "dielectric_core",
                "index": 1,
                "node_i": 1,
                "node_j": 2,
                "node_k": 6,
                "node_l": 5,
                "temperature_gradient_x": -10.677434869987906,
                "temperature_gradient_y": -1.1368683772161605e-13
              },
              {
                "area": 0.0009,
                "average_temperature": 35.00029060849999,
                "heat_flow_rate": 2.7898406269842084e-6,
                "heat_flux_magnitude": 3.099822918871342,
                "heat_flux_x": 3.099822918871342,
                "heat_flux_y": -0.0,
                "id": "substrate_right",
                "index": 2,
                "node_i": 2,
                "node_j": 3,
                "node_k": 7,
                "node_l": 6,
                "temperature_gradient_x": -0.019373899999209243,
                "temperature_gradient_y": 0.0
              }
            ],
            "input": {
              "elements": [
                {
                  "conductivity": 389.87483056562695,
                  "id": "conductor_left",
                  "node_i": 0,
                  "node_j": 1,
                  "node_k": 5,
                  "node_l": 4,
                  "thickness": 0.001
                },
                {
                  "conductivity": 0.249919628637975,
                  "id": "dielectric_core",
                  "node_i": 1,
                  "node_j": 2,
                  "node_k": 6,
                  "node_l": 5,
                  "thickness": 0.001
                },
                {
                  "conductivity": 159.99994420317353,
                  "id": "substrate_right",
                  "node_i": 2,
                  "node_j": 3,
                  "node_k": 7,
                  "node_l": 6,
                  "thickness": 0.001
                }
              ],
              "nodes": [
                {
                  "fix_temperature": false,
                  "heat_load": 0.000016778836471642485,
                  "id": "n0",
                  "temperature": 35.0,
                  "x": 0.0,
                  "y": 0.0
                },
                {
                  "fix_temperature": false,
                  "heat_load": 0.000023248671893123937,
                  "id": "n1",
                  "temperature": 35.0,
                  "x": 0.03,
                  "y": 0.0
                },
                {
                  "fix_temperature": false,
                  "heat_load": 6.469835421481452e-6,
                  "id": "n2",
                  "temperature": 35.0,
                  "x": 0.06,
                  "y": 0.0
                },
                {
                  "fix_temperature": true,
                  "heat_load": 0.0,
                  "id": "n3",
                  "temperature": 35.0,
                  "x": 0.09,
                  "y": 0.0
                },
                {
                  "fix_temperature": false,
                  "heat_load": 0.000016778836471642485,
                  "id": "n4",
                  "temperature": 35.0,
                  "x": 0.0,
                  "y": 0.03
                },
                {
                  "fix_temperature": false,
                  "heat_load": 0.000023248671893123937,
                  "id": "n5",
                  "temperature": 35.0,
                  "x": 0.03,
                  "y": 0.03
                },
                {
                  "fix_temperature": false,
                  "heat_load": 6.469835421481452e-6,
                  "id": "n6",
                  "temperature": 35.0,
                  "x": 0.06,
                  "y": 0.03
                },
                {
                  "fix_temperature": true,
                  "heat_load": 0.0,
                  "id": "n7",
                  "temperature": 35.0,
                  "x": 0.09,
                  "y": 0.03
                }
              ]
            },
            "max_heat_flux": 3.099822918871342,
            "max_temperature": 35.32099033603971,
            "nodes": [
              {
                "heat_load": 0.000016778836471642485,
                "id": "n0",
                "index": 0,
                "temperature": 35.32099033603971,
                "x": 0.0,
                "y": 0.0
              },
              {
                "heat_load": 0.000023248671893123937,
                "id": "n1",
                "index": 1,
                "temperature": 35.320904263099614,
                "x": 0.03,
                "y": 0.0
              },
              {
                "heat_load": 6.469835421481452e-6,
                "id": "n2",
                "index": 2,
                "temperature": 35.000581216999976,
                "x": 0.06,
                "y": 0.0
              },
              {
                "heat_load": 0.0,
                "id": "n3",
                "index": 3,
                "temperature": 35.0,
                "x": 0.09,
                "y": 0.0
              },
              {
                "heat_load": 0.000016778836471642485,
                "id": "n4",
                "index": 4,
                "temperature": 35.32099033603971,
                "x": 0.0,
                "y": 0.03
              },
              {
                "heat_load": 0.000023248671893123937,
                "id": "n5",
                "index": 5,
                "temperature": 35.32090426309961,
                "x": 0.03,
                "y": 0.03
              },
              {
                "heat_load": 6.469835421481452e-6,
                "id": "n6",
                "index": 6,
                "temperature": 35.000581216999976,
                "x": 0.06,
                "y": 0.03
              },
              {
                "heat_load": 0.0,
                "id": "n7",
                "index": 7,
                "temperature": 35.0,
                "x": 0.09,
                "y": 0.03
              }
            ],
            "total_abs_heat_flow_rate": 6.198221316873549e-6
          },
          "heat_cross_validation": {
            "absolute_error_c": 1.6562751170567935e-11,
            "conductivities_w_mk": [
              389.87483056562695,
              0.249919628637975,
              159.99994420317353
            ],
            "expected_max_temperature_c": 35.320990336056276,
            "fem_max_temperature_c": 35.32099033603971,
            "fixed_temperature_c": 35.0,
            "method": "layered_thermal_resistance_with_regional_generation_closed_form",
            "relative_error": 4.689209167971826e-13,
            "relative_error_tolerance": 1e-9,
            "schema_version": "kyuubiki.composite-heat-cross-validation/v1",
            "status": "pass",
            "total_heat_load_w": 0.00009299468757249576
          },
          "heat_mesh_convergence": {
            "finest_pair_relative_change": 1.1526080158220235e-11,
            "max_analytic_relative_error": 8.971859274233181e-12,
            "method": "structured_quad_h_refinement",
            "refinement_levels": [
              1,
              2,
              4,
              8
            ],
            "relative_error_tolerance": 1e-8,
            "samples": [
              {
                "analytic_relative_error": 4.689209167971826e-13,
                "element_count": 3,
                "elements_per_layer": 1,
                "max_temperature_c": 35.32099033603971,
                "node_count": 8,
                "relative_change_from_previous": null
              },
              {
                "analytic_relative_error": 1.0557258564356988e-12,
                "element_count": 6,
                "elements_per_layer": 2,
                "max_temperature_c": 35.32099033601899,
                "node_count": 14,
                "relative_change_from_previous": 5.868049396385163e-13
              },
              {
                "analytic_relative_error": 2.5542208839870557e-12,
                "element_count": 12,
                "elements_per_layer": 4,
                "max_temperature_c": 35.32099033596606,
                "node_count": 26,
                "relative_change_from_previous": 1.4984950275513569e-12
              },
              {
                "analytic_relative_error": 8.971859274233181e-12,
                "element_count": 24,
                "elements_per_layer": 8,
                "max_temperature_c": 35.32099033637317,
                "node_count": 50,
                "relative_change_from_previous": 1.1526080158220235e-11
              }
            ],
            "schema_version": "kyuubiki.composite-heat-mesh-convergence/v1",
            "status": "pass"
          },
          "heat_to_thermal_projection": {
            "mapped_node_count": 8,
            "maximum_coordinate_error_m": 0.0,
            "maximum_temperature_delta_c": 0.3209903360397135,
            "minimum_temperature_delta_c": 0.0,
            "reference_temperature_c": 35.0,
            "schema_version": "kyuubiki.composite-heat-to-thermal-projection/v1"
          },
          "joule_heating_projection": {
            "assumptions": [
              "Steady scalar electrical conductivity is solved on a two-dimensional quad mesh.",
              "Joule heating uses the solved local sigma times electric-field magnitude squared.",
              "Element Joule power integrates both triangular subcell fields before thermal projection.",
              "Recovered terminal currents gate current continuity and electrical input-power balance.",
              "Contact and terminal impedance models require explicit study-level heat mappings."
            ],
            "boundary_voltage_span_v": 0.000033600000000000004,
            "current_balance_relative_error": 0.0,
            "distributed_total_heat_load_w": 0.00006711534588656993,
            "electrical_power_balance_relative_error": 2.019288879025314e-16,
            "energy_balance_relative_error": 2.0192888790253143e-16,
            "free_current_residual_relative_error": 0.0,
            "max_current_density_a_m2": 66582.68441127968,
            "max_free_current_residual_a": 0.0,
            "model": "solved_steady_current_density_sigma_e_squared",
            "parameter_source": "screening_reference_not_material_card",
            "regions": [
              {
                "coupling_temperature_c": 35.32094726762325,
                "current_density_magnitude_a_m2": 66582.68441127968,
                "distributed_heat_load_w": 0.00006711534588656994,
                "electric_field_magnitude_v_m": 0.00112,
                "electrical_conductivity_s_m": 59448825.367214,
                "element_id": "conductor_left",
                "energy_balance_relative_error": 0.0,
                "joule_power_w": 0.00006711534588656994,
                "peak_current_density_magnitude_a_m2": 66582.68441127968,
                "peak_electric_field_magnitude_v_m": 0.00112,
                "rms_current_density_magnitude_a_m2": 66582.68441127968,
                "rms_electric_field_magnitude_v_m": 0.00112,
                "source_volume_m3": 9e-7,
                "volumetric_joule_heating_w_m3": 74.57260654063326
              }
            ],
            "schema_version": "kyuubiki.composite-current-to-heat-projection/v2",
            "source_power_balance_relative_error": 2.019288879025314e-16,
            "status": "pass",
            "total_dissipated_power_w": 0.00006711534588656994,
            "total_electrical_input_power_w": 0.00006711534588656995,
            "total_extracted_current_a": 1.997480532338391,
            "total_injected_current_a": 1.997480532338391,
            "total_joule_loss_w": 0.00006711534588656994,
            "total_source_power_w": 0.00006711534588656995
          },
          "research": {
            "candidate_id": "copper_ptfe_glass_epoxy",
            "candidate_label": "Copper / PTFE / Glass epoxy",
            "coupling": "iterative_dielectric_and_conductor_joule_heating_with_temperature_dependent_electrical_thermal_feedback_and_expansion_projection",
            "materials": {
              "conductor": "copper",
              "dielectric": "ptfe",
              "substrate": "glass_epoxy"
            },
            "study": "material.composite_thermo_electric_panel.v1"
          },
          "schema_version": "kyuubiki.composite-thermo-electric-panel-result/v1",
          "thermal": {
            "elements": [
              {
                "area": 0.0009,
                "average_temperature_delta": 0.32094729956966184,
                "gamma_xy": -1.6084067466308873e-21,
                "id": "conductor_left",
                "index": 0,
                "max_in_plane_shear": 95454.13449087866,
                "mechanical_strain_x": 5.553695097651135e-7,
                "mechanical_strain_y": -1.7355297180159742e-6,
                "node_i": 0,
                "node_j": 1,
                "node_k": 5,
                "node_l": 4,
                "principal_stress_1": 2.037268131971359e-10,
                "principal_stress_2": -190908.2689817571,
                "strain_energy_density": 0.5447456722108456,
                "stress_x": 2.1711028037114172e-10,
                "stress_y": -190908.2689817571,
                "tau_xy": -7.105427357601002e-11,
                "thermal_strain": 5.456454317059196e-6,
                "total_strain_x": 6.011823826824309e-6,
                "total_strain_y": 3.7209245990432218e-6,
                "von_mises": 190908.2689817572
              },
              {
                "area": 0.0009,
                "average_temperature_delta": 0.16074274004979294,
                "gamma_xy": 1.602662436821491e-20,
                "id": "dielectric_core",
                "index": 1,
                "max_in_plane_shear": 4213.780023595859,
                "mechanical_strain_x": 1.0787276860405386e-6,
                "mechanical_strain_y": -3.3710240188766898e-6,
                "node_i": 1,
                "node_j": 2,
                "node_k": 6,
                "node_l": 5,
                "principal_stress_1": -5.4569682106375694e-12,
                "principal_stress_2": -8427.560047191724,
                "strain_energy_density": 0.05423333980770869,
                "stress_x": -5.427757009278543e-12,
                "stress_y": -8427.560047191724,
                "tau_xy": 1.5173048003210472e-11,
                "thermal_strain": 7.234353478465916e-6,
                "total_strain_x": 8.313081164506456e-6,
                "total_strain_y": 3.863329459589228e-6,
                "von_mises": 8427.560047191722
              },
              {
                "area": 0.0009,
                "average_temperature_delta": 0.00029060849998785443,
                "gamma_xy": -6.031525299865827e-22,
                "id": "substrate_right",
                "index": 2,
                "max_in_plane_shear": 1011.468560945896,
                "mechanical_strain_x": -2.9424539954789785e-8,
                "mechanical_strain_y": 9.19516873587177e-8,
                "node_i": 2,
                "node_j": 3,
                "node_k": 7,
                "node_l": 6,
                "principal_stress_1": 2022.937121891789,
                "principal_stress_2": -2.9558577807620168e-12,
                "strain_energy_density": 0.0002799977282261098,
                "stress_x": -2.8680761469483213e-12,
                "stress_y": 2022.937121891789,
                "tau_xy": -5.026843139275015e-12,
                "thermal_strain": 4.068519354533823e-9,
                "total_strain_x": -2.535602060025596e-8,
                "total_strain_y": 9.602020671325153e-8,
                "von_mises": 2022.9371218917904
              }
            ],
            "input": {
              "elements": [
                {
                  "id": "conductor_left",
                  "node_i": 0,
                  "node_j": 1,
                  "node_k": 5,
                  "node_l": 4,
                  "poisson_ratio": 0.32,
                  "thermal_expansion": 0.00001700109122081854,
                  "thickness": 0.001,
                  "youngs_modulus": 110000000000.0
                },
                {
                  "id": "dielectric_core",
                  "node_i": 1,
                  "node_j": 2,
                  "node_k": 6,
                  "node_l": 5,
                  "poisson_ratio": 0.32,
                  "thermal_expansion": 0.0000450057867386418,
                  "thickness": 0.001,
                  "youngs_modulus": 2500000000.0
                },
                {
                  "id": "substrate_right",
                  "node_i": 2,
                  "node_j": 3,
                  "node_k": 7,
                  "node_l": 6,
                  "poisson_ratio": 0.32,
                  "thermal_expansion": 0.0000140000012205557,
                  "thickness": 0.001,
                  "youngs_modulus": 22000000000.0
                }
              ],
              "nodes": [
                {
                  "fix_x": true,
                  "fix_y": true,
                  "id": "n0",
                  "load_x": 0.0,
                  "load_y": 0.0,
                  "temperature_delta": 0.3209903360397135,
                  "x": 0.0,
                  "y": 0.0
                },
                {
                  "fix_x": false,
                  "fix_y": false,
                  "id": "n1",
                  "load_x": 0.0,
                  "load_y": 0.0,
                  "temperature_delta": 0.32090426309961373,
                  "x": 0.03,
                  "y": 0.0
                },
                {
                  "fix_x": false,
                  "fix_y": false,
                  "id": "n2",
                  "load_x": 0.0,
                  "load_y": 0.0,
                  "temperature_delta": 0.0005812169999757089,
                  "x": 0.06,
                  "y": 0.0
                },
                {
                  "fix_x": false,
                  "fix_y": false,
                  "id": "n3",
                  "load_x": 0.0,
                  "load_y": 0.0,
                  "temperature_delta": 0.0,
                  "x": 0.09,
                  "y": 0.0
                },
                {
                  "fix_x": true,
                  "fix_y": true,
                  "id": "n4",
                  "load_x": 0.0,
                  "load_y": 0.0,
                  "temperature_delta": 0.3209903360397135,
                  "x": 0.0,
                  "y": 0.03
                },
                {
                  "fix_x": false,
                  "fix_y": false,
                  "id": "n5",
                  "load_x": 0.0,
                  "load_y": 0.0,
                  "temperature_delta": 0.3209042630996066,
                  "x": 0.03,
                  "y": 0.03
                },
                {
                  "fix_x": false,
                  "fix_y": false,
                  "id": "n6",
                  "load_x": 0.0,
                  "load_y": 0.0,
                  "temperature_delta": 0.0005812169999757089,
                  "x": 0.06,
                  "y": 0.03
                },
                {
                  "fix_x": false,
                  "fix_y": false,
                  "id": "n7",
                  "load_x": 0.0,
                  "load_y": 0.0,
                  "temperature_delta": 0.0,
                  "x": 0.09,
                  "y": 0.03
                }
              ]
            },
            "max_displacement": 4.297683840622377e-7,
            "max_strain_energy_density": 0.5447456722108456,
            "max_stress": 190908.2689817572,
            "max_temperature_delta": 0.3209903360397135,
            "nodes": [
              {
                "displacement_magnitude": 0.0,
                "id": "n0",
                "index": 0,
                "temperature_delta": 0.3209903360397135,
                "ux": 0.0,
                "uy": 0.0,
                "x": 0.0,
                "y": 0.0
              },
              {
                "displacement_magnitude": 2.121051037502017e-7,
                "id": "n1",
                "index": 1,
                "temperature_delta": 0.32090426309961373,
                "ux": 1.8035471480473013e-7,
                "uy": -1.116277379712959e-7,
                "x": 0.03,
                "y": 0.0
              },
              {
                "displacement_magnitude": 4.297683840622377e-7,
                "id": "n2",
                "index": 2,
                "temperature_delta": 0.0005812169999757089,
                "ux": 4.297471497399263e-7,
                "uy": -4.2721458163747205e-9,
                "x": 0.06,
                "y": 0.0
              },
              {
                "displacement_magnitude": 4.2898872604322707e-7,
                "id": "n3",
                "index": 3,
                "temperature_delta": 0.0,
                "ux": 4.289864691219186e-7,
                "uy": 1.3915396149947821e-9,
                "x": 0.09,
                "y": 0.0
              },
              {
                "displacement_magnitude": 0.0,
                "id": "n4",
                "index": 4,
                "temperature_delta": 0.3209903360397135,
                "ux": 0.0,
                "uy": 0.0,
                "x": 0.0,
                "y": 0.03
              },
              {
                "displacement_magnitude": 2.121051037502011e-7,
                "id": "n5",
                "index": 5,
                "temperature_delta": 0.3209042630996066,
                "ux": 1.8035471480472847e-7,
                "uy": 1.1162773797129744e-7,
                "x": 0.03,
                "y": 0.03
              },
              {
                "displacement_magnitude": 4.2976838406223106e-7,
                "id": "n6",
                "index": 6,
                "temperature_delta": 0.0005812169999757089,
                "ux": 4.297471497399196e-7,
                "uy": 4.272145816385612e-9,
                "x": 0.06,
                "y": 0.03
              },
              {
                "displacement_magnitude": 4.289887260432203e-7,
                "id": "n7",
                "index": 7,
                "temperature_delta": 0.0,
                "ux": 4.289864691219119e-7,
                "uy": -1.3915396149704583e-9,
                "x": 0.09,
                "y": 0.03
              }
            ],
            "total_strain_energy": 5.393331087721024e-7
          },
          "thermal_constraint_regularized_mesh_convergence": {
            "algebraic_validation": {
              "max_relative_residual": null,
              "method": "original_system_recomputed_l2_residual_over_max_rhs_l2_or_one",
              "qualification_effect": "algebraic_gate_does_not_override_discretization_gates",
              "relative_residual_tolerance": 1e-10,
              "required_series": [
                "uniform_full_edge_clamp",
                "uniform_regularized_restraint",
                "interface_graded_full_edge_clamp"
              ],
              "schema_version": "kyuubiki.composite-thermal-algebraic-validation/v1",
              "series": [],
              "status": "missing"
            },
            "convergence_tolerance": 0.02,
            "diagnostic_metrics": [
              "max_von_mises_stress_pa"
            ],
            "finest_pair_displacement_relative_change": 0.0016650162212784728,
            "finest_pair_peak_stress_relative_change": 0.30907272726692064,
            "finest_pair_strain_energy_relative_change": 0.2272386479756367,
            "method": "structured_quad_h_refinement_preserving_piecewise_linear_temperature_roller_edge_with_vertical_anchor",
            "pass_metrics": [
              "max_displacement_m",
              "total_strain_energy_j"
            ],
            "refinement_levels": [
              1,
              2,
              4,
              8
            ],
            "regime_assessment": {
              "diagnosis": "pass_metrics_lack_qualified_discretization_uncertainty",
              "gci_safety_factor": 1.25,
              "method": "four_level_constant_ratio_observed_order_and_fine_grid_gci",
              "metrics": [
                {
                  "coarse_triplet_observed_order": 0.5432042059123333,
                  "fine_grid_gci": null,
                  "fine_triplet_observed_order": 4.097490654780739,
                  "metric": "max_displacement_m",
                  "observed_order_relative_difference": 0.8674300317735806,
                  "qualification_role": "pass_metric",
                  "regime": "oscillatory",
                  "richardson_extrapolated_value": null,
                  "unit": "m"
                },
                {
                  "coarse_triplet_observed_order": 1.6907144196967416,
                  "fine_grid_gci": 0.16747006017193006,
                  "fine_triplet_observed_order": 1.6757591392418063,
                  "metric": "total_strain_energy_j",
                  "observed_order_relative_difference": 0.008845539069583266,
                  "qualification_role": "pass_metric",
                  "regime": "asymptotic_converging",
                  "richardson_extrapolated_value": 1.0086241361688712e-8,
                  "unit": "J"
                },
                {
                  "coarse_triplet_observed_order": -3.898419789048626,
                  "fine_grid_gci": null,
                  "fine_triplet_observed_order": -0.6812976957927035,
                  "metric": "max_von_mises_stress_pa",
                  "observed_order_relative_difference": 0.8252374724480435,
                  "qualification_role": "diagnostic_metric",
                  "regime": "monotonic_diverging",
                  "richardson_extrapolated_value": null,
                  "unit": "Pa"
                }
              ],
              "order_consistency_tolerance": 0.25,
              "qualification_effect": "gci_gates_require_asymptotic_pass_metric_evidence",
              "qualification_tolerance": 0.02,
              "refinement_ratio": 2.0,
              "schema_version": "kyuubiki.composite-thermal-convergence-regime/v1",
              "status": "fail"
            },
            "samples": [
              {
                "displacement_relative_change": null,
                "element_count": 3,
                "elements_per_original_element": 1,
                "max_displacement_m": 4.292496349520693e-7,
                "max_von_mises_stress_pa": 10551.286801926572,
                "node_count": 8,
                "peak_stress_relative_change": null,
                "strain_energy_relative_change": null,
                "total_strain_energy_j": 6.133528746231705e-8
              },
              {
                "displacement_relative_change": 0.041067496357033745,
                "element_count": 12,
                "elements_per_original_element": 2,
                "max_displacement_m": 4.116214271324171e-7,
                "max_von_mises_stress_pa": 10832.31915028297,
                "node_count": 21,
                "peak_stress_relative_change": 0.02594387632578731,
                "strain_energy_relative_change": 0.5758844763200379,
                "total_strain_energy_j": 2.6013247562141597e-8
              },
              {
                "displacement_relative_change": 0.028550240632572305,
                "element_count": 48,
                "elements_per_original_element": 4,
                "max_displacement_m": 4.237186979185108e-7,
                "max_von_mises_stress_pa": 15023.125609792129,
                "node_count": 65,
                "peak_stress_relative_change": 0.2789570272099419,
                "strain_energy_relative_change": 0.420625355194481,
                "total_strain_energy_j": 1.507141606655382e-8
              },
              {
                "displacement_relative_change": 0.0016650162212784728,
                "element_count": 192,
                "elements_per_original_element": 8,
                "max_displacement_m": 4.244253730493602e-7,
                "max_von_mises_stress_pa": 21743.42539753225,
                "node_count": 225,
                "peak_stress_relative_change": 0.30907272726692064,
                "strain_energy_relative_change": 0.2272386479756367,
                "total_strain_energy_j": 1.1646607856511842e-8
              }
            ],
            "schema_version": "kyuubiki.composite-thermal-mesh-convergence/v1",
            "status": "fail"
          },
          "thermal_constraint_sensitivity": {
            "alternative_restraint": "roller_edge_with_vertical_anchor",
            "alternative_status": "fail",
            "diagnosis": "mixed_restraint_sensitivity_and_persistent_energy_nonconvergence",
            "displacement_change_ratio_alternative_to_primary": 0.4262708728966655,
            "peak_stress_change_ratio_alternative_to_primary": 1.1902991601431538,
            "primary_restraint": "full_edge_clamp",
            "primary_status": "fail",
            "qualification_effect": "diagnostic_only_does_not_override_primary_quality_gates",
            "schema_version": "kyuubiki.composite-thermal-constraint-sensitivity/v1",
            "strain_energy_change_ratio_alternative_to_primary": 1.7229905189750574
          },
          "thermal_expansion_projection": {
            "coverage_fraction": 1.0,
            "declared_region_count": 3,
            "max_relative_change": 0.00012859419203987326,
            "model": "regional_linear_temperature_dependent_thermal_expansion",
            "parameter_source": "screening_sensitivity_not_material_card",
            "schema_version": "kyuubiki.composite-thermal-expansion-projection/v1",
            "status": "pass",
            "updated_region_count": 3,
            "updates": [
              {
                "adjusted_thermal_expansion_1_k": 0.00001700109122081854,
                "element_id": "conductor_left",
                "mean_temperature_c": 35.32094729956967,
                "reference_thermal_expansion_1_k": 0.000017,
                "relative_change": 0.00006418945991408184
              },
              {
                "adjusted_thermal_expansion_1_k": 0.0000450057867386418,
                "element_id": "dielectric_core",
                "mean_temperature_c": 35.1607427400498,
                "reference_thermal_expansion_1_k": 0.000045,
                "relative_change": 0.00012859419203987326
              },
              {
                "adjusted_thermal_expansion_1_k": 0.0000140000012205557,
                "element_id": "substrate_right",
                "mean_temperature_c": 35.00029060849999,
                "reference_thermal_expansion_1_k": 0.000014,
                "relative_change": 8.718255011865272e-8
              }
            ]
          },
          "thermal_interface_grading_assessment": {
            "diagnosis": "graded_mesh_did_not_resolve_nonconvergence",
            "displacement_change_ratio_graded_to_uniform": 1.162387844320458,
            "graded_mesh_convergence": {
              "algebraic_validation": {
                "max_relative_residual": null,
                "method": "original_system_recomputed_l2_residual_over_max_rhs_l2_or_one",
                "qualification_effect": "algebraic_gate_does_not_override_discretization_gates",
                "relative_residual_tolerance": 1e-10,
                "required_series": [
                  "uniform_full_edge_clamp",
                  "uniform_regularized_restraint",
                  "interface_graded_full_edge_clamp"
                ],
                "schema_version": "kyuubiki.composite-thermal-algebraic-validation/v1",
                "series": [],
                "status": "missing"
              },
              "convergence_tolerance": 0.02,
              "diagnostic_metrics": [
                "max_von_mises_stress_pa"
              ],
              "finest_pair_displacement_relative_change": 0.004540292896530249,
              "finest_pair_peak_stress_relative_change": 0.4148835670955733,
              "finest_pair_strain_energy_relative_change": 0.11933631326398396,
              "method": "cosine_graded_quad_h_refinement_at_clamp_interfaces_and_free_edges",
              "pass_metrics": [
                "max_displacement_m",
                "total_strain_energy_j"
              ],
              "refinement_levels": [
                1,
                2,
                4,
                8
              ],
              "regime_assessment": {
                "diagnosis": "pass_metrics_lack_qualified_discretization_uncertainty",
                "gci_safety_factor": 1.25,
                "method": "four_level_constant_ratio_observed_order_and_fine_grid_gci",
                "metrics": [
                  {
                    "coarse_triplet_observed_order": 2.0283427525868793,
                    "fine_grid_gci": null,
                    "fine_triplet_observed_order": 1.0537950978904718,
                    "metric": "max_displacement_m",
                    "observed_order_relative_difference": 0.4804649773582412,
                    "qualification_role": "pass_metric",
                    "regime": "oscillatory",
                    "richardson_extrapolated_value": null,
                    "unit": "m"
                  },
                  {
                    "coarse_triplet_observed_order": 0.8547335455273877,
                    "fine_grid_gci": null,
                    "fine_triplet_observed_order": 1.773033171304348,
                    "metric": "total_strain_energy_j",
                    "observed_order_relative_difference": 0.517925801185888,
                    "qualification_role": "pass_metric",
                    "regime": "monotonic_pre_asymptotic",
                    "richardson_extrapolated_value": null,
                    "unit": "J"
                  },
                  {
                    "coarse_triplet_observed_order": -1.05955143233644,
                    "fine_grid_gci": null,
                    "fine_triplet_observed_order": -0.5966195826202015,
                    "metric": "max_von_mises_stress_pa",
                    "observed_order_relative_difference": 0.4369130516820852,
                    "qualification_role": "diagnostic_metric",
                    "regime": "monotonic_diverging",
                    "richardson_extrapolated_value": null,
                    "unit": "Pa"
                  }
                ],
                "order_consistency_tolerance": 0.25,
                "qualification_effect": "gci_gates_require_asymptotic_pass_metric_evidence",
                "qualification_tolerance": 0.02,
                "refinement_ratio": 2.0,
                "schema_version": "kyuubiki.composite-thermal-convergence-regime/v1",
                "status": "fail"
              },
              "samples": [
                {
                  "displacement_relative_change": null,
                  "element_count": 3,
                  "elements_per_original_element": 1,
                  "max_displacement_m": 4.297683840622377e-7,
                  "max_von_mises_stress_pa": 190908.2689817572,
                  "node_count": 8,
                  "peak_stress_relative_change": null,
                  "strain_energy_relative_change": null,
                  "total_strain_energy_j": 5.393331087721024e-7
                },
                {
                  "displacement_relative_change": 0.03736577554120883,
                  "element_count": 12,
                  "elements_per_original_element": 2,
                  "max_displacement_m": 4.137097550886601e-7,
                  "max_von_mises_stress_pa": 331206.5370322919,
                  "node_count": 21,
                  "peak_stress_relative_change": 0.4235975210744585,
                  "strain_energy_relative_change": 0.3437900153728339,
                  "total_strain_energy_j": 3.539157710162631e-7
                },
                {
                  "displacement_relative_change": 0.009425573927242034,
                  "element_count": 48,
                  "elements_per_original_element": 4,
                  "max_displacement_m": 4.176463112709847e-7,
                  "max_von_mises_stress_pa": 623627.8837494786,
                  "node_count": 65,
                  "peak_stress_relative_change": 0.4689035791007977,
                  "strain_energy_relative_change": 0.28970099695130724,
                  "total_strain_energy_j": 2.513860193160611e-7
                },
                {
                  "displacement_relative_change": 0.004540292896530249,
                  "element_count": 192,
                  "elements_per_original_element": 8,
                  "max_displacement_m": 4.1575007469065897e-7,
                  "max_von_mises_stress_pa": 1065818.4400220774,
                  "node_count": 225,
                  "peak_stress_relative_change": 0.4148835670955733,
                  "strain_energy_relative_change": 0.11933631326398396,
                  "total_strain_energy_j": 2.213865385647737e-7
                }
              ],
              "schema_version": "kyuubiki.composite-thermal-mesh-convergence/v1",
              "status": "fail"
            },
            "graded_stress_recovery": {
              "convergence_tolerance": 0.02,
              "diagnostic_metrics": [
                "max_stress_pa",
                "max_to_p95_ratio"
              ],
              "finest_pair_max_relative_change": 0.4148835670955733,
              "finest_pair_p95_relative_change": 0.3405261990522056,
              "finest_pair_rms_relative_change": 0.00922736387772896,
              "method": "interface_graded_mesh_element_area_weighted_von_mises_p95_and_rms",
              "pass_metrics": [
                "area_weighted_rms_stress_pa",
                "area_weighted_p95_stress_pa"
              ],
              "refinement_levels": [
                1,
                2,
                4,
                8
              ],
              "samples": [
                {
                  "element_count": 3,
                  "elements_per_original_element": 1,
                  "max_relative_change": null,
                  "p95_relative_change": null,
                  "rms_relative_change": null,
                  "statistics": {
                    "area_weighted_mean_stress_pa": 67119.5887169469,
                    "area_weighted_p95_stress_pa": 190908.2689817572,
                    "area_weighted_rms_stress_pa": 110334.4660695516,
                    "max_stress_pa": 190908.2689817572,
                    "max_to_p95_ratio": 1.0
                  }
                },
                {
                  "element_count": 12,
                  "elements_per_original_element": 2,
                  "max_relative_change": 0.4235975210744585,
                  "p95_relative_change": 0.4235975210744585,
                  "rms_relative_change": 0.1965136406609012,
                  "statistics": {
                    "area_weighted_mean_stress_pa": 67915.07930211788,
                    "area_weighted_p95_stress_pa": 331206.5370322919,
                    "area_weighted_rms_stress_pa": 137319.65052935848,
                    "max_stress_pa": 331206.5370322919,
                    "max_to_p95_ratio": 1.0
                  }
                },
                {
                  "element_count": 48,
                  "elements_per_original_element": 4,
                  "max_relative_change": 0.4689035791007977,
                  "p95_relative_change": 0.5157294360461628,
                  "rms_relative_change": 0.04087394252240854,
                  "statistics": {
                    "area_weighted_mean_stress_pa": 51481.91515927351,
                    "area_weighted_p95_stress_pa": 160393.57647382544,
                    "area_weighted_rms_stress_pa": 131706.85502642425,
                    "max_stress_pa": 623627.8837494786,
                    "max_to_p95_ratio": 3.888110094304482
                  }
                },
                {
                  "element_count": 192,
                  "elements_per_original_element": 8,
                  "max_relative_change": 0.4148835670955733,
                  "p95_relative_change": 0.3405261990522056,
                  "rms_relative_change": 0.00922736387772896,
                  "statistics": {
                    "area_weighted_mean_stress_pa": 48031.70788981894,
                    "area_weighted_p95_stress_pa": 243214.47833607355,
                    "area_weighted_rms_stress_pa": 130491.54794990414,
                    "max_stress_pa": 1065818.4400220774,
                    "max_to_p95_ratio": 4.382216253381636
                  }
                }
              ],
              "schema_version": "kyuubiki.composite-thermal-stress-recovery/v1",
              "status": "fail"
            },
            "max_change_ratio_graded_to_uniform": 1.597797275217271,
            "p95_change_ratio_graded_to_uniform": 1.1439857128023738,
            "qualification_effect": "diagnostic_only_does_not_override_uniform_mesh_gates",
            "rms_change_ratio_graded_to_uniform": 0.5714224007695761,
            "schema_version": "kyuubiki.composite-thermal-interface-grading-assessment/v1",
            "strain_energy_change_ratio_graded_to_uniform": 0.9048431600654776
          },
          "thermal_mesh_convergence": {
            "algebraic_validation": {
              "max_relative_residual": 1.735939616622255e-14,
              "method": "original_system_recomputed_l2_residual_over_max_rhs_l2_or_one",
              "qualification_effect": "algebraic_gate_does_not_override_discretization_gates",
              "relative_residual_tolerance": 1e-10,
              "required_series": [
                "uniform_full_edge_clamp",
                "uniform_regularized_restraint",
                "interface_graded_full_edge_clamp"
              ],
              "schema_version": "kyuubiki.composite-thermal-algebraic-validation/v1",
              "series": [
                {
                  "label": "uniform_full_edge_clamp",
                  "max_relative_residual": 1.122878167243562e-14,
                  "samples": [
                    {
                      "element_count": 3,
                      "elements_per_original_element": 1,
                      "matrix_non_zero_count": 112,
                      "node_count": 8,
                      "relative_residual": 7.212583241522352e-17,
                      "residual_norm": 1.9211897540370584e-15,
                      "rhs_norm": 26.636638908746303,
                      "solver_iterations": 0
                    },
                    {
                      "element_count": 12,
                      "elements_per_original_element": 2,
                      "matrix_non_zero_count": 440,
                      "node_count": 21,
                      "relative_residual": 3.954695369365006e-16,
                      "residual_norm": 1.0369764840604082e-14,
                      "rhs_norm": 26.22139980978895,
                      "solver_iterations": 0
                    },
                    {
                      "element_count": 48,
                      "elements_per_original_element": 4,
                      "matrix_non_zero_count": 1746,
                      "node_count": 65,
                      "relative_residual": 2.304531715497156e-15,
                      "residual_norm": 4.7528865710580694e-14,
                      "rhs_norm": 20.624088352078633,
                      "solver_iterations": 0
                    },
                    {
                      "element_count": 192,
                      "elements_per_original_element": 8,
                      "matrix_non_zero_count": 6925,
                      "node_count": 225,
                      "relative_residual": 1.122878167243562e-14,
                      "residual_norm": 1.713488582566127e-13,
                      "rhs_norm": 15.259790710619956,
                      "solver_iterations": 0
                    }
                  ],
                  "solver_path": "dense_direct",
                  "status": "pass"
                },
                {
                  "label": "uniform_regularized_restraint",
                  "max_relative_residual": 1.2748554467335134e-14,
                  "samples": [
                    {
                      "element_count": 3,
                      "elements_per_original_element": 1,
                      "matrix_non_zero_count": 121,
                      "node_count": 8,
                      "relative_residual": 2.2870638608339927e-16,
                      "residual_norm": 6.803089878689276e-15,
                      "rhs_norm": 29.745955043898448,
                      "solver_iterations": 0
                    },
                    {
                      "element_count": 12,
                      "elements_per_original_element": 2,
                      "matrix_non_zero_count": 463,
                      "node_count": 21,
                      "relative_residual": 5.599740669592663e-16,
                      "residual_norm": 1.5144100350640856e-14,
                      "rhs_norm": 27.044288734432534,
                      "solver_iterations": 0
                    },
                    {
                      "element_count": 48,
                      "elements_per_original_element": 4,
                      "matrix_non_zero_count": 1798,
                      "node_count": 65,
                      "relative_residual": 2.6048752294346044e-15,
                      "residual_norm": 5.4410814766500343e-14,
                      "rhs_norm": 20.88806947513965,
                      "solver_iterations": 0
                    },
                    {
                      "element_count": 192,
                      "elements_per_original_element": 8,
                      "matrix_non_zero_count": 7030,
                      "node_count": 225,
                      "relative_residual": 1.2748554467335134e-14,
                      "residual_norm": 1.9568133300460645e-13,
                      "rhs_norm": 15.349295757882915,
                      "solver_iterations": 0
                    }
                  ],
                  "solver_path": "dense_direct",
                  "status": "pass"
                },
                {
                  "label": "interface_graded_full_edge_clamp",
                  "max_relative_residual": 1.735939616622255e-14,
                  "samples": [
                    {
                      "element_count": 3,
                      "elements_per_original_element": 1,
                      "matrix_non_zero_count": 112,
                      "node_count": 8,
                      "relative_residual": 7.212583241522352e-17,
                      "residual_norm": 1.9211897540370584e-15,
                      "rhs_norm": 26.636638908746303,
                      "solver_iterations": 0
                    },
                    {
                      "element_count": 12,
                      "elements_per_original_element": 2,
                      "matrix_non_zero_count": 444,
                      "node_count": 21,
                      "relative_residual": 7.172669108266027e-16,
                      "residual_norm": 1.8807742439116583e-14,
                      "rhs_norm": 26.221399809788952,
                      "solver_iterations": 0
                    },
                    {
                      "element_count": 48,
                      "elements_per_original_element": 4,
                      "matrix_non_zero_count": 1749,
                      "node_count": 65,
                      "relative_residual": 3.1180023011496186e-15,
                      "residual_norm": 7.127124628142226e-14,
                      "rhs_norm": 22.857983862020983,
                      "solver_iterations": 0
                    },
                    {
                      "element_count": 192,
                      "elements_per_original_element": 8,
                      "matrix_non_zero_count": 6951,
                      "node_count": 225,
                      "relative_residual": 1.735939616622255e-14,
                      "residual_norm": 2.994546557239404e-13,
                      "rhs_norm": 17.250292167800815,
                      "solver_iterations": 0
                    }
                  ],
                  "solver_path": "dense_direct",
                  "status": "pass"
                }
              ],
              "status": "pass"
            },
            "convergence_tolerance": 0.02,
            "diagnostic_metrics": [
              "max_von_mises_stress_pa"
            ],
            "finest_pair_displacement_relative_change": 0.003906005141669856,
            "finest_pair_peak_stress_relative_change": 0.2596597037250277,
            "finest_pair_strain_energy_relative_change": 0.1318861859500031,
            "method": "structured_quad_h_refinement_preserving_piecewise_linear_temperature_full_edge_clamp",
            "pass_metrics": [
              "max_displacement_m",
              "total_strain_energy_j"
            ],
            "refinement_levels": [
              1,
              2,
              4,
              8
            ],
            "regime_assessment": {
              "diagnosis": "pass_metrics_lack_qualified_discretization_uncertainty",
              "gci_safety_factor": 1.25,
              "method": "four_level_constant_ratio_observed_order_and_fine_grid_gci",
              "metrics": [
                {
                  "coarse_triplet_observed_order": 11.16198297818705,
                  "fine_grid_gci": null,
                  "fine_triplet_observed_order": -7.854761534634358,
                  "metric": "max_displacement_m",
                  "observed_order_relative_difference": 1.7037066397596443,
                  "qualification_role": "pass_metric",
                  "regime": "oscillatory",
                  "richardson_extrapolated_value": null,
                  "unit": "m"
                },
                {
                  "coarse_triplet_observed_order": 1.0828534652281518,
                  "fine_grid_gci": 0.1273164044460337,
                  "fine_triplet_observed_order": 1.3170643538679767,
                  "metric": "total_strain_energy_j",
                  "observed_order_relative_difference": 0.17782797625035587,
                  "qualification_role": "pass_metric",
                  "regime": "asymptotic_converging",
                  "richardson_extrapolated_value": 2.0769584689255698e-7,
                  "unit": "J"
                },
                {
                  "coarse_triplet_observed_order": 0.04041637814656107,
                  "fine_grid_gci": null,
                  "fine_triplet_observed_order": -0.2657170510074706,
                  "metric": "max_von_mises_stress_pa",
                  "observed_order_relative_difference": 1.152103065999422,
                  "qualification_role": "diagnostic_metric",
                  "regime": "monotonic_diverging",
                  "richardson_extrapolated_value": null,
                  "unit": "Pa"
                }
              ],
              "order_consistency_tolerance": 0.25,
              "qualification_effect": "gci_gates_require_asymptotic_pass_metric_evidence",
              "qualification_tolerance": 0.02,
              "refinement_ratio": 2.0,
              "schema_version": "kyuubiki.composite-thermal-convergence-regime/v1",
              "status": "fail"
            },
            "samples": [
              {
                "displacement_relative_change": null,
                "element_count": 3,
                "elements_per_original_element": 1,
                "max_displacement_m": 4.297683840622377e-7,
                "max_von_mises_stress_pa": 190908.2689817572,
                "node_count": 8,
                "peak_stress_relative_change": null,
                "strain_energy_relative_change": null,
                "total_strain_energy_j": 5.393331087721024e-7
              },
              {
                "displacement_relative_change": 0.03736577554123273,
                "element_count": 12,
                "elements_per_original_element": 2,
                "max_displacement_m": 4.137097550886498e-7,
                "max_von_mises_stress_pa": 331206.53703229176,
                "node_count": 21,
                "peak_stress_relative_change": 0.4235975210744583,
                "strain_energy_relative_change": 0.3437900153728339,
                "total_strain_energy_j": 3.539157710162631e-7
              },
              {
                "displacement_relative_change": 0.000016940009831363466,
                "element_count": 48,
                "elements_per_original_element": 4,
                "max_displacement_m": 4.137167634546902e-7,
                "max_von_mises_stress_pa": 467628.96282383025,
                "node_count": 65,
                "peak_stress_relative_change": 0.29173219932259176,
                "strain_energy_relative_change": 0.24733128354780343,
                "total_strain_energy_j": 2.663813291030002e-7
              },
              {
                "displacement_relative_change": 0.003906005141669856,
                "element_count": 192,
                "elements_per_original_element": 8,
                "max_displacement_m": 4.153390800368505e-7,
                "max_von_mises_stress_pa": 631640.5647196416,
                "node_count": 225,
                "peak_stress_relative_change": 0.2596597037250277,
                "strain_energy_relative_change": 0.1318861859500031,
                "total_strain_energy_j": 2.3124931159931297e-7
              }
            ],
            "schema_version": "kyuubiki.composite-thermal-mesh-convergence/v1",
            "status": "fail"
          },
          "thermal_stress_recovery": {
            "convergence_tolerance": 0.02,
            "diagnostic_metrics": [
              "max_stress_pa",
              "max_to_p95_ratio"
            ],
            "finest_pair_max_relative_change": 0.2596597037250277,
            "finest_pair_p95_relative_change": 0.2976664789091053,
            "finest_pair_rms_relative_change": 0.016148061163338712,
            "method": "uniform_mesh_element_area_weighted_von_mises_p95_and_rms",
            "pass_metrics": [
              "area_weighted_rms_stress_pa",
              "area_weighted_p95_stress_pa"
            ],
            "refinement_levels": [
              1,
              2,
              4,
              8
            ],
            "samples": [
              {
                "element_count": 3,
                "elements_per_original_element": 1,
                "max_relative_change": null,
                "p95_relative_change": null,
                "rms_relative_change": null,
                "statistics": {
                  "area_weighted_mean_stress_pa": 67119.5887169469,
                  "area_weighted_p95_stress_pa": 190908.2689817572,
                  "area_weighted_rms_stress_pa": 110334.4660695516,
                  "max_stress_pa": 190908.2689817572,
                  "max_to_p95_ratio": 1.0
                }
              },
              {
                "element_count": 12,
                "elements_per_original_element": 2,
                "max_relative_change": 0.4235975210744583,
                "p95_relative_change": 0.4235975210744583,
                "rms_relative_change": 0.19651364066090105,
                "statistics": {
                  "area_weighted_mean_stress_pa": 67915.07930211788,
                  "area_weighted_p95_stress_pa": 331206.53703229176,
                  "area_weighted_rms_stress_pa": 137319.65052935845,
                  "max_stress_pa": 331206.53703229176,
                  "max_to_p95_ratio": 1.0
                }
              },
              {
                "element_count": 48,
                "elements_per_original_element": 4,
                "max_relative_change": 0.29173219932259176,
                "p95_relative_change": 0.24521958115783915,
                "rms_relative_change": 0.0213836553620985,
                "statistics": {
                  "area_weighted_mean_stress_pa": 53618.62466847368,
                  "area_weighted_p95_stress_pa": 438811.77725882875,
                  "area_weighted_rms_stress_pa": 134383.25444799484,
                  "max_stress_pa": 467628.96282383025,
                  "max_to_p95_ratio": 1.0656709483619988
                }
              },
              {
                "element_count": 192,
                "elements_per_original_element": 8,
                "max_relative_change": 0.2596597037250277,
                "p95_relative_change": 0.2976664789091053,
                "rms_relative_change": 0.016148061163338712,
                "statistics": {
                  "area_weighted_mean_stress_pa": 49215.04222087189,
                  "area_weighted_p95_stress_pa": 308192.2206183466,
                  "area_weighted_rms_stress_pa": 132213.2254358401,
                  "max_stress_pa": 631640.5647196416,
                  "max_to_p95_ratio": 2.049501974619408
                }
              }
            ],
            "schema_version": "kyuubiki.composite-thermal-stress-recovery/v1",
            "status": "fail"
          }
        },
        "status": "completed"
      },
      "requires_confirmation": false
    }
  ]
}
