{
  "schema_version": "kyuubiki.headless-execution-run/v1",
  "workflow_id": "template.material_composite_thermo_electric_panel_screening",
  "mode": "execute:service",
  "status": "ok",
  "executed_step_count": 9,
  "warning_count": 0,
  "blocked_by_confirmation": null,
  "validation": {
    "ok": true,
    "issue_count": 0,
    "issues": [],
    "warning_count": 0,
    "warnings": [],
    "summary": {
      "schema_version": "kyuubiki.headless-execution-batch/v1",
      "workflow_id": "template.material_composite_thermo_electric_panel_screening",
      "template_id": "material_composite_thermo_electric_panel_screening",
      "exported_at": "1970-01-01T00:00:00.000Z",
      "language": "en",
      "step_count": 9,
      "warning_count": 0,
      "actions": [
        "solve_composite_thermo_electric_panel",
        "job_wait",
        "result_fetch",
        "solve_composite_thermo_electric_panel",
        "job_wait",
        "result_fetch",
        "solve_composite_thermo_electric_panel",
        "job_wait",
        "result_fetch"
      ]
    },
    "policy": {
      "required_engines": [
        "service"
      ],
      "engine_counts": {
        "service": 9,
        "browser": 0
      },
      "risk_counts": {
        "normal": 9,
        "sensitive": 0,
        "destructive": 0
      },
      "recommended_runtime": "service_only",
      "needs_desktop_browser": false,
      "safe_for_service_only": true,
      "notes": []
    }
  },
  "execution_summary": {
    "schema_version": "kyuubiki.headless-execution-summary/v1",
    "job_count": 3,
    "job_ids": [
      "f562fe2ab6556f34",
      "7f1e2b837d345ef5",
      "7c52e4a551bf9ff1"
    ],
    "jobs": [
      {
        "job_id": "f562fe2ab6556f34",
        "status": "completed",
        "worker_id": "rust-agent-rpc@127.0.0.1:5002",
        "phase": "execution",
        "created_at": "2026-08-13T11:16:51.463478Z",
        "execution_started_at": "2026-08-13T11:16:51.466836Z",
        "updated_at": "2026-08-13T11:16:57.513544Z",
        "queue_wait_ms": 3,
        "execution_elapsed_ms": 6046,
        "total_elapsed_ms": 6050,
        "effective_timeout_ms": 120000,
        "effective_deadline": "2026-08-13T11:18:51.466836Z"
      },
      {
        "job_id": "7f1e2b837d345ef5",
        "status": "completed",
        "worker_id": "rust-agent-rpc@127.0.0.1:5001",
        "phase": "execution",
        "created_at": "2026-08-13T11:16:57.532885Z",
        "execution_started_at": "2026-08-13T11:16:57.536039Z",
        "updated_at": "2026-08-13T11:17:03.578280Z",
        "queue_wait_ms": 3,
        "execution_elapsed_ms": 6042,
        "total_elapsed_ms": 6045,
        "effective_timeout_ms": 120000,
        "effective_deadline": "2026-08-13T11:18:57.536039Z"
      },
      {
        "job_id": "7c52e4a551bf9ff1",
        "status": "completed",
        "worker_id": "rust-agent-rpc@127.0.0.1:5002",
        "phase": "execution",
        "created_at": "2026-08-13T11:17:03.630518Z",
        "execution_started_at": "2026-08-13T11:17:03.634455Z",
        "updated_at": "2026-08-13T11:17:09.674777Z",
        "queue_wait_ms": 3,
        "execution_elapsed_ms": 6040,
        "total_elapsed_ms": 6044,
        "effective_timeout_ms": 120000,
        "effective_deadline": "2026-08-13T11:19:03.634455Z"
      }
    ],
    "failure": null
  },
  "steps": [
    {
      "index": 1,
      "action": "solve_composite_thermo_electric_panel",
      "risk": "normal",
      "status": "executed",
      "payload": {
        "electric_conduction_feedback": {
          "parameter_source": "screening_reference_not_material_card",
          "regions": [
            {
              "element_id": "conductor_left",
              "reference_resistivity_ohm_m": 1.68e-8,
              "reference_temperature_c": 35.0,
              "resistivity_temperature_coefficient_1_k": 0.00393
            }
          ]
        },
        "electric_conduction_model": {
          "contact_interfaces": [],
          "elements": [
            {
              "electrical_conductivity_s_m": 59523809.523809515,
              "id": "conductor_left",
              "node_i": 0,
              "node_j": 1,
              "node_k": 2,
              "node_l": 3,
              "thickness": 0.001
            }
          ],
          "nodes": [
            {
              "current_source_a": 0.0,
              "electric_potential_v": 0.0,
              "fix_electric_potential": true,
              "id": "n0",
              "x": 0.0,
              "y": 0.0
            },
            {
              "current_source_a": 0.0,
              "electric_potential_v": 0.000033600000000000004,
              "fix_electric_potential": true,
              "id": "n1",
              "x": 0.03,
              "y": 0.0
            },
            {
              "current_source_a": 0.0,
              "electric_potential_v": 0.000033600000000000004,
              "fix_electric_potential": true,
              "id": "n5",
              "x": 0.03,
              "y": 0.03
            },
            {
              "current_source_a": 0.0,
              "electric_potential_v": 0.0,
              "fix_electric_potential": true,
              "id": "n4",
              "x": 0.0,
              "y": 0.03
            }
          ],
          "terminals": []
        },
        "electrostatic_model": {
          "elements": [
            {
              "id": "conductor_left",
              "node_i": 0,
              "node_j": 1,
              "node_k": 5,
              "node_l": 4,
              "permittivity": 1.0,
              "thickness": 0.001
            },
            {
              "id": "dielectric_core",
              "node_i": 1,
              "node_j": 2,
              "node_k": 6,
              "node_l": 5,
              "permittivity": 3.4,
              "thickness": 0.001
            },
            {
              "id": "substrate_right",
              "node_i": 2,
              "node_j": 3,
              "node_k": 7,
              "node_l": 6,
              "permittivity": 4.2,
              "thickness": 0.001
            }
          ],
          "nodes": [
            {
              "charge_density": 0.0,
              "fix_potential": true,
              "id": "n0",
              "potential": 0.0,
              "x": 0.0,
              "y": 0.0
            },
            {
              "charge_density": 0.0,
              "fix_potential": false,
              "id": "n1",
              "potential": 0.0,
              "x": 0.03,
              "y": 0.0
            },
            {
              "charge_density": 0.0,
              "fix_potential": false,
              "id": "n2",
              "potential": 0.0,
              "x": 0.06,
              "y": 0.0
            },
            {
              "charge_density": 0.0,
              "fix_potential": true,
              "id": "n3",
              "potential": 1318,
              "x": 0.09,
              "y": 0.0
            },
            {
              "charge_density": 0.0,
              "fix_potential": true,
              "id": "n4",
              "potential": 0.0,
              "x": 0.0,
              "y": 0.03
            },
            {
              "charge_density": 0.0,
              "fix_potential": false,
              "id": "n5",
              "potential": 0.0,
              "x": 0.03,
              "y": 0.03
            },
            {
              "charge_density": 0.0,
              "fix_potential": false,
              "id": "n6",
              "potential": 0.0,
              "x": 0.06,
              "y": 0.03
            },
            {
              "charge_density": 0.0,
              "fix_potential": true,
              "id": "n7",
              "potential": 1318,
              "x": 0.09,
              "y": 0.03
            }
          ]
        },
        "electrothermal_feedback": {
          "conductivity_relative_change_tolerance": 1e-9,
          "loss_relative_change_tolerance": 1e-9,
          "loss_tangent_temperature_coefficient_1_k": 0.001,
          "max_iterations": 12,
          "parameter_source": "screening_sensitivity_not_material_card",
          "relative_permittivity_temperature_coefficient_1_k": 0.0001,
          "relaxation_factor": 0.8,
          "temperature_residual_tolerance_c": 1e-7,
          "thermal_conductivity_models": [
            {
              "element_id": "conductor_left",
              "reference_temperature_c": 35.0,
              "temperature_coefficient_1_k": -0.001
            },
            {
              "element_id": "dielectric_core",
              "reference_temperature_c": 35.0,
              "temperature_coefficient_1_k": -0.002
            },
            {
              "element_id": "substrate_right",
              "reference_temperature_c": 35.0,
              "temperature_coefficient_1_k": -0.0012
            }
          ]
        },
        "electrothermal_loss": {
          "frequency_hz": 10000000.0,
          "loss_tangent": 0.008,
          "reference_temperature_c": 35.0,
          "relative_permittivity": 3.4,
          "source_element_id": "dielectric_core"
        },
        "heat_model": {
          "elements": [
            {
              "conductivity": 390.0,
              "id": "conductor_left",
              "node_i": 0,
              "node_j": 1,
              "node_k": 5,
              "node_l": 4,
              "thickness": 0.001
            },
            {
              "conductivity": 0.25,
              "id": "dielectric_core",
              "node_i": 1,
              "node_j": 2,
              "node_k": 6,
              "node_l": 5,
              "thickness": 0.001
            },
            {
              "conductivity": 160.0,
              "id": "substrate_right",
              "node_i": 2,
              "node_j": 3,
              "node_k": 7,
              "node_l": 6,
              "thickness": 0.001
            }
          ],
          "nodes": [
            {
              "fix_temperature": false,
              "heat_load": 0.0,
              "id": "n0",
              "temperature": 35.0,
              "x": 0.0,
              "y": 0.0
            },
            {
              "fix_temperature": false,
              "heat_load": 0.0,
              "id": "n1",
              "temperature": 35.0,
              "x": 0.03,
              "y": 0.0
            },
            {
              "fix_temperature": false,
              "heat_load": 0.0,
              "id": "n2",
              "temperature": 35.0,
              "x": 0.06,
              "y": 0.0
            },
            {
              "fix_temperature": true,
              "heat_load": 0.0,
              "id": "n3",
              "temperature": 35.0,
              "x": 0.09,
              "y": 0.0
            },
            {
              "fix_temperature": false,
              "heat_load": 0.0,
              "id": "n4",
              "temperature": 35.0,
              "x": 0.0,
              "y": 0.03
            },
            {
              "fix_temperature": false,
              "heat_load": 0.0,
              "id": "n5",
              "temperature": 35.0,
              "x": 0.03,
              "y": 0.03
            },
            {
              "fix_temperature": false,
              "heat_load": 0.0,
              "id": "n6",
              "temperature": 35.0,
              "x": 0.06,
              "y": 0.03
            },
            {
              "fix_temperature": true,
              "heat_load": 0.0,
              "id": "n7",
              "temperature": 35.0,
              "x": 0.09,
              "y": 0.03
            }
          ]
        },
        "research": {
          "candidate_id": "copper_polyimide_aluminum",
          "candidate_label": "Copper / Polyimide / Aluminum",
          "coupling": "iterative_dielectric_and_conductor_joule_heating_with_temperature_dependent_electrical_thermal_feedback_and_expansion_projection",
          "materials": {
            "conductor": "copper",
            "dielectric": "polyimide",
            "substrate": "aluminum_6061"
          },
          "study": "material.composite_thermo_electric_panel.v1"
        },
        "thermal_expansion_feedback": {
          "parameter_source": "screening_sensitivity_not_material_card",
          "regions": [
            {
              "element_id": "conductor_left",
              "reference_temperature_c": 35.0,
              "temperature_coefficient_1_k": 0.0002
            },
            {
              "element_id": "dielectric_core",
              "reference_temperature_c": 35.0,
              "temperature_coefficient_1_k": 0.0008
            },
            {
              "element_id": "substrate_right",
              "reference_temperature_c": 35.0,
              "temperature_coefficient_1_k": 0.0003
            }
          ]
        },
        "thermal_model": {
          "elements": [
            {
              "id": "conductor_left",
              "node_i": 0,
              "node_j": 1,
              "node_k": 5,
              "node_l": 4,
              "poisson_ratio": 0.32,
              "thermal_expansion": 0.000017,
              "thickness": 0.001,
              "youngs_modulus": 110000000000.0
            },
            {
              "id": "dielectric_core",
              "node_i": 1,
              "node_j": 2,
              "node_k": 6,
              "node_l": 5,
              "poisson_ratio": 0.32,
              "thermal_expansion": 0.000045,
              "thickness": 0.001,
              "youngs_modulus": 2500000000.0
            },
            {
              "id": "substrate_right",
              "node_i": 2,
              "node_j": 3,
              "node_k": 7,
              "node_l": 6,
              "poisson_ratio": 0.32,
              "thermal_expansion": 0.0000236,
              "thickness": 0.001,
              "youngs_modulus": 68900000000.0
            }
          ],
          "nodes": [
            {
              "fix_x": true,
              "fix_y": true,
              "id": "n0",
              "load_x": 0.0,
              "load_y": 0.0,
              "temperature_delta": 0.0,
              "x": 0.0,
              "y": 0.0
            },
            {
              "fix_x": false,
              "fix_y": false,
              "id": "n1",
              "load_x": 0.0,
              "load_y": 0.0,
              "temperature_delta": 0.0,
              "x": 0.03,
              "y": 0.0
            },
            {
              "fix_x": false,
              "fix_y": false,
              "id": "n2",
              "load_x": 0.0,
              "load_y": 0.0,
              "temperature_delta": 0.0,
              "x": 0.06,
              "y": 0.0
            },
            {
              "fix_x": false,
              "fix_y": false,
              "id": "n3",
              "load_x": 0.0,
              "load_y": 0.0,
              "temperature_delta": 0.0,
              "x": 0.09,
              "y": 0.0
            },
            {
              "fix_x": true,
              "fix_y": true,
              "id": "n4",
              "load_x": 0.0,
              "load_y": 0.0,
              "temperature_delta": 0.0,
              "x": 0.0,
              "y": 0.03
            },
            {
              "fix_x": false,
              "fix_y": false,
              "id": "n5",
              "load_x": 0.0,
              "load_y": 0.0,
              "temperature_delta": 0.0,
              "x": 0.03,
              "y": 0.03
            },
            {
              "fix_x": false,
              "fix_y": false,
              "id": "n6",
              "load_x": 0.0,
              "load_y": 0.0,
              "temperature_delta": 0.0,
              "x": 0.06,
              "y": 0.03
            },
            {
              "fix_x": false,
              "fix_y": false,
              "id": "n7",
              "load_x": 0.0,
              "load_y": 0.0,
              "temperature_delta": 0.0,
              "x": 0.09,
              "y": 0.03
            }
          ]
        }
      },
      "result_preview": {
        "job": {
          "created_at": "2026-08-13T11:16:51.463478Z",
          "execution_started_at": null,
          "execution_timeout_ms": 120000,
          "has_result": false,
          "iteration": null,
          "job_id": "f562fe2ab6556f34",
          "message": null,
          "model_version_id": null,
          "progress": 0.0,
          "project_id": "5d75fcbcff5c4ca6",
          "queue_timeout_ms": 1800000,
          "residual": null,
          "simulation_case_id": "c32c0697d98c858b",
          "status": "queued",
          "status_detail": {
            "active": true,
            "failure_class": null,
            "lifecycle": "active",
            "recoverable": false,
            "terminal": false,
            "timing": {
              "effective_deadline": "2026-08-13T11:46:51.463478Z",
              "effective_timeout_ms": 1800000,
              "execution_elapsed_ms": null,
              "execution_started_at": null,
              "execution_timeout_ms": 120000,
              "job_submission_deadline": "2026-08-13T11:46:51.463478Z",
              "phase": "queue",
              "queue_timeout_ms": 1800000,
              "queue_wait_ms": 0,
              "total_elapsed_ms": 0
            }
          },
          "updated_at": "2026-08-13T11:16:51.463478Z",
          "worker_id": null
        },
        "job_id": "f562fe2ab6556f34",
        "progress": 0.0,
        "raw": {
          "job": {
            "created_at": "2026-08-13T11:16:51.463478Z",
            "execution_started_at": null,
            "execution_timeout_ms": 120000,
            "has_result": false,
            "iteration": null,
            "job_id": "f562fe2ab6556f34",
            "message": null,
            "model_version_id": null,
            "progress": 0.0,
            "project_id": "5d75fcbcff5c4ca6",
            "queue_timeout_ms": 1800000,
            "residual": null,
            "simulation_case_id": "c32c0697d98c858b",
            "status": "queued",
            "status_detail": {
              "active": true,
              "failure_class": null,
              "lifecycle": "active",
              "recoverable": false,
              "terminal": false,
              "timing": {
                "effective_deadline": "2026-08-13T11:46:51.463478Z",
                "effective_timeout_ms": 1800000,
                "execution_elapsed_ms": null,
                "execution_started_at": null,
                "execution_timeout_ms": 120000,
                "job_submission_deadline": "2026-08-13T11:46:51.463478Z",
                "phase": "queue",
                "queue_timeout_ms": 1800000,
                "queue_wait_ms": 0,
                "total_elapsed_ms": 0
              }
            },
            "updated_at": "2026-08-13T11:16:51.463478Z",
            "worker_id": null
          }
        },
        "status": "queued"
      },
      "requires_confirmation": false
    },
    {
      "index": 2,
      "action": "job_wait",
      "risk": "normal",
      "status": "executed",
      "payload": {
        "interval_ms": 1000,
        "job_id": "f562fe2ab6556f34",
        "max_total_timeout_ms": 3600000,
        "resume_policy": "server_deadline",
        "timeout_ms": 60000
      },
      "result_preview": {
        "job": {
          "created_at": "2026-08-13T11:16:51.463478Z",
          "execution_started_at": "2026-08-13T11:16:51.466836Z",
          "execution_timeout_ms": 120000,
          "iteration": 4,
          "job_id": "f562fe2ab6556f34",
          "message": "collecting nodal and elemental responses",
          "model_version_id": null,
          "progress": 1.0,
          "project_id": "5d75fcbcff5c4ca6",
          "queue_timeout_ms": 1800000,
          "residual": 0.2,
          "simulation_case_id": "c32c0697d98c858b",
          "status": "completed",
          "status_detail": {
            "active": false,
            "failure_class": null,
            "lifecycle": "terminal",
            "recoverable": false,
            "terminal": true,
            "timing": {
              "effective_deadline": "2026-08-13T11:18:51.466836Z",
              "effective_timeout_ms": 120000,
              "execution_elapsed_ms": 6046,
              "execution_started_at": "2026-08-13T11:16:51.466836Z",
              "execution_timeout_ms": 120000,
              "job_submission_deadline": "2026-08-13T11:46:51.463478Z",
              "phase": "execution",
              "queue_timeout_ms": 1800000,
              "queue_wait_ms": 3,
              "total_elapsed_ms": 6050
            }
          },
          "updated_at": "2026-08-13T11:16:57.513544Z",
          "worker_id": "rust-agent-rpc@127.0.0.1:5002"
        },
        "job_id": "f562fe2ab6556f34",
        "progress": 1.0,
        "raw": {
          "job": {
            "created_at": "2026-08-13T11:16:51.463478Z",
            "execution_started_at": "2026-08-13T11:16:51.466836Z",
            "execution_timeout_ms": 120000,
            "iteration": 4,
            "job_id": "f562fe2ab6556f34",
            "message": "collecting nodal and elemental responses",
            "model_version_id": null,
            "progress": 1.0,
            "project_id": "5d75fcbcff5c4ca6",
            "queue_timeout_ms": 1800000,
            "residual": 0.2,
            "simulation_case_id": "c32c0697d98c858b",
            "status": "completed",
            "status_detail": {
              "active": false,
              "failure_class": null,
              "lifecycle": "terminal",
              "recoverable": false,
              "terminal": true,
              "timing": {
                "effective_deadline": "2026-08-13T11:18:51.466836Z",
                "effective_timeout_ms": 120000,
                "execution_elapsed_ms": 6046,
                "execution_started_at": "2026-08-13T11:16:51.466836Z",
                "execution_timeout_ms": 120000,
                "job_submission_deadline": "2026-08-13T11:46:51.463478Z",
                "phase": "execution",
                "queue_timeout_ms": 1800000,
                "queue_wait_ms": 3,
                "total_elapsed_ms": 6050
              }
            },
            "updated_at": "2026-08-13T11:16:57.513544Z",
            "worker_id": "rust-agent-rpc@127.0.0.1:5002"
          }
        },
        "result": null,
        "status": "completed",
        "wait": {
          "elapsed_ms": 6053,
          "policy": "server_deadline",
          "poll_attempts": 7,
          "resume_count": 0
        }
      },
      "requires_confirmation": false
    },
    {
      "index": 3,
      "action": "result_fetch",
      "risk": "normal",
      "status": "executed",
      "payload": {
        "job_id": "f562fe2ab6556f34"
      },
      "result_preview": {
        "job": {
          "created_at": "2026-08-13T11:16:51.463478Z",
          "execution_started_at": "2026-08-13T11:16:51.466836Z",
          "execution_timeout_ms": 120000,
          "has_result": true,
          "iteration": 4,
          "job_id": "f562fe2ab6556f34",
          "message": "collecting nodal and elemental responses",
          "model_version_id": null,
          "progress": 1.0,
          "project_id": "5d75fcbcff5c4ca6",
          "queue_timeout_ms": 1800000,
          "residual": 0.2,
          "simulation_case_id": "c32c0697d98c858b",
          "status": "completed",
          "status_detail": {
            "active": false,
            "failure_class": null,
            "lifecycle": "terminal",
            "recoverable": false,
            "terminal": true,
            "timing": {
              "effective_deadline": "2026-08-13T11:18:51.466836Z",
              "effective_timeout_ms": 120000,
              "execution_elapsed_ms": 6046,
              "execution_started_at": "2026-08-13T11:16:51.466836Z",
              "execution_timeout_ms": 120000,
              "job_submission_deadline": "2026-08-13T11:46:51.463478Z",
              "phase": "execution",
              "queue_timeout_ms": 1800000,
              "queue_wait_ms": 3,
              "total_elapsed_ms": 6050
            }
          },
          "updated_at": "2026-08-13T11:16:57.513544Z",
          "worker_id": "rust-agent-rpc@127.0.0.1:5002"
        },
        "job_id": "f562fe2ab6556f34",
        "result": {
          "electric_conduction": {
            "contact_interfaces": [],
            "current_balance_relative_error": 0.0,
            "elements": [
              {
                "area_m2": 0.0009,
                "average_electric_potential_v": 0.000016800000000000002,
                "current_density_magnitude_a_m2": 66090.80953257496,
                "current_density_x_a_m2": -66090.80953257496,
                "current_density_y_a_m2": -0.0,
                "electric_field_magnitude_v_m": 0.00112,
                "electric_field_x_v_m": -0.00112,
                "electric_field_y_v_m": -0.0,
                "electric_potential_gradient_x_v_m": 0.00112,
                "electric_potential_gradient_y_v_m": 0.0,
                "id": "conductor_left",
                "index": 0,
                "joule_power_w": 0.00006661953600883556,
                "node_i": 0,
                "node_j": 1,
                "node_k": 2,
                "node_l": 3,
                "peak_current_density_magnitude_a_m2": 66090.80953257496,
                "peak_electric_field_magnitude_v_m": 0.00112,
                "rms_current_density_magnitude_a_m2": 66090.80953257496,
                "rms_electric_field_magnitude_v_m": 0.00112,
                "volumetric_joule_heating_w_m3": 74.02170667648396
              }
            ],
            "free_current_residual_relative_error": 0.0,
            "input": {
              "contact_interfaces": [],
              "elements": [
                {
                  "electrical_conductivity_s_m": 59009651.368370496,
                  "id": "conductor_left",
                  "node_i": 0,
                  "node_j": 1,
                  "node_k": 2,
                  "node_l": 3,
                  "thickness": 0.001
                }
              ],
              "nodes": [
                {
                  "current_source_a": 0.0,
                  "electric_potential_v": 0.0,
                  "fix_electric_potential": true,
                  "id": "n0",
                  "x": 0.0,
                  "y": 0.0
                },
                {
                  "current_source_a": 0.0,
                  "electric_potential_v": 0.000033600000000000004,
                  "fix_electric_potential": true,
                  "id": "n1",
                  "x": 0.03,
                  "y": 0.0
                },
                {
                  "current_source_a": 0.0,
                  "electric_potential_v": 0.000033600000000000004,
                  "fix_electric_potential": true,
                  "id": "n5",
                  "x": 0.03,
                  "y": 0.03
                },
                {
                  "current_source_a": 0.0,
                  "electric_potential_v": 0.0,
                  "fix_electric_potential": true,
                  "id": "n4",
                  "x": 0.0,
                  "y": 0.03
                }
              ],
              "terminals": []
            },
            "max_current_density_a_m2": 66090.80953257496,
            "max_electric_field_v_m": 0.00112,
            "max_electric_potential_v": 0.000033600000000000004,
            "max_free_current_residual_a": 0.0,
            "nodes": [
              {
                "current_source_a": 0.0,
                "electric_potential_v": 0.0,
                "fix_electric_potential": true,
                "id": "n0",
                "index": 0,
                "net_injected_current_a": -0.9913621429886246,
                "reaction_current_a": -0.9913621429886246,
                "x": 0.0,
                "y": 0.0
              },
              {
                "current_source_a": 0.0,
                "electric_potential_v": 0.000033600000000000004,
                "fix_electric_potential": true,
                "id": "n1",
                "index": 1,
                "net_injected_current_a": 0.9913621429886246,
                "reaction_current_a": 0.9913621429886246,
                "x": 0.03,
                "y": 0.0
              },
              {
                "current_source_a": 0.0,
                "electric_potential_v": 0.000033600000000000004,
                "fix_electric_potential": true,
                "id": "n5",
                "index": 2,
                "net_injected_current_a": 0.9913621429886246,
                "reaction_current_a": 0.9913621429886246,
                "x": 0.03,
                "y": 0.03
              },
              {
                "current_source_a": 0.0,
                "electric_potential_v": 0.0,
                "fix_electric_potential": true,
                "id": "n4",
                "index": 3,
                "net_injected_current_a": -0.9913621429886246,
                "reaction_current_a": -0.9913621429886246,
                "x": 0.0,
                "y": 0.03
              }
            ],
            "power_balance_relative_error": 2.0343172540666403e-16,
            "source_power_balance_relative_error": 2.0343172540666403e-16,
            "terminals": [],
            "total_bulk_joule_power_w": 0.00006661953600883556,
            "total_contact_joule_power_w": -0.0,
            "total_dissipated_power_w": 0.00006661953600883556,
            "total_electrical_input_power_w": 0.00006661953600883558,
            "total_extracted_current_a": 1.9827242859772491,
            "total_injected_current_a": 1.9827242859772491,
            "total_joule_power_w": 0.00006661953600883556,
            "total_source_power_w": 0.00006661953600883558,
            "total_terminal_impedance_power_w": -0.0
          },
          "electrostatic": {
            "elements": [
              {
                "area": 0.0009,
                "average_potential": 430.1060699434667,
                "electric_energy_density": 411091625.338254,
                "electric_field_magnitude": 28673.737996231117,
                "electric_field_x": -28673.737996231117,
                "electric_field_y": -3.637978807091713e-12,
                "electric_flux_density_magnitude": 28673.737996231117,
                "electric_flux_density_x": -28673.737996231117,
                "electric_flux_density_y": -3.637978807091713e-12,
                "id": "conductor_left",
                "index": 0,
                "node_i": 0,
                "node_j": 1,
                "node_k": 5,
                "node_l": 4,
                "potential_gradient_x": 28673.737996231117,
                "potential_gradient_y": 3.637978807091713e-12,
                "stored_energy": 369.9824628044286
              },
              {
                "area": 0.0009,
                "average_potential": 986.69986281407,
                "electric_energy_density": 120895860.89841968,
                "electric_field_magnitude": 8432.514861809104,
                "electric_field_x": -8432.514861809104,
                "electric_field_y": -3.637978807091713e-12,
                "electric_flux_density_magnitude": 28673.737996231124,
                "electric_flux_density_x": -28673.737996231124,
                "electric_flux_density_y": -1.2370503089514828e-11,
                "id": "dielectric_core",
                "index": 1,
                "node_i": 1,
                "node_j": 2,
                "node_k": 6,
                "node_l": 5,
                "potential_gradient_x": 8432.514861809104,
                "potential_gradient_y": 3.637978807091713e-12,
                "stored_energy": 108.80627480857773
              },
              {
                "area": 0.0009,
                "average_potential": 1215.5937928706032,
                "electric_energy_density": 97878958.41386975,
                "electric_field_magnitude": 6827.080475293114,
                "electric_field_x": -6827.080475293114,
                "electric_field_y": -0.0,
                "electric_flux_density_magnitude": 28673.73799623108,
                "electric_flux_density_x": -28673.73799623108,
                "electric_flux_density_y": -0.0,
                "id": "substrate_right",
                "index": 2,
                "node_i": 2,
                "node_j": 3,
                "node_k": 7,
                "node_l": 6,
                "potential_gradient_x": 6827.080475293114,
                "potential_gradient_y": 0.0,
                "stored_energy": 88.09106257248277
              }
            ],
            "input": {
              "elements": [
                {
                  "id": "conductor_left",
                  "node_i": 0,
                  "node_j": 1,
                  "node_k": 5,
                  "node_l": 4,
                  "permittivity": 1.0,
                  "thickness": 0.001
                },
                {
                  "id": "dielectric_core",
                  "node_i": 1,
                  "node_j": 2,
                  "node_k": 6,
                  "node_l": 5,
                  "permittivity": 3.4003779970901213,
                  "thickness": 0.001
                },
                {
                  "id": "substrate_right",
                  "node_i": 2,
                  "node_j": 3,
                  "node_k": 7,
                  "node_l": 6,
                  "permittivity": 4.2,
                  "thickness": 0.001
                }
              ],
              "nodes": [
                {
                  "charge_density": 0.0,
                  "fix_potential": true,
                  "id": "n0",
                  "potential": 0.0,
                  "x": 0.0,
                  "y": 0.0
                },
                {
                  "charge_density": 0.0,
                  "fix_potential": false,
                  "id": "n1",
                  "potential": 0.0,
                  "x": 0.03,
                  "y": 0.0
                },
                {
                  "charge_density": 0.0,
                  "fix_potential": false,
                  "id": "n2",
                  "potential": 0.0,
                  "x": 0.06,
                  "y": 0.0
                },
                {
                  "charge_density": 0.0,
                  "fix_potential": true,
                  "id": "n3",
                  "potential": 1318.0,
                  "x": 0.09,
                  "y": 0.0
                },
                {
                  "charge_density": 0.0,
                  "fix_potential": true,
                  "id": "n4",
                  "potential": 0.0,
                  "x": 0.0,
                  "y": 0.03
                },
                {
                  "charge_density": 0.0,
                  "fix_potential": false,
                  "id": "n5",
                  "potential": 0.0,
                  "x": 0.03,
                  "y": 0.03
                },
                {
                  "charge_density": 0.0,
                  "fix_potential": false,
                  "id": "n6",
                  "potential": 0.0,
                  "x": 0.06,
                  "y": 0.03
                },
                {
                  "charge_density": 0.0,
                  "fix_potential": true,
                  "id": "n7",
                  "potential": 1318.0,
                  "x": 0.09,
                  "y": 0.03
                }
              ]
            },
            "max_electric_energy_density": 411091625.338254,
            "max_electric_field": 28673.737996231117,
            "max_flux_density": 28673.737996231124,
            "max_potential": 1318.0,
            "nodes": [
              {
                "charge_density": 0.0,
                "id": "n0",
                "index": 0,
                "potential": 0.0,
                "x": 0.0,
                "y": 0.0
              },
              {
                "charge_density": 0.0,
                "id": "n1",
                "index": 1,
                "potential": 860.2121398869333,
                "x": 0.03,
                "y": 0.0
              },
              {
                "charge_density": 0.0,
                "id": "n2",
                "index": 2,
                "potential": 1113.1875857412065,
                "x": 0.06,
                "y": 0.0
              },
              {
                "charge_density": 0.0,
                "id": "n3",
                "index": 3,
                "potential": 1318.0,
                "x": 0.09,
                "y": 0.0
              },
              {
                "charge_density": 0.0,
                "id": "n4",
                "index": 4,
                "potential": 0.0,
                "x": 0.0,
                "y": 0.03
              },
              {
                "charge_density": 0.0,
                "id": "n5",
                "index": 5,
                "potential": 860.2121398869335,
                "x": 0.03,
                "y": 0.03
              },
              {
                "charge_density": 0.0,
                "id": "n6",
                "index": 6,
                "potential": 1113.1875857412065,
                "x": 0.06,
                "y": 0.03
              },
              {
                "charge_density": 0.0,
                "id": "n7",
                "index": 7,
                "potential": 1318.0,
                "x": 0.09,
                "y": 0.03
              }
            ],
            "total_stored_energy": 566.8798001854891
          },
          "electrostatic_mesh_convergence": {
            "finest_pair_relative_change": 4.830833852131909e-15,
            "max_analytic_relative_error": 0.4644444444444446,
            "method": "structured_quad_h_refinement",
            "refinement_levels": [
              1,
              2,
              4,
              8
            ],
            "relative_error_tolerance": 1e-8,
            "samples": [
              {
                "analytic_relative_error": 0.4644444444444446,
                "element_count": 3,
                "elements_per_layer": 1,
                "max_electric_field_v_m": 28673.737996231117,
                "node_count": 8,
                "relative_change_from_previous": null
              },
              {
                "analytic_relative_error": 1.8580130200507342e-16,
                "element_count": 6,
                "elements_per_layer": 2,
                "max_electric_field_v_m": 19579.94248604552,
                "node_count": 14,
                "relative_change_from_previous": 0.4644444444444448
              },
              {
                "analytic_relative_error": 1.8580130200507342e-16,
                "element_count": 12,
                "elements_per_layer": 4,
                "max_electric_field_v_m": 19579.94248604553,
                "node_count": 26,
                "relative_change_from_previous": 3.7160260401014684e-16
              },
              {
                "analytic_relative_error": 5.0166351541369825e-15,
                "element_count": 24,
                "elements_per_layer": 8,
                "max_electric_field_v_m": 19579.942486045624,
                "node_count": 50,
                "relative_change_from_previous": 4.830833852131909e-15
              }
            ],
            "schema_version": "kyuubiki.composite-electrostatic-mesh-convergence/v1",
            "status": "fail"
          },
          "electrothermal_feedback_convergence": {
            "conductivity_relative_change_tolerance": 1e-9,
            "converged": true,
            "final_loss_relative_change": 3.727942196148746e-11,
            "final_max_conductivity_relative_change": 1.9798587048565217e-10,
            "final_temperature_residual_c": 4.969184885794675e-8,
            "iteration_count": 12,
            "iterations": [
              {
                "converged": false,
                "coupling_temperature_c": 35.0,
                "dielectric_mean_temperature_c": 36.10944637884168,
                "iteration": 1,
                "loss_relative_change": null,
                "loss_tangent": 0.008,
                "max_conductivity_relative_change": null,
                "max_temperature_c": 37.21250533153669,
                "relative_permittivity": 3.4,
                "temperature_residual_c": 2.2124622546136195,
                "thermal_conductivity_updates": [
                  {
                    "conductivity_relative_change": null,
                    "conductivity_w_mk": 390.0,
                    "coupling_temperature_c": 35.0,
                    "element_id": "conductor_left",
                    "measured_mean_temperature_c": 37.21246225461362
                  },
                  {
                    "conductivity_relative_change": null,
                    "conductivity_w_mk": 0.25,
                    "coupling_temperature_c": 35.0,
                    "element_id": "dielectric_core",
                    "measured_mean_temperature_c": 36.10944637884168
                  },
                  {
                    "conductivity_relative_change": null,
                    "conductivity_w_mk": 160.0,
                    "coupling_temperature_c": 35.0,
                    "element_id": "substrate_right",
                    "measured_mean_temperature_c": 35.00323678999641
                  }
                ],
                "total_joule_loss_w": 0.0000672,
                "total_loss_w": 0.0009685727988498982
              },
              {
                "converged": false,
                "coupling_temperature_c": 35.88755710307335,
                "dielectric_mean_temperature_c": 36.11128793774257,
                "iteration": 2,
                "loss_relative_change": 0.0003306164853845531,
                "loss_tangent": 0.008007100456824586,
                "max_conductivity_relative_change": 0.0017751142061467329,
                "max_temperature_c": 37.216185845504114,
                "relative_permittivity": 3.400301769415045,
                "temperature_residual_c": 0.446173186610082,
                "thermal_conductivity_updates": [
                  {
                    "conductivity_relative_change": 0.0017699698036908677,
                    "conductivity_w_mk": 389.30971177656056,
                    "coupling_temperature_c": 36.7699698036909,
                    "element_id": "conductor_left",
                    "measured_mean_temperature_c": 37.21614299030098
                  },
                  {
                    "conductivity_relative_change": 0.0017751142061467329,
                    "conductivity_w_mk": 0.24955622144846332,
                    "coupling_temperature_c": 35.88755710307335,
                    "element_id": "dielectric_core",
                    "measured_mean_temperature_c": 36.11128793774257
                  },
                  {
                    "conductivity_relative_change": 3.107318396544656e-6,
                    "conductivity_w_mk": 159.99950282905655,
                    "coupling_temperature_c": 35.00258943199712,
                    "element_id": "substrate_right",
                    "measured_mean_temperature_c": 35.00323787019364
                  }
                ],
                "total_joule_loss_w": 0.0000667357871109134,
                "total_loss_w": 0.0009693794553013976
              },
              {
                "converged": false,
                "coupling_temperature_c": 36.066541770808726,
                "dielectric_mean_temperature_c": 36.11166164505396,
                "iteration": 3,
                "loss_relative_change": 0.00006738695545333129,
                "loss_tangent": 0.00800853233416647,
                "max_conductivity_relative_change": 0.0003586059019015939,
                "max_temperature_c": 37.21693273109574,
                "relative_permittivity": 3.400362624202075,
                "temperature_residual_c": 0.08998156722329043,
                "thermal_conductivity_updates": [
                  {
                    "conductivity_relative_change": 0.0003575714399394434,
                    "conductivity_w_mk": 389.1705057423382,
                    "coupling_temperature_c": 37.126908352978965,
                    "element_id": "conductor_left",
                    "measured_mean_temperature_c": 37.216889920202256
                  },
                  {
                    "conductivity_relative_change": 0.0003586059019015939,
                    "conductivity_w_mk": 0.24946672911459564,
                    "coupling_temperature_c": 36.066541770808726,
                    "element_id": "dielectric_core",
                    "measured_mean_temperature_c": 36.11166164505396
                  },
                  {
                    "conductivity_relative_change": 6.22502602926037e-7,
                    "conductivity_w_mk": 159.99940322894955,
                    "coupling_temperature_c": 35.003108182554335,
                    "element_id": "substrate_right",
                    "measured_mean_temperature_c": 35.00323809039957
                  }
                ],
                "total_joule_loss_w": 0.00006664294826768293,
                "total_loss_w": 0.000969542114796313
              },
              {
                "converged": false,
                "coupling_temperature_c": 36.10263767020491,
                "dielectric_mean_temperature_c": 36.11173710496396,
                "iteration": 4,
                "loss_relative_change": 0.000013618475729160229,
                "loss_tangent": 0.00800882110136164,
                "max_conductivity_relative_change": 0.0000723461191083347,
                "max_temperature_c": 37.21708354407267,
                "relative_permittivity": 3.4003748968078695,
                "temperature_residual_c": 0.018147135341429532,
                "thermal_conductivity_updates": [
                  {
                    "conductivity_relative_change": 0.00007213868615278392,
                    "conductivity_w_mk": 389.14243149336454,
                    "coupling_temperature_c": 37.1988936067576,
                    "element_id": "conductor_left",
                    "measured_mean_temperature_c": 37.21704074209903
                  },
                  {
                    "conductivity_relative_change": 0.0000723461191083347,
                    "conductivity_w_mk": 0.24944868116489757,
                    "coupling_temperature_c": 36.10263767020491,
                    "element_id": "dielectric_core",
                    "measured_mean_temperature_c": 36.11173710496396
                  },
                  {
                    "conductivity_relative_change": 1.247119965660957e-7,
                    "conductivity_w_mk": 159.99938327510455,
                    "coupling_temperature_c": 35.003212108830525,
                    "element_id": "substrate_right",
                    "measured_mean_temperature_c": 35.00323813490126
                  }
                ],
                "total_joule_loss_w": 0.00006662425637004878,
                "total_loss_w": 0.0009695749179550794
              },
              {
                "converged": false,
                "coupling_temperature_c": 36.10991721801215,
                "dielectric_mean_temperature_c": 36.11175232686816,
                "iteration": 5,
                "loss_relative_change": 2.747575715211917e-6,
                "loss_tangent": 0.008008879337744098,
                "max_conductivity_relative_change": 0.000014591273389822114,
                "max_temperature_c": 37.21711396632871,
                "relative_permittivity": 3.4003773718541237,
                "temperature_residual_c": 0.003659851122584712,
                "thermal_conductivity_updates": [
                  {
                    "conductivity_relative_change": 0.000014549701518781409,
                    "conductivity_w_mk": 389.136769587138,
                    "coupling_temperature_c": 37.21341131503075,
                    "element_id": "conductor_left",
                    "measured_mean_temperature_c": 37.21707116615333
                  },
                  {
                    "conductivity_relative_change": 0.000014591273389822114,
                    "conductivity_w_mk": 0.2494450413909939,
                    "coupling_temperature_c": 36.10991721801215,
                    "element_id": "dielectric_core",
                    "measured_mean_temperature_c": 36.11175232686816
                  },
                  {
                    "conductivity_relative_change": 2.4985124219185943e-8,
                    "conductivity_w_mk": 159.99937927750008,
                    "coupling_temperature_c": 35.003232929687115,
                    "element_id": "substrate_right",
                    "measured_mean_temperature_c": 35.00323814387919
                  }
                ],
                "total_joule_loss_w": 0.00006662048793073093,
                "total_loss_w": 0.0009695815334300848
              },
              {
                "converged": false,
                "coupling_temperature_c": 36.11138530509696,
                "dielectric_mean_temperature_c": 36.111755396836195,
                "iteration": 6,
                "loss_relative_change": 5.541456470760225e-7,
                "loss_tangent": 0.008008891082440777,
                "max_conductivity_relative_change": 2.942706490891203e-6,
                "max_temperature_c": 37.21712010191828,
                "relative_permittivity": 3.400377871003733,
                "temperature_residual_c": 0.0007381061767262054,
                "thermal_conductivity_updates": [
                  {
                    "conductivity_relative_change": 2.9343758788211203e-6,
                    "conductivity_w_mk": 389.1356277135878,
                    "coupling_temperature_c": 37.21633919592882,
                    "element_id": "conductor_left",
                    "measured_mean_temperature_c": 37.217077302105544
                  },
                  {
                    "conductivity_relative_change": 2.942706490891203e-6,
                    "conductivity_w_mk": 0.24944430734745152,
                    "coupling_temperature_c": 36.11138530509696,
                    "element_id": "dielectric_core",
                    "measured_mean_temperature_c": 36.111755396836195
                  },
                  {
                    "conductivity_relative_change": 5.005643778928647e-9,
                    "conductivity_w_mk": 159.9993784766002,
                    "coupling_temperature_c": 35.003237101040774,
                    "element_id": "substrate_right",
                    "measured_mean_temperature_c": 35.00323814568979
                  }
                ],
                "total_joule_loss_w": 0.00006661972797665646,
                "total_loss_w": 0.0009695828675909988
              },
              {
                "converged": false,
                "coupling_temperature_c": 36.11168137848835,
                "dielectric_mean_temperature_c": 36.11175601596488,
                "iteration": 7,
                "loss_relative_change": 1.1175542283147783e-7,
                "loss_tangent": 0.008008893451027907,
                "max_conductivity_relative_change": 5.934659213266488e-7,
                "max_temperature_c": 37.21712133929912,
                "relative_permittivity": 3.4003779716686857,
                "temperature_residual_c": 0.00014885868932168478,
                "thermal_conductivity_updates": [
                  {
                    "conductivity_relative_change": 5.917965633545628e-7,
                    "conductivity_w_mk": 389.1353974244606,
                    "coupling_temperature_c": 37.2169296808702,
                    "element_id": "conductor_left",
                    "measured_mean_temperature_c": 37.21707853955952
                  },
                  {
                    "conductivity_relative_change": 5.934659213266488e-7,
                    "conductivity_w_mk": 0.24944415931075584,
                    "coupling_temperature_c": 36.11168137848835,
                    "element_id": "dielectric_core",
                    "measured_mean_temperature_c": 36.11175601596488
                  },
                  {
                    "conductivity_relative_change": 1.002867110352716e-9,
                    "conductivity_w_mk": 159.99937831614207,
                    "coupling_temperature_c": 35.00323793675999,
                    "element_id": "substrate_right",
                    "measured_mean_temperature_c": 35.00323814605491
                  }
                ],
                "total_joule_loss_w": 0.00006661957471383549,
                "total_loss_w": 0.0009695831366550792
              },
              {
                "converged": false,
                "coupling_temperature_c": 36.11174108846957,
                "dielectric_mean_temperature_c": 36.1117561408315,
                "iteration": 8,
                "loss_relative_change": 2.2537585573569793e-8,
                "loss_tangent": 0.008008893928707756,
                "max_conductivity_relative_change": 1.196860680204977e-7,
                "max_temperature_c": 37.21712158885559,
                "relative_permittivity": 3.400377991970079,
                "temperature_residual_c": 0.000030021309079586445,
                "thermal_conductivity_updates": [
                  {
                    "conductivity_relative_change": 1.193515454197124e-7,
                    "conductivity_w_mk": 389.1353509805496,
                    "coupling_temperature_c": 37.21704876782166,
                    "element_id": "conductor_left",
                    "measured_mean_temperature_c": 37.21707878913074
                  },
                  {
                    "conductivity_relative_change": 1.196860680204977e-7,
                    "conductivity_w_mk": 0.2494441294557652,
                    "coupling_temperature_c": 36.11174108846957,
                    "element_id": "dielectric_core",
                    "measured_mean_temperature_c": 36.1117561408315
                  },
                  {
                    "conductivity_relative_change": 2.0092379225606607e-10,
                    "conductivity_w_mk": 159.9993782839944,
                    "coupling_temperature_c": 35.00323810419593,
                    "element_id": "substrate_right",
                    "measured_mean_temperature_c": 35.00323814612855
                  }
                ],
                "total_joule_loss_w": 0.0000666195438044077,
                "total_loss_w": 0.000969583190918014
              },
              {
                "converged": false,
                "coupling_temperature_c": 36.11175313035912,
                "dielectric_mean_temperature_c": 36.111756166006685,
                "iteration": 9,
                "loss_relative_change": 4.545117949256391e-9,
                "loss_tangent": 0.008008894025042873,
                "max_conductivity_relative_change": 2.4137448268161258e-8,
                "max_temperature_c": 37.21712163917031,
                "relative_permittivity": 3.400377996064322,
                "temperature_residual_c": 6.054579507974722e-6,
                "thermal_conductivity_updates": [
                  {
                    "conductivity_relative_change": 2.4070412565070623e-8,
                    "conductivity_w_mk": 389.1353416139011,
                    "coupling_temperature_c": 37.217072784868925,
                    "element_id": "conductor_left",
                    "measured_mean_temperature_c": 37.21707883944843
                  },
                  {
                    "conductivity_relative_change": 2.4137448268161258e-8,
                    "conductivity_w_mk": 0.24944412343482045,
                    "coupling_temperature_c": 36.11175313035912,
                    "element_id": "dielectric_core",
                    "measured_mean_temperature_c": 36.111756166006685
                  },
                  {
                    "conductivity_relative_change": 4.0255422208938526e-11,
                    "conductivity_w_mk": 159.99937827755355,
                    "coupling_temperature_c": 35.00323813774203,
                    "element_id": "substrate_right",
                    "measured_mean_temperature_c": 35.0032381461434
                  }
                ],
                "total_joule_loss_w": 0.00006661953757070395,
                "total_loss_w": 0.0009695832018613814
              },
              {
                "converged": false,
                "coupling_temperature_c": 36.11175555887717,
                "dielectric_mean_temperature_c": 36.11175617108535,
                "iteration": 10,
                "loss_relative_change": 9.166041917543065e-10,
                "loss_tangent": 0.008008894044471016,
                "max_conductivity_relative_change": 4.8678598234361635e-9,
                "max_temperature_c": 37.21712164932046,
                "relative_permittivity": 3.4003779968900183,
                "temperature_residual_c": 1.221066654011338e-6,
                "thermal_conductivity_updates": [
                  {
                    "conductivity_relative_change": 4.854426192406379e-9,
                    "conductivity_w_mk": 389.1353397248723,
                    "coupling_temperature_c": 37.21707762853253,
                    "element_id": "conductor_left",
                    "measured_mean_temperature_c": 37.21707884959918
                  },
                  {
                    "conductivity_relative_change": 4.8678598234361635e-9,
                    "conductivity_w_mk": 0.24944412222056145,
                    "coupling_temperature_c": 36.11175555887717,
                    "element_id": "dielectric_core",
                    "measured_mean_temperature_c": 36.11175617108535
                  },
                  {
                    "conductivity_relative_change": 8.065401933871784e-12,
                    "conductivity_w_mk": 159.9993782762631,
                    "coupling_temperature_c": 35.003238144463126,
                    "element_id": "substrate_right",
                    "measured_mean_temperature_c": 35.00323814614639
                  }
                ],
                "total_joule_loss_w": 0.00006661953631351524,
                "total_loss_w": 0.000969583204068358
              },
              {
                "converged": false,
                "coupling_temperature_c": 36.11175604864371,
                "dielectric_mean_temperature_c": 36.111756172109736,
                "iteration": 11,
                "loss_relative_change": 1.84849180434387e-10,
                "loss_tangent": 0.008008894048389151,
                "max_conductivity_relative_change": 9.817159776722375e-10,
                "max_temperature_c": 37.2171216513678,
                "relative_permittivity": 3.400377997056539,
                "temperature_residual_c": 2.462607895381552e-7,
                "thermal_conductivity_updates": [
                  {
                    "conductivity_relative_change": 9.790239965617791e-10,
                    "conductivity_w_mk": 389.1353393438995,
                    "coupling_temperature_c": 37.21707860538585,
                    "element_id": "conductor_left",
                    "measured_mean_temperature_c": 37.21707885164664
                  },
                  {
                    "conductivity_relative_change": 9.817159776722375e-10,
                    "conductivity_w_mk": 0.24944412197567817,
                    "coupling_temperature_c": 36.11175604864371,
                    "element_id": "dielectric_core",
                    "measured_mean_temperature_c": 36.111756172109736
                  },
                  {
                    "conductivity_relative_change": 1.6159580960493214e-12,
                    "conductivity_w_mk": 159.9993782760045,
                    "coupling_temperature_c": 35.00323814580973,
                    "element_id": "substrate_right",
                    "measured_mean_temperature_c": 35.00323814614699
                  }
                ],
                "total_joule_loss_w": 0.00006661953605996979,
                "total_loss_w": 0.0009695832045134448
              },
              {
                "converged": true,
                "coupling_temperature_c": 36.11175614741653,
                "dielectric_mean_temperature_c": 36.11175617232973,
                "iteration": 12,
                "loss_relative_change": 3.727942196148746e-11,
                "loss_tangent": 0.008008894049179333,
                "max_conductivity_relative_change": 1.9798587048565217e-10,
                "max_temperature_c": 37.21712165180746,
                "relative_permittivity": 3.4003779970901213,
                "temperature_residual_c": 4.969184885794675e-8,
                "thermal_conductivity_updates": [
                  {
                    "conductivity_relative_change": 1.9744640404769318e-10,
                    "conductivity_w_mk": 389.1353392670661,
                    "coupling_temperature_c": 37.21707880239448,
                    "element_id": "conductor_left",
                    "measured_mean_temperature_c": 37.21707885208633
                  },
                  {
                    "conductivity_relative_change": 1.9798587048565217e-10,
                    "conductivity_w_mk": 0.24944412192629173,
                    "coupling_temperature_c": 36.11175614741653,
                    "element_id": "dielectric_core",
                    "measured_mean_temperature_c": 36.11175617232973
                  },
                  {
                    "conductivity_relative_change": 3.238311101574886e-13,
                    "conductivity_w_mk": 159.99937827595272,
                    "coupling_temperature_c": 35.00323814607954,
                    "element_id": "substrate_right",
                    "measured_mean_temperature_c": 35.00323814614713
                  }
                ],
                "total_joule_loss_w": 0.00006661953600883556,
                "total_loss_w": 0.000969583204603208
              }
            ],
            "loss_relative_change_tolerance": 1e-9,
            "max_iterations": 12,
            "method": "relaxed_temperature_dependent_dielectric_and_conductivity_fixed_point",
            "parameter_source": "screening_sensitivity_not_material_card",
            "relaxation_factor": 0.8,
            "schema_version": "kyuubiki.composite-electrothermal-feedback-convergence/v1",
            "status": "pass",
            "temperature_residual_tolerance_c": 1e-7
          },
          "electrothermal_loss_projection": {
            "assumptions": [
              "The solved electrostatic field magnitude is interpreted as an RMS harmonic field.",
              "Relative permittivity and loss tangent are scalar, isotropic, and frequency-local screening values.",
              "Element dielectric loss is lumped consistently to its four thermal nodes."
            ],
            "distributed_total_heat_load_w": 0.000969583204603208,
            "effective_conductivity_s_m": 0.000015150548077678344,
            "electric_field_rms_v_m": 8432.514861809104,
            "energy_balance_relative_error": 0.0,
            "frequency_hz": 10000000.0,
            "loss_tangent": 0.008008894049179333,
            "model": "harmonic_dielectric_loss_sigma_eff_e_rms_squared",
            "relative_permittivity": 3.4003779970901213,
            "schema_version": "kyuubiki.composite-electrothermal-loss-projection/v1",
            "source_element_id": "dielectric_core",
            "source_volume_m3": 9e-7,
            "target_element_count": 1,
            "target_node_count": 4,
            "total_loss_w": 0.000969583204603208,
            "volumetric_loss_w_m3": 1077.3146717813422
          },
          "heat": {
            "elements": [
              {
                "area": 0.0009,
                "average_temperature": 37.21707885208633,
                "heat_flow_rate": 9.992930402562218e-7,
                "heat_flux_magnitude": 1.1103256002846909,
                "heat_flux_x": 1.1103256002846909,
                "heat_flux_y": -4.4239566167000943e-11,
                "id": "conductor_left",
                "index": 0,
                "node_i": 0,
                "node_j": 1,
                "node_k": 5,
                "node_l": 4,
                "temperature_gradient_x": -0.002853314742310431,
                "temperature_gradient_y": 1.1368683772161605e-13
              },
              {
                "area": 0.0009,
                "average_temperature": 36.11175617232973,
                "heat_flow_rate": 0.000016542334149494575,
                "heat_flux_magnitude": 18.380371277216195,
                "heat_flux_x": 18.380371277216195,
                "heat_flux_y": -2.8358513410045334e-14,
                "id": "dielectric_core",
                "index": 1,
                "node_i": 1,
                "node_j": 2,
                "node_k": 6,
                "node_l": 5,
                "temperature_gradient_x": -73.68532533569748,
                "temperature_gradient_y": 1.1368683772161605e-13
              },
              {
                "area": 0.0009,
                "average_temperature": 35.00323814614713,
                "heat_flow_rate": 0.00003108608221849206,
                "heat_flux_magnitude": 34.540091353880065,
                "heat_flux_x": 34.540091353880065,
                "heat_flux_y": -0.0,
                "id": "substrate_right",
                "index": 2,
                "node_i": 2,
                "node_j": 3,
                "node_k": 7,
                "node_l": 6,
                "temperature_gradient_x": -0.21587640980897052,
                "temperature_gradient_y": 0.0
              }
            ],
            "input": {
              "elements": [
                {
                  "conductivity": 389.1353392670661,
                  "id": "conductor_left",
                  "node_i": 0,
                  "node_j": 1,
                  "node_k": 5,
                  "node_l": 4,
                  "thickness": 0.001
                },
                {
                  "conductivity": 0.24944412192629173,
                  "id": "dielectric_core",
                  "node_i": 1,
                  "node_j": 2,
                  "node_k": 6,
                  "node_l": 5,
                  "thickness": 0.001
                },
                {
                  "conductivity": 159.99937827595272,
                  "id": "substrate_right",
                  "node_i": 2,
                  "node_j": 3,
                  "node_k": 7,
                  "node_l": 6,
                  "thickness": 0.001
                }
              ],
              "nodes": [
                {
                  "fix_temperature": false,
                  "heat_load": 0.00001665488400220889,
                  "id": "n0",
                  "temperature": 35.0,
                  "x": 0.0,
                  "y": 0.0
                },
                {
                  "fix_temperature": false,
                  "heat_load": 0.00025905068515301086,
                  "id": "n1",
                  "temperature": 35.0,
                  "x": 0.03,
                  "y": 0.0
                },
                {
                  "fix_temperature": false,
                  "heat_load": 0.000242395801150802,
                  "id": "n2",
                  "temperature": 35.0,
                  "x": 0.06,
                  "y": 0.0
                },
                {
                  "fix_temperature": true,
                  "heat_load": 0.0,
                  "id": "n3",
                  "temperature": 35.0,
                  "x": 0.09,
                  "y": 0.0
                },
                {
                  "fix_temperature": false,
                  "heat_load": 0.00001665488400220889,
                  "id": "n4",
                  "temperature": 35.0,
                  "x": 0.0,
                  "y": 0.03
                },
                {
                  "fix_temperature": false,
                  "heat_load": 0.00025905068515301086,
                  "id": "n5",
                  "temperature": 35.0,
                  "x": 0.03,
                  "y": 0.03
                },
                {
                  "fix_temperature": false,
                  "heat_load": 0.000242395801150802,
                  "id": "n6",
                  "temperature": 35.0,
                  "x": 0.06,
                  "y": 0.03
                },
                {
                  "fix_temperature": true,
                  "heat_load": 0.0,
                  "id": "n7",
                  "temperature": 35.0,
                  "x": 0.09,
                  "y": 0.03
                }
              ]
            },
            "max_heat_flux": 34.540091353880065,
            "max_temperature": 37.21712165180746,
            "nodes": [
              {
                "heat_load": 0.00001665488400220889,
                "id": "n0",
                "index": 0,
                "temperature": 37.21712165180746,
                "x": 0.0,
                "y": 0.0
              },
              {
                "heat_load": 0.00025905068515301086,
                "id": "n1",
                "index": 1,
                "temperature": 37.21703605236519,
                "x": 0.03,
                "y": 0.0
              },
              {
                "heat_load": 0.000242395801150802,
                "id": "n2",
                "index": 2,
                "temperature": 35.006476292294266,
                "x": 0.06,
                "y": 0.0
              },
              {
                "heat_load": 0.0,
                "id": "n3",
                "index": 3,
                "temperature": 35.0,
                "x": 0.09,
                "y": 0.0
              },
              {
                "heat_load": 0.00001665488400220889,
                "id": "n4",
                "index": 4,
                "temperature": 37.21712165180746,
                "x": 0.0,
                "y": 0.03
              },
              {
                "heat_load": 0.00025905068515301086,
                "id": "n5",
                "index": 5,
                "temperature": 37.217036052365195,
                "x": 0.03,
                "y": 0.03
              },
              {
                "heat_load": 0.000242395801150802,
                "id": "n6",
                "index": 6,
                "temperature": 35.006476292294266,
                "x": 0.06,
                "y": 0.03
              },
              {
                "heat_load": 0.0,
                "id": "n7",
                "index": 7,
                "temperature": 35.0,
                "x": 0.09,
                "y": 0.03
              }
            ],
            "total_abs_heat_flow_rate": 0.00004862770940824286
          },
          "heat_cross_validation": {
            "absolute_error_c": 2.4272139853565022e-11,
            "conductivities_w_mk": [
              389.1353392670661,
              0.24944412192629173,
              159.99937827595272
            ],
            "expected_max_temperature_c": 37.21712165178319,
            "fem_max_temperature_c": 37.21712165180746,
            "fixed_temperature_c": 35.0,
            "method": "layered_thermal_resistance_with_regional_generation_closed_form",
            "relative_error": 6.521767072871437e-13,
            "relative_error_tolerance": 1e-9,
            "schema_version": "kyuubiki.composite-heat-cross-validation/v1",
            "status": "pass",
            "total_heat_load_w": 0.0010362027406120434
          },
          "heat_mesh_convergence": {
            "finest_pair_relative_change": 1.3967578426559554e-11,
            "max_analytic_relative_error": 1.4399435485073463e-11,
            "method": "structured_quad_h_refinement",
            "refinement_levels": [
              1,
              2,
              4,
              8
            ],
            "relative_error_tolerance": 1e-8,
            "samples": [
              {
                "analytic_relative_error": 6.521767072871437e-13,
                "element_count": 3,
                "elements_per_layer": 1,
                "max_temperature_c": 37.21712165180746,
                "node_count": 8,
                "relative_change_from_previous": null
              },
              {
                "analytic_relative_error": 2.0810088142359097e-13,
                "element_count": 6,
                "elements_per_layer": 2,
                "max_temperature_c": 37.21712165179093,
                "node_count": 14,
                "relative_change_from_previous": 4.4407582586355286e-13
              },
              {
                "analytic_relative_error": 4.3185705851391075e-13,
                "element_count": 12,
                "elements_per_layer": 4,
                "max_temperature_c": 37.21712165179926,
                "node_count": 26,
                "relative_change_from_previous": 2.237561770903198e-13
              },
              {
                "analytic_relative_error": 1.4399435485073463e-11,
                "element_count": 24,
                "elements_per_layer": 8,
                "max_temperature_c": 37.21712165231909,
                "node_count": 50,
                "relative_change_from_previous": 1.3967578426559554e-11
              }
            ],
            "schema_version": "kyuubiki.composite-heat-mesh-convergence/v1",
            "status": "pass"
          },
          "heat_to_thermal_projection": {
            "mapped_node_count": 8,
            "maximum_coordinate_error_m": 0.0,
            "maximum_temperature_delta_c": 2.21712165180746,
            "minimum_temperature_delta_c": 0.0,
            "reference_temperature_c": 35.0,
            "schema_version": "kyuubiki.composite-heat-to-thermal-projection/v1"
          },
          "joule_heating_projection": {
            "assumptions": [
              "Steady scalar electrical conductivity is solved on a two-dimensional quad mesh.",
              "Joule heating uses the solved local sigma times electric-field magnitude squared.",
              "Element Joule power integrates both triangular subcell fields before thermal projection.",
              "Recovered terminal currents gate current continuity and electrical input-power balance.",
              "Contact and terminal impedance models require explicit study-level heat mappings."
            ],
            "boundary_voltage_span_v": 0.000033600000000000004,
            "current_balance_relative_error": 0.0,
            "distributed_total_heat_load_w": 0.00006661953600883548,
            "electrical_power_balance_relative_error": 2.0343172540666403e-16,
            "energy_balance_relative_error": 1.2205903524399844e-15,
            "free_current_residual_relative_error": 0.0,
            "max_current_density_a_m2": 66090.80953257496,
            "max_free_current_residual_a": 0.0,
            "model": "solved_steady_current_density_sigma_e_squared",
            "parameter_source": "screening_reference_not_material_card",
            "regions": [
              {
                "coupling_temperature_c": 37.21707880239448,
                "current_density_magnitude_a_m2": 66090.80953257496,
                "distributed_heat_load_w": 0.00006661953600883556,
                "electric_field_magnitude_v_m": 0.00112,
                "electrical_conductivity_s_m": 59009651.368370496,
                "element_id": "conductor_left",
                "energy_balance_relative_error": 0.0,
                "joule_power_w": 0.00006661953600883556,
                "peak_current_density_magnitude_a_m2": 66090.80953257496,
                "peak_electric_field_magnitude_v_m": 0.00112,
                "rms_current_density_magnitude_a_m2": 66090.80953257496,
                "rms_electric_field_magnitude_v_m": 0.00112,
                "source_volume_m3": 9e-7,
                "volumetric_joule_heating_w_m3": 74.02170667648396
              }
            ],
            "schema_version": "kyuubiki.composite-current-to-heat-projection/v2",
            "source_power_balance_relative_error": 2.0343172540666403e-16,
            "status": "pass",
            "total_dissipated_power_w": 0.00006661953600883556,
            "total_electrical_input_power_w": 0.00006661953600883558,
            "total_extracted_current_a": 1.9827242859772491,
            "total_injected_current_a": 1.9827242859772491,
            "total_joule_loss_w": 0.00006661953600883556,
            "total_source_power_w": 0.00006661953600883558
          },
          "research": {
            "candidate_id": "copper_polyimide_aluminum",
            "candidate_label": "Copper / Polyimide / Aluminum",
            "coupling": "iterative_dielectric_and_conductor_joule_heating_with_temperature_dependent_electrical_thermal_feedback_and_expansion_projection",
            "materials": {
              "conductor": "copper",
              "dielectric": "polyimide",
              "substrate": "aluminum_6061"
            },
            "study": "material.composite_thermo_electric_panel.v1"
          },
          "schema_version": "kyuubiki.composite-thermo-electric-panel-result/v1",
          "thermal": {
            "elements": [
              {
                "area": 0.0009,
                "average_temperature_delta": 2.217078852086326,
                "gamma_xy": 6.893171771275231e-21,
                "id": "conductor_left",
                "index": 0,
                "max_in_plane_shear": 659273.8617102295,
                "mechanical_strain_x": 3.835775195404967e-6,
                "mechanical_strain_y": -0.000011986797485640538,
                "node_i": 0,
                "node_j": 1,
                "node_k": 5,
                "node_l": 4,
                "principal_stress_1": -6.984919309616089e-10,
                "principal_stress_2": -1318547.7234204598,
                "strain_energy_density": 26.00923453688553,
                "stress_x": -6.000138657529734e-10,
                "stress_y": -1318547.7234204598,
                "tau_xy": 3.4737644859382677e-10,
                "thermal_strain": 0.000037707052976831184,
                "total_strain_x": 0.000041542828172236155,
                "total_strain_y": 0.000025720255491190644,
                "von_mises": 1318547.7234204595
              },
              {
                "area": 0.0009,
                "average_temperature_delta": 1.111756172329729,
                "gamma_xy": 5.077969871506086e-19,
                "id": "dielectric_core",
                "index": 1,
                "max_in_plane_shear": 29932.51279499864,
                "mechanical_strain_x": 7.662723275519358e-6,
                "mechanical_strain_y": -0.00002394601023599921,
                "node_i": 1,
                "node_j": 2,
                "node_k": 6,
                "node_l": 5,
                "principal_stress_1": -1.0913936421275139e-9,
                "principal_stress_2": -59865.025589998375,
                "strain_energy_density": 2.608101809825089,
                "stress_x": -1.0894988614988204e-9,
                "stress_y": -59865.025589998375,
                "tau_xy": 4.801097790934565e-10,
                "thermal_strain": 0.000050073523819159475,
                "total_strain_x": 0.00005773624709467883,
                "total_strain_y": 0.00002612751358316027,
                "von_mises": 59865.02558999783
              },
              {
                "area": 0.0009,
                "average_temperature_delta": 0.0032381461471331367,
                "gamma_xy": -1.7950968154362578e-21,
                "id": "substrate_right",
                "index": 2,
                "max_in_plane_shear": 7587.180478079999,
                "mechanical_strain_x": -7.047598702426329e-8,
                "mechanical_strain_y": 2.202374594507904e-7,
                "node_i": 2,
                "node_j": 3,
                "node_k": 7,
                "node_l": 6,
                "principal_stress_1": 15174.360956159202,
                "principal_stress_2": -7.96717358753085e-10,
                "strain_energy_density": 0.00512900033194277,
                "stress_x": -7.961532667700845e-10,
                "stress_y": 15174.360956159202,
                "tau_xy": -4.613593457886762e-11,
                "thermal_strain": 7.642032331032255e-8,
                "total_strain_x": 5.944336286059244e-9,
                "total_strain_y": 2.966577827611129e-7,
                "von_mises": 15174.3609561596
              }
            ],
            "input": {
              "elements": [
                {
                  "id": "conductor_left",
                  "node_i": 0,
                  "node_j": 1,
                  "node_k": 5,
                  "node_l": 4,
                  "poisson_ratio": 0.32,
                  "thermal_expansion": 0.000017007538068097092,
                  "thickness": 0.001,
                  "youngs_modulus": 110000000000.0
                },
                {
                  "id": "dielectric_core",
                  "node_i": 1,
                  "node_j": 2,
                  "node_k": 6,
                  "node_l": 5,
                  "poisson_ratio": 0.32,
                  "thermal_expansion": 0.00004504002322220387,
                  "thickness": 0.001,
                  "youngs_modulus": 2500000000.0
                },
                {
                  "id": "substrate_right",
                  "node_i": 2,
                  "node_j": 3,
                  "node_k": 7,
                  "node_l": 6,
                  "poisson_ratio": 0.32,
                  "thermal_expansion": 0.00002360002292607472,
                  "thickness": 0.001,
                  "youngs_modulus": 68900000000.0
                }
              ],
              "nodes": [
                {
                  "fix_x": true,
                  "fix_y": true,
                  "id": "n0",
                  "load_x": 0.0,
                  "load_y": 0.0,
                  "temperature_delta": 2.21712165180746,
                  "x": 0.0,
                  "y": 0.0
                },
                {
                  "fix_x": false,
                  "fix_y": false,
                  "id": "n1",
                  "load_x": 0.0,
                  "load_y": 0.0,
                  "temperature_delta": 2.217036052365188,
                  "x": 0.03,
                  "y": 0.0
                },
                {
                  "fix_x": false,
                  "fix_y": false,
                  "id": "n2",
                  "load_x": 0.0,
                  "load_y": 0.0,
                  "temperature_delta": 0.006476292294266273,
                  "x": 0.06,
                  "y": 0.0
                },
                {
                  "fix_x": false,
                  "fix_y": false,
                  "id": "n3",
                  "load_x": 0.0,
                  "load_y": 0.0,
                  "temperature_delta": 0.0,
                  "x": 0.09,
                  "y": 0.0
                },
                {
                  "fix_x": true,
                  "fix_y": true,
                  "id": "n4",
                  "load_x": 0.0,
                  "load_y": 0.0,
                  "temperature_delta": 2.21712165180746,
                  "x": 0.0,
                  "y": 0.03
                },
                {
                  "fix_x": false,
                  "fix_y": false,
                  "id": "n5",
                  "load_x": 0.0,
                  "load_y": 0.0,
                  "temperature_delta": 2.217036052365195,
                  "x": 0.03,
                  "y": 0.03
                },
                {
                  "fix_x": false,
                  "fix_y": false,
                  "id": "n6",
                  "load_x": 0.0,
                  "load_y": 0.0,
                  "temperature_delta": 0.006476292294266273,
                  "x": 0.06,
                  "y": 0.03
                },
                {
                  "fix_x": false,
                  "fix_y": false,
                  "id": "n7",
                  "load_x": 0.0,
                  "load_y": 0.0,
                  "temperature_delta": 0.0,
                  "x": 0.09,
                  "y": 0.03
                }
              ]
            },
            "max_displacement": 2.978552436173115e-6,
            "max_strain_energy_density": 26.00923453688553,
            "max_stress": 1318547.7234204595,
            "max_temperature_delta": 2.21712165180746,
            "nodes": [
              {
                "displacement_magnitude": 0.0,
                "id": "n0",
                "index": 0,
                "temperature_delta": 2.21712165180746,
                "ux": 0.0,
                "uy": 0.0,
                "x": 0.0,
                "y": 0.0
              },
              {
                "displacement_magnitude": 1.4658118240661227e-6,
                "id": "n1",
                "index": 1,
                "temperature_delta": 2.217036052365188,
                "ux": 1.246284845167084e-6,
                "uy": -7.7160766473572e-7,
                "x": 0.03,
                "y": 0.0
              },
              {
                "displacement_magnitude": 2.9783973174354203e-6,
                "id": "n2",
                "index": 2,
                "temperature_delta": 0.006476292294266273,
                "ux": 2.9783722580074472e-6,
                "uy": -1.22177427590777e-8,
                "x": 0.06,
                "y": 0.0
              },
              {
                "displacement_magnitude": 2.978552436173108e-6,
                "id": "n3",
                "index": 3,
                "temperature_delta": 0.0,
                "ux": 2.9785505880960286e-6,
                "uy": 3.3180092762599334e-9,
                "x": 0.09,
                "y": 0.0
              },
              {
                "displacement_magnitude": 0.0,
                "id": "n4",
                "index": 4,
                "temperature_delta": 2.21712165180746,
                "ux": 0.0,
                "uy": 0.0,
                "x": 0.0,
                "y": 0.03
              },
              {
                "displacement_magnitude": 1.4658118240661231e-6,
                "id": "n5",
                "index": 5,
                "temperature_delta": 2.217036052365195,
                "ux": 1.2462848451670855e-6,
                "uy": 7.716076647357189e-7,
                "x": 0.03,
                "y": 0.03
              },
              {
                "displacement_magnitude": 2.9783973174354262e-6,
                "id": "n6",
                "index": 6,
                "temperature_delta": 0.006476292294266273,
                "ux": 2.978372258007453e-6,
                "uy": 1.2217742759099732e-8,
                "x": 0.06,
                "y": 0.03
              },
              {
                "displacement_magnitude": 2.978552436173115e-6,
                "id": "n7",
                "index": 7,
                "temperature_delta": 0.0,
                "ux": 2.978550588096036e-6,
                "uy": -3.318009276250722e-9,
                "x": 0.09,
                "y": 0.03
              }
            ],
            "total_strain_energy": 0.000025760218812338305
          },
          "thermal_constraint_regularized_mesh_convergence": {
            "algebraic_validation": {
              "max_relative_residual": null,
              "method": "original_system_recomputed_l2_residual_over_max_rhs_l2_or_one",
              "qualification_effect": "algebraic_gate_does_not_override_discretization_gates",
              "relative_residual_tolerance": 1e-10,
              "required_series": [
                "uniform_full_edge_clamp",
                "uniform_regularized_restraint",
                "interface_graded_full_edge_clamp"
              ],
              "schema_version": "kyuubiki.composite-thermal-algebraic-validation/v1",
              "series": [],
              "status": "missing"
            },
            "convergence_tolerance": 0.02,
            "diagnostic_metrics": [
              "max_von_mises_stress_pa"
            ],
            "finest_pair_displacement_relative_change": 0.0019347305769708391,
            "finest_pair_peak_stress_relative_change": 0.30930449910228264,
            "finest_pair_strain_energy_relative_change": 0.22500786597317005,
            "method": "structured_quad_h_refinement_preserving_piecewise_linear_temperature_roller_edge_with_vertical_anchor",
            "pass_metrics": [
              "max_displacement_m",
              "total_strain_energy_j"
            ],
            "refinement_levels": [
              1,
              2,
              4,
              8
            ],
            "regime_assessment": {
              "diagnosis": "pass_metrics_lack_qualified_discretization_uncertainty",
              "gci_safety_factor": 1.25,
              "method": "four_level_constant_ratio_observed_order_and_fine_grid_gci",
              "metrics": [
                {
                  "coarse_triplet_observed_order": 0.5743004453931417,
                  "fine_grid_gci": null,
                  "fine_triplet_observed_order": 4.041158717491553,
                  "metric": "max_displacement_m",
                  "observed_order_relative_difference": 0.8578871839635083,
                  "qualification_role": "pass_metric",
                  "regime": "oscillatory",
                  "richardson_extrapolated_value": null,
                  "unit": "m"
                },
                {
                  "coarse_triplet_observed_order": 1.6974744114539733,
                  "fine_grid_gci": 0.16632816552432578,
                  "fine_triplet_observed_order": 1.6699107722349005,
                  "metric": "total_strain_energy_j",
                  "observed_order_relative_difference": 0.01623802929404005,
                  "qualification_role": "pass_metric",
                  "regime": "asymptotic_converging",
                  "richardson_extrapolated_value": 4.897910278149333e-7,
                  "unit": "J"
                },
                {
                  "coarse_triplet_observed_order": -7.234324162939662,
                  "fine_grid_gci": null,
                  "fine_triplet_observed_order": -0.6929230840578213,
                  "metric": "max_von_mises_stress_pa",
                  "observed_order_relative_difference": 0.9042173023421372,
                  "qualification_role": "diagnostic_metric",
                  "regime": "monotonic_diverging",
                  "richardson_extrapolated_value": null,
                  "unit": "Pa"
                }
              ],
              "order_consistency_tolerance": 0.25,
              "qualification_effect": "gci_gates_require_asymptotic_pass_metric_evidence",
              "qualification_tolerance": 0.02,
              "refinement_ratio": 2.0,
              "schema_version": "kyuubiki.composite-thermal-convergence-regime/v1",
              "status": "fail"
            },
            "samples": [
              {
                "displacement_relative_change": null,
                "element_count": 3,
                "elements_per_original_element": 1,
                "max_displacement_m": 2.971866771460064e-6,
                "max_von_mises_stress_pa": 74914.58158359079,
                "node_count": 8,
                "peak_stress_relative_change": null,
                "strain_energy_relative_change": null,
                "total_strain_energy_j": 2.943739195796267e-6
              },
              {
                "displacement_relative_change": 0.04678738019266621,
                "element_count": 12,
                "elements_per_original_element": 2,
                "max_displacement_m": 2.8328209109418105e-6,
                "max_von_mises_stress_pa": 75105.7016144649,
                "node_count": 21,
                "peak_stress_relative_change": 0.0025446807201825196,
                "strain_energy_relative_change": 0.5750532673269277,
                "total_strain_energy_j": 1.250932353095281e-6
              },
              {
                "displacement_relative_change": 0.03191328739711645,
                "element_count": 48,
                "elements_per_original_element": 4,
                "max_displacement_m": 2.92620575622326e-6,
                "max_von_mises_stress_pa": 103883.31530220895,
                "node_count": 65,
                "peak_stress_relative_change": 0.27701863002760885,
                "strain_energy_relative_change": 0.41723705010527634,
                "total_strain_energy_j": 7.28997028208554e-7
              },
              {
                "displacement_relative_change": 0.0019347305769708391,
                "element_count": 192,
                "elements_per_original_element": 8,
                "max_displacement_m": 2.931878150529041e-6,
                "max_von_mises_stress_pa": 150403.92642950293,
                "node_count": 225,
                "peak_stress_relative_change": 0.30930449910228264,
                "strain_energy_relative_change": 0.22500786597317005,
                "total_strain_energy_j": 5.649669625905644e-7
              }
            ],
            "schema_version": "kyuubiki.composite-thermal-mesh-convergence/v1",
            "status": "fail"
          },
          "thermal_constraint_sensitivity": {
            "alternative_restraint": "roller_edge_with_vertical_anchor",
            "alternative_status": "fail",
            "diagnosis": "mixed_restraint_sensitivity_and_persistent_energy_nonconvergence",
            "displacement_change_ratio_alternative_to_primary": 0.7244654221140134,
            "peak_stress_change_ratio_alternative_to_primary": 1.191176454801592,
            "primary_restraint": "full_edge_clamp",
            "primary_status": "fail",
            "qualification_effect": "diagnostic_only_does_not_override_primary_quality_gates",
            "schema_version": "kyuubiki.composite-thermal-constraint-sensitivity/v1",
            "strain_energy_change_ratio_alternative_to_primary": 1.706864878871826
          },
          "thermal_expansion_projection": {
            "coverage_fraction": 1.0,
            "declared_region_count": 3,
            "max_relative_change": 0.0008894049378637784,
            "model": "regional_linear_temperature_dependent_thermal_expansion",
            "parameter_source": "screening_sensitivity_not_material_card",
            "schema_version": "kyuubiki.composite-thermal-expansion-projection/v1",
            "status": "pass",
            "updated_region_count": 3,
            "updates": [
              {
                "adjusted_thermal_expansion_1_k": 0.000017007538068097092,
                "element_id": "conductor_left",
                "mean_temperature_c": 37.21707885208633,
                "reference_thermal_expansion_1_k": 0.000017,
                "relative_change": 0.0004434157704171736
              },
              {
                "adjusted_thermal_expansion_1_k": 0.00004504002322220387,
                "element_id": "dielectric_core",
                "mean_temperature_c": 36.11175617232973,
                "reference_thermal_expansion_1_k": 0.000045,
                "relative_change": 0.0008894049378637784
              },
              {
                "adjusted_thermal_expansion_1_k": 0.00002360002292607472,
                "element_id": "substrate_right",
                "mean_temperature_c": 35.00323814614713,
                "reference_thermal_expansion_1_k": 0.0000236,
                "relative_change": 9.71443843982617e-7
              }
            ]
          },
          "thermal_interface_grading_assessment": {
            "diagnosis": "graded_mesh_did_not_resolve_nonconvergence",
            "displacement_change_ratio_graded_to_uniform": 1.7029249222211629,
            "graded_mesh_convergence": {
              "algebraic_validation": {
                "max_relative_residual": null,
                "method": "original_system_recomputed_l2_residual_over_max_rhs_l2_or_one",
                "qualification_effect": "algebraic_gate_does_not_override_discretization_gates",
                "relative_residual_tolerance": 1e-10,
                "required_series": [
                  "uniform_full_edge_clamp",
                  "uniform_regularized_restraint",
                  "interface_graded_full_edge_clamp"
                ],
                "schema_version": "kyuubiki.composite-thermal-algebraic-validation/v1",
                "series": [],
                "status": "missing"
              },
              "convergence_tolerance": 0.02,
              "diagnostic_metrics": [
                "max_von_mises_stress_pa"
              ],
              "finest_pair_displacement_relative_change": 0.004547768349927494,
              "finest_pair_peak_stress_relative_change": 0.41489039108055387,
              "finest_pair_strain_energy_relative_change": 0.11925455770778604,
              "method": "cosine_graded_quad_h_refinement_at_clamp_interfaces_and_free_edges",
              "pass_metrics": [
                "max_displacement_m",
                "total_strain_energy_j"
              ],
              "refinement_levels": [
                1,
                2,
                4,
                8
              ],
              "regime_assessment": {
                "diagnosis": "pass_metrics_lack_qualified_discretization_uncertainty",
                "gci_safety_factor": 1.25,
                "method": "four_level_constant_ratio_observed_order_and_fine_grid_gci",
                "metrics": [
                  {
                    "coarse_triplet_observed_order": 1.902169587459841,
                    "fine_grid_gci": null,
                    "fine_triplet_observed_order": 1.396000453555293,
                    "metric": "max_displacement_m",
                    "observed_order_relative_difference": 0.2661009498004259,
                    "qualification_role": "pass_metric",
                    "regime": "oscillatory",
                    "richardson_extrapolated_value": null,
                    "unit": "m"
                  },
                  {
                    "coarse_triplet_observed_order": 0.8547047472731341,
                    "fine_grid_gci": null,
                    "fine_triplet_observed_order": 1.7730927087986317,
                    "metric": "total_strain_energy_j",
                    "observed_order_relative_difference": 0.5179582302539365,
                    "qualification_role": "pass_metric",
                    "regime": "monotonic_pre_asymptotic",
                    "richardson_extrapolated_value": null,
                    "unit": "J"
                  },
                  {
                    "coarse_triplet_observed_order": -1.05866747238827,
                    "fine_grid_gci": null,
                    "fine_triplet_observed_order": -0.5966524395016847,
                    "metric": "max_von_mises_stress_pa",
                    "observed_order_relative_difference": 0.4364118525756875,
                    "qualification_role": "diagnostic_metric",
                    "regime": "monotonic_diverging",
                    "richardson_extrapolated_value": null,
                    "unit": "Pa"
                  }
                ],
                "order_consistency_tolerance": 0.25,
                "qualification_effect": "gci_gates_require_asymptotic_pass_metric_evidence",
                "qualification_tolerance": 0.02,
                "refinement_ratio": 2.0,
                "schema_version": "kyuubiki.composite-thermal-convergence-regime/v1",
                "status": "fail"
              },
              "samples": [
                {
                  "displacement_relative_change": null,
                  "element_count": 3,
                  "elements_per_original_element": 1,
                  "max_displacement_m": 2.978552436173115e-6,
                  "max_von_mises_stress_pa": 1318547.7234204595,
                  "node_count": 8,
                  "peak_stress_relative_change": null,
                  "strain_energy_relative_change": null,
                  "total_strain_energy_j": 0.000025760218812338305
                },
                {
                  "displacement_relative_change": 0.04331559752201234,
                  "element_count": 12,
                  "elements_per_original_element": 2,
                  "max_displacement_m": 2.849534657649631e-6,
                  "max_von_mises_stress_pa": 2288594.6733297408,
                  "node_count": 21,
                  "peak_stress_relative_change": 0.42386140333794126,
                  "strain_energy_relative_change": 0.34368230613365003,
                  "total_strain_energy_j": 0.00001690688740440644
                },
                {
                  "displacement_relative_change": 0.011968406886705616,
                  "element_count": 48,
                  "elements_per_original_element": 4,
                  "max_displacement_m": 2.884052167472426e-6,
                  "max_von_mises_stress_pa": 4309208.958895434,
                  "node_count": 65,
                  "peak_stress_relative_change": 0.46890608110209414,
                  "strain_energy_relative_change": 0.28956848556610204,
                  "total_strain_energy_j": 0.000012011185623075862
                },
                {
                  "displacement_relative_change": 0.004547768349927494,
                  "element_count": 192,
                  "elements_per_original_element": 8,
                  "max_displacement_m": 2.8709361663056552e-6,
                  "max_von_mises_stress_pa": 7364789.251801018,
                  "node_count": 225,
                  "peak_stress_relative_change": 0.41489039108055387,
                  "strain_energy_relative_change": 0.11925455770778604,
                  "total_strain_energy_j": 0.000010578796994049832
                }
              ],
              "schema_version": "kyuubiki.composite-thermal-mesh-convergence/v1",
              "status": "fail"
            },
            "graded_stress_recovery": {
              "convergence_tolerance": 0.02,
              "diagnostic_metrics": [
                "max_stress_pa",
                "max_to_p95_ratio"
              ],
              "finest_pair_max_relative_change": 0.41489039108055387,
              "finest_pair_p95_relative_change": 0.34052272700179825,
              "finest_pair_rms_relative_change": 0.009214293765171994,
              "method": "interface_graded_mesh_element_area_weighted_von_mises_p95_and_rms",
              "pass_metrics": [
                "area_weighted_rms_stress_pa",
                "area_weighted_p95_stress_pa"
              ],
              "refinement_levels": [
                1,
                2,
                4,
                8
              ],
              "samples": [
                {
                  "element_count": 3,
                  "elements_per_original_element": 1,
                  "max_relative_change": null,
                  "p95_relative_change": null,
                  "rms_relative_change": null,
                  "statistics": {
                    "area_weighted_mean_stress_pa": 464529.03665553895,
                    "area_weighted_p95_stress_pa": 1318547.7234204595,
                    "area_weighted_rms_stress_pa": 762098.4585245741,
                    "max_stress_pa": 1318547.7234204595,
                    "max_to_p95_ratio": 1.0
                  }
                },
                {
                  "element_count": 12,
                  "elements_per_original_element": 2,
                  "max_relative_change": 0.42386140333794126,
                  "p95_relative_change": 0.42386140333794126,
                  "rms_relative_change": 0.1968487458223243,
                  "statistics": {
                    "area_weighted_mean_stress_pa": 470267.3983358643,
                    "area_weighted_p95_stress_pa": 2288594.6733297408,
                    "area_weighted_rms_stress_pa": 948885.3495035198,
                    "max_stress_pa": 2288594.6733297408,
                    "max_to_p95_ratio": 1.0
                  }
                },
                {
                  "element_count": 48,
                  "elements_per_original_element": 4,
                  "max_relative_change": 0.46890608110209414,
                  "p95_relative_change": 0.5157140488678931,
                  "rms_relative_change": 0.04085423362947195,
                  "statistics": {
                    "area_weighted_mean_stress_pa": 357025.8785619213,
                    "area_weighted_p95_stress_pa": 1108334.2481293671,
                    "area_weighted_rms_stress_pa": 910119.36574732,
                    "max_stress_pa": 4309208.958895434,
                    "max_to_p95_ratio": 3.888004874132928
                  }
                },
                {
                  "element_count": 192,
                  "elements_per_original_element": 8,
                  "max_relative_change": 0.41489039108055387,
                  "p95_relative_change": 0.34052272700179825,
                  "rms_relative_change": 0.009214293765171994,
                  "statistics": {
                    "area_weighted_mean_stress_pa": 333383.8183394334,
                    "area_weighted_p95_stress_pa": 1680625.3884845995,
                    "area_weighted_rms_stress_pa": 901733.258549952,
                    "max_stress_pa": 7364789.251801018,
                    "max_to_p95_ratio": 4.382171840472886
                  }
                }
              ],
              "schema_version": "kyuubiki.composite-thermal-stress-recovery/v1",
              "status": "fail"
            },
            "max_change_ratio_graded_to_uniform": 1.597803027802556,
            "p95_change_ratio_graded_to_uniform": 1.1440176146369505,
            "qualification_effect": "diagnostic_only_does_not_override_uniform_mesh_gates",
            "rms_change_ratio_graded_to_uniform": 0.5710363140368607,
            "schema_version": "kyuubiki.composite-thermal-interface-grading-assessment/v1",
            "strain_energy_change_ratio_graded_to_uniform": 0.9046413347215376
          },
          "thermal_mesh_convergence": {
            "algebraic_validation": {
              "max_relative_residual": 2.2251092300291335e-14,
              "method": "original_system_recomputed_l2_residual_over_max_rhs_l2_or_one",
              "qualification_effect": "algebraic_gate_does_not_override_discretization_gates",
              "relative_residual_tolerance": 1e-10,
              "required_series": [
                "uniform_full_edge_clamp",
                "uniform_regularized_restraint",
                "interface_graded_full_edge_clamp"
              ],
              "schema_version": "kyuubiki.composite-thermal-algebraic-validation/v1",
              "series": [
                {
                  "label": "uniform_full_edge_clamp",
                  "max_relative_residual": 1.5153879013600722e-14,
                  "samples": [
                    {
                      "element_count": 3,
                      "elements_per_original_element": 1,
                      "matrix_non_zero_count": 112,
                      "node_count": 8,
                      "relative_residual": 2.75432015142509e-16,
                      "residual_norm": 5.0700738549067386e-14,
                      "rhs_norm": 184.07714340264596,
                      "solver_iterations": 0
                    },
                    {
                      "element_count": 12,
                      "elements_per_original_element": 2,
                      "matrix_non_zero_count": 439,
                      "node_count": 21,
                      "relative_residual": 7.743804133212443e-16,
                      "residual_norm": 1.4032328102857225e-13,
                      "rhs_norm": 181.20716719414295,
                      "solver_iterations": 0
                    },
                    {
                      "element_count": 48,
                      "elements_per_original_element": 4,
                      "matrix_non_zero_count": 1747,
                      "node_count": 65,
                      "relative_residual": 3.72462046092704e-15,
                      "residual_norm": 5.308582814427006e-13,
                      "rhs_norm": 142.52681233206042,
                      "solver_iterations": 0
                    },
                    {
                      "element_count": 192,
                      "elements_per_original_element": 8,
                      "matrix_non_zero_count": 6925,
                      "node_count": 225,
                      "relative_residual": 1.5153879013600722e-14,
                      "residual_norm": 1.5980699208454793e-12,
                      "rhs_norm": 105.45616204347412,
                      "solver_iterations": 0
                    }
                  ],
                  "solver_path": "dense_direct",
                  "status": "pass"
                },
                {
                  "label": "uniform_regularized_restraint",
                  "max_relative_residual": 1.5806743236794114e-14,
                  "samples": [
                    {
                      "element_count": 3,
                      "elements_per_original_element": 1,
                      "matrix_non_zero_count": 121,
                      "node_count": 8,
                      "relative_residual": 2.7916171219912053e-16,
                      "residual_norm": 5.738511573573333e-14,
                      "rhs_norm": 205.56227171583495,
                      "solver_iterations": 0
                    },
                    {
                      "element_count": 12,
                      "elements_per_original_element": 2,
                      "matrix_non_zero_count": 462,
                      "node_count": 21,
                      "relative_residual": 9.37808689029244e-16,
                      "residual_norm": 1.752697140679563e-13,
                      "rhs_norm": 186.8928237905149,
                      "solver_iterations": 0
                    },
                    {
                      "element_count": 48,
                      "elements_per_original_element": 4,
                      "matrix_non_zero_count": 1799,
                      "node_count": 65,
                      "relative_residual": 3.687299790119002e-15,
                      "residual_norm": 5.322642233744393e-13,
                      "rhs_norm": 144.35067764242223,
                      "solver_iterations": 0
                    },
                    {
                      "element_count": 192,
                      "elements_per_original_element": 8,
                      "matrix_non_zero_count": 7030,
                      "node_count": 225,
                      "relative_residual": 1.5806743236794114e-14,
                      "residual_norm": 1.6766930902484972e-12,
                      "rhs_norm": 106.07454458712142,
                      "solver_iterations": 0
                    }
                  ],
                  "solver_path": "dense_direct",
                  "status": "pass"
                },
                {
                  "label": "interface_graded_full_edge_clamp",
                  "max_relative_residual": 2.2251092300291335e-14,
                  "samples": [
                    {
                      "element_count": 3,
                      "elements_per_original_element": 1,
                      "matrix_non_zero_count": 112,
                      "node_count": 8,
                      "relative_residual": 2.75432015142509e-16,
                      "residual_norm": 5.0700738549067386e-14,
                      "rhs_norm": 184.07714340264596,
                      "solver_iterations": 0
                    },
                    {
                      "element_count": 12,
                      "elements_per_original_element": 2,
                      "matrix_non_zero_count": 444,
                      "node_count": 21,
                      "relative_residual": 8.623082912778728e-16,
                      "residual_norm": 1.5625644271048524e-13,
                      "rhs_norm": 181.20716719414295,
                      "solver_iterations": 0
                    },
                    {
                      "element_count": 48,
                      "elements_per_original_element": 4,
                      "matrix_non_zero_count": 1748,
                      "node_count": 65,
                      "relative_residual": 4.488464187919513e-15,
                      "residual_norm": 7.090189008142555e-13,
                      "rhs_norm": 157.96470042526929,
                      "solver_iterations": 0
                    },
                    {
                      "element_count": 192,
                      "elements_per_original_element": 8,
                      "matrix_non_zero_count": 6948,
                      "node_count": 225,
                      "relative_residual": 2.2251092300291335e-14,
                      "residual_norm": 2.652601653026704e-12,
                      "rhs_norm": 119.21219943849556,
                      "solver_iterations": 0
                    }
                  ],
                  "solver_path": "dense_direct",
                  "status": "pass"
                }
              ],
              "status": "pass"
            },
            "convergence_tolerance": 0.02,
            "diagnostic_metrics": [
              "max_von_mises_stress_pa"
            ],
            "finest_pair_displacement_relative_change": 0.0026705630357419037,
            "finest_pair_peak_stress_relative_change": 0.259663039724708,
            "finest_pair_strain_energy_relative_change": 0.13182523629046247,
            "method": "structured_quad_h_refinement_preserving_piecewise_linear_temperature_full_edge_clamp",
            "pass_metrics": [
              "max_displacement_m",
              "total_strain_energy_j"
            ],
            "refinement_levels": [
              1,
              2,
              4,
              8
            ],
            "regime_assessment": {
              "diagnosis": "pass_metrics_lack_qualified_discretization_uncertainty",
              "gci_safety_factor": 1.25,
              "method": "four_level_constant_ratio_observed_order_and_fine_grid_gci",
              "metrics": [
                {
                  "coarse_triplet_observed_order": 3.8645552589122465,
                  "fine_grid_gci": null,
                  "fine_triplet_observed_order": 0.21066514073307088,
                  "metric": "max_displacement_m",
                  "observed_order_relative_difference": 0.9454878694651226,
                  "qualification_role": "pass_metric",
                  "regime": "oscillatory",
                  "richardson_extrapolated_value": null,
                  "unit": "m"
                },
                {
                  "coarse_triplet_observed_order": 1.0831552268262938,
                  "fine_grid_gci": 0.12734431869468768,
                  "fine_triplet_observed_order": 1.3164152505792823,
                  "metric": "total_strain_energy_j",
                  "observed_order_relative_difference": 0.17719334659055608,
                  "qualification_role": "pass_metric",
                  "regime": "asymptotic_converging",
                  "richardson_extrapolated_value": 9.92451278787979e-6,
                  "unit": "J"
                },
                {
                  "coarse_triplet_observed_order": 0.04128786587596323,
                  "fine_grid_gci": null,
                  "fine_triplet_observed_order": -0.2657229872344985,
                  "metric": "max_von_mises_stress_pa",
                  "observed_order_relative_difference": 1.155379353158961,
                  "qualification_role": "diagnostic_metric",
                  "regime": "monotonic_diverging",
                  "richardson_extrapolated_value": null,
                  "unit": "Pa"
                }
              ],
              "order_consistency_tolerance": 0.25,
              "qualification_effect": "gci_gates_require_asymptotic_pass_metric_evidence",
              "qualification_tolerance": 0.02,
              "refinement_ratio": 2.0,
              "schema_version": "kyuubiki.composite-thermal-convergence-regime/v1",
              "status": "fail"
            },
            "samples": [
              {
                "displacement_relative_change": null,
                "element_count": 3,
                "elements_per_original_element": 1,
                "max_displacement_m": 2.978552436173115e-6,
                "max_von_mises_stress_pa": 1318547.7234204595,
                "node_count": 8,
                "peak_stress_relative_change": null,
                "strain_energy_relative_change": null,
                "total_strain_energy_j": 0.000025760218812338305
              },
              {
                "displacement_relative_change": 0.043315597521976085,
                "element_count": 12,
                "elements_per_original_element": 2,
                "max_displacement_m": 2.849534657649739e-6,
                "max_von_mises_stress_pa": 2288594.673329742,
                "node_count": 21,
                "peak_stress_relative_change": 0.4238614033379416,
                "strain_energy_relative_change": 0.34368230613365003,
                "total_strain_energy_j": 0.00001690688740440644
              },
              {
                "displacement_relative_change": 0.00309870849040132,
                "element_count": 48,
                "elements_per_original_element": 4,
                "max_displacement_m": 2.858391981150626e-6,
                "max_von_mises_stress_pa": 3231273.7513432144,
                "node_count": 65,
                "peak_stress_relative_change": 0.2917360615520762,
                "strain_energy_relative_change": 0.2471615146106404,
                "total_strain_energy_j": 0.000012728155506181788
              },
              {
                "displacement_relative_change": 0.0026705630357419037,
                "element_count": 192,
                "elements_per_original_element": 8,
                "max_displacement_m": 2.8660459374900245e-6,
                "max_von_mises_stress_pa": 4364598.722913517,
                "node_count": 225,
                "peak_stress_relative_change": 0.259663039724708,
                "strain_energy_relative_change": 0.13182523629046247,
                "total_strain_energy_j": 0.000011050263399037622
              }
            ],
            "schema_version": "kyuubiki.composite-thermal-mesh-convergence/v1",
            "status": "fail"
          },
          "thermal_stress_recovery": {
            "convergence_tolerance": 0.02,
            "diagnostic_metrics": [
              "max_stress_pa",
              "max_to_p95_ratio"
            ],
            "finest_pair_max_relative_change": 0.259663039724708,
            "finest_pair_p95_relative_change": 0.29765514328191683,
            "finest_pair_rms_relative_change": 0.016136090715549844,
            "method": "uniform_mesh_element_area_weighted_von_mises_p95_and_rms",
            "pass_metrics": [
              "area_weighted_rms_stress_pa",
              "area_weighted_p95_stress_pa"
            ],
            "refinement_levels": [
              1,
              2,
              4,
              8
            ],
            "samples": [
              {
                "element_count": 3,
                "elements_per_original_element": 1,
                "max_relative_change": null,
                "p95_relative_change": null,
                "rms_relative_change": null,
                "statistics": {
                  "area_weighted_mean_stress_pa": 464529.03665553895,
                  "area_weighted_p95_stress_pa": 1318547.7234204595,
                  "area_weighted_rms_stress_pa": 762098.4585245741,
                  "max_stress_pa": 1318547.7234204595,
                  "max_to_p95_ratio": 1.0
                }
              },
              {
                "element_count": 12,
                "elements_per_original_element": 2,
                "max_relative_change": 0.4238614033379416,
                "p95_relative_change": 0.4238614033379416,
                "rms_relative_change": 0.19684874582232492,
                "statistics": {
                  "area_weighted_mean_stress_pa": 470267.39833586424,
                  "area_weighted_p95_stress_pa": 2288594.673329742,
                  "area_weighted_rms_stress_pa": 948885.3495035204,
                  "max_stress_pa": 2288594.673329742,
                  "max_to_p95_ratio": 1.0
                }
              },
              {
                "element_count": 48,
                "elements_per_original_element": 4,
                "max_relative_change": 0.2917360615520762,
                "p95_relative_change": 0.24522257657733715,
                "rms_relative_change": 0.021361062804631167,
                "statistics": {
                  "area_weighted_mean_stress_pa": 371942.4550993947,
                  "area_weighted_p95_stress_pa": 3032145.1096824436,
                  "area_weighted_rms_stress_pa": 928616.1499583814,
                  "max_stress_pa": 3231273.7513432144,
                  "max_to_p95_ratio": 1.0656725303234664
                }
              },
              {
                "element_count": 192,
                "elements_per_original_element": 8,
                "max_relative_change": 0.259663039724708,
                "p95_relative_change": 0.29765514328191683,
                "rms_relative_change": 0.016136090715549844,
                "statistics": {
                  "area_weighted_mean_stress_pa": 341648.69052668003,
                  "area_weighted_p95_stress_pa": 2129611.5226083524,
                  "area_weighted_rms_stress_pa": 913631.9155227283,
                  "max_stress_pa": 4364598.722913517,
                  "max_to_p95_ratio": 2.049481173715546
                }
              }
            ],
            "schema_version": "kyuubiki.composite-thermal-stress-recovery/v1",
            "status": "fail"
          }
        },
        "status": "completed"
      },
      "requires_confirmation": false
    },
    {
      "index": 4,
      "action": "solve_composite_thermo_electric_panel",
      "risk": "normal",
      "status": "executed",
      "payload": {
        "electric_conduction_feedback": {
          "parameter_source": "screening_reference_not_material_card",
          "regions": [
            {
              "element_id": "conductor_left",
              "reference_resistivity_ohm_m": 2.82e-8,
              "reference_temperature_c": 35.0,
              "resistivity_temperature_coefficient_1_k": 0.00403
            }
          ]
        },
        "electric_conduction_model": {
          "contact_interfaces": [],
          "elements": [
            {
              "electrical_conductivity_s_m": 35460992.90780142,
              "id": "conductor_left",
              "node_i": 0,
              "node_j": 1,
              "node_k": 2,
              "node_l": 3,
              "thickness": 0.001
            }
          ],
          "nodes": [
            {
              "current_source_a": 0.0,
              "electric_potential_v": 0.0,
              "fix_electric_potential": true,
              "id": "n0",
              "x": 0.0,
              "y": 0.0
            },
            {
              "current_source_a": 0.0,
              "electric_potential_v": 0.000056399999999999995,
              "fix_electric_potential": true,
              "id": "n1",
              "x": 0.03,
              "y": 0.0
            },
            {
              "current_source_a": 0.0,
              "electric_potential_v": 0.000056399999999999995,
              "fix_electric_potential": true,
              "id": "n5",
              "x": 0.03,
              "y": 0.03
            },
            {
              "current_source_a": 0.0,
              "electric_potential_v": 0.0,
              "fix_electric_potential": true,
              "id": "n4",
              "x": 0.0,
              "y": 0.03
            }
          ],
          "terminals": []
        },
        "electrostatic_model": {
          "elements": [
            {
              "id": "conductor_left",
              "node_i": 0,
              "node_j": 1,
              "node_k": 5,
              "node_l": 4,
              "permittivity": 1.0,
              "thickness": 0.001
            },
            {
              "id": "dielectric_core",
              "node_i": 1,
              "node_j": 2,
              "node_k": 6,
              "node_l": 5,
              "permittivity": 9.8,
              "thickness": 0.001
            },
            {
              "id": "substrate_right",
              "node_i": 2,
              "node_j": 3,
              "node_k": 7,
              "node_l": 6,
              "permittivity": 4.2,
              "thickness": 0.001
            }
          ],
          "nodes": [
            {
              "charge_density": 0.0,
              "fix_potential": true,
              "id": "n0",
              "potential": 0.0,
              "x": 0.0,
              "y": 0.0
            },
            {
              "charge_density": 0.0,
              "fix_potential": false,
              "id": "n1",
              "potential": 0.0,
              "x": 0.03,
              "y": 0.0
            },
            {
              "charge_density": 0.0,
              "fix_potential": false,
              "id": "n2",
              "potential": 0.0,
              "x": 0.06,
              "y": 0.0
            },
            {
              "charge_density": 0.0,
              "fix_potential": true,
              "id": "n3",
              "potential": 1318,
              "x": 0.09,
              "y": 0.0
            },
            {
              "charge_density": 0.0,
              "fix_potential": true,
              "id": "n4",
              "potential": 0.0,
              "x": 0.0,
              "y": 0.03
            },
            {
              "charge_density": 0.0,
              "fix_potential": false,
              "id": "n5",
              "potential": 0.0,
              "x": 0.03,
              "y": 0.03
            },
            {
              "charge_density": 0.0,
              "fix_potential": false,
              "id": "n6",
              "potential": 0.0,
              "x": 0.06,
              "y": 0.03
            },
            {
              "charge_density": 0.0,
              "fix_potential": true,
              "id": "n7",
              "potential": 1318,
              "x": 0.09,
              "y": 0.03
            }
          ]
        },
        "electrothermal_feedback": {
          "conductivity_relative_change_tolerance": 1e-9,
          "loss_relative_change_tolerance": 1e-9,
          "loss_tangent_temperature_coefficient_1_k": 0.001,
          "max_iterations": 12,
          "parameter_source": "screening_sensitivity_not_material_card",
          "relative_permittivity_temperature_coefficient_1_k": 0.0001,
          "relaxation_factor": 0.8,
          "temperature_residual_tolerance_c": 1e-7,
          "thermal_conductivity_models": [
            {
              "element_id": "conductor_left",
              "reference_temperature_c": 35.0,
              "temperature_coefficient_1_k": -0.001
            },
            {
              "element_id": "dielectric_core",
              "reference_temperature_c": 35.0,
              "temperature_coefficient_1_k": -0.002
            },
            {
              "element_id": "substrate_right",
              "reference_temperature_c": 35.0,
              "temperature_coefficient_1_k": -0.0012
            }
          ]
        },
        "electrothermal_loss": {
          "frequency_hz": 10000000.0,
          "loss_tangent": 0.0002,
          "reference_temperature_c": 35.0,
          "relative_permittivity": 9.8,
          "source_element_id": "dielectric_core"
        },
        "heat_model": {
          "elements": [
            {
              "conductivity": 167.0,
              "id": "conductor_left",
              "node_i": 0,
              "node_j": 1,
              "node_k": 5,
              "node_l": 4,
              "thickness": 0.001
            },
            {
              "conductivity": 0.25,
              "id": "dielectric_core",
              "node_i": 1,
              "node_j": 2,
              "node_k": 6,
              "node_l": 5,
              "thickness": 0.001
            },
            {
              "conductivity": 160.0,
              "id": "substrate_right",
              "node_i": 2,
              "node_j": 3,
              "node_k": 7,
              "node_l": 6,
              "thickness": 0.001
            }
          ],
          "nodes": [
            {
              "fix_temperature": false,
              "heat_load": 0.0,
              "id": "n0",
              "temperature": 35.0,
              "x": 0.0,
              "y": 0.0
            },
            {
              "fix_temperature": false,
              "heat_load": 0.0,
              "id": "n1",
              "temperature": 35.0,
              "x": 0.03,
              "y": 0.0
            },
            {
              "fix_temperature": false,
              "heat_load": 0.0,
              "id": "n2",
              "temperature": 35.0,
              "x": 0.06,
              "y": 0.0
            },
            {
              "fix_temperature": true,
              "heat_load": 0.0,
              "id": "n3",
              "temperature": 35.0,
              "x": 0.09,
              "y": 0.0
            },
            {
              "fix_temperature": false,
              "heat_load": 0.0,
              "id": "n4",
              "temperature": 35.0,
              "x": 0.0,
              "y": 0.03
            },
            {
              "fix_temperature": false,
              "heat_load": 0.0,
              "id": "n5",
              "temperature": 35.0,
              "x": 0.03,
              "y": 0.03
            },
            {
              "fix_temperature": false,
              "heat_load": 0.0,
              "id": "n6",
              "temperature": 35.0,
              "x": 0.06,
              "y": 0.03
            },
            {
              "fix_temperature": true,
              "heat_load": 0.0,
              "id": "n7",
              "temperature": 35.0,
              "x": 0.09,
              "y": 0.03
            }
          ]
        },
        "research": {
          "candidate_id": "aluminum_alumina_aluminum",
          "candidate_label": "Aluminum / Alumina / Aluminum",
          "coupling": "iterative_dielectric_and_conductor_joule_heating_with_temperature_dependent_electrical_thermal_feedback_and_expansion_projection",
          "materials": {
            "conductor": "aluminum",
            "dielectric": "alumina_96",
            "substrate": "aluminum_6061"
          },
          "study": "material.composite_thermo_electric_panel.v1"
        },
        "thermal_expansion_feedback": {
          "parameter_source": "screening_sensitivity_not_material_card",
          "regions": [
            {
              "element_id": "conductor_left",
              "reference_temperature_c": 35.0,
              "temperature_coefficient_1_k": 0.0002
            },
            {
              "element_id": "dielectric_core",
              "reference_temperature_c": 35.0,
              "temperature_coefficient_1_k": 0.0008
            },
            {
              "element_id": "substrate_right",
              "reference_temperature_c": 35.0,
              "temperature_coefficient_1_k": 0.0003
            }
          ]
        },
        "thermal_model": {
          "elements": [
            {
              "id": "conductor_left",
              "node_i": 0,
              "node_j": 1,
              "node_k": 5,
              "node_l": 4,
              "poisson_ratio": 0.32,
              "thermal_expansion": 0.000017,
              "thickness": 0.001,
              "youngs_modulus": 110000000000.0
            },
            {
              "id": "dielectric_core",
              "node_i": 1,
              "node_j": 2,
              "node_k": 6,
              "node_l": 5,
              "poisson_ratio": 0.32,
              "thermal_expansion": 0.000045,
              "thickness": 0.001,
              "youngs_modulus": 2500000000.0
            },
            {
              "id": "substrate_right",
              "node_i": 2,
              "node_j": 3,
              "node_k": 7,
              "node_l": 6,
              "poisson_ratio": 0.32,
              "thermal_expansion": 0.0000236,
              "thickness": 0.001,
              "youngs_modulus": 68900000000.0
            }
          ],
          "nodes": [
            {
              "fix_x": true,
              "fix_y": true,
              "id": "n0",
              "load_x": 0.0,
              "load_y": 0.0,
              "temperature_delta": 0.0,
              "x": 0.0,
              "y": 0.0
            },
            {
              "fix_x": false,
              "fix_y": false,
              "id": "n1",
              "load_x": 0.0,
              "load_y": 0.0,
              "temperature_delta": 0.0,
              "x": 0.03,
              "y": 0.0
            },
            {
              "fix_x": false,
              "fix_y": false,
              "id": "n2",
              "load_x": 0.0,
              "load_y": 0.0,
              "temperature_delta": 0.0,
              "x": 0.06,
              "y": 0.0
            },
            {
              "fix_x": false,
              "fix_y": false,
              "id": "n3",
              "load_x": 0.0,
              "load_y": 0.0,
              "temperature_delta": 0.0,
              "x": 0.09,
              "y": 0.0
            },
            {
              "fix_x": true,
              "fix_y": true,
              "id": "n4",
              "load_x": 0.0,
              "load_y": 0.0,
              "temperature_delta": 0.0,
              "x": 0.0,
              "y": 0.03
            },
            {
              "fix_x": false,
              "fix_y": false,
              "id": "n5",
              "load_x": 0.0,
              "load_y": 0.0,
              "temperature_delta": 0.0,
              "x": 0.03,
              "y": 0.03
            },
            {
              "fix_x": false,
              "fix_y": false,
              "id": "n6",
              "load_x": 0.0,
              "load_y": 0.0,
              "temperature_delta": 0.0,
              "x": 0.06,
              "y": 0.03
            },
            {
              "fix_x": false,
              "fix_y": false,
              "id": "n7",
              "load_x": 0.0,
              "load_y": 0.0,
              "temperature_delta": 0.0,
              "x": 0.09,
              "y": 0.03
            }
          ]
        }
      },
      "result_preview": {
        "job": {
          "created_at": "2026-08-13T11:16:57.532885Z",
          "execution_started_at": null,
          "execution_timeout_ms": 120000,
          "has_result": false,
          "iteration": null,
          "job_id": "7f1e2b837d345ef5",
          "message": null,
          "model_version_id": null,
          "progress": 0.0,
          "project_id": "921b487cdd5121da",
          "queue_timeout_ms": 1800000,
          "residual": null,
          "simulation_case_id": "da0c077d032b9a83",
          "status": "queued",
          "status_detail": {
            "active": true,
            "failure_class": null,
            "lifecycle": "active",
            "recoverable": false,
            "terminal": false,
            "timing": {
              "effective_deadline": "2026-08-13T11:46:57.532885Z",
              "effective_timeout_ms": 1800000,
              "execution_elapsed_ms": null,
              "execution_started_at": null,
              "execution_timeout_ms": 120000,
              "job_submission_deadline": "2026-08-13T11:46:57.532885Z",
              "phase": "queue",
              "queue_timeout_ms": 1800000,
              "queue_wait_ms": 0,
              "total_elapsed_ms": 0
            }
          },
          "updated_at": "2026-08-13T11:16:57.532885Z",
          "worker_id": null
        },
        "job_id": "7f1e2b837d345ef5",
        "progress": 0.0,
        "raw": {
          "job": {
            "created_at": "2026-08-13T11:16:57.532885Z",
            "execution_started_at": null,
            "execution_timeout_ms": 120000,
            "has_result": false,
            "iteration": null,
            "job_id": "7f1e2b837d345ef5",
            "message": null,
            "model_version_id": null,
            "progress": 0.0,
            "project_id": "921b487cdd5121da",
            "queue_timeout_ms": 1800000,
            "residual": null,
            "simulation_case_id": "da0c077d032b9a83",
            "status": "queued",
            "status_detail": {
              "active": true,
              "failure_class": null,
              "lifecycle": "active",
              "recoverable": false,
              "terminal": false,
              "timing": {
                "effective_deadline": "2026-08-13T11:46:57.532885Z",
                "effective_timeout_ms": 1800000,
                "execution_elapsed_ms": null,
                "execution_started_at": null,
                "execution_timeout_ms": 120000,
                "job_submission_deadline": "2026-08-13T11:46:57.532885Z",
                "phase": "queue",
                "queue_timeout_ms": 1800000,
                "queue_wait_ms": 0,
                "total_elapsed_ms": 0
              }
            },
            "updated_at": "2026-08-13T11:16:57.532885Z",
            "worker_id": null
          }
        },
        "status": "queued"
      },
      "requires_confirmation": false
    },
    {
      "index": 5,
      "action": "job_wait",
      "risk": "normal",
      "status": "executed",
      "payload": {
        "interval_ms": 1000,
        "job_id": "7f1e2b837d345ef5",
        "max_total_timeout_ms": 3600000,
        "resume_policy": "server_deadline",
        "timeout_ms": 60000
      },
      "result_preview": {
        "job": {
          "created_at": "2026-08-13T11:16:57.532885Z",
          "execution_started_at": "2026-08-13T11:16:57.536039Z",
          "execution_timeout_ms": 120000,
          "iteration": 4,
          "job_id": "7f1e2b837d345ef5",
          "message": "collecting nodal and elemental responses",
          "model_version_id": null,
          "progress": 1.0,
          "project_id": "921b487cdd5121da",
          "queue_timeout_ms": 1800000,
          "residual": 0.2,
          "simulation_case_id": "da0c077d032b9a83",
          "status": "completed",
          "status_detail": {
            "active": false,
            "failure_class": null,
            "lifecycle": "terminal",
            "recoverable": false,
            "terminal": true,
            "timing": {
              "effective_deadline": "2026-08-13T11:18:57.536039Z",
              "effective_timeout_ms": 120000,
              "execution_elapsed_ms": 6042,
              "execution_started_at": "2026-08-13T11:16:57.536039Z",
              "execution_timeout_ms": 120000,
              "job_submission_deadline": "2026-08-13T11:46:57.532885Z",
              "phase": "execution",
              "queue_timeout_ms": 1800000,
              "queue_wait_ms": 3,
              "total_elapsed_ms": 6045
            }
          },
          "updated_at": "2026-08-13T11:17:03.578280Z",
          "worker_id": "rust-agent-rpc@127.0.0.1:5001"
        },
        "job_id": "7f1e2b837d345ef5",
        "progress": 1.0,
        "raw": {
          "job": {
            "created_at": "2026-08-13T11:16:57.532885Z",
            "execution_started_at": "2026-08-13T11:16:57.536039Z",
            "execution_timeout_ms": 120000,
            "iteration": 4,
            "job_id": "7f1e2b837d345ef5",
            "message": "collecting nodal and elemental responses",
            "model_version_id": null,
            "progress": 1.0,
            "project_id": "921b487cdd5121da",
            "queue_timeout_ms": 1800000,
            "residual": 0.2,
            "simulation_case_id": "da0c077d032b9a83",
            "status": "completed",
            "status_detail": {
              "active": false,
              "failure_class": null,
              "lifecycle": "terminal",
              "recoverable": false,
              "terminal": true,
              "timing": {
                "effective_deadline": "2026-08-13T11:18:57.536039Z",
                "effective_timeout_ms": 120000,
                "execution_elapsed_ms": 6042,
                "execution_started_at": "2026-08-13T11:16:57.536039Z",
                "execution_timeout_ms": 120000,
                "job_submission_deadline": "2026-08-13T11:46:57.532885Z",
                "phase": "execution",
                "queue_timeout_ms": 1800000,
                "queue_wait_ms": 3,
                "total_elapsed_ms": 6045
              }
            },
            "updated_at": "2026-08-13T11:17:03.578280Z",
            "worker_id": "rust-agent-rpc@127.0.0.1:5001"
          }
        },
        "result": null,
        "status": "completed",
        "wait": {
          "elapsed_ms": 6076,
          "policy": "server_deadline",
          "poll_attempts": 7,
          "resume_count": 0
        }
      },
      "requires_confirmation": false
    },
    {
      "index": 6,
      "action": "result_fetch",
      "risk": "normal",
      "status": "executed",
      "payload": {
        "job_id": "7f1e2b837d345ef5"
      },
      "result_preview": {
        "job": {
          "created_at": "2026-08-13T11:16:57.532885Z",
          "execution_started_at": "2026-08-13T11:16:57.536039Z",
          "execution_timeout_ms": 120000,
          "has_result": true,
          "iteration": 4,
          "job_id": "7f1e2b837d345ef5",
          "message": "collecting nodal and elemental responses",
          "model_version_id": null,
          "progress": 1.0,
          "project_id": "921b487cdd5121da",
          "queue_timeout_ms": 1800000,
          "residual": 0.2,
          "simulation_case_id": "da0c077d032b9a83",
          "status": "completed",
          "status_detail": {
            "active": false,
            "failure_class": null,
            "lifecycle": "terminal",
            "recoverable": false,
            "terminal": true,
            "timing": {
              "effective_deadline": "2026-08-13T11:18:57.536039Z",
              "effective_timeout_ms": 120000,
              "execution_elapsed_ms": 6042,
              "execution_started_at": "2026-08-13T11:16:57.536039Z",
              "execution_timeout_ms": 120000,
              "job_submission_deadline": "2026-08-13T11:46:57.532885Z",
              "phase": "execution",
              "queue_timeout_ms": 1800000,
              "queue_wait_ms": 3,
              "total_elapsed_ms": 6045
            }
          },
          "updated_at": "2026-08-13T11:17:03.578280Z",
          "worker_id": "rust-agent-rpc@127.0.0.1:5001"
        },
        "job_id": "7f1e2b837d345ef5",
        "result": {
          "electric_conduction": {
            "contact_interfaces": [],
            "current_balance_relative_error": 0.0,
            "elements": [
              {
                "area_m2": 0.0009,
                "average_electric_potential_v": 0.0000282,
                "current_density_magnitude_a_m2": 66539.70236230387,
                "current_density_x_a_m2": -66539.70236230387,
                "current_density_y_a_m2": -0.0,
                "electric_field_magnitude_v_m": 0.00188,
                "electric_field_x_v_m": -0.00188,
                "electric_field_y_v_m": -0.0,
                "electric_potential_gradient_x_v_m": 0.00188,
                "electric_potential_gradient_y_v_m": 0.0,
                "id": "conductor_left",
                "index": 0,
                "joule_power_w": 0.00011258517639701816,
                "node_i": 0,
                "node_j": 1,
                "node_k": 2,
                "node_l": 3,
                "peak_current_density_magnitude_a_m2": 66539.70236230387,
                "peak_electric_field_magnitude_v_m": 0.00188,
                "rms_current_density_magnitude_a_m2": 66539.70236230387,
                "rms_electric_field_magnitude_v_m": 0.00188,
                "volumetric_joule_heating_w_m3": 125.09464044113128
              }
            ],
            "free_current_residual_relative_error": 0.0,
            "input": {
              "contact_interfaces": [],
              "elements": [
                {
                  "electrical_conductivity_s_m": 35393458.70335312,
                  "id": "conductor_left",
                  "node_i": 0,
                  "node_j": 1,
                  "node_k": 2,
                  "node_l": 3,
                  "thickness": 0.001
                }
              ],
              "nodes": [
                {
                  "current_source_a": 0.0,
                  "electric_potential_v": 0.0,
                  "fix_electric_potential": true,
                  "id": "n0",
                  "x": 0.0,
                  "y": 0.0
                },
                {
                  "current_source_a": 0.0,
                  "electric_potential_v": 0.000056399999999999995,
                  "fix_electric_potential": true,
                  "id": "n1",
                  "x": 0.03,
                  "y": 0.0
                },
                {
                  "current_source_a": 0.0,
                  "electric_potential_v": 0.000056399999999999995,
                  "fix_electric_potential": true,
                  "id": "n5",
                  "x": 0.03,
                  "y": 0.03
                },
                {
                  "current_source_a": 0.0,
                  "electric_potential_v": 0.0,
                  "fix_electric_potential": true,
                  "id": "n4",
                  "x": 0.0,
                  "y": 0.03
                }
              ],
              "terminals": []
            },
            "max_current_density_a_m2": 66539.70236230387,
            "max_electric_field_v_m": 0.00188,
            "max_electric_potential_v": 0.000056399999999999995,
            "max_free_current_residual_a": 0.0,
            "nodes": [
              {
                "current_source_a": 0.0,
                "electric_potential_v": 0.0,
                "fix_electric_potential": true,
                "id": "n0",
                "index": 0,
                "net_injected_current_a": -0.998095535434558,
                "reaction_current_a": -0.998095535434558,
                "x": 0.0,
                "y": 0.0
              },
              {
                "current_source_a": 0.0,
                "electric_potential_v": 0.000056399999999999995,
                "fix_electric_potential": true,
                "id": "n1",
                "index": 1,
                "net_injected_current_a": 0.998095535434558,
                "reaction_current_a": 0.998095535434558,
                "x": 0.03,
                "y": 0.0
              },
              {
                "current_source_a": 0.0,
                "electric_potential_v": 0.000056399999999999995,
                "fix_electric_potential": true,
                "id": "n5",
                "index": 2,
                "net_injected_current_a": 0.998095535434558,
                "reaction_current_a": 0.998095535434558,
                "x": 0.03,
                "y": 0.03
              },
              {
                "current_source_a": 0.0,
                "electric_potential_v": 0.0,
                "fix_electric_potential": true,
                "id": "n4",
                "index": 3,
                "net_injected_current_a": -0.998095535434558,
                "reaction_current_a": -0.998095535434558,
                "x": 0.0,
                "y": 0.03
              }
            ],
            "power_balance_relative_error": 0.0,
            "source_power_balance_relative_error": 0.0,
            "terminals": [],
            "total_bulk_joule_power_w": 0.00011258517639701816,
            "total_contact_joule_power_w": -0.0,
            "total_dissipated_power_w": 0.00011258517639701816,
            "total_electrical_input_power_w": 0.00011258517639701816,
            "total_extracted_current_a": 1.996191070869116,
            "total_injected_current_a": 1.996191070869116,
            "total_joule_power_w": 0.00011258517639701816,
            "total_source_power_w": 0.00011258517639701816,
            "total_terminal_impedance_power_w": -0.0
          },
          "electrostatic": {
            "elements": [
              {
                "area": 0.0009,
                "average_potential": 491.7420042570029,
                "electric_energy_density": 537355997.2237653,
                "electric_field_magnitude": 32782.8002838002,
                "electric_field_x": -32782.8002838002,
                "electric_field_y": -0.0,
                "electric_flux_density_magnitude": 32782.8002838002,
                "electric_flux_density_x": -32782.8002838002,
                "electric_flux_density_y": -0.0,
                "id": "conductor_left",
                "index": 0,
                "node_i": 0,
                "node_j": 1,
                "node_k": 5,
                "node_l": 4,
                "potential_gradient_x": 32782.8002838002,
                "potential_gradient_y": 0.0,
                "stored_energy": 483.6203975013888
              },
              {
                "area": 0.0009,
                "average_potential": 1033.6605746720022,
                "electric_energy_density": 54830944.90948264,
                "electric_field_magnitude": 3345.10441053308,
                "electric_field_x": -3345.10441053308,
                "electric_field_y": -0.0,
                "electric_flux_density_magnitude": 32782.800283800236,
                "electric_flux_density_x": -32782.800283800236,
                "electric_flux_density_y": -0.0,
                "id": "dielectric_core",
                "index": 1,
                "node_i": 1,
                "node_j": 2,
                "node_k": 6,
                "node_l": 5,
                "potential_gradient_x": 3345.10441053308,
                "potential_gradient_y": 0.0,
                "stored_energy": 49.34785041853438
              },
              {
                "area": 0.0009,
                "average_potential": 1200.918570414999,
                "electric_energy_density": 127941904.10089676,
                "electric_field_magnitude": 7805.428639000056,
                "electric_field_x": -7805.428639000056,
                "electric_field_y": -0.0,
                "electric_flux_density_magnitude": 32782.800283800236,
                "electric_flux_density_x": -32782.800283800236,
                "electric_flux_density_y": -0.0,
                "id": "substrate_right",
                "index": 2,
                "node_i": 2,
                "node_j": 3,
                "node_k": 7,
                "node_l": 6,
                "potential_gradient_x": 7805.428639000056,
                "potential_gradient_y": 0.0,
                "stored_energy": 115.14771369080708
              }
            ],
            "input": {
              "elements": [
                {
                  "id": "conductor_left",
                  "node_i": 0,
                  "node_j": 1,
                  "node_k": 5,
                  "node_l": 4,
                  "permittivity": 1.0,
                  "thickness": 0.001
                },
                {
                  "id": "dielectric_core",
                  "node_i": 1,
                  "node_j": 2,
                  "node_k": 6,
                  "node_l": 5,
                  "permittivity": 9.800232297854023,
                  "thickness": 0.001
                },
                {
                  "id": "substrate_right",
                  "node_i": 2,
                  "node_j": 3,
                  "node_k": 7,
                  "node_l": 6,
                  "permittivity": 4.2,
                  "thickness": 0.001
                }
              ],
              "nodes": [
                {
                  "charge_density": 0.0,
                  "fix_potential": true,
                  "id": "n0",
                  "potential": 0.0,
                  "x": 0.0,
                  "y": 0.0
                },
                {
                  "charge_density": 0.0,
                  "fix_potential": false,
                  "id": "n1",
                  "potential": 0.0,
                  "x": 0.03,
                  "y": 0.0
                },
                {
                  "charge_density": 0.0,
                  "fix_potential": false,
                  "id": "n2",
                  "potential": 0.0,
                  "x": 0.06,
                  "y": 0.0
                },
                {
                  "charge_density": 0.0,
                  "fix_potential": true,
                  "id": "n3",
                  "potential": 1318.0,
                  "x": 0.09,
                  "y": 0.0
                },
                {
                  "charge_density": 0.0,
                  "fix_potential": true,
                  "id": "n4",
                  "potential": 0.0,
                  "x": 0.0,
                  "y": 0.03
                },
                {
                  "charge_density": 0.0,
                  "fix_potential": false,
                  "id": "n5",
                  "potential": 0.0,
                  "x": 0.03,
                  "y": 0.03
                },
                {
                  "charge_density": 0.0,
                  "fix_potential": false,
                  "id": "n6",
                  "potential": 0.0,
                  "x": 0.06,
                  "y": 0.03
                },
                {
                  "charge_density": 0.0,
                  "fix_potential": true,
                  "id": "n7",
                  "potential": 1318.0,
                  "x": 0.09,
                  "y": 0.03
                }
              ]
            },
            "max_electric_energy_density": 537355997.2237653,
            "max_electric_field": 32782.8002838002,
            "max_flux_density": 32782.800283800236,
            "max_potential": 1318.0,
            "nodes": [
              {
                "charge_density": 0.0,
                "id": "n0",
                "index": 0,
                "potential": 0.0,
                "x": 0.0,
                "y": 0.0
              },
              {
                "charge_density": 0.0,
                "id": "n1",
                "index": 1,
                "potential": 983.484008514006,
                "x": 0.03,
                "y": 0.0
              },
              {
                "charge_density": 0.0,
                "id": "n2",
                "index": 2,
                "potential": 1083.8371408299984,
                "x": 0.06,
                "y": 0.0
              },
              {
                "charge_density": 0.0,
                "id": "n3",
                "index": 3,
                "potential": 1318.0,
                "x": 0.09,
                "y": 0.0
              },
              {
                "charge_density": 0.0,
                "id": "n4",
                "index": 4,
                "potential": 0.0,
                "x": 0.0,
                "y": 0.03
              },
              {
                "charge_density": 0.0,
                "id": "n5",
                "index": 5,
                "potential": 983.4840085140058,
                "x": 0.03,
                "y": 0.03
              },
              {
                "charge_density": 0.0,
                "id": "n6",
                "index": 6,
                "potential": 1083.8371408299984,
                "x": 0.06,
                "y": 0.03
              },
              {
                "charge_density": 0.0,
                "id": "n7",
                "index": 7,
                "potential": 1318.0,
                "x": 0.09,
                "y": 0.03
              }
            ],
            "total_stored_energy": 648.1159616107302
          },
          "electrostatic_mesh_convergence": {
            "finest_pair_relative_change": 5.8504533184937005e-15,
            "max_analytic_relative_error": 0.4644444444444442,
            "method": "structured_quad_h_refinement",
            "refinement_levels": [
              1,
              2,
              4,
              8
            ],
            "relative_error_tolerance": 1e-8,
            "samples": [
              {
                "analytic_relative_error": 0.4644444444444442,
                "element_count": 3,
                "elements_per_layer": 1,
                "max_electric_field_v_m": 32782.8002838002,
                "node_count": 8,
                "relative_change_from_previous": null
              },
              {
                "analytic_relative_error": 1.6251259218038056e-15,
                "element_count": 6,
                "elements_per_layer": 2,
                "max_electric_field_v_m": 22385.827204415957,
                "node_count": 14,
                "relative_change_from_previous": 0.46444444444444266
              },
              {
                "analytic_relative_error": 7.313066648117126e-15,
                "element_count": 12,
                "elements_per_layer": 4,
                "max_electric_field_v_m": 22385.827204416084,
                "node_count": 26,
                "relative_change_from_previous": 5.687940726313319e-15
              },
              {
                "analytic_relative_error": 1.462613329623425e-15,
                "element_count": 24,
                "elements_per_layer": 8,
                "max_electric_field_v_m": 22385.827204415953,
                "node_count": 50,
                "relative_change_from_previous": 5.8504533184937005e-15
              }
            ],
            "schema_version": "kyuubiki.composite-electrostatic-mesh-convergence/v1",
            "status": "fail"
          },
          "electrothermal_feedback_convergence": {
            "conductivity_relative_change_tolerance": 1e-9,
            "converged": true,
            "final_loss_relative_change": 6.707196590657488e-10,
            "final_max_conductivity_relative_change": 1.8539388376135732e-10,
            "final_temperature_residual_c": 4.6024489108731366e-8,
            "iteration_count": 11,
            "iterations": [
              {
                "converged": false,
                "coupling_temperature_c": 35.0,
                "dielectric_mean_temperature_c": 35.23735523335526,
                "iteration": 1,
                "loss_relative_change": null,
                "loss_tangent": 0.0002,
                "max_conductivity_relative_change": null,
                "max_temperature_c": 35.47427455627164,
                "relative_permittivity": 9.8,
                "temperature_residual_c": 0.4741056939961936,
                "thermal_conductivity_updates": [
                  {
                    "conductivity_relative_change": null,
                    "conductivity_w_mk": 167.0,
                    "coupling_temperature_c": 35.0,
                    "element_id": "conductor_left",
                    "measured_mean_temperature_c": 35.474105693996194
                  },
                  {
                    "conductivity_relative_change": null,
                    "conductivity_w_mk": 0.25,
                    "coupling_temperature_c": 35.0,
                    "element_id": "dielectric_core",
                    "measured_mean_temperature_c": 35.23735523335526
                  },
                  {
                    "conductivity_relative_change": null,
                    "conductivity_w_mk": 160.0,
                    "coupling_temperature_c": 35.0,
                    "element_id": "substrate_right",
                    "measured_mean_temperature_c": 35.000386817494885
                  }
                ],
                "total_joule_loss_w": 0.00011280000000000002,
                "total_loss_w": 0.000010981598362230958
              },
              {
                "converged": false,
                "coupling_temperature_c": 35.18988418668421,
                "dielectric_mean_temperature_c": 35.23710152119827,
                "iteration": 2,
                "loss_relative_change": 0.0013753669379086568,
                "loss_tangent": 0.00020003797683733687,
                "max_conductivity_relative_change": 0.0003797683733683943,
                "max_temperature_c": 35.473767808219726,
                "relative_permittivity": 9.80018608650295,
                "temperature_residual_c": 0.094314584488842,
                "thermal_conductivity_updates": [
                  {
                    "conductivity_relative_change": 0.0003792845551970118,
                    "conductivity_w_mk": 166.9366594792821,
                    "coupling_temperature_c": 35.37928455519695,
                    "element_id": "conductor_left",
                    "measured_mean_temperature_c": 35.473599139685795
                  },
                  {
                    "conductivity_relative_change": 0.0003797683733683943,
                    "conductivity_w_mk": 0.2499050579066579,
                    "coupling_temperature_c": 35.18988418668421,
                    "element_id": "dielectric_core",
                    "measured_mean_temperature_c": 35.23710152119827
                  },
                  {
                    "conductivity_relative_change": 3.713447950914883e-7,
                    "conductivity_w_mk": 159.9999405848328,
                    "coupling_temperature_c": 35.00030945399591,
                    "element_id": "substrate_right",
                    "measured_mean_temperature_c": 35.000386285622334
                  }
                ],
                "total_joule_loss_w": 0.00011262784644934736,
                "total_loss_w": 0.000010983506794974682
              },
              {
                "converged": false,
                "coupling_temperature_c": 35.22765805429546,
                "dielectric_mean_temperature_c": 35.23705115263719,
                "iteration": 3,
                "loss_relative_change": 0.0002734739855869604,
                "loss_tangent": 0.0002000455316108591,
                "max_conductivity_relative_change": 0.00007557643676301311,
                "max_temperature_c": 35.47366720538872,
                "relative_permittivity": 9.80022310489321,
                "temperature_residual_c": 0.01876235253178038,
                "thermal_conductivity_updates": [
                  {
                    "conductivity_relative_change": 0.00007548029610155856,
                    "conductivity_w_mk": 166.9240590507944,
                    "coupling_temperature_c": 35.45473622278803,
                    "element_id": "conductor_left",
                    "measured_mean_temperature_c": 35.47349857531981
                  },
                  {
                    "conductivity_relative_change": 0.00007557643676301311,
                    "conductivity_w_mk": 0.24988617097285223,
                    "coupling_temperature_c": 35.22765805429546,
                    "element_id": "dielectric_core",
                    "measured_mean_temperature_c": 35.23705115263719
                  },
                  {
                    "conductivity_relative_change": 7.375838876392592e-8,
                    "conductivity_w_mk": 159.99992878349497,
                    "coupling_temperature_c": 35.00037091929705,
                    "element_id": "substrate_right",
                    "measured_mean_temperature_c": 35.000386180011745
                  }
                ],
                "total_joule_loss_w": 0.00011259366232064432,
                "total_loss_w": 0.000010983886434242211
              },
              {
                "converged": false,
                "coupling_temperature_c": 35.235172532968846,
                "dielectric_mean_temperature_c": 35.23704113668761,
                "iteration": 4,
                "loss_relative_change": 0.00005439806348706769,
                "loss_tangent": 0.00020004703450659375,
                "max_conductivity_relative_change": 0.000015035803390219104,
                "max_temperature_c": 35.47364720019518,
                "relative_permittivity": 9.800230469082312,
                "temperature_residual_c": 0.0037324729617864705,
                "thermal_conductivity_updates": [
                  {
                    "conductivity_relative_change": 0.000015016710667701145,
                    "conductivity_w_mk": 166.92155240049615,
                    "coupling_temperature_c": 35.46974610481345,
                    "element_id": "conductor_left",
                    "measured_mean_temperature_c": 35.47347857777524
                  },
                  {
                    "conductivity_relative_change": 0.000015035803390219104,
                    "conductivity_w_mk": 0.2498824137335156,
                    "coupling_temperature_c": 35.235172532968846,
                    "element_id": "dielectric_core",
                    "measured_mean_temperature_c": 35.23704113668761
                  },
                  {
                    "conductivity_relative_change": 1.465029266067498e-8,
                    "conductivity_w_mk": 159.99992643944918,
                    "coupling_temperature_c": 35.00038312786881,
                    "element_id": "substrate_right",
                    "measured_mean_temperature_c": 35.00038615900996
                  }
                ],
                "total_joule_loss_w": 0.0001125868644187142,
                "total_loss_w": 0.00001098396195682962
              },
              {
                "converged": false,
                "coupling_temperature_c": 35.236667415943856,
                "dielectric_mean_temperature_c": 35.237039144330495,
                "iteration": 5,
                "loss_relative_change": 0.000010821430336785982,
                "loss_tangent": 0.00020004733348318875,
                "max_conductivity_relative_change": 2.9911728334179827e-6,
                "max_temperature_c": 35.47364322079323,
                "relative_permittivity": 9.800231934067629,
                "temperature_residual_c": 0.0007425167119379239,
                "thermal_conductivity_updates": [
                  {
                    "conductivity_relative_change": 2.987381680359854e-6,
                    "conductivity_w_mk": 166.92105374210846,
                    "coupling_temperature_c": 35.47273208318288,
                    "element_id": "conductor_left",
                    "measured_mean_temperature_c": 35.47347459989482
                  },
                  {
                    "conductivity_relative_change": 2.9911728334179827e-6,
                    "conductivity_w_mk": 0.24988166629202807,
                    "coupling_temperature_c": 35.236667415943856,
                    "element_id": "dielectric_core",
                    "measured_mean_temperature_c": 35.237039144330495
                  },
                  {
                    "conductivity_relative_change": 2.9098967735560142e-9,
                    "conductivity_w_mk": 159.9999259738659,
                    "coupling_temperature_c": 35.00038555278173,
                    "element_id": "substrate_right",
                    "measured_mean_temperature_c": 35.000386154832285
                  }
                ],
                "total_joule_loss_w": 0.00011258551218164933,
                "total_loss_w": 0.00001098397698080519
              },
              {
                "converged": false,
                "coupling_temperature_c": 35.23696479865317,
                "dielectric_mean_temperature_c": 35.2370387479866,
                "iteration": 6,
                "loss_relative_change": 2.1527451454957666e-6,
                "loss_tangent": 0.00020004739295973064,
                "max_conductivity_relative_change": 5.950470750895298e-7,
                "max_temperature_c": 35.47364242916223,
                "relative_permittivity": 9.80023222550268,
                "temperature_residual_c": 0.0001477120140691568,
                "thermal_conductivity_updates": [
                  {
                    "conductivity_relative_change": 5.942943115144185e-7,
                    "conductivity_w_mk": 166.92095454187574,
                    "coupling_temperature_c": 35.473326096552434,
                    "element_id": "conductor_left",
                    "measured_mean_temperature_c": 35.4734738085665
                  },
                  {
                    "conductivity_relative_change": 5.950470750895298e-7,
                    "conductivity_w_mk": 0.24988151760067345,
                    "coupling_temperature_c": 35.23696479865317,
                    "element_id": "dielectric_core",
                    "measured_mean_temperature_c": 35.2370387479866
                  },
                  {
                    "conductivity_relative_change": 5.779688737128853e-10,
                    "conductivity_w_mk": 159.99992588139094,
                    "coupling_temperature_c": 35.00038603442217,
                    "element_id": "substrate_right",
                    "measured_mean_temperature_c": 35.00038615400122
                  }
                ],
                "total_joule_loss_w": 0.00011258524317925572,
                "total_loss_w": 0.00001098397996958088
              },
              {
                "converged": false,
                "coupling_temperature_c": 35.23702395811991,
                "dielectric_mean_temperature_c": 35.237038669140745,
                "iteration": 7,
                "loss_relative_change": 4.282544597344851e-7,
                "loss_tangent": 0.000200047404791624,
                "max_conductivity_relative_change": 1.1837503497229617e-7,
                "max_temperature_c": 35.47364227168075,
                "relative_permittivity": 9.80023228347896,
                "temperature_residual_c": 0.000029384981537816657,
                "thermal_conductivity_updates": [
                  {
                    "conductivity_relative_change": 1.1822557058417312e-7,
                    "conductivity_w_mk": 166.92093480755065,
                    "coupling_temperature_c": 35.47344426616369,
                    "element_id": "conductor_left",
                    "measured_mean_temperature_c": 35.47347365114523
                  },
                  {
                    "conductivity_relative_change": 1.1837503497229617e-7,
                    "conductivity_w_mk": 0.24988148802094004,
                    "coupling_temperature_c": 35.23702395811991,
                    "element_id": "dielectric_core",
                    "measured_mean_temperature_c": 35.237038669140745
                  },
                  {
                    "conductivity_relative_change": 1.1479587047464263e-10,
                    "conductivity_w_mk": 159.9999258630236,
                    "coupling_temperature_c": 35.00038613008541,
                    "element_id": "substrate_right",
                    "measured_mean_temperature_c": 35.00038615383589
                  }
                ],
                "total_joule_loss_w": 0.0001125851896656164,
                "total_loss_w": 0.00001098398056414931
              },
              {
                "converged": false,
                "coupling_temperature_c": 35.237035726936575,
                "dielectric_mean_temperature_c": 35.23703865346346,
                "iteration": 8,
                "loss_relative_change": 8.519447750049104e-8,
                "loss_tangent": 0.00020004740714538733,
                "max_conductivity_relative_change": 2.354879654481732e-8,
                "max_temperature_c": 35.47364224036797,
                "relative_permittivity": 9.8002322950124,
                "temperature_residual_c": 5.845695504547166e-6,
                "thermal_conductivity_updates": [
                  {
                    "conductivity_relative_change": 2.351912008668572e-8,
                    "conductivity_w_mk": 166.92093088171714,
                    "coupling_temperature_c": 35.47346777414892,
                    "element_id": "conductor_left",
                    "measured_mean_temperature_c": 35.47347361984443
                  },
                  {
                    "conductivity_relative_change": 2.354879654481732e-8,
                    "conductivity_w_mk": 0.24988148213653172,
                    "coupling_temperature_c": 35.237035726936575,
                    "element_id": "dielectric_core",
                    "measured_mean_temperature_c": 35.23703865346346
                  },
                  {
                    "conductivity_relative_change": 2.2800438776844358e-11,
                    "conductivity_w_mk": 159.99992585937554,
                    "coupling_temperature_c": 35.00038614908579,
                    "element_id": "substrate_right",
                    "measured_mean_temperature_c": 35.000386153803014
                  }
                ],
                "total_joule_loss_w": 0.00011258517901992572,
                "total_loss_w": 0.000010983980682429076
              },
              {
                "converged": false,
                "coupling_temperature_c": 35.23703806815808,
                "dielectric_mean_temperature_c": 35.23703865033666,
                "iteration": 9,
                "loss_relative_change": 1.6948146980802913e-8,
                "loss_tangent": 0.0002000474076136316,
                "max_conductivity_relative_change": 4.684663854305731e-9,
                "max_temperature_c": 35.47364223412271,
                "relative_permittivity": 9.800232297306795,
                "temperature_residual_c": 1.162896218431797e-6,
                "thermal_conductivity_updates": [
                  {
                    "conductivity_relative_change": 4.678771651203141e-9,
                    "conductivity_w_mk": 166.92093010073222,
                    "coupling_temperature_c": 35.47347245070532,
                    "element_id": "conductor_left",
                    "measured_mean_temperature_c": 35.47347361360154
                  },
                  {
                    "conductivity_relative_change": 4.684663854305731e-9,
                    "conductivity_w_mk": 0.24988148096592097,
                    "coupling_temperature_c": 35.23703806815808,
                    "element_id": "dielectric_core",
                    "measured_mean_temperature_c": 35.23703865033666
                  },
                  {
                    "conductivity_relative_change": 4.528646224846118e-12,
                    "conductivity_w_mk": 159.99992585865095,
                    "coupling_temperature_c": 35.00038615285957,
                    "element_id": "substrate_right",
                    "measured_mean_temperature_c": 35.00038615379647
                  }
                ],
                "total_joule_loss_w": 0.0001125851769021276,
                "total_loss_w": 0.000010983980705958914
              },
              {
                "converged": false,
                "coupling_temperature_c": 35.23703853390094,
                "dielectric_mean_temperature_c": 35.2370386497172,
                "iteration": 10,
                "loss_relative_change": 3.3715300327516392e-9,
                "loss_tangent": 0.00020004740770678025,
                "max_conductivity_relative_change": 9.319275820275124e-10,
                "max_temperature_c": 35.473642232885446,
                "relative_permittivity": 9.800232297763223,
                "temperature_residual_c": 2.3134246873723899e-7,
                "thermal_conductivity_updates": [
                  {
                    "conductivity_relative_change": 9.307577809907527e-10,
                    "conductivity_w_mk": 166.92092994536927,
                    "coupling_temperature_c": 35.473473381022295,
                    "element_id": "conductor_left",
                    "measured_mean_temperature_c": 35.473473612364764
                  },
                  {
                    "conductivity_relative_change": 9.319275820275124e-10,
                    "conductivity_w_mk": 0.24988148073304953,
                    "coupling_temperature_c": 35.23703853390094,
                    "element_id": "dielectric_core",
                    "measured_mean_temperature_c": 35.2370386497172
                  },
                  {
                    "conductivity_relative_change": 8.993698845414503e-13,
                    "conductivity_w_mk": 159.99992585850703,
                    "coupling_temperature_c": 35.00038615360909,
                    "element_id": "substrate_right",
                    "measured_mean_temperature_c": 35.00038615379516
                  }
                ],
                "total_joule_loss_w": 0.00011258517648082966,
                "total_loss_w": 0.000010983980710639742
              },
              {
                "converged": true,
                "coupling_temperature_c": 35.23703862655395,
                "dielectric_mean_temperature_c": 35.237038649594986,
                "iteration": 11,
                "loss_relative_change": 6.707196590657488e-10,
                "loss_tangent": 0.0002000474077253108,
                "max_conductivity_relative_change": 1.8539388376135732e-10,
                "max_temperature_c": 35.47364223264134,
                "relative_permittivity": 9.800232297854023,
                "temperature_residual_c": 4.6024489108731366e-8,
                "thermal_conductivity_updates": [
                  {
                    "conductivity_relative_change": 1.8516167181949522e-10,
                    "conductivity_w_mk": 166.9209299144619,
                    "coupling_temperature_c": 35.47347356609627,
                    "element_id": "conductor_left",
                    "measured_mean_temperature_c": 35.473473612120756
                  },
                  {
                    "conductivity_relative_change": 1.8539388376135732e-10,
                    "conductivity_w_mk": 0.24988148068672303,
                    "coupling_temperature_c": 35.23703862655395,
                    "element_id": "dielectric_core",
                    "measured_mean_temperature_c": 35.237038649594986
                  },
                  {
                    "conductivity_relative_change": 1.7870158085117766e-13,
                    "conductivity_w_mk": 159.99992585847846,
                    "coupling_temperature_c": 35.00038615375795,
                    "element_id": "substrate_right",
                    "measured_mean_temperature_c": 35.0003861537949
                  }
                ],
                "total_joule_loss_w": 0.00011258517639701816,
                "total_loss_w": 0.000010983980711570989
              }
            ],
            "loss_relative_change_tolerance": 1e-9,
            "max_iterations": 12,
            "method": "relaxed_temperature_dependent_dielectric_and_conductivity_fixed_point",
            "parameter_source": "screening_sensitivity_not_material_card",
            "relaxation_factor": 0.8,
            "schema_version": "kyuubiki.composite-electrothermal-feedback-convergence/v1",
            "status": "pass",
            "temperature_residual_tolerance_c": 1e-7
          },
          "electrothermal_loss_projection": {
            "assumptions": [
              "The solved electrostatic field magnitude is interpreted as an RMS harmonic field.",
              "Relative permittivity and loss tangent are scalar, isotropic, and frequency-local screening values.",
              "Element dielectric loss is lumped consistently to its four thermal nodes."
            ],
            "distributed_total_heat_load_w": 0.000010983980711570989,
            "effective_conductivity_s_m": 1.0906813733077358e-6,
            "electric_field_rms_v_m": 3345.10441053308,
            "energy_balance_relative_error": 0.0,
            "frequency_hz": 10000000.0,
            "loss_tangent": 0.0002000474077253108,
            "model": "harmonic_dielectric_loss_sigma_eff_e_rms_squared",
            "relative_permittivity": 9.800232297854023,
            "schema_version": "kyuubiki.composite-electrothermal-loss-projection/v1",
            "source_element_id": "dielectric_core",
            "source_volume_m3": 9e-7,
            "target_element_count": 1,
            "target_node_count": 4,
            "total_loss_w": 0.000010983980711570989,
            "volumetric_loss_w_m3": 12.204423012856653
          },
          "heat": {
            "elements": [
              {
                "area": 0.0009,
                "average_temperature": 35.473473612120756,
                "heat_flow_rate": 1.6887776459580575e-6,
                "heat_flux_magnitude": 1.876419606620064,
                "heat_flux_x": 1.876419606620064,
                "heat_flux_y": -0.0,
                "id": "conductor_left",
                "index": 0,
                "node_i": 0,
                "node_j": 1,
                "node_k": 5,
                "node_l": 4,
                "temperature_gradient_x": -0.011241368039236477,
                "temperature_gradient_y": 0.0
              },
              {
                "area": 0.0009,
                "average_temperature": 35.237038649594986,
                "heat_flow_rate": 3.542315002601426e-6,
                "heat_flux_magnitude": 3.935905558446029,
                "heat_flux_x": 3.935905558446029,
                "heat_flux_y": -2.840823534446861e-14,
                "id": "dielectric_core",
                "index": 1,
                "node_i": 1,
                "node_j": 2,
                "node_k": 6,
                "node_l": 5,
                "temperature_gradient_x": -15.751089467012092,
                "temperature_gradient_y": 1.1368683772161605e-13
              },
              {
                "area": 0.0009,
                "average_temperature": 35.0003861537949,
                "heat_flow_rate": 3.707074713244722e-6,
                "heat_flux_magnitude": 4.118971903605247,
                "heat_flux_x": 4.118971903605247,
                "heat_flux_y": -1.8189885606543437e-11,
                "id": "substrate_right",
                "index": 2,
                "node_i": 2,
                "node_j": 3,
                "node_k": 7,
                "node_l": 6,
                "temperature_gradient_x": -0.02574358632671192,
                "temperature_gradient_y": 1.1368683772161605e-13
              }
            ],
            "input": {
              "elements": [
                {
                  "conductivity": 166.9209299144619,
                  "id": "conductor_left",
                  "node_i": 0,
                  "node_j": 1,
                  "node_k": 5,
                  "node_l": 4,
                  "thickness": 0.001
                },
                {
                  "conductivity": 0.24988148068672303,
                  "id": "dielectric_core",
                  "node_i": 1,
                  "node_j": 2,
                  "node_k": 6,
                  "node_l": 5,
                  "thickness": 0.001
                },
                {
                  "conductivity": 159.99992585847846,
                  "id": "substrate_right",
                  "node_i": 2,
                  "node_j": 3,
                  "node_k": 7,
                  "node_l": 6,
                  "thickness": 0.001
                }
              ],
              "nodes": [
                {
                  "fix_temperature": false,
                  "heat_load": 0.000028146294099254537,
                  "id": "n0",
                  "temperature": 35.0,
                  "x": 0.0,
                  "y": 0.0
                },
                {
                  "fix_temperature": false,
                  "heat_load": 0.00003089228927714728,
                  "id": "n1",
                  "temperature": 35.0,
                  "x": 0.03,
                  "y": 0.0
                },
                {
                  "fix_temperature": false,
                  "heat_load": 2.7459951778927467e-6,
                  "id": "n2",
                  "temperature": 35.0,
                  "x": 0.06,
                  "y": 0.0
                },
                {
                  "fix_temperature": true,
                  "heat_load": 0.0,
                  "id": "n3",
                  "temperature": 35.0,
                  "x": 0.09,
                  "y": 0.0
                },
                {
                  "fix_temperature": false,
                  "heat_load": 0.000028146294099254537,
                  "id": "n4",
                  "temperature": 35.0,
                  "x": 0.0,
                  "y": 0.03
                },
                {
                  "fix_temperature": false,
                  "heat_load": 0.00003089228927714728,
                  "id": "n5",
                  "temperature": 35.0,
                  "x": 0.03,
                  "y": 0.03
                },
                {
                  "fix_temperature": false,
                  "heat_load": 2.7459951778927467e-6,
                  "id": "n6",
                  "temperature": 35.0,
                  "x": 0.06,
                  "y": 0.03
                },
                {
                  "fix_temperature": true,
                  "heat_load": 0.0,
                  "id": "n7",
                  "temperature": 35.0,
                  "x": 0.09,
                  "y": 0.03
                }
              ]
            },
            "max_heat_flux": 4.118971903605247,
            "max_temperature": 35.47364223264134,
            "nodes": [
              {
                "heat_load": 0.000028146294099254537,
                "id": "n0",
                "index": 0,
                "temperature": 35.47364223264134,
                "x": 0.0,
                "y": 0.0
              },
              {
                "heat_load": 0.00003089228927714728,
                "id": "n1",
                "index": 1,
                "temperature": 35.473304991600166,
                "x": 0.03,
                "y": 0.0
              },
              {
                "heat_load": 2.7459951778927467e-6,
                "id": "n2",
                "index": 2,
                "temperature": 35.0007723075898,
                "x": 0.06,
                "y": 0.0
              },
              {
                "heat_load": 0.0,
                "id": "n3",
                "index": 3,
                "temperature": 35.0,
                "x": 0.09,
                "y": 0.0
              },
              {
                "heat_load": 0.000028146294099254537,
                "id": "n4",
                "index": 4,
                "temperature": 35.47364223264134,
                "x": 0.0,
                "y": 0.03
              },
              {
                "heat_load": 0.00003089228927714728,
                "id": "n5",
                "index": 5,
                "temperature": 35.473304991600166,
                "x": 0.03,
                "y": 0.03
              },
              {
                "heat_load": 2.7459951778927467e-6,
                "id": "n6",
                "index": 6,
                "temperature": 35.000772307589806,
                "x": 0.06,
                "y": 0.03
              },
              {
                "heat_load": 0.0,
                "id": "n7",
                "index": 7,
                "temperature": 35.0,
                "x": 0.09,
                "y": 0.03
              }
            ],
            "total_abs_heat_flow_rate": 8.938167361804206e-6
          },
          "heat_cross_validation": {
            "absolute_error_c": 2.302158463862725e-12,
            "conductivities_w_mk": [
              166.9209299144619,
              0.24988148068672303,
              159.99992585847846
            ],
            "expected_max_temperature_c": 35.47364223263904,
            "fem_max_temperature_c": 35.47364223264134,
            "fixed_temperature_c": 35.0,
            "method": "layered_thermal_resistance_with_regional_generation_closed_form",
            "relative_error": 6.48977189532719e-14,
            "relative_error_tolerance": 1e-9,
            "schema_version": "kyuubiki.composite-heat-cross-validation/v1",
            "status": "pass",
            "total_heat_load_w": 0.00012356915710858913
          },
          "heat_mesh_convergence": {
            "finest_pair_relative_change": 1.6084218617122633e-13,
            "max_analytic_relative_error": 4.903383209802765e-13,
            "method": "structured_quad_h_refinement",
            "refinement_levels": [
              1,
              2,
              4,
              8
            ],
            "relative_error_tolerance": 1e-8,
            "samples": [
              {
                "analytic_relative_error": 6.48977189532719e-14,
                "element_count": 3,
                "elements_per_layer": 1,
                "max_temperature_c": 35.47364223264134,
                "node_count": 8,
                "relative_change_from_previous": null
              },
              {
                "analytic_relative_error": 4.2664241163725044e-13,
                "element_count": 6,
                "elements_per_layer": 2,
                "max_temperature_c": 35.47364223265417,
                "node_count": 14,
                "relative_change_from_previous": 3.617446926839785e-13
              },
              {
                "analytic_relative_error": 3.294961348090502e-13,
                "element_count": 12,
                "elements_per_layer": 4,
                "max_temperature_c": 35.473642232650725,
                "node_count": 26,
                "relative_change_from_previous": 9.714627682820021e-14
              },
              {
                "analytic_relative_error": 4.903383209802765e-13,
                "element_count": 24,
                "elements_per_layer": 8,
                "max_temperature_c": 35.47364223265643,
                "node_count": 50,
                "relative_change_from_previous": 1.6084218617122633e-13
              }
            ],
            "schema_version": "kyuubiki.composite-heat-mesh-convergence/v1",
            "status": "pass"
          },
          "heat_to_thermal_projection": {
            "mapped_node_count": 8,
            "maximum_coordinate_error_m": 0.0,
            "maximum_temperature_delta_c": 0.473642232641339,
            "minimum_temperature_delta_c": 0.0,
            "reference_temperature_c": 35.0,
            "schema_version": "kyuubiki.composite-heat-to-thermal-projection/v1"
          },
          "joule_heating_projection": {
            "assumptions": [
              "Steady scalar electrical conductivity is solved on a two-dimensional quad mesh.",
              "Joule heating uses the solved local sigma times electric-field magnitude squared.",
              "Element Joule power integrates both triangular subcell fields before thermal projection.",
              "Recovered terminal currents gate current continuity and electrical input-power balance.",
              "Contact and terminal impedance models require explicit study-level heat mappings."
            ],
            "boundary_voltage_span_v": 0.000056399999999999995,
            "current_balance_relative_error": 0.0,
            "distributed_total_heat_load_w": 0.00011258517639701816,
            "electrical_power_balance_relative_error": 0.0,
            "energy_balance_relative_error": 0.0,
            "free_current_residual_relative_error": 0.0,
            "max_current_density_a_m2": 66539.70236230387,
            "max_free_current_residual_a": 0.0,
            "model": "solved_steady_current_density_sigma_e_squared",
            "parameter_source": "screening_reference_not_material_card",
            "regions": [
              {
                "coupling_temperature_c": 35.47347356609627,
                "current_density_magnitude_a_m2": 66539.70236230387,
                "distributed_heat_load_w": 0.00011258517639701816,
                "electric_field_magnitude_v_m": 0.00188,
                "electrical_conductivity_s_m": 35393458.70335312,
                "element_id": "conductor_left",
                "energy_balance_relative_error": 0.0,
                "joule_power_w": 0.00011258517639701816,
                "peak_current_density_magnitude_a_m2": 66539.70236230387,
                "peak_electric_field_magnitude_v_m": 0.00188,
                "rms_current_density_magnitude_a_m2": 66539.70236230387,
                "rms_electric_field_magnitude_v_m": 0.00188,
                "source_volume_m3": 9e-7,
                "volumetric_joule_heating_w_m3": 125.09464044113128
              }
            ],
            "schema_version": "kyuubiki.composite-current-to-heat-projection/v2",
            "source_power_balance_relative_error": 0.0,
            "status": "pass",
            "total_dissipated_power_w": 0.00011258517639701816,
            "total_electrical_input_power_w": 0.00011258517639701816,
            "total_extracted_current_a": 1.996191070869116,
            "total_injected_current_a": 1.996191070869116,
            "total_joule_loss_w": 0.00011258517639701816,
            "total_source_power_w": 0.00011258517639701816
          },
          "research": {
            "candidate_id": "aluminum_alumina_aluminum",
            "candidate_label": "Aluminum / Alumina / Aluminum",
            "coupling": "iterative_dielectric_and_conductor_joule_heating_with_temperature_dependent_electrical_thermal_feedback_and_expansion_projection",
            "materials": {
              "conductor": "aluminum",
              "dielectric": "alumina_96",
              "substrate": "aluminum_6061"
            },
            "study": "material.composite_thermo_electric_panel.v1"
          },
          "schema_version": "kyuubiki.composite-thermo-electric-panel-result/v1",
          "thermal": {
            "elements": [
              {
                "area": 0.0009,
                "average_temperature_delta": 0.47347361212075256,
                "gamma_xy": -1.953065335194649e-21,
                "id": "conductor_left",
                "index": 0,
                "max_in_plane_shear": 140803.03235724603,
                "mechanical_strain_x": 8.192176428057968e-7,
                "mechanical_strain_y": -2.5600551337681073e-6,
                "node_i": 0,
                "node_j": 1,
                "node_k": 5,
                "node_l": 4,
                "principal_stress_1": 2.9103830456733704e-10,
                "principal_stress_2": -281606.0647144918,
                "strain_energy_density": 1.1861528822109224,
                "stress_x": 2.96059473233375e-10,
                "stress_y": -281606.0647144918,
                "tau_xy": -9.079157179156835e-11,
                "thermal_strain": 8.049813608741467e-6,
                "total_strain_x": 8.869031251547263e-6,
                "total_strain_y": 5.489758474973358e-6,
                "von_mises": 281606.0647144919
              },
              {
                "area": 0.0009,
                "average_temperature_delta": 0.2370386495949841,
                "gamma_xy": 1.0707393484714192e-19,
                "id": "dielectric_core",
                "index": 1,
                "max_in_plane_shear": 6374.436179298413,
                "mechanical_strain_x": 1.631855661900335e-6,
                "mechanical_strain_y": -5.099548943438789e-6,
                "node_i": 1,
                "node_j": 2,
                "node_k": 6,
                "node_l": 5,
                "principal_stress_1": -2.1645973902195692e-10,
                "principal_stress_2": -12748.872358597042,
                "strain_energy_density": 0.11878892550398389,
                "stress_x": -2.1612341546036384e-10,
                "stress_y": -12748.872358597042,
                "tau_xy": 1.0115365335473647e-10,
                "thermal_strain": 0.00001066876197534475,
                "total_strain_x": 0.000012300617637245084,
                "total_strain_y": 5.5692130319059605e-6,
                "von_mises": 12748.872358596936
              },
              {
                "area": 0.0009,
                "average_temperature_delta": 0.000386153794901034,
                "gamma_xy": 1.795096815436258e-23,
                "id": "substrate_right",
                "index": 2,
                "max_in_plane_shear": 1611.9352086531762,
                "mechanical_strain_x": -1.4972983070218742e-8,
                "mechanical_strain_y": 4.6790572094431264e-8,
                "node_i": 2,
                "node_j": 3,
                "node_k": 7,
                "node_l": 6,
                "principal_stress_1": 3223.8704173062956,
                "principal_stress_2": -5.6843418860808015e-11,
                "strain_energy_density": 0.00022841400964145208,
                "stress_x": -5.6621374255882984e-11,
                "stress_y": 3223.8704173062956,
                "tau_xy": 3.700743415417189e-13,
                "thermal_strain": 9.113230615396858e-9,
                "total_strain_x": -5.859752454821886e-9,
                "total_strain_y": 5.5903802709828114e-8,
                "von_mises": 3223.870417306324
              }
            ],
            "input": {
              "elements": [
                {
                  "id": "conductor_left",
                  "node_i": 0,
                  "node_j": 1,
                  "node_k": 5,
                  "node_l": 4,
                  "poisson_ratio": 0.32,
                  "thermal_expansion": 0.00001700160981028121,
                  "thickness": 0.001,
                  "youngs_modulus": 110000000000.0
                },
                {
                  "id": "dielectric_core",
                  "node_i": 1,
                  "node_j": 2,
                  "node_k": 6,
                  "node_l": 5,
                  "poisson_ratio": 0.32,
                  "thermal_expansion": 0.00004500853339138542,
                  "thickness": 0.001,
                  "youngs_modulus": 2500000000.0
                },
                {
                  "id": "substrate_right",
                  "node_i": 2,
                  "node_j": 3,
                  "node_k": 7,
                  "node_l": 6,
                  "poisson_ratio": 0.32,
                  "thermal_expansion": 0.00002360000273396887,
                  "thickness": 0.001,
                  "youngs_modulus": 68900000000.0
                }
              ],
              "nodes": [
                {
                  "fix_x": true,
                  "fix_y": true,
                  "id": "n0",
                  "load_x": 0.0,
                  "load_y": 0.0,
                  "temperature_delta": 0.473642232641339,
                  "x": 0.0,
                  "y": 0.0
                },
                {
                  "fix_x": false,
                  "fix_y": false,
                  "id": "n1",
                  "load_x": 0.0,
                  "load_y": 0.0,
                  "temperature_delta": 0.47330499160016615,
                  "x": 0.03,
                  "y": 0.0
                },
                {
                  "fix_x": false,
                  "fix_y": false,
                  "id": "n2",
                  "load_x": 0.0,
                  "load_y": 0.0,
                  "temperature_delta": 0.0007723075897985154,
                  "x": 0.06,
                  "y": 0.0
                },
                {
                  "fix_x": false,
                  "fix_y": false,
                  "id": "n3",
                  "load_x": 0.0,
                  "load_y": 0.0,
                  "temperature_delta": 0.0,
                  "x": 0.09,
                  "y": 0.0
                },
                {
                  "fix_x": true,
                  "fix_y": true,
                  "id": "n4",
                  "load_x": 0.0,
                  "load_y": 0.0,
                  "temperature_delta": 0.473642232641339,
                  "x": 0.0,
                  "y": 0.03
                },
                {
                  "fix_x": false,
                  "fix_y": false,
                  "id": "n5",
                  "load_x": 0.0,
                  "load_y": 0.0,
                  "temperature_delta": 0.47330499160016615,
                  "x": 0.03,
                  "y": 0.03
                },
                {
                  "fix_x": false,
                  "fix_y": false,
                  "id": "n6",
                  "load_x": 0.0,
                  "load_y": 0.0,
                  "temperature_delta": 0.0007723075898056209,
                  "x": 0.06,
                  "y": 0.03
                },
                {
                  "fix_x": false,
                  "fix_y": false,
                  "id": "n7",
                  "load_x": 0.0,
                  "load_y": 0.0,
                  "temperature_delta": 0.0,
                  "x": 0.09,
                  "y": 0.03
                }
              ]
            },
            "max_displacement": 6.350939398161745e-7,
            "max_strain_energy_density": 1.1861528822109224,
            "max_stress": 281606.0647144919,
            "max_temperature_delta": 0.473642232641339,
            "nodes": [
              {
                "displacement_magnitude": 0.0,
                "id": "n0",
                "index": 0,
                "temperature_delta": 0.473642232641339,
                "ux": 0.0,
                "uy": 0.0,
                "x": 0.0,
                "y": 0.0
              },
              {
                "displacement_magnitude": 3.129176363022984e-7,
                "id": "n1",
                "index": 1,
                "temperature_delta": 0.47330499160016615,
                "ux": 2.66070937546418e-7,
                "uy": -1.6469275424920078e-7,
                "x": 0.03,
                "y": 0.0
              },
              {
                "displacement_magnitude": 6.350939398161702e-7,
                "id": "n2",
                "index": 2,
                "temperature_delta": 0.0007723075897985154,
                "ux": 6.350894666637683e-7,
                "uy": -2.383636707976851e-9,
                "x": 0.06,
                "y": 0.0
              },
              {
                "displacement_magnitude": 6.349140671940103e-7,
                "id": "n3",
                "index": 3,
                "temperature_delta": 0.0,
                "ux": 6.349136740901224e-7,
                "uy": 7.06522626678873e-10,
                "x": 0.09,
                "y": 0.0
              },
              {
                "displacement_magnitude": 0.0,
                "id": "n4",
                "index": 4,
                "temperature_delta": 0.473642232641339,
                "ux": 0.0,
                "uy": 0.0,
                "x": 0.0,
                "y": 0.03
              },
              {
                "displacement_magnitude": 3.129176363022983e-7,
                "id": "n5",
                "index": 5,
                "temperature_delta": 0.47330499160016615,
                "ux": 2.6607093754641784e-7,
                "uy": 1.646927542492008e-7,
                "x": 0.03,
                "y": 0.03
              },
              {
                "displacement_magnitude": 6.350939398161745e-7,
                "id": "n6",
                "index": 6,
                "temperature_delta": 0.0007723075898056209,
                "ux": 6.350894666637726e-7,
                "uy": 2.3836367079792555e-9,
                "x": 0.06,
                "y": 0.03
              },
              {
                "displacement_magnitude": 6.349140671940172e-7,
                "id": "n7",
                "index": 7,
                "temperature_delta": 0.0,
                "ux": 6.349136740901293e-7,
                "uy": -7.06522626687546e-10,
                "x": 0.09,
                "y": 0.03
              }
            ],
            "total_strain_energy": 1.1746531995520928e-6
          },
          "thermal_constraint_regularized_mesh_convergence": {
            "algebraic_validation": {
              "max_relative_residual": null,
              "method": "original_system_recomputed_l2_residual_over_max_rhs_l2_or_one",
              "qualification_effect": "algebraic_gate_does_not_override_discretization_gates",
              "relative_residual_tolerance": 1e-10,
              "required_series": [
                "uniform_full_edge_clamp",
                "uniform_regularized_restraint",
                "interface_graded_full_edge_clamp"
              ],
              "schema_version": "kyuubiki.composite-thermal-algebraic-validation/v1",
              "series": [],
              "status": "missing"
            },
            "convergence_tolerance": 0.02,
            "diagnostic_metrics": [
              "max_von_mises_stress_pa"
            ],
            "finest_pair_displacement_relative_change": 0.001943524171414584,
            "finest_pair_peak_stress_relative_change": 0.309343687468285,
            "finest_pair_strain_energy_relative_change": 0.22522864021376693,
            "method": "structured_quad_h_refinement_preserving_piecewise_linear_temperature_roller_edge_with_vertical_anchor",
            "pass_metrics": [
              "max_displacement_m",
              "total_strain_energy_j"
            ],
            "refinement_levels": [
              1,
              2,
              4,
              8
            ],
            "regime_assessment": {
              "diagnosis": "pass_metrics_lack_qualified_discretization_uncertainty",
              "gci_safety_factor": 1.25,
              "method": "four_level_constant_ratio_observed_order_and_fine_grid_gci",
              "metrics": [
                {
                  "coarse_triplet_observed_order": 0.559338124034196,
                  "fine_grid_gci": null,
                  "fine_triplet_observed_order": 4.0492275037835554,
                  "metric": "max_displacement_m",
                  "observed_order_relative_difference": 0.8618654734732597,
                  "qualification_role": "pass_metric",
                  "regime": "oscillatory",
                  "richardson_extrapolated_value": null,
                  "unit": "m"
                },
                {
                  "coarse_triplet_observed_order": 1.6969109838804066,
                  "fine_grid_gci": 0.16646872463862203,
                  "fine_triplet_observed_order": 1.6703271969202755,
                  "metric": "total_strain_energy_j",
                  "observed_order_relative_difference": 0.015665987911363907,
                  "qualification_role": "pass_metric",
                  "regime": "asymptotic_converging",
                  "richardson_extrapolated_value": 2.2279452099980095e-8,
                  "unit": "J"
                },
                {
                  "coarse_triplet_observed_order": -6.783321606735104,
                  "fine_grid_gci": null,
                  "fine_triplet_observed_order": -0.694272001409355,
                  "metric": "max_von_mises_stress_pa",
                  "observed_order_relative_difference": 0.8976501422665825,
                  "qualification_role": "diagnostic_metric",
                  "regime": "monotonic_diverging",
                  "richardson_extrapolated_value": null,
                  "unit": "Pa"
                }
              ],
              "order_consistency_tolerance": 0.25,
              "qualification_effect": "gci_gates_require_asymptotic_pass_metric_evidence",
              "qualification_tolerance": 0.02,
              "refinement_ratio": 2.0,
              "schema_version": "kyuubiki.composite-thermal-convergence-regime/v1",
              "status": "fail"
            },
            "samples": [
              {
                "displacement_relative_change": null,
                "element_count": 3,
                "elements_per_original_element": 1,
                "max_displacement_m": 6.33674826575836e-7,
                "max_von_mises_stress_pa": 15962.832094108817,
                "node_count": 8,
                "peak_stress_relative_change": null,
                "strain_energy_relative_change": null,
                "total_strain_energy_j": 1.3405726138050926e-7
              },
              {
                "displacement_relative_change": 0.04679189879037965,
                "element_count": 12,
                "elements_per_original_element": 2,
                "max_displacement_m": 6.040239782246881e-7,
                "max_von_mises_stress_pa": 16018.495389701966,
                "node_count": 21,
                "peak_stress_relative_change": 0.00347493907754507,
                "strain_energy_relative_change": 0.5751385477903846,
                "total_strain_energy_j": 5.6955762749367144e-8
              },
              {
                "displacement_relative_change": 0.03223842136213919,
                "element_count": 48,
                "elements_per_original_element": 4,
                "max_displacement_m": 6.241454419743146e-7,
                "max_von_mises_stress_pa": 22149.790067879912,
                "node_count": 65,
                "peak_stress_relative_change": 0.2768105096882667,
                "strain_energy_relative_change": 0.417545724611018,
                "total_strain_energy_j": 3.3174127521409415e-8
              },
              {
                "displacement_relative_change": 0.001943524171414584,
                "element_count": 192,
                "elements_per_original_element": 8,
                "max_displacement_m": 6.253608458941662e-7,
                "max_von_mises_stress_pa": 32070.64015195371,
                "node_count": 225,
                "peak_stress_relative_change": 0.309343687468285,
                "strain_energy_relative_change": 0.22522864021376693,
                "total_strain_energy_j": 2.570236388948427e-8
              }
            ],
            "schema_version": "kyuubiki.composite-thermal-mesh-convergence/v1",
            "status": "fail"
          },
          "thermal_constraint_sensitivity": {
            "alternative_restraint": "roller_edge_with_vertical_anchor",
            "alternative_status": "fail",
            "diagnosis": "mixed_restraint_sensitivity_and_persistent_energy_nonconvergence",
            "displacement_change_ratio_alternative_to_primary": 0.7729838520227791,
            "peak_stress_change_ratio_alternative_to_primary": 1.1913690465083469,
            "primary_restraint": "full_edge_clamp",
            "primary_status": "fail",
            "qualification_effect": "diagnostic_only_does_not_override_primary_quality_gates",
            "schema_version": "kyuubiki.composite-thermal-constraint-sensitivity/v1",
            "strain_energy_change_ratio_alternative_to_primary": 1.7083971389843056
          },
          "thermal_expansion_projection": {
            "coverage_fraction": 1.0,
            "declared_region_count": 3,
            "max_relative_change": 0.0001896309196759813,
            "model": "regional_linear_temperature_dependent_thermal_expansion",
            "parameter_source": "screening_sensitivity_not_material_card",
            "schema_version": "kyuubiki.composite-thermal-expansion-projection/v1",
            "status": "pass",
            "updated_region_count": 3,
            "updates": [
              {
                "adjusted_thermal_expansion_1_k": 0.00001700160981028121,
                "element_id": "conductor_left",
                "mean_temperature_c": 35.473473612120756,
                "reference_thermal_expansion_1_k": 0.000017,
                "relative_change": 0.0000946947224240546
              },
              {
                "adjusted_thermal_expansion_1_k": 0.00004500853339138542,
                "element_id": "dielectric_core",
                "mean_temperature_c": 35.237038649594986,
                "reference_thermal_expansion_1_k": 0.000045,
                "relative_change": 0.0001896309196759813
              },
              {
                "adjusted_thermal_expansion_1_k": 0.00002360000273396887,
                "element_id": "substrate_right",
                "mean_temperature_c": 35.0003861537949,
                "reference_thermal_expansion_1_k": 0.0000236,
                "relative_change": 1.1584613844359977e-7
              }
            ]
          },
          "thermal_interface_grading_assessment": {
            "diagnosis": "graded_mesh_did_not_resolve_nonconvergence",
            "displacement_change_ratio_graded_to_uniform": 1.8124301530618276,
            "graded_mesh_convergence": {
              "algebraic_validation": {
                "max_relative_residual": null,
                "method": "original_system_recomputed_l2_residual_over_max_rhs_l2_or_one",
                "qualification_effect": "algebraic_gate_does_not_override_discretization_gates",
                "relative_residual_tolerance": 1e-10,
                "required_series": [
                  "uniform_full_edge_clamp",
                  "uniform_regularized_restraint",
                  "interface_graded_full_edge_clamp"
                ],
                "schema_version": "kyuubiki.composite-thermal-algebraic-validation/v1",
                "series": [],
                "status": "missing"
              },
              "convergence_tolerance": 0.02,
              "diagnostic_metrics": [
                "max_von_mises_stress_pa"
              ],
              "finest_pair_displacement_relative_change": 0.0045570186262733105,
              "finest_pair_peak_stress_relative_change": 0.4148720606115032,
              "finest_pair_strain_energy_relative_change": 0.11926264251076472,
              "method": "cosine_graded_quad_h_refinement_at_clamp_interfaces_and_free_edges",
              "pass_metrics": [
                "max_displacement_m",
                "total_strain_energy_j"
              ],
              "refinement_levels": [
                1,
                2,
                4,
                8
              ],
              "regime_assessment": {
                "diagnosis": "pass_metrics_lack_qualified_discretization_uncertainty",
                "gci_safety_factor": 1.25,
                "method": "four_level_constant_ratio_observed_order_and_fine_grid_gci",
                "metrics": [
                  {
                    "coarse_triplet_observed_order": 1.875207031904395,
                    "fine_grid_gci": null,
                    "fine_triplet_observed_order": 1.417826459450268,
                    "metric": "max_displacement_m",
                    "observed_order_relative_difference": 0.24390937356374304,
                    "qualification_role": "pass_metric",
                    "regime": "oscillatory",
                    "richardson_extrapolated_value": null,
                    "unit": "m"
                  },
                  {
                    "coarse_triplet_observed_order": 0.8547911655686493,
                    "fine_grid_gci": null,
                    "fine_triplet_observed_order": 1.7732063150098518,
                    "metric": "total_strain_energy_j",
                    "observed_order_relative_difference": 0.5179403782103607,
                    "qualification_role": "pass_metric",
                    "regime": "monotonic_pre_asymptotic",
                    "richardson_extrapolated_value": null,
                    "unit": "J"
                  },
                  {
                    "coarse_triplet_observed_order": -1.0589159017081322,
                    "fine_grid_gci": null,
                    "fine_triplet_observed_order": -0.5965601551231371,
                    "metric": "max_von_mises_stress_pa",
                    "observed_order_relative_difference": 0.4366312242919114,
                    "qualification_role": "diagnostic_metric",
                    "regime": "monotonic_diverging",
                    "richardson_extrapolated_value": null,
                    "unit": "Pa"
                  }
                ],
                "order_consistency_tolerance": 0.25,
                "qualification_effect": "gci_gates_require_asymptotic_pass_metric_evidence",
                "qualification_tolerance": 0.02,
                "refinement_ratio": 2.0,
                "schema_version": "kyuubiki.composite-thermal-convergence-regime/v1",
                "status": "fail"
              },
              "samples": [
                {
                  "displacement_relative_change": null,
                  "element_count": 3,
                  "elements_per_original_element": 1,
                  "max_displacement_m": 6.350939398161745e-7,
                  "max_von_mises_stress_pa": 281606.0647144919,
                  "node_count": 8,
                  "peak_stress_relative_change": null,
                  "strain_energy_relative_change": null,
                  "total_strain_energy_j": 1.1746531995520928e-6
                },
                {
                  "displacement_relative_change": 0.04326098282436981,
                  "element_count": 12,
                  "elements_per_original_element": 2,
                  "max_displacement_m": 6.076191517939256e-7,
                  "max_von_mises_stress_pa": 488712.0871093925,
                  "node_count": 21,
                  "peak_stress_relative_change": 0.4237792104138041,
                  "strain_energy_relative_change": 0.34371930052239036,
                  "total_strain_energy_j": 7.709022234456596e-7
                },
                {
                  "displacement_relative_change": 0.012175564246332897,
                  "element_count": 48,
                  "elements_per_original_element": 4,
                  "max_displacement_m": 6.151084441744333e-7,
                  "max_von_mises_stress_pa": 920189.6103512384,
                  "node_count": 65,
                  "peak_stress_relative_change": 0.4689006682841703,
                  "strain_energy_relative_change": 0.2895986320899322,
                  "total_strain_energy_j": 5.476499940607093e-7
                },
                {
                  "displacement_relative_change": 0.0045570186262733105,
                  "element_count": 192,
                  "elements_per_original_element": 8,
                  "max_displacement_m": 6.123053835371524e-7,
                  "max_von_mises_stress_pa": 1572629.7590795383,
                  "node_count": 225,
                  "peak_stress_relative_change": 0.4148720606115032,
                  "strain_energy_relative_change": 0.11926264251076472,
                  "total_strain_energy_j": 4.823358085980245e-7
                }
              ],
              "schema_version": "kyuubiki.composite-thermal-mesh-convergence/v1",
              "status": "fail"
            },
            "graded_stress_recovery": {
              "convergence_tolerance": 0.02,
              "diagnostic_metrics": [
                "max_stress_pa",
                "max_to_p95_ratio"
              ],
              "finest_pair_max_relative_change": 0.4148720606115032,
              "finest_pair_p95_relative_change": 0.340533152885903,
              "finest_pair_rms_relative_change": 0.00921925863211396,
              "method": "interface_graded_mesh_element_area_weighted_von_mises_p95_and_rms",
              "pass_metrics": [
                "area_weighted_rms_stress_pa",
                "area_weighted_p95_stress_pa"
              ],
              "refinement_levels": [
                1,
                2,
                4,
                8
              ],
              "samples": [
                {
                  "element_count": 3,
                  "elements_per_original_element": 1,
                  "max_relative_change": null,
                  "p95_relative_change": null,
                  "rms_relative_change": null,
                  "statistics": {
                    "area_weighted_mean_stress_pa": 99192.93583013173,
                    "area_weighted_p95_stress_pa": 281606.0647144919,
                    "area_weighted_rms_stress_pa": 162762.50875725443,
                    "max_stress_pa": 281606.0647144919,
                    "max_to_p95_ratio": 1.0
                  }
                },
                {
                  "element_count": 12,
                  "elements_per_original_element": 2,
                  "max_relative_change": 0.4237792104138041,
                  "p95_relative_change": 0.4237792104138041,
                  "rms_relative_change": 0.19673856082177063,
                  "statistics": {
                    "area_weighted_mean_stress_pa": 100416.13440483715,
                    "area_weighted_p95_stress_pa": 488712.0871093925,
                    "area_weighted_rms_stress_pa": 202627.0661315043,
                    "max_stress_pa": 488712.0871093925,
                    "max_to_p95_ratio": 1.0
                  }
                },
                {
                  "element_count": 48,
                  "elements_per_original_element": 4,
                  "max_relative_change": 0.4689006682841703,
                  "p95_relative_change": 0.5157579340215553,
                  "rms_relative_change": 0.040862920235130745,
                  "statistics": {
                    "area_weighted_mean_stress_pa": 76233.9931624969,
                    "area_weighted_p95_stress_pa": 236654.95073048983,
                    "area_weighted_rms_stress_pa": 194347.13249069412,
                    "max_stress_pa": 920189.6103512384,
                    "max_to_p95_ratio": 3.8883176012623526
                  }
                },
                {
                  "element_count": 192,
                  "elements_per_original_element": 8,
                  "max_relative_change": 0.4148720606115032,
                  "p95_relative_change": 0.340533152885903,
                  "rms_relative_change": 0.00921925863211396,
                  "statistics": {
                    "area_weighted_mean_stress_pa": 71184.81808054735,
                    "area_weighted_p95_stress_pa": 358857.9953126063,
                    "area_weighted_rms_stress_pa": 192555.3960118527,
                    "max_stress_pa": 1572629.7590795383,
                    "max_to_p95_ratio": 4.382317740223674
                  }
                }
              ],
              "schema_version": "kyuubiki.composite-thermal-stress-recovery/v1",
              "status": "fail"
            },
            "max_change_ratio_graded_to_uniform": 1.597788321846243,
            "p95_change_ratio_graded_to_uniform": 1.1439184264427191,
            "qualification_effect": "diagnostic_only_does_not_override_uniform_mesh_gates",
            "rms_change_ratio_graded_to_uniform": 0.5712671889335083,
            "schema_version": "kyuubiki.composite-thermal-interface-grading-assessment/v1",
            "strain_energy_change_ratio_graded_to_uniform": 0.9046272137491886
          },
          "thermal_mesh_convergence": {
            "algebraic_validation": {
              "max_relative_residual": 2.1768744933569642e-14,
              "method": "original_system_recomputed_l2_residual_over_max_rhs_l2_or_one",
              "qualification_effect": "algebraic_gate_does_not_override_discretization_gates",
              "relative_residual_tolerance": 1e-10,
              "required_series": [
                "uniform_full_edge_clamp",
                "uniform_regularized_restraint",
                "interface_graded_full_edge_clamp"
              ],
              "schema_version": "kyuubiki.composite-thermal-algebraic-validation/v1",
              "series": [
                {
                  "label": "uniform_full_edge_clamp",
                  "max_relative_residual": 1.5044075222975684e-14,
                  "samples": [
                    {
                      "element_count": 3,
                      "elements_per_original_element": 1,
                      "matrix_non_zero_count": 112,
                      "node_count": 8,
                      "relative_residual": 2.0507689635756181e-16,
                      "residual_norm": 8.058504383813744e-15,
                      "rhs_norm": 39.29503774897851,
                      "solver_iterations": 0
                    },
                    {
                      "element_count": 12,
                      "elements_per_original_element": 2,
                      "matrix_non_zero_count": 439,
                      "node_count": 21,
                      "relative_residual": 7.779181387685457e-16,
                      "residual_norm": 3.009113308952134e-14,
                      "rhs_norm": 38.68161904176189,
                      "solver_iterations": 0
                    },
                    {
                      "element_count": 48,
                      "elements_per_original_element": 4,
                      "matrix_non_zero_count": 1747,
                      "node_count": 65,
                      "relative_residual": 3.8041084709560936e-15,
                      "residual_norm": 1.157375806967656e-13,
                      "rhs_norm": 30.424363968695417,
                      "solver_iterations": 0
                    },
                    {
                      "element_count": 192,
                      "elements_per_original_element": 8,
                      "matrix_non_zero_count": 6925,
                      "node_count": 225,
                      "relative_residual": 1.5044075222975684e-14,
                      "residual_norm": 3.386570910926357e-13,
                      "rhs_norm": 22.51099426672835,
                      "solver_iterations": 0
                    }
                  ],
                  "solver_path": "dense_direct",
                  "status": "pass"
                },
                {
                  "label": "uniform_regularized_restraint",
                  "max_relative_residual": 1.621160556886026e-14,
                  "samples": [
                    {
                      "element_count": 3,
                      "elements_per_original_element": 1,
                      "matrix_non_zero_count": 121,
                      "node_count": 8,
                      "relative_residual": 2.047371514084453e-16,
                      "residual_norm": 8.984472853316617e-15,
                      "rhs_norm": 43.88296306512943,
                      "solver_iterations": 0
                    },
                    {
                      "element_count": 12,
                      "elements_per_original_element": 2,
                      "matrix_non_zero_count": 462,
                      "node_count": 21,
                      "relative_residual": 1.234347573222926e-15,
                      "residual_norm": 4.9245578726280064e-14,
                      "rhs_norm": 39.896038842364376,
                      "solver_iterations": 0
                    },
                    {
                      "element_count": 48,
                      "elements_per_original_element": 4,
                      "matrix_non_zero_count": 1799,
                      "node_count": 65,
                      "relative_residual": 4.2374449288588776e-15,
                      "residual_norm": 1.3057254032055325e-13,
                      "rhs_norm": 30.81397929948218,
                      "solver_iterations": 0
                    },
                    {
                      "element_count": 192,
                      "elements_per_original_element": 8,
                      "matrix_non_zero_count": 7030,
                      "node_count": 225,
                      "relative_residual": 1.621160556886026e-14,
                      "residual_norm": 3.670810377582789e-13,
                      "rhs_norm": 22.64310195551384,
                      "solver_iterations": 0
                    }
                  ],
                  "solver_path": "dense_direct",
                  "status": "pass"
                },
                {
                  "label": "interface_graded_full_edge_clamp",
                  "max_relative_residual": 2.1768744933569642e-14,
                  "samples": [
                    {
                      "element_count": 3,
                      "elements_per_original_element": 1,
                      "matrix_non_zero_count": 112,
                      "node_count": 8,
                      "relative_residual": 2.0507689635756181e-16,
                      "residual_norm": 8.058504383813744e-15,
                      "rhs_norm": 39.29503774897851,
                      "solver_iterations": 0
                    },
                    {
                      "element_count": 12,
                      "elements_per_original_element": 2,
                      "matrix_non_zero_count": 444,
                      "node_count": 21,
                      "relative_residual": 5.881386961062799e-16,
                      "residual_norm": 2.2750156986501676e-14,
                      "rhs_norm": 38.68161904176189,
                      "solver_iterations": 0
                    },
                    {
                      "element_count": 48,
                      "elements_per_original_element": 4,
                      "matrix_non_zero_count": 1748,
                      "node_count": 65,
                      "relative_residual": 6.191779210717261e-15,
                      "residual_norm": 2.0878591878945602e-13,
                      "rhs_norm": 33.719858490443514,
                      "solver_iterations": 0
                    },
                    {
                      "element_count": 192,
                      "elements_per_original_element": 8,
                      "matrix_non_zero_count": 6948,
                      "node_count": 225,
                      "relative_residual": 2.1768744933569642e-14,
                      "residual_norm": 5.539572917812775e-13,
                      "rhs_norm": 25.447369311908215,
                      "solver_iterations": 0
                    }
                  ],
                  "solver_path": "dense_direct",
                  "status": "pass"
                }
              ],
              "status": "pass"
            },
            "convergence_tolerance": 0.02,
            "diagnostic_metrics": [
              "max_von_mises_stress_pa"
            ],
            "finest_pair_displacement_relative_change": 0.002514314065330967,
            "finest_pair_peak_stress_relative_change": 0.2596539572476778,
            "finest_pair_strain_energy_relative_change": 0.13183623121007582,
            "method": "structured_quad_h_refinement_preserving_piecewise_linear_temperature_full_edge_clamp",
            "pass_metrics": [
              "max_displacement_m",
              "total_strain_energy_j"
            ],
            "refinement_levels": [
              1,
              2,
              4,
              8
            ],
            "regime_assessment": {
              "diagnosis": "pass_metrics_lack_qualified_discretization_uncertainty",
              "gci_safety_factor": 1.25,
              "method": "four_level_constant_ratio_observed_order_and_fine_grid_gci",
              "metrics": [
                {
                  "coarse_triplet_observed_order": 3.7188716855763775,
                  "fine_grid_gci": null,
                  "fine_triplet_observed_order": 0.44118283616696097,
                  "metric": "max_displacement_m",
                  "observed_order_relative_difference": 0.8813664806241941,
                  "qualification_role": "pass_metric",
                  "regime": "oscillatory",
                  "richardson_extrapolated_value": null,
                  "unit": "m"
                },
                {
                  "coarse_triplet_observed_order": 1.0832185007780322,
                  "fine_grid_gci": 0.1273403404032267,
                  "fine_triplet_observed_order": 1.3165251714024506,
                  "metric": "total_strain_energy_j",
                  "observed_order_relative_difference": 0.1772139839725849,
                  "qualification_role": "pass_metric",
                  "regime": "asymptotic_converging",
                  "richardson_extrapolated_value": 4.5250537319967e-7,
                  "unit": "J"
                },
                {
                  "coarse_triplet_observed_order": 0.04106057094100684,
                  "fine_grid_gci": null,
                  "fine_triplet_observed_order": -0.26569200322593384,
                  "metric": "max_von_mises_stress_pa",
                  "observed_order_relative_difference": 1.154541990133179,
                  "qualification_role": "diagnostic_metric",
                  "regime": "monotonic_diverging",
                  "richardson_extrapolated_value": null,
                  "unit": "Pa"
                }
              ],
              "order_consistency_tolerance": 0.25,
              "qualification_effect": "gci_gates_require_asymptotic_pass_metric_evidence",
              "qualification_tolerance": 0.02,
              "refinement_ratio": 2.0,
              "schema_version": "kyuubiki.composite-thermal-convergence-regime/v1",
              "status": "fail"
            },
            "samples": [
              {
                "displacement_relative_change": null,
                "element_count": 3,
                "elements_per_original_element": 1,
                "max_displacement_m": 6.350939398161745e-7,
                "max_von_mises_stress_pa": 281606.0647144919,
                "node_count": 8,
                "peak_stress_relative_change": null,
                "strain_energy_relative_change": null,
                "total_strain_energy_j": 1.1746531995520928e-6
              },
              {
                "displacement_relative_change": 0.04326098282433197,
                "element_count": 12,
                "elements_per_original_element": 2,
                "max_displacement_m": 6.076191517939496e-7,
                "max_von_mises_stress_pa": 488712.0871093928,
                "node_count": 21,
                "peak_stress_relative_change": 0.42377921041380445,
                "strain_energy_relative_change": 0.3437193005223903,
                "total_strain_energy_j": 7.709022234456597e-7
              },
              {
                "displacement_relative_change": 0.0034223318566729286,
                "element_count": 48,
                "elements_per_original_element": 4,
                "max_displacement_m": 6.09705767264456e-7,
                "max_von_mises_stress_pa": 690006.7519249115,
                "node_count": 65,
                "peak_stress_relative_change": 0.29172854360333006,
                "strain_energy_relative_change": 0.24719121172834485,
                "total_strain_energy_j": 5.803419687080518e-7
              },
              {
                "displacement_relative_change": 0.002514314065330967,
                "element_count": 192,
                "elements_per_original_element": 8,
                "max_displacement_m": 6.112426231892706e-7,
                "max_von_mises_stress_pa": 932005.7271593314,
                "node_count": 225,
                "peak_stress_relative_change": 0.2596539572476778,
                "strain_energy_relative_change": 0.13183623121007582,
                "total_strain_energy_j": 5.038318707405465e-7
              }
            ],
            "schema_version": "kyuubiki.composite-thermal-mesh-convergence/v1",
            "status": "fail"
          },
          "thermal_stress_recovery": {
            "convergence_tolerance": 0.02,
            "diagnostic_metrics": [
              "max_stress_pa",
              "max_to_p95_ratio"
            ],
            "finest_pair_max_relative_change": 0.2596539572476778,
            "finest_pair_p95_relative_change": 0.29769006689128186,
            "finest_pair_rms_relative_change": 0.01613826036346544,
            "method": "uniform_mesh_element_area_weighted_von_mises_p95_and_rms",
            "pass_metrics": [
              "area_weighted_rms_stress_pa",
              "area_weighted_p95_stress_pa"
            ],
            "refinement_levels": [
              1,
              2,
              4,
              8
            ],
            "samples": [
              {
                "element_count": 3,
                "elements_per_original_element": 1,
                "max_relative_change": null,
                "p95_relative_change": null,
                "rms_relative_change": null,
                "statistics": {
                  "area_weighted_mean_stress_pa": 99192.93583013173,
                  "area_weighted_p95_stress_pa": 281606.0647144919,
                  "area_weighted_rms_stress_pa": 162762.50875725443,
                  "max_stress_pa": 281606.0647144919,
                  "max_to_p95_ratio": 1.0
                }
              },
              {
                "element_count": 12,
                "elements_per_original_element": 2,
                "max_relative_change": 0.42377921041380445,
                "p95_relative_change": 0.42377921041380445,
                "rms_relative_change": 0.196738560821771,
                "statistics": {
                  "area_weighted_mean_stress_pa": 100416.13440483715,
                  "area_weighted_p95_stress_pa": 488712.0871093928,
                  "area_weighted_rms_stress_pa": 202627.06613150443,
                  "max_stress_pa": 488712.0871093928,
                  "max_to_p95_ratio": 1.0
                }
              },
              {
                "element_count": 48,
                "elements_per_original_element": 4,
                "max_relative_change": 0.29172854360333006,
                "p95_relative_change": 0.2452177998493983,
                "rms_relative_change": 0.02137324184820044,
                "statistics": {
                  "area_weighted_mean_stress_pa": 79418.68626716673,
                  "area_weighted_p95_stress_pa": 647487.5626530144,
                  "area_weighted_rms_stress_pa": 198296.26884208448,
                  "max_stress_pa": 690006.7519249115,
                  "max_to_p95_ratio": 1.065667962945387
                }
              },
              {
                "element_count": 192,
                "elements_per_original_element": 8,
                "max_relative_change": 0.2596539572476778,
                "p95_relative_change": 0.29769006689128186,
                "rms_relative_change": 0.01613826036346544,
                "statistics": {
                  "area_weighted_mean_stress_pa": 72949.27684781901,
                  "area_weighted_p95_stress_pa": 454736.9468155655,
                  "area_weighted_rms_stress_pa": 195096.1120264072,
                  "max_stress_pa": 932005.7271593314,
                  "max_to_p95_ratio": 2.049549159543746
                }
              }
            ],
            "schema_version": "kyuubiki.composite-thermal-stress-recovery/v1",
            "status": "fail"
          }
        },
        "status": "completed"
      },
      "requires_confirmation": false
    },
    {
      "index": 7,
      "action": "solve_composite_thermo_electric_panel",
      "risk": "normal",
      "status": "executed",
      "payload": {
        "electric_conduction_feedback": {
          "parameter_source": "screening_reference_not_material_card",
          "regions": [
            {
              "element_id": "conductor_left",
              "reference_resistivity_ohm_m": 1.68e-8,
              "reference_temperature_c": 35.0,
              "resistivity_temperature_coefficient_1_k": 0.00393
            }
          ]
        },
        "electric_conduction_model": {
          "contact_interfaces": [],
          "elements": [
            {
              "electrical_conductivity_s_m": 59523809.523809515,
              "id": "conductor_left",
              "node_i": 0,
              "node_j": 1,
              "node_k": 2,
              "node_l": 3,
              "thickness": 0.001
            }
          ],
          "nodes": [
            {
              "current_source_a": 0.0,
              "electric_potential_v": 0.0,
              "fix_electric_potential": true,
              "id": "n0",
              "x": 0.0,
              "y": 0.0
            },
            {
              "current_source_a": 0.0,
              "electric_potential_v": 0.000033600000000000004,
              "fix_electric_potential": true,
              "id": "n1",
              "x": 0.03,
              "y": 0.0
            },
            {
              "current_source_a": 0.0,
              "electric_potential_v": 0.000033600000000000004,
              "fix_electric_potential": true,
              "id": "n5",
              "x": 0.03,
              "y": 0.03
            },
            {
              "current_source_a": 0.0,
              "electric_potential_v": 0.0,
              "fix_electric_potential": true,
              "id": "n4",
              "x": 0.0,
              "y": 0.03
            }
          ],
          "terminals": []
        },
        "electrostatic_model": {
          "elements": [
            {
              "id": "conductor_left",
              "node_i": 0,
              "node_j": 1,
              "node_k": 5,
              "node_l": 4,
              "permittivity": 1.0,
              "thickness": 0.001
            },
            {
              "id": "dielectric_core",
              "node_i": 1,
              "node_j": 2,
              "node_k": 6,
              "node_l": 5,
              "permittivity": 2.1,
              "thickness": 0.001
            },
            {
              "id": "substrate_right",
              "node_i": 2,
              "node_j": 3,
              "node_k": 7,
              "node_l": 6,
              "permittivity": 4.2,
              "thickness": 0.001
            }
          ],
          "nodes": [
            {
              "charge_density": 0.0,
              "fix_potential": true,
              "id": "n0",
              "potential": 0.0,
              "x": 0.0,
              "y": 0.0
            },
            {
              "charge_density": 0.0,
              "fix_potential": false,
              "id": "n1",
              "potential": 0.0,
              "x": 0.03,
              "y": 0.0
            },
            {
              "charge_density": 0.0,
              "fix_potential": false,
              "id": "n2",
              "potential": 0.0,
              "x": 0.06,
              "y": 0.0
            },
            {
              "charge_density": 0.0,
              "fix_potential": true,
              "id": "n3",
              "potential": 1318,
              "x": 0.09,
              "y": 0.0
            },
            {
              "charge_density": 0.0,
              "fix_potential": true,
              "id": "n4",
              "potential": 0.0,
              "x": 0.0,
              "y": 0.03
            },
            {
              "charge_density": 0.0,
              "fix_potential": false,
              "id": "n5",
              "potential": 0.0,
              "x": 0.03,
              "y": 0.03
            },
            {
              "charge_density": 0.0,
              "fix_potential": false,
              "id": "n6",
              "potential": 0.0,
              "x": 0.06,
              "y": 0.03
            },
            {
              "charge_density": 0.0,
              "fix_potential": true,
              "id": "n7",
              "potential": 1318,
              "x": 0.09,
              "y": 0.03
            }
          ]
        },
        "electrothermal_feedback": {
          "conductivity_relative_change_tolerance": 1e-9,
          "loss_relative_change_tolerance": 1e-9,
          "loss_tangent_temperature_coefficient_1_k": 0.001,
          "max_iterations": 12,
          "parameter_source": "screening_sensitivity_not_material_card",
          "relative_permittivity_temperature_coefficient_1_k": 0.0001,
          "relaxation_factor": 0.8,
          "temperature_residual_tolerance_c": 1e-7,
          "thermal_conductivity_models": [
            {
              "element_id": "conductor_left",
              "reference_temperature_c": 35.0,
              "temperature_coefficient_1_k": -0.001
            },
            {
              "element_id": "dielectric_core",
              "reference_temperature_c": 35.0,
              "temperature_coefficient_1_k": -0.002
            },
            {
              "element_id": "substrate_right",
              "reference_temperature_c": 35.0,
              "temperature_coefficient_1_k": -0.0012
            }
          ]
        },
        "electrothermal_loss": {
          "frequency_hz": 10000000.0,
          "loss_tangent": 0.0002,
          "reference_temperature_c": 35.0,
          "relative_permittivity": 2.1,
          "source_element_id": "dielectric_core"
        },
        "heat_model": {
          "elements": [
            {
              "conductivity": 390.0,
              "id": "conductor_left",
              "node_i": 0,
              "node_j": 1,
              "node_k": 5,
              "node_l": 4,
              "thickness": 0.001
            },
            {
              "conductivity": 0.25,
              "id": "dielectric_core",
              "node_i": 1,
              "node_j": 2,
              "node_k": 6,
              "node_l": 5,
              "thickness": 0.001
            },
            {
              "conductivity": 160.0,
              "id": "substrate_right",
              "node_i": 2,
              "node_j": 3,
              "node_k": 7,
              "node_l": 6,
              "thickness": 0.001
            }
          ],
          "nodes": [
            {
              "fix_temperature": false,
              "heat_load": 0.0,
              "id": "n0",
              "temperature": 35.0,
              "x": 0.0,
              "y": 0.0
            },
            {
              "fix_temperature": false,
              "heat_load": 0.0,
              "id": "n1",
              "temperature": 35.0,
              "x": 0.03,
              "y": 0.0
            },
            {
              "fix_temperature": false,
              "heat_load": 0.0,
              "id": "n2",
              "temperature": 35.0,
              "x": 0.06,
              "y": 0.0
            },
            {
              "fix_temperature": true,
              "heat_load": 0.0,
              "id": "n3",
              "temperature": 35.0,
              "x": 0.09,
              "y": 0.0
            },
            {
              "fix_temperature": false,
              "heat_load": 0.0,
              "id": "n4",
              "temperature": 35.0,
              "x": 0.0,
              "y": 0.03
            },
            {
              "fix_temperature": false,
              "heat_load": 0.0,
              "id": "n5",
              "temperature": 35.0,
              "x": 0.03,
              "y": 0.03
            },
            {
              "fix_temperature": false,
              "heat_load": 0.0,
              "id": "n6",
              "temperature": 35.0,
              "x": 0.06,
              "y": 0.03
            },
            {
              "fix_temperature": true,
              "heat_load": 0.0,
              "id": "n7",
              "temperature": 35.0,
              "x": 0.09,
              "y": 0.03
            }
          ]
        },
        "research": {
          "candidate_id": "copper_ptfe_glass_epoxy",
          "candidate_label": "Copper / PTFE / Glass epoxy",
          "coupling": "iterative_dielectric_and_conductor_joule_heating_with_temperature_dependent_electrical_thermal_feedback_and_expansion_projection",
          "materials": {
            "conductor": "copper",
            "dielectric": "ptfe",
            "substrate": "glass_epoxy"
          },
          "study": "material.composite_thermo_electric_panel.v1"
        },
        "thermal_expansion_feedback": {
          "parameter_source": "screening_sensitivity_not_material_card",
          "regions": [
            {
              "element_id": "conductor_left",
              "reference_temperature_c": 35.0,
              "temperature_coefficient_1_k": 0.0002
            },
            {
              "element_id": "dielectric_core",
              "reference_temperature_c": 35.0,
              "temperature_coefficient_1_k": 0.0008
            },
            {
              "element_id": "substrate_right",
              "reference_temperature_c": 35.0,
              "temperature_coefficient_1_k": 0.0003
            }
          ]
        },
        "thermal_model": {
          "elements": [
            {
              "id": "conductor_left",
              "node_i": 0,
              "node_j": 1,
              "node_k": 5,
              "node_l": 4,
              "poisson_ratio": 0.32,
              "thermal_expansion": 0.000017,
              "thickness": 0.001,
              "youngs_modulus": 110000000000.0
            },
            {
              "id": "dielectric_core",
              "node_i": 1,
              "node_j": 2,
              "node_k": 6,
              "node_l": 5,
              "poisson_ratio": 0.32,
              "thermal_expansion": 0.000045,
              "thickness": 0.001,
              "youngs_modulus": 2500000000.0
            },
            {
              "id": "substrate_right",
              "node_i": 2,
              "node_j": 3,
              "node_k": 7,
              "node_l": 6,
              "poisson_ratio": 0.32,
              "thermal_expansion": 0.000014,
              "thickness": 0.001,
              "youngs_modulus": 22000000000.0
            }
          ],
          "nodes": [
            {
              "fix_x": true,
              "fix_y": true,
              "id": "n0",
              "load_x": 0.0,
              "load_y": 0.0,
              "temperature_delta": 0.0,
              "x": 0.0,
              "y": 0.0
            },
            {
              "fix_x": false,
              "fix_y": false,
              "id": "n1",
              "load_x": 0.0,
              "load_y": 0.0,
              "temperature_delta": 0.0,
              "x": 0.03,
              "y": 0.0
            },
            {
              "fix_x": false,
              "fix_y": false,
              "id": "n2",
              "load_x": 0.0,
              "load_y": 0.0,
              "temperature_delta": 0.0,
              "x": 0.06,
              "y": 0.0
            },
            {
              "fix_x": false,
              "fix_y": false,
              "id": "n3",
              "load_x": 0.0,
              "load_y": 0.0,
              "temperature_delta": 0.0,
              "x": 0.09,
              "y": 0.0
            },
            {
              "fix_x": true,
              "fix_y": true,
              "id": "n4",
              "load_x": 0.0,
              "load_y": 0.0,
              "temperature_delta": 0.0,
              "x": 0.0,
              "y": 0.03
            },
            {
              "fix_x": false,
              "fix_y": false,
              "id": "n5",
              "load_x": 0.0,
              "load_y": 0.0,
              "temperature_delta": 0.0,
              "x": 0.03,
              "y": 0.03
            },
            {
              "fix_x": false,
              "fix_y": false,
              "id": "n6",
              "load_x": 0.0,
              "load_y": 0.0,
              "temperature_delta": 0.0,
              "x": 0.06,
              "y": 0.03
            },
            {
              "fix_x": false,
              "fix_y": false,
              "id": "n7",
              "load_x": 0.0,
              "load_y": 0.0,
              "temperature_delta": 0.0,
              "x": 0.09,
              "y": 0.03
            }
          ]
        }
      },
      "result_preview": {
        "job": {
          "created_at": "2026-08-13T11:17:03.630518Z",
          "execution_started_at": null,
          "execution_timeout_ms": 120000,
          "has_result": false,
          "iteration": null,
          "job_id": "7c52e4a551bf9ff1",
          "message": null,
          "model_version_id": null,
          "progress": 0.0,
          "project_id": "d26e0b05a56d59e9",
          "queue_timeout_ms": 1800000,
          "residual": null,
          "simulation_case_id": "e58e6a4679711c9e",
          "status": "queued",
          "status_detail": {
            "active": true,
            "failure_class": null,
            "lifecycle": "active",
            "recoverable": false,
            "terminal": false,
            "timing": {
              "effective_deadline": "2026-08-13T11:47:03.630518Z",
              "effective_timeout_ms": 1800000,
              "execution_elapsed_ms": null,
              "execution_started_at": null,
              "execution_timeout_ms": 120000,
              "job_submission_deadline": "2026-08-13T11:47:03.630518Z",
              "phase": "queue",
              "queue_timeout_ms": 1800000,
              "queue_wait_ms": 0,
              "total_elapsed_ms": 0
            }
          },
          "updated_at": "2026-08-13T11:17:03.630518Z",
          "worker_id": null
        },
        "job_id": "7c52e4a551bf9ff1",
        "progress": 0.0,
        "raw": {
          "job": {
            "created_at": "2026-08-13T11:17:03.630518Z",
            "execution_started_at": null,
            "execution_timeout_ms": 120000,
            "has_result": false,
            "iteration": null,
            "job_id": "7c52e4a551bf9ff1",
            "message": null,
            "model_version_id": null,
            "progress": 0.0,
            "project_id": "d26e0b05a56d59e9",
            "queue_timeout_ms": 1800000,
            "residual": null,
            "simulation_case_id": "e58e6a4679711c9e",
            "status": "queued",
            "status_detail": {
              "active": true,
              "failure_class": null,
              "lifecycle": "active",
              "recoverable": false,
              "terminal": false,
              "timing": {
                "effective_deadline": "2026-08-13T11:47:03.630518Z",
                "effective_timeout_ms": 1800000,
                "execution_elapsed_ms": null,
                "execution_started_at": null,
                "execution_timeout_ms": 120000,
                "job_submission_deadline": "2026-08-13T11:47:03.630518Z",
                "phase": "queue",
                "queue_timeout_ms": 1800000,
                "queue_wait_ms": 0,
                "total_elapsed_ms": 0
              }
            },
            "updated_at": "2026-08-13T11:17:03.630518Z",
            "worker_id": null
          }
        },
        "status": "queued"
      },
      "requires_confirmation": false
    },
    {
      "index": 8,
      "action": "job_wait",
      "risk": "normal",
      "status": "executed",
      "payload": {
        "interval_ms": 1000,
        "job_id": "7c52e4a551bf9ff1",
        "max_total_timeout_ms": 3600000,
        "resume_policy": "server_deadline",
        "timeout_ms": 60000
      },
      "result_preview": {
        "job": {
          "created_at": "2026-08-13T11:17:03.630518Z",
          "execution_started_at": "2026-08-13T11:17:03.634455Z",
          "execution_timeout_ms": 120000,
          "iteration": 4,
          "job_id": "7c52e4a551bf9ff1",
          "message": "collecting nodal and elemental responses",
          "model_version_id": null,
          "progress": 1.0,
          "project_id": "d26e0b05a56d59e9",
          "queue_timeout_ms": 1800000,
          "residual": 0.2,
          "simulation_case_id": "e58e6a4679711c9e",
          "status": "completed",
          "status_detail": {
            "active": false,
            "failure_class": null,
            "lifecycle": "terminal",
            "recoverable": false,
            "terminal": true,
            "timing": {
              "effective_deadline": "2026-08-13T11:19:03.634455Z",
              "effective_timeout_ms": 120000,
              "execution_elapsed_ms": 6040,
              "execution_started_at": "2026-08-13T11:17:03.634455Z",
              "execution_timeout_ms": 120000,
              "job_submission_deadline": "2026-08-13T11:47:03.630518Z",
              "phase": "execution",
              "queue_timeout_ms": 1800000,
              "queue_wait_ms": 3,
              "total_elapsed_ms": 6044
            }
          },
          "updated_at": "2026-08-13T11:17:09.674777Z",
          "worker_id": "rust-agent-rpc@127.0.0.1:5002"
        },
        "job_id": "7c52e4a551bf9ff1",
        "progress": 1.0,
        "raw": {
          "job": {
            "created_at": "2026-08-13T11:17:03.630518Z",
            "execution_started_at": "2026-08-13T11:17:03.634455Z",
            "execution_timeout_ms": 120000,
            "iteration": 4,
            "job_id": "7c52e4a551bf9ff1",
            "message": "collecting nodal and elemental responses",
            "model_version_id": null,
            "progress": 1.0,
            "project_id": "d26e0b05a56d59e9",
            "queue_timeout_ms": 1800000,
            "residual": 0.2,
            "simulation_case_id": "e58e6a4679711c9e",
            "status": "completed",
            "status_detail": {
              "active": false,
              "failure_class": null,
              "lifecycle": "terminal",
              "recoverable": false,
              "terminal": true,
              "timing": {
                "effective_deadline": "2026-08-13T11:19:03.634455Z",
                "effective_timeout_ms": 120000,
                "execution_elapsed_ms": 6040,
                "execution_started_at": "2026-08-13T11:17:03.634455Z",
                "execution_timeout_ms": 120000,
                "job_submission_deadline": "2026-08-13T11:47:03.630518Z",
                "phase": "execution",
                "queue_timeout_ms": 1800000,
                "queue_wait_ms": 3,
                "total_elapsed_ms": 6044
              }
            },
            "updated_at": "2026-08-13T11:17:09.674777Z",
            "worker_id": "rust-agent-rpc@127.0.0.1:5002"
          }
        },
        "result": null,
        "status": "completed",
        "wait": {
          "elapsed_ms": 6057,
          "policy": "server_deadline",
          "poll_attempts": 7,
          "resume_count": 0
        }
      },
      "requires_confirmation": false
    },
    {
      "index": 9,
      "action": "result_fetch",
      "risk": "normal",
      "status": "executed",
      "payload": {
        "job_id": "7c52e4a551bf9ff1"
      },
      "result_preview": {
        "job": {
          "created_at": "2026-08-13T11:17:03.630518Z",
          "execution_started_at": "2026-08-13T11:17:03.634455Z",
          "execution_timeout_ms": 120000,
          "has_result": true,
          "iteration": 4,
          "job_id": "7c52e4a551bf9ff1",
          "message": "collecting nodal and elemental responses",
          "model_version_id": null,
          "progress": 1.0,
          "project_id": "d26e0b05a56d59e9",
          "queue_timeout_ms": 1800000,
          "residual": 0.2,
          "simulation_case_id": "e58e6a4679711c9e",
          "status": "completed",
          "status_detail": {
            "active": false,
            "failure_class": null,
            "lifecycle": "terminal",
            "recoverable": false,
            "terminal": true,
            "timing": {
              "effective_deadline": "2026-08-13T11:19:03.634455Z",
              "effective_timeout_ms": 120000,
              "execution_elapsed_ms": 6040,
              "execution_started_at": "2026-08-13T11:17:03.634455Z",
              "execution_timeout_ms": 120000,
              "job_submission_deadline": "2026-08-13T11:47:03.630518Z",
              "phase": "execution",
              "queue_timeout_ms": 1800000,
              "queue_wait_ms": 3,
              "total_elapsed_ms": 6044
            }
          },
          "updated_at": "2026-08-13T11:17:09.674777Z",
          "worker_id": "rust-agent-rpc@127.0.0.1:5002"
        },
        "job_id": "7c52e4a551bf9ff1",
        "result": {
          "electric_conduction": {
            "contact_interfaces": [],
            "current_balance_relative_error": 0.0,
            "elements": [
              {
                "area_m2": 0.0009,
                "average_electric_potential_v": 0.000016800000000000002,
                "current_density_magnitude_a_m2": 66579.83114382396,
                "current_density_x_a_m2": -66579.83114382396,
                "current_density_y_a_m2": -0.0,
                "electric_field_magnitude_v_m": 0.00112,
                "electric_field_x_v_m": -0.00112,
                "electric_field_y_v_m": -0.0,
                "electric_potential_gradient_x_v_m": 0.00112,
                "electric_potential_gradient_y_v_m": 0.0,
                "id": "conductor_left",
                "index": 0,
                "joule_power_w": 0.00006711246979297456,
                "node_i": 0,
                "node_j": 1,
                "node_k": 2,
                "node_l": 3,
                "peak_current_density_magnitude_a_m2": 66579.83114382396,
                "peak_electric_field_magnitude_v_m": 0.00112,
                "rms_current_density_magnitude_a_m2": 66579.83114382396,
                "rms_electric_field_magnitude_v_m": 0.00112,
                "volumetric_joule_heating_w_m3": 74.56941088108285
              }
            ],
            "free_current_residual_relative_error": 0.0,
            "input": {
              "contact_interfaces": [],
              "elements": [
                {
                  "electrical_conductivity_s_m": 59446277.80698568,
                  "id": "conductor_left",
                  "node_i": 0,
                  "node_j": 1,
                  "node_k": 2,
                  "node_l": 3,
                  "thickness": 0.001
                }
              ],
              "nodes": [
                {
                  "current_source_a": 0.0,
                  "electric_potential_v": 0.0,
                  "fix_electric_potential": true,
                  "id": "n0",
                  "x": 0.0,
                  "y": 0.0
                },
                {
                  "current_source_a": 0.0,
                  "electric_potential_v": 0.000033600000000000004,
                  "fix_electric_potential": true,
                  "id": "n1",
                  "x": 0.03,
                  "y": 0.0
                },
                {
                  "current_source_a": 0.0,
                  "electric_potential_v": 0.000033600000000000004,
                  "fix_electric_potential": true,
                  "id": "n5",
                  "x": 0.03,
                  "y": 0.03
                },
                {
                  "current_source_a": 0.0,
                  "electric_potential_v": 0.0,
                  "fix_electric_potential": true,
                  "id": "n4",
                  "x": 0.0,
                  "y": 0.03
                }
              ],
              "terminals": []
            },
            "max_current_density_a_m2": 66579.83114382396,
            "max_electric_field_v_m": 0.00112,
            "max_electric_potential_v": 0.000033600000000000004,
            "max_free_current_residual_a": 0.0,
            "nodes": [
              {
                "current_source_a": 0.0,
                "electric_potential_v": 0.0,
                "fix_electric_potential": true,
                "id": "n0",
                "index": 0,
                "net_injected_current_a": -0.9986974671573596,
                "reaction_current_a": -0.9986974671573596,
                "x": 0.0,
                "y": 0.0
              },
              {
                "current_source_a": 0.0,
                "electric_potential_v": 0.000033600000000000004,
                "fix_electric_potential": true,
                "id": "n1",
                "index": 1,
                "net_injected_current_a": 0.9986974671573596,
                "reaction_current_a": 0.9986974671573596,
                "x": 0.03,
                "y": 0.0
              },
              {
                "current_source_a": 0.0,
                "electric_potential_v": 0.000033600000000000004,
                "fix_electric_potential": true,
                "id": "n5",
                "index": 2,
                "net_injected_current_a": 0.9986974671573596,
                "reaction_current_a": 0.9986974671573596,
                "x": 0.03,
                "y": 0.03
              },
              {
                "current_source_a": 0.0,
                "electric_potential_v": 0.0,
                "fix_electric_potential": true,
                "id": "n4",
                "index": 3,
                "net_injected_current_a": -0.9986974671573596,
                "reaction_current_a": -0.9986974671573596,
                "x": 0.0,
                "y": 0.03
              }
            ],
            "power_balance_relative_error": 2.019375415310301e-16,
            "source_power_balance_relative_error": 2.019375415310301e-16,
            "terminals": [],
            "total_bulk_joule_power_w": 0.00006711246979297456,
            "total_contact_joule_power_w": -0.0,
            "total_dissipated_power_w": 0.00006711246979297456,
            "total_electrical_input_power_w": 0.00006711246979297457,
            "total_extracted_current_a": 1.9973949343147193,
            "total_injected_current_a": 1.9973949343147193,
            "total_joule_power_w": 0.00006711246979297456,
            "total_source_power_w": 0.00006711246979297457,
            "total_terminal_impedance_power_w": -0.0
          },
          "electrostatic": {
            "elements": [
              {
                "area": 0.0009,
                "average_potential": 384.4184415705227,
                "electric_energy_density": 328394529.37668765,
                "electric_field_magnitude": 25627.89610470152,
                "electric_field_x": -25627.89610470152,
                "electric_field_y": -0.0,
                "electric_flux_density_magnitude": 25627.89610470152,
                "electric_flux_density_x": -25627.89610470152,
                "electric_flux_density_y": -0.0,
                "id": "conductor_left",
                "index": 0,
                "node_i": 0,
                "node_j": 1,
                "node_k": 5,
                "node_l": 4,
                "potential_gradient_x": 25627.89610470152,
                "potential_gradient_y": 0.0,
                "stored_energy": 295.5550764390189
              },
              {
                "area": 0.0009,
                "average_potential": 951.8902411965888,
                "electric_energy_density": 156375748.06213984,
                "electric_field_magnitude": 12203.557203702898,
                "electric_field_x": -12203.557203702898,
                "electric_field_y": -0.0,
                "electric_flux_density_magnitude": 25627.89610470152,
                "electric_flux_density_x": -25627.89610470152,
                "electric_flux_density_y": -0.0,
                "id": "dielectric_core",
                "index": 1,
                "node_i": 1,
                "node_j": 2,
                "node_k": 6,
                "node_l": 5,
                "potential_gradient_x": 12203.557203702898,
                "potential_gradient_y": 0.0,
                "stored_energy": 140.73817325592586
              },
              {
                "area": 0.0009,
                "average_potential": 1226.471799626066,
                "electric_energy_density": 78189173.66111577,
                "electric_field_magnitude": 6101.88002492892,
                "electric_field_x": -6101.88002492892,
                "electric_field_y": -0.0,
                "electric_flux_density_magnitude": 25627.896104701464,
                "electric_flux_density_x": -25627.896104701464,
                "electric_flux_density_y": -0.0,
                "id": "substrate_right",
                "index": 2,
                "node_i": 2,
                "node_j": 3,
                "node_k": 7,
                "node_l": 6,
                "potential_gradient_x": 6101.88002492892,
                "potential_gradient_y": 0.0,
                "stored_energy": 70.3702562950042
              }
            ],
            "input": {
              "elements": [
                {
                  "id": "conductor_left",
                  "node_i": 0,
                  "node_j": 1,
                  "node_k": 5,
                  "node_l": 4,
                  "permittivity": 1.0,
                  "thickness": 0.001
                },
                {
                  "id": "dielectric_core",
                  "node_i": 1,
                  "node_j": 2,
                  "node_k": 6,
                  "node_l": 5,
                  "permittivity": 2.100034905963755,
                  "thickness": 0.001
                },
                {
                  "id": "substrate_right",
                  "node_i": 2,
                  "node_j": 3,
                  "node_k": 7,
                  "node_l": 6,
                  "permittivity": 4.2,
                  "thickness": 0.001
                }
              ],
              "nodes": [
                {
                  "charge_density": 0.0,
                  "fix_potential": true,
                  "id": "n0",
                  "potential": 0.0,
                  "x": 0.0,
                  "y": 0.0
                },
                {
                  "charge_density": 0.0,
                  "fix_potential": false,
                  "id": "n1",
                  "potential": 0.0,
                  "x": 0.03,
                  "y": 0.0
                },
                {
                  "charge_density": 0.0,
                  "fix_potential": false,
                  "id": "n2",
                  "potential": 0.0,
                  "x": 0.06,
                  "y": 0.0
                },
                {
                  "charge_density": 0.0,
                  "fix_potential": true,
                  "id": "n3",
                  "potential": 1318.0,
                  "x": 0.09,
                  "y": 0.0
                },
                {
                  "charge_density": 0.0,
                  "fix_potential": true,
                  "id": "n4",
                  "potential": 0.0,
                  "x": 0.0,
                  "y": 0.03
                },
                {
                  "charge_density": 0.0,
                  "fix_potential": false,
                  "id": "n5",
                  "potential": 0.0,
                  "x": 0.03,
                  "y": 0.03
                },
                {
                  "charge_density": 0.0,
                  "fix_potential": false,
                  "id": "n6",
                  "potential": 0.0,
                  "x": 0.06,
                  "y": 0.03
                },
                {
                  "charge_density": 0.0,
                  "fix_potential": true,
                  "id": "n7",
                  "potential": 1318.0,
                  "x": 0.09,
                  "y": 0.03
                }
              ]
            },
            "max_electric_energy_density": 328394529.37668765,
            "max_electric_field": 25627.89610470152,
            "max_flux_density": 25627.89610470152,
            "max_potential": 1318.0,
            "nodes": [
              {
                "charge_density": 0.0,
                "id": "n0",
                "index": 0,
                "potential": 0.0,
                "x": 0.0,
                "y": 0.0
              },
              {
                "charge_density": 0.0,
                "id": "n1",
                "index": 1,
                "potential": 768.8368831410455,
                "x": 0.03,
                "y": 0.0
              },
              {
                "charge_density": 0.0,
                "id": "n2",
                "index": 2,
                "potential": 1134.9435992521323,
                "x": 0.06,
                "y": 0.0
              },
              {
                "charge_density": 0.0,
                "id": "n3",
                "index": 3,
                "potential": 1318.0,
                "x": 0.09,
                "y": 0.0
              },
              {
                "charge_density": 0.0,
                "id": "n4",
                "index": 4,
                "potential": 0.0,
                "x": 0.0,
                "y": 0.03
              },
              {
                "charge_density": 0.0,
                "id": "n5",
                "index": 5,
                "potential": 768.8368831410455,
                "x": 0.03,
                "y": 0.03
              },
              {
                "charge_density": 0.0,
                "id": "n6",
                "index": 6,
                "potential": 1134.9435992521323,
                "x": 0.06,
                "y": 0.03
              },
              {
                "charge_density": 0.0,
                "id": "n7",
                "index": 7,
                "potential": 1318.0,
                "x": 0.09,
                "y": 0.03
              }
            ],
            "total_stored_energy": 506.663505989949
          },
          "electrostatic_mesh_convergence": {
            "finest_pair_relative_change": 1.496761512738378e-14,
            "max_analytic_relative_error": 0.4644444444444449,
            "method": "structured_quad_h_refinement",
            "refinement_levels": [
              1,
              2,
              4,
              8
            ],
            "relative_error_tolerance": 1e-8,
            "samples": [
              {
                "analytic_relative_error": 0.4644444444444449,
                "element_count": 3,
                "elements_per_layer": 1,
                "max_electric_field_v_m": 25627.89610470152,
                "node_count": 8,
                "relative_change_from_previous": null
              },
              {
                "analytic_relative_error": 6.236506303076575e-16,
                "element_count": 6,
                "elements_per_layer": 2,
                "max_electric_field_v_m": 17500.08079987206,
                "node_count": 14,
                "relative_change_from_previous": 0.4644444444444442
              },
              {
                "analytic_relative_error": 6.236506303076575e-16,
                "element_count": 12,
                "elements_per_layer": 4,
                "max_electric_field_v_m": 17500.08079987206,
                "node_count": 26,
                "relative_change_from_previous": 0.0
              },
              {
                "analytic_relative_error": 1.5591265757691442e-14,
                "element_count": 24,
                "elements_per_layer": 8,
                "max_electric_field_v_m": 17500.08079987232,
                "node_count": 50,
                "relative_change_from_previous": 1.496761512738378e-14
              }
            ],
            "schema_version": "kyuubiki.composite-electrostatic-mesh-convergence/v1",
            "status": "fail"
          },
          "electrothermal_feedback_convergence": {
            "conductivity_relative_change_tolerance": 1e-9,
            "converged": true,
            "final_loss_relative_change": 3.3479523270581565e-10,
            "final_max_conductivity_relative_change": 1.3293433570775378e-10,
            "final_temperature_residual_c": 3.3074570637836587e-8,
            "iteration_count": 11,
            "iterations": [
              {
                "converged": false,
                "coupling_temperature_c": 35.0,
                "dielectric_mean_temperature_c": 35.16633444048679,
                "iteration": 1,
                "loss_relative_change": null,
                "loss_tangent": 0.0002,
                "max_conductivity_relative_change": null,
                "max_temperature_c": 35.33213929295334,
                "relative_permittivity": 2.1,
                "temperature_residual_c": 0.3320962160302656,
                "thermal_conductivity_updates": [
                  {
                    "conductivity_relative_change": null,
                    "conductivity_w_mk": 390.0,
                    "coupling_temperature_c": 35.0,
                    "element_id": "conductor_left",
                    "measured_mean_temperature_c": 35.332096216030266
                  },
                  {
                    "conductivity_relative_change": null,
                    "conductivity_w_mk": 0.25,
                    "coupling_temperature_c": 35.0,
                    "element_id": "dielectric_core",
                    "measured_mean_temperature_c": 35.16633444048679
                  },
                  {
                    "conductivity_relative_change": null,
                    "conductivity_w_mk": 160.0,
                    "coupling_temperature_c": 35.0,
                    "element_id": "substrate_right",
                    "measured_mean_temperature_c": 35.00030787093319
                  }
                ],
                "total_joule_loss_w": 0.0000672,
                "total_loss_w": 0.000031318698621386104
              },
              {
                "converged": false,
                "coupling_temperature_c": 35.133067552389434,
                "dielectric_mean_temperature_c": 35.16624190670972,
                "iteration": 2,
                "loss_relative_change": 0.0006710278118997541,
                "loss_tangent": 0.0002000266135104779,
                "max_conductivity_relative_change": 0.00026613510477890845,
                "max_temperature_c": 35.33195457140824,
                "relative_permittivity": 2.100027944186002,
                "temperature_residual_c": 0.06623455515546084,
                "thermal_conductivity_updates": [
                  {
                    "conductivity_relative_change": 0.0002656769728242253,
                    "conductivity_w_mk": 389.89638598059855,
                    "coupling_temperature_c": 35.26567697282421,
                    "element_id": "conductor_left",
                    "measured_mean_temperature_c": 35.33191152797967
                  },
                  {
                    "conductivity_relative_change": 0.00026613510477890845,
                    "conductivity_w_mk": 0.24993346622380527,
                    "coupling_temperature_c": 35.133067552389434,
                    "element_id": "dielectric_core",
                    "measured_mean_temperature_c": 35.16624190670972
                  },
                  {
                    "conductivity_relative_change": 2.9555609586395805e-7,
                    "conductivity_w_mk": 159.99995271102466,
                    "coupling_temperature_c": 35.00024629674655,
                    "element_id": "substrate_right",
                    "measured_mean_temperature_c": 35.000307664434175
                  }
                ],
                "total_joule_loss_w": 0.00006712990895697924,
                "total_loss_w": 0.00003132268087763974
              },
              {
                "converged": false,
                "coupling_temperature_c": 35.15960703584567,
                "dielectric_mean_temperature_c": 35.166223480618186,
                "iteration": 3,
                "loss_relative_change": 0.00013374471782487185,
                "loss_tangent": 0.00020003192140716913,
                "max_conductivity_relative_change": 0.00005309309684931623,
                "max_temperature_c": 35.33191778814355,
                "relative_permittivity": 2.100033517477528,
                "temperature_residual_c": 0.013210134437585452,
                "thermal_conductivity_updates": [
                  {
                    "conductivity_relative_change": 0.00005300172546240695,
                    "conductivity_w_mk": 389.87572079939,
                    "coupling_temperature_c": 35.31866461694858,
                    "element_id": "conductor_left",
                    "measured_mean_temperature_c": 35.33187475138617
                  },
                  {
                    "conductivity_relative_change": 0.00005309309684931623,
                    "conductivity_w_mk": 0.24992019648207717,
                    "coupling_temperature_c": 35.15960703584567,
                    "element_id": "dielectric_core",
                    "measured_mean_temperature_c": 35.166223480618186
                  },
                  {
                    "conductivity_relative_change": 5.8912997506401104e-8,
                    "conductivity_w_mk": 159.99994328494785,
                    "coupling_temperature_c": 35.00029539089665,
                    "element_id": "substrate_right",
                    "measured_mean_temperature_c": 35.0003076233038
                  }
                ],
                "total_joule_loss_w": 0.00006711594721299361,
                "total_loss_w": 0.000031323475107778814
              },
              {
                "converged": false,
                "coupling_temperature_c": 35.16490019166368,
                "dielectric_mean_temperature_c": 35.166219806783516,
                "iteration": 4,
                "loss_relative_change": 0.000026671197644016116,
                "loss_tangent": 0.0002000329800383327,
                "max_conductivity_relative_change": 0.00001058969201479092,
                "max_temperature_c": 35.33191045421603,
                "relative_permittivity": 2.1000346290402496,
                "temperature_residual_c": 0.0026346942901653847,
                "thermal_conductivity_updates": [
                  {
                    "conductivity_relative_change": 0.000010571476305414071,
                    "conductivity_w_mk": 389.87159923744554,
                    "coupling_temperature_c": 35.32923272449865,
                    "element_id": "conductor_left",
                    "measured_mean_temperature_c": 35.33186741878882
                  },
                  {
                    "conductivity_relative_change": 0.00001058969201479092,
                    "conductivity_w_mk": 0.24991754990416817,
                    "coupling_temperature_c": 35.16490019166368,
                    "element_id": "dielectric_core",
                    "measured_mean_temperature_c": 35.166219806783516
                  },
                  {
                    "conductivity_relative_change": 1.1743115001861816e-8,
                    "conductivity_w_mk": 159.9999414060501,
                    "coupling_temperature_c": 35.000305176822366,
                    "element_id": "substrate_right",
                    "measured_mean_temperature_c": 35.000307615102706
                  }
                ],
                "total_joule_loss_w": 0.000067113163311046,
                "total_loss_w": 0.000031323633512437745
              },
              {
                "converged": false,
                "coupling_temperature_c": 35.16595588375955,
                "dielectric_mean_temperature_c": 35.16621907410779,
                "iteration": 5,
                "loss_relative_change": 5.319296694742118e-6,
                "loss_tangent": 0.0002000331911767519,
                "max_conductivity_relative_change": 2.1120807567485062e-6,
                "max_temperature_c": 35.33190899160514,
                "relative_permittivity": 2.1000348507355895,
                "temperature_residual_c": 0.0005254765124291794,
                "thermal_conductivity_updates": [
                  {
                    "conductivity_relative_change": 2.108449602696037e-6,
                    "conductivity_w_mk": 389.870777212827,
                    "coupling_temperature_c": 35.33134047993079,
                    "element_id": "conductor_left",
                    "measured_mean_temperature_c": 35.33186595644322
                  },
                  {
                    "conductivity_relative_change": 2.1120807567485062e-6,
                    "conductivity_w_mk": 0.24991702205812025,
                    "coupling_temperature_c": 35.16595588375955,
                    "element_id": "dielectric_core",
                    "measured_mean_temperature_c": 35.16621907410779
                  },
                  {
                    "conductivity_relative_change": 2.3407499628671214e-9,
                    "conductivity_w_mk": 159.99994103153026,
                    "coupling_temperature_c": 35.00030712744664,
                    "element_id": "substrate_right",
                    "measured_mean_temperature_c": 35.00030761346714
                  }
                ],
                "total_joule_loss_w": 0.00006711260810355074,
                "total_loss_w": 0.000031323665105405014
              },
              {
                "converged": false,
                "coupling_temperature_c": 35.16616643603814,
                "dielectric_mean_temperature_c": 35.16621892798934,
                "iteration": 6,
                "loss_relative_change": 1.0609014919148215e-6,
                "loss_tangent": 0.00020003323328720763,
                "max_conductivity_relative_change": 4.212443730778422e-7,
                "max_temperature_c": 35.33190869991482,
                "relative_permittivity": 2.100034894951568,
                "temperature_residual_c": 0.00010480366507437112,
                "thermal_conductivity_updates": [
                  {
                    "conductivity_relative_change": 4.2052054550856115e-7,
                    "conductivity_w_mk": 389.8706132641551,
                    "coupling_temperature_c": 35.33176086114073,
                    "element_id": "conductor_left",
                    "measured_mean_temperature_c": 35.331865664805804
                  },
                  {
                    "conductivity_relative_change": 4.212443730778422e-7,
                    "conductivity_w_mk": 0.24991691678198097,
                    "coupling_temperature_c": 35.16616643603814,
                    "element_id": "dielectric_core",
                    "measured_mean_temperature_c": 35.16621892798934
                  },
                  {
                    "conductivity_relative_change": 4.665798357530775e-10,
                    "conductivity_w_mk": 159.9999409568775,
                    "coupling_temperature_c": 35.00030751626304,
                    "element_id": "substrate_right",
                    "measured_mean_temperature_c": 35.00030761314095
                  }
                ],
                "total_joule_loss_w": 0.00006711249737130964,
                "total_loss_w": 0.000031323671406457014
              },
              {
                "converged": false,
                "coupling_temperature_c": 35.1662084295991,
                "dielectric_mean_temperature_c": 35.16621889883275,
                "iteration": 7,
                "loss_relative_change": 2.1159129369654757e-7,
                "loss_tangent": 0.00020003324168591983,
                "max_conductivity_relative_change": 8.401504288431134e-8,
                "max_temperature_c": 35.33190864171067,
                "relative_permittivity": 2.100034903770216,
                "temperature_residual_c": 0.000020902539425549097,
                "thermal_conductivity_updates": [
                  {
                    "conductivity_relative_change": 8.387075707557826e-8,
                    "conductivity_w_mk": 389.8705805654116,
                    "coupling_temperature_c": 35.331844704072786,
                    "element_id": "conductor_left",
                    "measured_mean_temperature_c": 35.33186560661221
                  },
                  {
                    "conductivity_relative_change": 8.401504288431134e-8,
                    "conductivity_w_mk": 0.2499168957852005,
                    "coupling_temperature_c": 35.1662084295991,
                    "element_id": "dielectric_core",
                    "measured_mean_temperature_c": 35.16621889883275
                  },
                  {
                    "conductivity_relative_change": 9.300297300355156e-11,
                    "conductivity_w_mk": 159.99994094199704,
                    "coupling_temperature_c": 35.00030759376536,
                    "element_id": "substrate_right",
                    "measured_mean_temperature_c": 35.000307613075876
                  }
                ],
                "total_joule_loss_w": 0.0000671124752863611,
                "total_loss_w": 0.000031323672663169264
              },
              {
                "converged": false,
                "coupling_temperature_c": 35.16621680498602,
                "dielectric_mean_temperature_c": 35.16621889302423,
                "iteration": 8,
                "loss_relative_change": 4.22007632632102e-8,
                "loss_tangent": 0.0002000332433609972,
                "max_conductivity_relative_change": 1.6756343970316003e-8,
                "max_temperature_c": 35.33190863011536,
                "relative_permittivity": 2.1000349055290473,
                "temperature_residual_c": 4.16891467835967e-6,
                "thermal_conductivity_updates": [
                  {
                    "conductivity_relative_change": 1.6727582491210028e-8,
                    "conductivity_w_mk": 389.8705740438193,
                    "coupling_temperature_c": 35.331861426104325,
                    "element_id": "conductor_left",
                    "measured_mean_temperature_c": 35.331865595019
                  },
                  {
                    "conductivity_relative_change": 1.6756343970316003e-8,
                    "conductivity_w_mk": 0.249916891597507,
                    "coupling_temperature_c": 35.16621680498602,
                    "element_id": "dielectric_core",
                    "measured_mean_temperature_c": 35.16621889302423
                  },
                  {
                    "conductivity_relative_change": 1.8538066818613545e-11,
                    "conductivity_w_mk": 159.99994093903095,
                    "coupling_temperature_c": 35.00030760921377,
                    "element_id": "substrate_right",
                    "measured_mean_temperature_c": 35.0003076130629
                  }
                ],
                "total_joule_loss_w": 0.0000671124708816361,
                "total_loss_w": 0.00003132367291381368
              },
              {
                "converged": false,
                "coupling_temperature_c": 35.166218475416585,
                "dielectric_mean_temperature_c": 35.166218891870514,
                "iteration": 9,
                "loss_relative_change": 8.416747549403007e-9,
                "loss_tangent": 0.0002000332436950833,
                "max_conductivity_relative_change": 3.341972127144786e-9,
                "max_temperature_c": 35.33190862781227,
                "relative_permittivity": 2.1000349058798378,
                "temperature_residual_c": 8.314802570907887e-7,
                "thermal_conductivity_updates": [
                  {
                    "conductivity_relative_change": 3.336238961408847e-9,
                    "conductivity_w_mk": 389.8705727431179,
                    "coupling_temperature_c": 35.33186476123607,
                    "element_id": "conductor_left",
                    "measured_mean_temperature_c": 35.331865592716326
                  },
                  {
                    "conductivity_relative_change": 3.341972127144786e-9,
                    "conductivity_w_mk": 0.2499168907622917,
                    "coupling_temperature_c": 35.166218475416585,
                    "element_id": "dielectric_core",
                    "measured_mean_temperature_c": 35.166218891870514
                  },
                  {
                    "conductivity_relative_change": 3.6950012255761675e-12,
                    "conductivity_w_mk": 159.99994093843975,
                    "coupling_temperature_c": 35.00030761229308,
                    "element_id": "substrate_right",
                    "measured_mean_temperature_c": 35.00030761306033
                  }
                ],
                "total_joule_loss_w": 0.00006711247000313414,
                "total_loss_w": 0.00003132367296380347
              },
              {
                "converged": false,
                "coupling_temperature_c": 35.16621880857973,
                "dielectric_mean_temperature_c": 35.1662188916361,
                "iteration": 10,
                "loss_relative_change": 1.6787007314698186e-9,
                "loss_tangent": 0.00020003324376171596,
                "max_conductivity_relative_change": 6.665479126032138e-10,
                "max_temperature_c": 35.331908627344305,
                "relative_permittivity": 2.100034905949802,
                "temperature_residual_c": 1.6582817607968536e-7,
                "thermal_conductivity_updates": [
                  {
                    "conductivity_relative_change": 6.654049897672828e-10,
                    "conductivity_w_mk": 389.8705724836961,
                    "coupling_temperature_c": 35.33186542642027,
                    "element_id": "conductor_left",
                    "measured_mean_temperature_c": 35.33186559224845
                  },
                  {
                    "conductivity_relative_change": 6.665479126032138e-10,
                    "conductivity_w_mk": 0.24991689059571012,
                    "coupling_temperature_c": 35.16621880857973,
                    "element_id": "dielectric_core",
                    "measured_mean_temperature_c": 35.1662188916361
                  },
                  {
                    "conductivity_relative_change": 7.366554532244115e-13,
                    "conductivity_w_mk": 159.99994093832188,
                    "coupling_temperature_c": 35.00030761290688,
                    "element_id": "substrate_right",
                    "measured_mean_temperature_c": 35.0003076130598
                  }
                ],
                "total_joule_loss_w": 0.00006711246982791898,
                "total_loss_w": 0.00003132367297377381
              },
              {
                "converged": true,
                "coupling_temperature_c": 35.166218875024825,
                "dielectric_mean_temperature_c": 35.166218891590475,
                "iteration": 11,
                "loss_relative_change": 3.3479523270581565e-10,
                "loss_tangent": 0.000200033243775005,
                "max_conductivity_relative_change": 1.3293433570775378e-10,
                "max_temperature_c": 35.33190862725323,
                "relative_permittivity": 2.100034905963755,
                "temperature_residual_c": 3.3074570637836587e-8,
                "thermal_conductivity_updates": [
                  {
                    "conductivity_relative_change": 1.3270652341554027e-10,
                    "conductivity_w_mk": 389.8705724319577,
                    "coupling_temperature_c": 35.331865559082814,
                    "element_id": "conductor_left",
                    "measured_mean_temperature_c": 35.331865592157385
                  },
                  {
                    "conductivity_relative_change": 1.3293433570775378e-10,
                    "conductivity_w_mk": 0.2499168905624876,
                    "coupling_temperature_c": 35.166218875024825,
                    "element_id": "dielectric_core",
                    "measured_mean_temperature_c": 35.166218891590475
                  },
                  {
                    "conductivity_relative_change": 1.4690476484616281e-13,
                    "conductivity_w_mk": 159.99994093829838,
                    "coupling_temperature_c": 35.00030761302922,
                    "element_id": "substrate_right",
                    "measured_mean_temperature_c": 35.000307613059704
                  }
                ],
                "total_joule_loss_w": 0.00006711246979297456,
                "total_loss_w": 0.00003132367297576228
              }
            ],
            "loss_relative_change_tolerance": 1e-9,
            "max_iterations": 12,
            "method": "relaxed_temperature_dependent_dielectric_and_conductivity_fixed_point",
            "parameter_source": "screening_sensitivity_not_material_card",
            "relaxation_factor": 0.8,
            "schema_version": "kyuubiki.composite-electrothermal-feedback-convergence/v1",
            "status": "pass",
            "temperature_residual_tolerance_c": 1e-7
          },
          "electrothermal_loss_projection": {
            "assumptions": [
              "The solved electrostatic field magnitude is interpreted as an RMS harmonic field.",
              "Relative permittivity and loss tangent are scalar, isotropic, and frequency-local screening values.",
              "Element dielectric loss is lumped consistently to its four thermal nodes."
            ],
            "distributed_total_heat_load_w": 0.00003132367297576228,
            "effective_conductivity_s_m": 2.336992342243742e-7,
            "electric_field_rms_v_m": 12203.557203702898,
            "energy_balance_relative_error": 0.0,
            "frequency_hz": 10000000.0,
            "loss_tangent": 0.000200033243775005,
            "model": "harmonic_dielectric_loss_sigma_eff_e_rms_squared",
            "relative_permittivity": 2.100034905963755,
            "schema_version": "kyuubiki.composite-electrothermal-loss-projection/v1",
            "source_element_id": "dielectric_core",
            "source_volume_m3": 9e-7,
            "target_element_count": 1,
            "target_node_count": 4,
            "total_loss_w": 0.00003132367297576228,
            "volumetric_loss_w_m3": 34.80408108418031
          },
          "heat": {
            "elements": [
              {
                "area": 0.0009,
                "average_temperature": 35.331865592157385,
                "heat_flow_rate": 1.0066870469529905e-6,
                "heat_flux_magnitude": 1.1185411632811004,
                "heat_flux_x": 1.1185411632811004,
                "heat_flux_y": -4.4323152500505526e-11,
                "id": "conductor_left",
                "index": 0,
                "node_i": 0,
                "node_j": 1,
                "node_k": 5,
                "node_l": 4,
                "temperature_gradient_x": -0.002869006389232709,
                "temperature_gradient_y": 1.1368683772161605e-13
              },
              {
                "area": 0.0009,
                "average_temperature": 35.166218891590475,
                "heat_flow_rate": 2.4832291884169115e-6,
                "heat_flux_magnitude": 2.759143542685458,
                "heat_flux_x": 2.759143542685458,
                "heat_flux_y": -2.8412260981268402e-14,
                "id": "dielectric_core",
                "index": 1,
                "node_i": 1,
                "node_j": 2,
                "node_k": 6,
                "node_l": 5,
                "temperature_gradient_x": -11.040244364738442,
                "temperature_gradient_y": 1.1368683772161605e-13
              },
              {
                "area": 0.0009,
                "average_temperature": 35.000307613059704,
                "heat_flow_rate": 2.9530842830230723e-6,
                "heat_flux_magnitude": 3.281204758914525,
                "heat_flux_x": 3.281204758914525,
                "heat_flux_y": -0.0,
                "id": "substrate_right",
                "index": 2,
                "node_i": 2,
                "node_j": 3,
                "node_k": 7,
                "node_l": 6,
                "temperature_gradient_x": -0.02050753731327859,
                "temperature_gradient_y": 0.0
              }
            ],
            "input": {
              "elements": [
                {
                  "conductivity": 389.8705724319577,
                  "id": "conductor_left",
                  "node_i": 0,
                  "node_j": 1,
                  "node_k": 5,
                  "node_l": 4,
                  "thickness": 0.001
                },
                {
                  "conductivity": 0.2499168905624876,
                  "id": "dielectric_core",
                  "node_i": 1,
                  "node_j": 2,
                  "node_k": 6,
                  "node_l": 5,
                  "thickness": 0.001
                },
                {
                  "conductivity": 159.99994093829838,
                  "id": "substrate_right",
                  "node_i": 2,
                  "node_j": 3,
                  "node_k": 7,
                  "node_l": 6,
                  "thickness": 0.001
                }
              ],
              "nodes": [
                {
                  "fix_temperature": false,
                  "heat_load": 0.00001677811744824364,
                  "id": "n0",
                  "temperature": 35.0,
                  "x": 0.0,
                  "y": 0.0
                },
                {
                  "fix_temperature": false,
                  "heat_load": 0.000024609035692184208,
                  "id": "n1",
                  "temperature": 35.0,
                  "x": 0.03,
                  "y": 0.0
                },
                {
                  "fix_temperature": false,
                  "heat_load": 7.83091824394057e-6,
                  "id": "n2",
                  "temperature": 35.0,
                  "x": 0.06,
                  "y": 0.0
                },
                {
                  "fix_temperature": true,
                  "heat_load": 0.0,
                  "id": "n3",
                  "temperature": 35.0,
                  "x": 0.09,
                  "y": 0.0
                },
                {
                  "fix_temperature": false,
                  "heat_load": 0.00001677811744824364,
                  "id": "n4",
                  "temperature": 35.0,
                  "x": 0.0,
                  "y": 0.03
                },
                {
                  "fix_temperature": false,
                  "heat_load": 0.000024609035692184208,
                  "id": "n5",
                  "temperature": 35.0,
                  "x": 0.03,
                  "y": 0.03
                },
                {
                  "fix_temperature": false,
                  "heat_load": 7.83091824394057e-6,
                  "id": "n6",
                  "temperature": 35.0,
                  "x": 0.06,
                  "y": 0.03
                },
                {
                  "fix_temperature": true,
                  "heat_load": 0.0,
                  "id": "n7",
                  "temperature": 35.0,
                  "x": 0.09,
                  "y": 0.03
                }
              ]
            },
            "max_heat_flux": 3.281204758914525,
            "max_temperature": 35.33190862725323,
            "nodes": [
              {
                "heat_load": 0.00001677811744824364,
                "id": "n0",
                "index": 0,
                "temperature": 35.33190862725323,
                "x": 0.0,
                "y": 0.0
              },
              {
                "heat_load": 0.000024609035692184208,
                "id": "n1",
                "index": 1,
                "temperature": 35.33182255706155,
                "x": 0.03,
                "y": 0.0
              },
              {
                "heat_load": 7.83091824394057e-6,
                "id": "n2",
                "index": 2,
                "temperature": 35.0006152261194,
                "x": 0.06,
                "y": 0.0
              },
              {
                "heat_load": 0.0,
                "id": "n3",
                "index": 3,
                "temperature": 35.0,
                "x": 0.09,
                "y": 0.0
              },
              {
                "heat_load": 0.00001677811744824364,
                "id": "n4",
                "index": 4,
                "temperature": 35.33190862725323,
                "x": 0.0,
                "y": 0.03
              },
              {
                "heat_load": 0.000024609035692184208,
                "id": "n5",
                "index": 5,
                "temperature": 35.33182255706156,
                "x": 0.03,
                "y": 0.03
              },
              {
                "heat_load": 7.83091824394057e-6,
                "id": "n6",
                "index": 6,
                "temperature": 35.0006152261194,
                "x": 0.06,
                "y": 0.03
              },
              {
                "heat_load": 0.0,
                "id": "n7",
                "index": 7,
                "temperature": 35.0,
                "x": 0.09,
                "y": 0.03
              }
            ],
            "total_abs_heat_flow_rate": 6.443000518392974e-6
          },
          "heat_cross_validation": {
            "absolute_error_c": 1.1723955140041653e-12,
            "conductivities_w_mk": [
              389.8705724319577,
              0.2499168905624876,
              159.99994093829838
            ],
            "expected_max_temperature_c": 35.3319086272544,
            "fem_max_temperature_c": 35.33190862725323,
            "fixed_temperature_c": 35.0,
            "method": "layered_thermal_resistance_with_regional_generation_closed_form",
            "relative_error": 3.318234308745496e-14,
            "relative_error_tolerance": 1e-9,
            "schema_version": "kyuubiki.composite-heat-cross-validation/v1",
            "status": "pass",
            "total_heat_load_w": 0.00009843614276873685
          },
          "heat_mesh_convergence": {
            "finest_pair_relative_change": 6.3911203837534455e-12,
            "max_analytic_relative_error": 4.643315876037864e-12,
            "method": "structured_quad_h_refinement",
            "refinement_levels": [
              1,
              2,
              4,
              8
            ],
            "relative_error_tolerance": 1e-8,
            "samples": [
              {
                "analytic_relative_error": 3.318234308745496e-14,
                "element_count": 3,
                "elements_per_layer": 1,
                "max_temperature_c": 35.33190862725323,
                "node_count": 8,
                "relative_change_from_previous": null
              },
              {
                "analytic_relative_error": 1.2900892782183249e-12,
                "element_count": 6,
                "elements_per_layer": 2,
                "max_temperature_c": 35.33190862720882,
                "node_count": 14,
                "relative_change_from_previous": 1.2569069351308697e-12
              },
              {
                "analytic_relative_error": 4.643315876037864e-12,
                "element_count": 12,
                "elements_per_layer": 4,
                "max_temperature_c": 35.33190862741846,
                "node_count": 26,
                "relative_change_from_previous": 5.933405154256189e-12
              },
              {
                "analytic_relative_error": 1.7478045077155824e-12,
                "element_count": 24,
                "elements_per_layer": 8,
                "max_temperature_c": 35.33190862719265,
                "node_count": 50,
                "relative_change_from_previous": 6.3911203837534455e-12
              }
            ],
            "schema_version": "kyuubiki.composite-heat-mesh-convergence/v1",
            "status": "pass"
          },
          "heat_to_thermal_projection": {
            "mapped_node_count": 8,
            "maximum_coordinate_error_m": 0.0,
            "maximum_temperature_delta_c": 0.33190862725322745,
            "minimum_temperature_delta_c": 0.0,
            "reference_temperature_c": 35.0,
            "schema_version": "kyuubiki.composite-heat-to-thermal-projection/v1"
          },
          "joule_heating_projection": {
            "assumptions": [
              "Steady scalar electrical conductivity is solved on a two-dimensional quad mesh.",
              "Joule heating uses the solved local sigma times electric-field magnitude squared.",
              "Element Joule power integrates both triangular subcell fields before thermal projection.",
              "Recovered terminal currents gate current continuity and electrical input-power balance.",
              "Contact and terminal impedance models require explicit study-level heat mappings."
            ],
            "boundary_voltage_span_v": 0.000033600000000000004,
            "current_balance_relative_error": 0.0,
            "distributed_total_heat_load_w": 0.00006711246979297457,
            "electrical_power_balance_relative_error": 2.019375415310301e-16,
            "energy_balance_relative_error": 2.019375415310301e-16,
            "free_current_residual_relative_error": 0.0,
            "max_current_density_a_m2": 66579.83114382396,
            "max_free_current_residual_a": 0.0,
            "model": "solved_steady_current_density_sigma_e_squared",
            "parameter_source": "screening_reference_not_material_card",
            "regions": [
              {
                "coupling_temperature_c": 35.331865559082814,
                "current_density_magnitude_a_m2": 66579.83114382396,
                "distributed_heat_load_w": 0.00006711246979297456,
                "electric_field_magnitude_v_m": 0.00112,
                "electrical_conductivity_s_m": 59446277.80698568,
                "element_id": "conductor_left",
                "energy_balance_relative_error": 0.0,
                "joule_power_w": 0.00006711246979297456,
                "peak_current_density_magnitude_a_m2": 66579.83114382396,
                "peak_electric_field_magnitude_v_m": 0.00112,
                "rms_current_density_magnitude_a_m2": 66579.83114382396,
                "rms_electric_field_magnitude_v_m": 0.00112,
                "source_volume_m3": 9e-7,
                "volumetric_joule_heating_w_m3": 74.56941088108285
              }
            ],
            "schema_version": "kyuubiki.composite-current-to-heat-projection/v2",
            "source_power_balance_relative_error": 2.019375415310301e-16,
            "status": "pass",
            "total_dissipated_power_w": 0.00006711246979297456,
            "total_electrical_input_power_w": 0.00006711246979297457,
            "total_extracted_current_a": 1.9973949343147193,
            "total_injected_current_a": 1.9973949343147193,
            "total_joule_loss_w": 0.00006711246979297456,
            "total_source_power_w": 0.00006711246979297457
          },
          "research": {
            "candidate_id": "copper_ptfe_glass_epoxy",
            "candidate_label": "Copper / PTFE / Glass epoxy",
            "coupling": "iterative_dielectric_and_conductor_joule_heating_with_temperature_dependent_electrical_thermal_feedback_and_expansion_projection",
            "materials": {
              "conductor": "copper",
              "dielectric": "ptfe",
              "substrate": "glass_epoxy"
            },
            "study": "material.composite_thermo_electric_panel.v1"
          },
          "schema_version": "kyuubiki.composite-thermo-electric-panel-result/v1",
          "thermal": {
            "elements": [
              {
                "area": 0.0009,
                "average_temperature_delta": 0.33186559215739025,
                "gamma_xy": -1.493520550442967e-21,
                "id": "conductor_left",
                "index": 0,
                "max_in_plane_shear": 98701.01966488914,
                "mechanical_strain_x": 5.742604780502644e-7,
                "mechanical_strain_y": -1.7945639939070754e-6,
                "node_i": 0,
                "node_j": 1,
                "node_k": 5,
                "node_l": 4,
                "principal_stress_1": 2.9103830456733704e-11,
                "principal_stress_2": -197402.03932977823,
                "strain_energy_density": 0.5824369731139246,
                "stress_x": 3.947459643111668e-11,
                "stress_y": -197402.03932977823,
                "tau_xy": -5.1316975360451677e-11,
                "thermal_strain": 5.642089524897911e-6,
                "total_strain_x": 6.216350002948175e-6,
                "total_strain_y": 3.847525530990836e-6,
                "von_mises": 197402.0393297783
              },
              {
                "area": 0.0009,
                "average_temperature_delta": 0.16621889159047673,
                "gamma_xy": 1.6313839858684713e-20,
                "id": "dielectric_core",
                "index": 1,
                "max_in_plane_shear": 4357.430256940607,
                "mechanical_strain_x": 1.1155021457767927e-6,
                "mechanical_strain_y": -3.485944205552488e-6,
                "node_i": 1,
                "node_j": 2,
                "node_k": 6,
                "node_l": 5,
                "principal_stress_1": -9.094947017729282e-12,
                "principal_stress_2": -8714.860513881224,
                "strain_energy_density": 0.057985116231024494,
                "stress_x": -8.881784197001252e-12,
                "stress_y": -8714.860513881224,
                "tau_xy": 1.5419764230904954e-11,
                "thermal_strain": 7.480844755488632e-6,
                "total_strain_x": 8.596346901265425e-6,
                "total_strain_y": 3.994900549936142e-6,
                "von_mises": 8714.86051388122
              },
              {
                "area": 0.0009,
                "average_temperature_delta": 0.0003076130597001736,
                "gamma_xy": 2.26900237471143e-21,
                "id": "substrate_right",
                "index": 2,
                "max_in_plane_shear": 1046.0734311405,
                "mechanical_strain_x": -3.043122708772542e-8,
                "mechanical_strain_y": 9.50975846491346e-8,
                "node_i": 2,
                "node_j": 3,
                "node_k": 7,
                "node_l": 6,
                "principal_stress_1": 2092.146862280942,
                "principal_stress_2": -5.7752913562580937e-11,
                "strain_energy_density": 0.0002994889168363976,
                "stress_x": -5.7639078695122706e-11,
                "stress_y": 2092.146862280942,
                "tau_xy": 1.8873791418627658e-11,
                "thermal_strain": 4.306583233230767e-9,
                "total_strain_x": -2.6124643854494652e-8,
                "total_strain_y": 9.940416788236534e-8,
                "von_mises": 2092.1468622809707
              }
            ],
            "input": {
              "elements": [
                {
                  "id": "conductor_left",
                  "node_i": 0,
                  "node_j": 1,
                  "node_k": 5,
                  "node_l": 4,
                  "poisson_ratio": 0.32,
                  "thermal_expansion": 0.000017001128343013333,
                  "thickness": 0.001,
                  "youngs_modulus": 110000000000.0
                },
                {
                  "id": "dielectric_core",
                  "node_i": 1,
                  "node_j": 2,
                  "node_k": 6,
                  "node_l": 5,
                  "poisson_ratio": 0.32,
                  "thermal_expansion": 0.00004500598388009726,
                  "thickness": 0.001,
                  "youngs_modulus": 2500000000.0
                },
                {
                  "id": "substrate_right",
                  "node_i": 2,
                  "node_j": 3,
                  "node_k": 7,
                  "node_l": 6,
                  "poisson_ratio": 0.32,
                  "thermal_expansion": 0.00001400000129197485,
                  "thickness": 0.001,
                  "youngs_modulus": 22000000000.0
                }
              ],
              "nodes": [
                {
                  "fix_x": true,
                  "fix_y": true,
                  "id": "n0",
                  "load_x": 0.0,
                  "load_y": 0.0,
                  "temperature_delta": 0.33190862725322745,
                  "x": 0.0,
                  "y": 0.0
                },
                {
                  "fix_x": false,
                  "fix_y": false,
                  "id": "n1",
                  "load_x": 0.0,
                  "load_y": 0.0,
                  "temperature_delta": 0.3318225570615496,
                  "x": 0.03,
                  "y": 0.0
                },
                {
                  "fix_x": false,
                  "fix_y": false,
                  "id": "n2",
                  "load_x": 0.0,
                  "load_y": 0.0,
                  "temperature_delta": 0.0006152261194003472,
                  "x": 0.06,
                  "y": 0.0
                },
                {
                  "fix_x": false,
                  "fix_y": false,
                  "id": "n3",
                  "load_x": 0.0,
                  "load_y": 0.0,
                  "temperature_delta": 0.0,
                  "x": 0.09,
                  "y": 0.0
                },
                {
                  "fix_x": true,
                  "fix_y": true,
                  "id": "n4",
                  "load_x": 0.0,
                  "load_y": 0.0,
                  "temperature_delta": 0.33190862725322745,
                  "x": 0.0,
                  "y": 0.03
                },
                {
                  "fix_x": false,
                  "fix_y": false,
                  "id": "n5",
                  "load_x": 0.0,
                  "load_y": 0.0,
                  "temperature_delta": 0.3318225570615567,
                  "x": 0.03,
                  "y": 0.03
                },
                {
                  "fix_x": false,
                  "fix_y": false,
                  "id": "n6",
                  "load_x": 0.0,
                  "load_y": 0.0,
                  "temperature_delta": 0.0006152261194003472,
                  "x": 0.06,
                  "y": 0.03
                },
                {
                  "fix_x": false,
                  "fix_y": false,
                  "id": "n7",
                  "load_x": 0.0,
                  "load_y": 0.0,
                  "temperature_delta": 0.0,
                  "x": 0.09,
                  "y": 0.03
                }
              ]
            },
            "max_displacement": 4.444029006150617e-7,
            "max_strain_energy_density": 0.5824369731139246,
            "max_stress": 197402.0393297783,
            "max_temperature_delta": 0.33190862725322745,
            "nodes": [
              {
                "displacement_magnitude": 0.0,
                "id": "n0",
                "index": 0,
                "temperature_delta": 0.33190862725322745,
                "ux": 0.0,
                "uy": 0.0,
                "x": 0.0,
                "y": 0.0
              },
              {
                "displacement_magnitude": 2.193212576648738e-7,
                "id": "n1",
                "index": 1,
                "temperature_delta": 0.3318225570615496,
                "ux": 1.864905000884443e-7,
                "uy": -1.154257659297261e-7,
                "x": 0.03,
                "y": 0.0
              },
              {
                "displacement_magnitude": 4.4440290061505515e-7,
                "id": "n2",
                "index": 2,
                "temperature_delta": 0.0006152261194003472,
                "ux": 4.443809071264047e-7,
                "uy": -4.4212505683639936e-9,
                "x": 0.06,
                "y": 0.0
              },
              {
                "displacement_magnitude": 4.435995022224809e-7,
                "id": "n3",
                "index": 3,
                "temperature_delta": 0.0,
                "ux": 4.435971678107699e-7,
                "uy": 1.4391255318769064e-9,
                "x": 0.09,
                "y": 0.0
              },
              {
                "displacement_magnitude": 0.0,
                "id": "n4",
                "index": 4,
                "temperature_delta": 0.33190862725322745,
                "ux": 0.0,
                "uy": 0.0,
                "x": 0.0,
                "y": 0.03
              },
              {
                "displacement_magnitude": 2.193212576648744e-7,
                "id": "n5",
                "index": 5,
                "temperature_delta": 0.3318225570615567,
                "ux": 1.8649050008844627e-7,
                "uy": 1.1542576592972409e-7,
                "x": 0.03,
                "y": 0.03
              },
              {
                "displacement_magnitude": 4.444029006150617e-7,
                "id": "n6",
                "index": 6,
                "temperature_delta": 0.0006152261194003472,
                "ux": 4.443809071264113e-7,
                "uy": 4.421250568354387e-9,
                "x": 0.06,
                "y": 0.03
              },
              {
                "displacement_magnitude": 4.435995022224876e-7,
                "id": "n7",
                "index": 7,
                "temperature_delta": 0.0,
                "ux": 4.435971678107765e-7,
                "uy": -1.439125531899553e-9,
                "x": 0.09,
                "y": 0.03
              }
            ],
            "total_strain_energy": 5.766494204356068e-7
          },
          "thermal_constraint_regularized_mesh_convergence": {
            "algebraic_validation": {
              "max_relative_residual": null,
              "method": "original_system_recomputed_l2_residual_over_max_rhs_l2_or_one",
              "qualification_effect": "algebraic_gate_does_not_override_discretization_gates",
              "relative_residual_tolerance": 1e-10,
              "required_series": [
                "uniform_full_edge_clamp",
                "uniform_regularized_restraint",
                "interface_graded_full_edge_clamp"
              ],
              "schema_version": "kyuubiki.composite-thermal-algebraic-validation/v1",
              "series": [],
              "status": "missing"
            },
            "convergence_tolerance": 0.02,
            "diagnostic_metrics": [
              "max_von_mises_stress_pa"
            ],
            "finest_pair_displacement_relative_change": 0.001664751654076209,
            "finest_pair_peak_stress_relative_change": 0.3090713931638084,
            "finest_pair_strain_energy_relative_change": 0.2272313875048778,
            "method": "structured_quad_h_refinement_preserving_piecewise_linear_temperature_roller_edge_with_vertical_anchor",
            "pass_metrics": [
              "max_displacement_m",
              "total_strain_energy_j"
            ],
            "refinement_levels": [
              1,
              2,
              4,
              8
            ],
            "regime_assessment": {
              "diagnosis": "pass_metrics_lack_qualified_discretization_uncertainty",
              "gci_safety_factor": 1.25,
              "method": "four_level_constant_ratio_observed_order_and_fine_grid_gci",
              "metrics": [
                {
                  "coarse_triplet_observed_order": 0.5437217075243542,
                  "fine_grid_gci": null,
                  "fine_triplet_observed_order": 4.097224575466708,
                  "metric": "max_displacement_m",
                  "observed_order_relative_difference": 0.8672951170946201,
                  "qualification_role": "pass_metric",
                  "regime": "oscillatory",
                  "richardson_extrapolated_value": null,
                  "unit": "m"
                },
                {
                  "coarse_triplet_observed_order": 1.6907384977009772,
                  "fine_grid_gci": 0.16746558525624652,
                  "fine_triplet_observed_order": 1.675744643242683,
                  "metric": "total_strain_energy_j",
                  "observed_order_relative_difference": 0.008868227983619236,
                  "qualification_role": "pass_metric",
                  "regime": "asymptotic_converging",
                  "richardson_extrapolated_value": 1.0784485762890724e-8,
                  "unit": "J"
                },
                {
                  "coarse_triplet_observed_order": -3.9007789470011778,
                  "fine_grid_gci": null,
                  "fine_triplet_observed_order": -0.6812528970570004,
                  "metric": "max_von_mises_stress_pa",
                  "observed_order_relative_difference": 0.8253546519008131,
                  "qualification_role": "diagnostic_metric",
                  "regime": "monotonic_diverging",
                  "richardson_extrapolated_value": null,
                  "unit": "Pa"
                }
              ],
              "order_consistency_tolerance": 0.25,
              "qualification_effect": "gci_gates_require_asymptotic_pass_metric_evidence",
              "qualification_tolerance": 0.02,
              "refinement_ratio": 2.0,
              "schema_version": "kyuubiki.composite-thermal-convergence-regime/v1",
              "status": "fail"
            },
            "samples": [
              {
                "displacement_relative_change": null,
                "element_count": 3,
                "elements_per_original_element": 1,
                "max_displacement_m": 4.438669155557527e-7,
                "max_von_mises_stress_pa": 10910.828665515326,
                "node_count": 8,
                "peak_stress_relative_change": null,
                "strain_energy_relative_change": null,
                "total_strain_energy_j": 6.557903631509888e-8
              },
              {
                "displacement_relative_change": 0.04106769329180482,
                "element_count": 12,
                "elements_per_original_element": 2,
                "max_displacement_m": 4.2563832520532963e-7,
                "max_von_mises_stress_pa": 11200.960164005295,
                "node_count": 21,
                "peak_stress_relative_change": 0.025902377496379064,
                "strain_energy_relative_change": 0.5758826093597075,
                "total_strain_energy_j": 2.781320976266473e-8
              },
              {
                "displacement_relative_change": 0.028540432242896284,
                "element_count": 48,
                "elements_per_original_element": 4,
                "max_displacement_m": 4.381431192118878e-7,
                "max_von_mises_stress_pa": 15534.5354973669,
                "node_count": 65,
                "peak_stress_relative_change": 0.2789639467556751,
                "strain_energy_relative_change": 0.42061512002938894,
                "total_strain_energy_j": 1.611455319993893e-8
              },
              {
                "displacement_relative_change": 0.001664751654076209,
                "element_count": 192,
                "elements_per_original_element": 8,
                "max_displacement_m": 4.3887373498813985e-7,
                "max_von_mises_stress_pa": 22483.56102738397,
                "node_count": 225,
                "peak_stress_relative_change": 0.3090713931638084,
                "strain_energy_relative_change": 0.2272313875048778,
                "total_strain_energy_j": 1.2452820917295638e-8
              }
            ],
            "schema_version": "kyuubiki.composite-thermal-mesh-convergence/v1",
            "status": "fail"
          },
          "thermal_constraint_sensitivity": {
            "alternative_restraint": "roller_edge_with_vertical_anchor",
            "alternative_status": "fail",
            "diagnosis": "mixed_restraint_sensitivity_and_persistent_energy_nonconvergence",
            "displacement_change_ratio_alternative_to_primary": 0.4256281941009288,
            "peak_stress_change_ratio_alternative_to_primary": 1.1902934549031117,
            "primary_restraint": "full_edge_clamp",
            "primary_status": "fail",
            "qualification_effect": "diagnostic_only_does_not_override_primary_quality_gates",
            "schema_version": "kyuubiki.composite-thermal-constraint-sensitivity/v1",
            "strain_energy_change_ratio_alternative_to_primary": 1.722941038510945
          },
          "thermal_expansion_projection": {
            "coverage_fraction": 1.0,
            "declared_region_count": 3,
            "max_relative_change": 0.0001329751132723909,
            "model": "regional_linear_temperature_dependent_thermal_expansion",
            "parameter_source": "screening_sensitivity_not_material_card",
            "schema_version": "kyuubiki.composite-thermal-expansion-projection/v1",
            "status": "pass",
            "updated_region_count": 3,
            "updates": [
              {
                "adjusted_thermal_expansion_1_k": 0.000017001128343013333,
                "element_id": "conductor_left",
                "mean_temperature_c": 35.331865592157385,
                "reference_thermal_expansion_1_k": 0.000017,
                "relative_change": 0.00006637311843135424
              },
              {
                "adjusted_thermal_expansion_1_k": 0.00004500598388009726,
                "element_id": "dielectric_core",
                "mean_temperature_c": 35.166218891590475,
                "reference_thermal_expansion_1_k": 0.000045,
                "relative_change": 0.0001329751132723909
              },
              {
                "adjusted_thermal_expansion_1_k": 0.00001400000129197485,
                "element_id": "substrate_right",
                "mean_temperature_c": 35.000307613059704,
                "reference_thermal_expansion_1_k": 0.000014,
                "relative_change": 9.228391785184077e-8
              }
            ]
          },
          "thermal_interface_grading_assessment": {
            "diagnosis": "graded_mesh_did_not_resolve_nonconvergence",
            "displacement_change_ratio_graded_to_uniform": 1.160722608153611,
            "graded_mesh_convergence": {
              "algebraic_validation": {
                "max_relative_residual": null,
                "method": "original_system_recomputed_l2_residual_over_max_rhs_l2_or_one",
                "qualification_effect": "algebraic_gate_does_not_override_discretization_gates",
                "relative_residual_tolerance": 1e-10,
                "required_series": [
                  "uniform_full_edge_clamp",
                  "uniform_regularized_restraint",
                  "interface_graded_full_edge_clamp"
                ],
                "schema_version": "kyuubiki.composite-thermal-algebraic-validation/v1",
                "series": [],
                "status": "missing"
              },
              "convergence_tolerance": 0.02,
              "diagnostic_metrics": [
                "max_von_mises_stress_pa"
              ],
              "finest_pair_displacement_relative_change": 0.004539912789210498,
              "finest_pair_peak_stress_relative_change": 0.4148838089541935,
              "finest_pair_strain_energy_relative_change": 0.11933585914078727,
              "method": "cosine_graded_quad_h_refinement_at_clamp_interfaces_and_free_edges",
              "pass_metrics": [
                "max_displacement_m",
                "total_strain_energy_j"
              ],
              "refinement_levels": [
                1,
                2,
                4,
                8
              ],
              "regime_assessment": {
                "diagnosis": "pass_metrics_lack_qualified_discretization_uncertainty",
                "gci_safety_factor": 1.25,
                "method": "four_level_constant_ratio_observed_order_and_fine_grid_gci",
                "metrics": [
                  {
                    "coarse_triplet_observed_order": 2.029390078511404,
                    "fine_grid_gci": null,
                    "fine_triplet_observed_order": 1.0528936599457654,
                    "metric": "max_displacement_m",
                    "observed_order_relative_difference": 0.48117729011561794,
                    "qualification_role": "pass_metric",
                    "regime": "oscillatory",
                    "richardson_extrapolated_value": null,
                    "unit": "m"
                  },
                  {
                    "coarse_triplet_observed_order": 0.8547306121579007,
                    "fine_grid_gci": null,
                    "fine_triplet_observed_order": 1.7730320733391405,
                    "metric": "total_strain_energy_j",
                    "observed_order_relative_difference": 0.5179271570941231,
                    "qualification_role": "pass_metric",
                    "regime": "monotonic_pre_asymptotic",
                    "richardson_extrapolated_value": null,
                    "unit": "J"
                  },
                  {
                    "coarse_triplet_observed_order": -1.059547393123854,
                    "fine_grid_gci": null,
                    "fine_triplet_observed_order": -0.5966208307168964,
                    "metric": "max_von_mises_stress_pa",
                    "observed_order_relative_difference": 0.4369097271261414,
                    "qualification_role": "diagnostic_metric",
                    "regime": "monotonic_diverging",
                    "richardson_extrapolated_value": null,
                    "unit": "Pa"
                  }
                ],
                "order_consistency_tolerance": 0.25,
                "qualification_effect": "gci_gates_require_asymptotic_pass_metric_evidence",
                "qualification_tolerance": 0.02,
                "refinement_ratio": 2.0,
                "schema_version": "kyuubiki.composite-thermal-convergence-regime/v1",
                "status": "fail"
              },
              "samples": [
                {
                  "displacement_relative_change": null,
                  "element_count": 3,
                  "elements_per_original_element": 1,
                  "max_displacement_m": 4.444029006150617e-7,
                  "max_von_mises_stress_pa": 197402.0393297783,
                  "node_count": 8,
                  "peak_stress_relative_change": null,
                  "strain_energy_relative_change": null,
                  "total_strain_energy_j": 5.766494204356068e-7
                },
                {
                  "displacement_relative_change": 0.03736615897944462,
                  "element_count": 12,
                  "elements_per_original_element": 2,
                  "max_displacement_m": 4.27797271179753e-7,
                  "max_von_mises_stress_pa": 342473.33859288064,
                  "node_count": 21,
                  "peak_stress_relative_change": 0.4235988116889812,
                  "strain_energy_relative_change": 0.34378882493264235,
                  "total_strain_energy_j": 3.7840379378596033e-7
                },
                {
                  "displacement_relative_change": 0.009418897789559491,
                  "element_count": 48,
                  "elements_per_original_element": 4,
                  "max_displacement_m": 4.318649631263318e-7,
                  "max_von_mises_stress_pa": 644842.1883193555,
                  "node_count": 65,
                  "peak_stress_relative_change": 0.4689036406171488,
                  "strain_energy_relative_change": 0.2897000572908649,
                  "total_strain_energy_j": 2.68780193047087e-7
                },
                {
                  "displacement_relative_change": 0.004539912789210498,
                  "element_count": 192,
                  "elements_per_original_element": 8,
                  "max_displacement_m": 4.299043338570226e-7,
                  "max_von_mises_stress_pa": 1102075.4478983018,
                  "node_count": 225,
                  "peak_stress_relative_change": 0.4148838089541935,
                  "strain_energy_relative_change": 0.11933585914078727,
                  "total_strain_energy_j": 2.3670507778978621e-7
                }
              ],
              "schema_version": "kyuubiki.composite-thermal-mesh-convergence/v1",
              "status": "fail"
            },
            "graded_stress_recovery": {
              "convergence_tolerance": 0.02,
              "diagnostic_metrics": [
                "max_stress_pa",
                "max_to_p95_ratio"
              ],
              "finest_pair_max_relative_change": 0.4148838089541935,
              "finest_pair_p95_relative_change": 0.3405260610874646,
              "finest_pair_rms_relative_change": 0.009227303333219024,
              "method": "interface_graded_mesh_element_area_weighted_von_mises_p95_and_rms",
              "pass_metrics": [
                "area_weighted_rms_stress_pa",
                "area_weighted_p95_stress_pa"
              ],
              "refinement_levels": [
                1,
                2,
                4,
                8
              ],
              "samples": [
                {
                  "element_count": 3,
                  "elements_per_original_element": 1,
                  "max_relative_change": null,
                  "p95_relative_change": null,
                  "rms_relative_change": null,
                  "statistics": {
                    "area_weighted_mean_stress_pa": 69403.01556864682,
                    "area_weighted_p95_stress_pa": 197402.0393297783,
                    "area_weighted_rms_stress_pa": 114087.52634684344,
                    "max_stress_pa": 197402.0393297783,
                    "max_to_p95_ratio": 1.0
                  }
                },
                {
                  "element_count": 12,
                  "elements_per_original_element": 2,
                  "max_relative_change": 0.4235988116889812,
                  "p95_relative_change": 0.4235988116889812,
                  "rms_relative_change": 0.19651534448162317,
                  "statistics": {
                    "area_weighted_mean_stress_pa": 70225.4765661347,
                    "area_weighted_p95_stress_pa": 342473.33859288064,
                    "area_weighted_rms_stress_pa": 141990.92112498233,
                    "max_stress_pa": 342473.33859288064,
                    "max_to_p95_ratio": 1.0
                  }
                },
                {
                  "element_count": 48,
                  "elements_per_original_element": 4,
                  "max_relative_change": 0.4689036406171488,
                  "p95_relative_change": 0.5157288388517788,
                  "rms_relative_change": 0.040873846563457175,
                  "statistics": {
                    "area_weighted_mean_stress_pa": 53233.30445472401,
                    "area_weighted_p95_stress_pa": 165849.96134268222,
                    "area_weighted_rms_stress_pa": 136187.20600151585,
                    "max_stress_pa": 644842.1883193555,
                    "max_to_p95_ratio": 3.888105749913144
                  }
                },
                {
                  "element_count": 192,
                  "elements_per_original_element": 8,
                  "max_relative_change": 0.4148838089541935,
                  "p95_relative_change": 0.3405260610874646,
                  "rms_relative_change": 0.009227303333219024,
                  "statistics": {
                    "area_weighted_mean_stress_pa": 49665.733245298645,
                    "area_weighted_p95_stress_pa": 251488.2720250732,
                    "area_weighted_rms_stress_pa": 134930.56534163628,
                    "max_stress_pa": 1102075.4478983018,
                    "max_to_p95_ratio": 4.382214085070439
                  }
                }
              ],
              "schema_version": "kyuubiki.composite-thermal-stress-recovery/v1",
              "status": "fail"
            },
            "max_change_ratio_graded_to_uniform": 1.5977974450767656,
            "p95_change_ratio_graded_to_uniform": 1.143987096910276,
            "qualification_effect": "diagnostic_only_does_not_override_uniform_mesh_gates",
            "rms_change_ratio_graded_to_uniform": 0.5714195624705992,
            "schema_version": "kyuubiki.composite-thermal-interface-grading-assessment/v1",
            "strain_energy_change_ratio_graded_to_uniform": 0.9048426422833432
          },
          "thermal_mesh_convergence": {
            "algebraic_validation": {
              "max_relative_residual": 1.1889407586657296e-14,
              "method": "original_system_recomputed_l2_residual_over_max_rhs_l2_or_one",
              "qualification_effect": "algebraic_gate_does_not_override_discretization_gates",
              "relative_residual_tolerance": 1e-10,
              "required_series": [
                "uniform_full_edge_clamp",
                "uniform_regularized_restraint",
                "interface_graded_full_edge_clamp"
              ],
              "schema_version": "kyuubiki.composite-thermal-algebraic-validation/v1",
              "series": [
                {
                  "label": "uniform_full_edge_clamp",
                  "max_relative_residual": 9.846461106404143e-15,
                  "samples": [
                    {
                      "element_count": 3,
                      "elements_per_original_element": 1,
                      "matrix_non_zero_count": 112,
                      "node_count": 8,
                      "relative_residual": 1.158158548640435e-16,
                      "residual_norm": 3.1899007843275457e-15,
                      "rhs_norm": 27.542867840263984,
                      "solver_iterations": 0
                    },
                    {
                      "element_count": 12,
                      "elements_per_original_element": 2,
                      "matrix_non_zero_count": 440,
                      "node_count": 21,
                      "relative_residual": 4.3474696494884614e-16,
                      "residual_norm": 1.17875160693646e-14,
                      "rhs_norm": 27.113509741813985,
                      "solver_iterations": 0
                    },
                    {
                      "element_count": 48,
                      "elements_per_original_element": 4,
                      "matrix_non_zero_count": 1746,
                      "node_count": 65,
                      "relative_residual": 2.518945723764531e-15,
                      "residual_norm": 5.37184552632341e-14,
                      "rhs_norm": 21.32576925196807,
                      "solver_iterations": 0
                    },
                    {
                      "element_count": 192,
                      "elements_per_original_element": 8,
                      "matrix_non_zero_count": 6925,
                      "node_count": 225,
                      "relative_residual": 9.846461106404143e-15,
                      "residual_norm": 1.5536698331648336e-13,
                      "rhs_norm": 15.778966842760653,
                      "solver_iterations": 0
                    }
                  ],
                  "solver_path": "dense_direct",
                  "status": "pass"
                },
                {
                  "label": "uniform_regularized_restraint",
                  "max_relative_residual": 1.1889407586657296e-14,
                  "samples": [
                    {
                      "element_count": 3,
                      "elements_per_original_element": 1,
                      "matrix_non_zero_count": 121,
                      "node_count": 8,
                      "relative_residual": 1.339333889019009e-16,
                      "residual_norm": 4.1195172597201256e-15,
                      "rhs_norm": 30.757955827858968,
                      "solver_iterations": 0
                    },
                    {
                      "element_count": 12,
                      "elements_per_original_element": 2,
                      "matrix_non_zero_count": 463,
                      "node_count": 21,
                      "relative_residual": 5.16536020676434e-16,
                      "residual_norm": 1.4444614019701648e-14,
                      "rhs_norm": 27.9643886224732,
                      "solver_iterations": 0
                    },
                    {
                      "element_count": 48,
                      "elements_per_original_element": 4,
                      "matrix_non_zero_count": 1798,
                      "node_count": 65,
                      "relative_residual": 2.905003676292023e-15,
                      "residual_norm": 6.274438723549562e-14,
                      "rhs_norm": 21.59872903003799,
                      "solver_iterations": 0
                    },
                    {
                      "element_count": 192,
                      "elements_per_original_element": 8,
                      "matrix_non_zero_count": 7030,
                      "node_count": 225,
                      "relative_residual": 1.1889407586657296e-14,
                      "residual_norm": 1.8870292392895826e-13,
                      "rhs_norm": 15.871516099820417,
                      "solver_iterations": 0
                    }
                  ],
                  "solver_path": "dense_direct",
                  "status": "pass"
                },
                {
                  "label": "interface_graded_full_edge_clamp",
                  "max_relative_residual": 1.1803691180209684e-14,
                  "samples": [
                    {
                      "element_count": 3,
                      "elements_per_original_element": 1,
                      "matrix_non_zero_count": 112,
                      "node_count": 8,
                      "relative_residual": 1.158158548640435e-16,
                      "residual_norm": 3.1899007843275457e-15,
                      "rhs_norm": 27.542867840263984,
                      "solver_iterations": 0
                    },
                    {
                      "element_count": 12,
                      "elements_per_original_element": 2,
                      "matrix_non_zero_count": 444,
                      "node_count": 21,
                      "relative_residual": 6.152177177599281e-16,
                      "residual_norm": 1.6680711583820377e-14,
                      "rhs_norm": 27.113509741813985,
                      "solver_iterations": 0
                    },
                    {
                      "element_count": 48,
                      "elements_per_original_element": 4,
                      "matrix_non_zero_count": 1749,
                      "node_count": 65,
                      "relative_residual": 2.667568490007973e-15,
                      "residual_norm": 6.304976099434801e-14,
                      "rhs_norm": 23.6356671742511,
                      "solver_iterations": 0
                    },
                    {
                      "element_count": 192,
                      "elements_per_original_element": 8,
                      "matrix_non_zero_count": 6951,
                      "node_count": 225,
                      "relative_residual": 1.1803691180209684e-14,
                      "residual_norm": 2.105446907060141e-13,
                      "rhs_norm": 17.837190713614888,
                      "solver_iterations": 0
                    }
                  ],
                  "solver_path": "dense_direct",
                  "status": "pass"
                }
              ],
              "status": "pass"
            },
            "convergence_tolerance": 0.02,
            "diagnostic_metrics": [
              "max_von_mises_stress_pa"
            ],
            "finest_pair_displacement_relative_change": 0.0039112814356500256,
            "finest_pair_peak_stress_relative_change": 0.25965982749100003,
            "finest_pair_strain_energy_relative_change": 0.13188575953897003,
            "method": "structured_quad_h_refinement_preserving_piecewise_linear_temperature_full_edge_clamp",
            "pass_metrics": [
              "max_displacement_m",
              "total_strain_energy_j"
            ],
            "refinement_levels": [
              1,
              2,
              4,
              8
            ],
            "regime_assessment": {
              "diagnosis": "pass_metrics_lack_qualified_discretization_uncertainty",
              "gci_safety_factor": 1.25,
              "method": "four_level_constant_ratio_observed_order_and_fine_grid_gci",
              "metrics": [
                {
                  "coarse_triplet_observed_order": 12.570641047428984,
                  "fine_grid_gci": null,
                  "fine_triplet_observed_order": -9.265344133149307,
                  "metric": "max_displacement_m",
                  "observed_order_relative_difference": 1.7370621830812918,
                  "qualification_role": "pass_metric",
                  "regime": "oscillatory",
                  "richardson_extrapolated_value": null,
                  "unit": "m"
                },
                {
                  "coarse_triplet_observed_order": 1.0828520646202315,
                  "fine_grid_gci": 0.1273164593551143,
                  "fine_triplet_observed_order": 1.317060764765965,
                  "metric": "total_strain_energy_j",
                  "observed_order_relative_difference": 0.1778267991965814,
                  "qualification_role": "pass_metric",
                  "regime": "asymptotic_converging",
                  "richardson_extrapolated_value": 2.220670815516143e-7,
                  "unit": "J"
                },
                {
                  "coarse_triplet_observed_order": 0.0404202101178372,
                  "fine_grid_gci": null,
                  "fine_triplet_observed_order": -0.2657175806532502,
                  "metric": "max_von_mises_stress_pa",
                  "observed_order_relative_difference": 1.152117184036023,
                  "qualification_role": "diagnostic_metric",
                  "regime": "monotonic_diverging",
                  "richardson_extrapolated_value": null,
                  "unit": "Pa"
                }
              ],
              "order_consistency_tolerance": 0.25,
              "qualification_effect": "gci_gates_require_asymptotic_pass_metric_evidence",
              "qualification_tolerance": 0.02,
              "refinement_ratio": 2.0,
              "schema_version": "kyuubiki.composite-thermal-convergence-regime/v1",
              "status": "fail"
            },
            "samples": [
              {
                "displacement_relative_change": null,
                "element_count": 3,
                "elements_per_original_element": 1,
                "max_displacement_m": 4.444029006150617e-7,
                "max_von_mises_stress_pa": 197402.0393297783,
                "node_count": 8,
                "peak_stress_relative_change": null,
                "strain_energy_relative_change": null,
                "total_strain_energy_j": 5.766494204356068e-7
              },
              {
                "displacement_relative_change": 0.037366158979468565,
                "element_count": 12,
                "elements_per_original_element": 2,
                "max_displacement_m": 4.277972711797423e-7,
                "max_von_mises_stress_pa": 342473.33859288046,
                "node_count": 21,
                "peak_stress_relative_change": 0.42359881168898095,
                "strain_energy_relative_change": 0.34378882493264223,
                "total_strain_energy_j": 3.784037937859604e-7
              },
              {
                "displacement_relative_change": 6.380791312768757e-6,
                "element_count": 48,
                "elements_per_original_element": 4,
                "max_displacement_m": 4.2780000088227154e-7,
                "max_von_mises_stress_pa": 483536.56243772653,
                "node_count": 65,
                "peak_stress_relative_change": 0.29173228004451734,
                "strain_energy_relative_change": 0.2473302185447331,
                "total_strain_energy_j": 2.848131007707227e-7
              },
              {
                "displacement_relative_change": 0.0039112814356500256,
                "element_count": 192,
                "elements_per_original_element": 8,
                "max_displacement_m": 4.294798173187367e-7,
                "max_von_mises_stress_pa": 653127.5491900292,
                "node_count": 225,
                "peak_stress_relative_change": 0.25965982749100003,
                "strain_energy_relative_change": 0.13188575953897003,
                "total_strain_energy_j": 2.472503086489267e-7
              }
            ],
            "schema_version": "kyuubiki.composite-thermal-mesh-convergence/v1",
            "status": "fail"
          },
          "thermal_stress_recovery": {
            "convergence_tolerance": 0.02,
            "diagnostic_metrics": [
              "max_stress_pa",
              "max_to_p95_ratio"
            ],
            "finest_pair_max_relative_change": 0.25965982749100003,
            "finest_pair_p95_relative_change": 0.2976659981630652,
            "finest_pair_rms_relative_change": 0.01614803541783501,
            "method": "uniform_mesh_element_area_weighted_von_mises_p95_and_rms",
            "pass_metrics": [
              "area_weighted_rms_stress_pa",
              "area_weighted_p95_stress_pa"
            ],
            "refinement_levels": [
              1,
              2,
              4,
              8
            ],
            "samples": [
              {
                "element_count": 3,
                "elements_per_original_element": 1,
                "max_relative_change": null,
                "p95_relative_change": null,
                "rms_relative_change": null,
                "statistics": {
                  "area_weighted_mean_stress_pa": 69403.01556864682,
                  "area_weighted_p95_stress_pa": 197402.0393297783,
                  "area_weighted_rms_stress_pa": 114087.52634684344,
                  "max_stress_pa": 197402.0393297783,
                  "max_to_p95_ratio": 1.0
                }
              },
              {
                "element_count": 12,
                "elements_per_original_element": 2,
                "max_relative_change": 0.42359881168898095,
                "p95_relative_change": 0.42359881168898095,
                "rms_relative_change": 0.19651534448162333,
                "statistics": {
                  "area_weighted_mean_stress_pa": 70225.47656613479,
                  "area_weighted_p95_stress_pa": 342473.33859288046,
                  "area_weighted_rms_stress_pa": 141990.92112498236,
                  "max_stress_pa": 342473.33859288046,
                  "max_to_p95_ratio": 1.0
                }
              },
              {
                "element_count": 48,
                "elements_per_original_element": 4,
                "max_relative_change": 0.29173228004451734,
                "p95_relative_change": 0.24521964595022216,
                "rms_relative_change": 0.021383516433274137,
                "statistics": {
                  "area_weighted_mean_stress_pa": 55442.70508094979,
                  "area_weighted_p95_stress_pa": 453739.0735666847,
                  "area_weighted_rms_stress_pa": 138954.65592973056,
                  "max_stress_pa": 483536.56243772653,
                  "max_to_p95_ratio": 1.0656709783374267
                }
              },
              {
                "element_count": 192,
                "elements_per_original_element": 8,
                "max_relative_change": 0.25965982749100003,
                "p95_relative_change": 0.2976659981630652,
                "rms_relative_change": 0.01614803541783501,
                "statistics": {
                  "area_weighted_mean_stress_pa": 50889.326615843354,
                  "area_weighted_p95_stress_pa": 318676.379327873,
                  "area_weighted_rms_stress_pa": 136710.8112243042,
                  "max_stress_pa": 653127.5491900292,
                  "max_to_p95_ratio": 2.049500972012906
                }
              }
            ],
            "schema_version": "kyuubiki.composite-thermal-stress-recovery/v1",
            "status": "fail"
          }
        },
        "status": "completed"
      },
      "requires_confirmation": false
    }
  ]
}
