{
  "schema_version": "kyuubiki.headless-execution-run/v1",
  "workflow_id": "template.material_composite_thermo_electric_panel_screening",
  "mode": "execute:service",
  "status": "ok",
  "executed_step_count": 9,
  "warning_count": 0,
  "blocked_by_confirmation": null,
  "validation": {
    "ok": true,
    "issue_count": 0,
    "issues": [],
    "warning_count": 0,
    "warnings": [],
    "summary": {
      "schema_version": "kyuubiki.headless-execution-batch/v1",
      "workflow_id": "template.material_composite_thermo_electric_panel_screening",
      "template_id": "material_composite_thermo_electric_panel_screening",
      "exported_at": "1970-01-01T00:00:00.000Z",
      "language": "en",
      "step_count": 9,
      "warning_count": 0,
      "actions": [
        "solve_composite_thermo_electric_panel",
        "job_wait",
        "result_fetch",
        "solve_composite_thermo_electric_panel",
        "job_wait",
        "result_fetch",
        "solve_composite_thermo_electric_panel",
        "job_wait",
        "result_fetch"
      ]
    },
    "policy": {
      "required_engines": [
        "service"
      ],
      "engine_counts": {
        "browser": 0,
        "service": 9
      },
      "risk_counts": {
        "sensitive": 0,
        "normal": 9,
        "destructive": 0
      },
      "recommended_runtime": "service_only",
      "needs_desktop_browser": false,
      "safe_for_service_only": true,
      "notes": []
    }
  },
  "execution_summary": {
    "schema_version": "kyuubiki.headless-execution-summary/v1",
    "job_count": 3,
    "job_ids": [
      "5947220e471424ff",
      "c51056c6d428ec12",
      "9872ffbd992a7510"
    ],
    "jobs": [
      {
        "job_id": "5947220e471424ff",
        "status": "completed",
        "worker_id": "rust-agent-rpc@127.0.0.1:5001",
        "phase": "execution",
        "created_at": "2026-08-13T10:22:56.784076Z",
        "execution_started_at": "2026-08-13T10:22:56.788708Z",
        "updated_at": "2026-08-13T10:23:06.844371Z",
        "queue_wait_ms": 4,
        "execution_elapsed_ms": 10055,
        "total_elapsed_ms": 10060,
        "effective_timeout_ms": 120000,
        "effective_deadline": "2026-08-13T10:24:56.788708Z"
      },
      {
        "job_id": "c51056c6d428ec12",
        "status": "completed",
        "worker_id": "rust-agent-rpc@127.0.0.1:5002",
        "phase": "execution",
        "created_at": "2026-08-13T10:23:06.980889Z",
        "execution_started_at": "2026-08-13T10:23:06.997529Z",
        "updated_at": "2026-08-13T10:23:17.076091Z",
        "queue_wait_ms": 16,
        "execution_elapsed_ms": 10078,
        "total_elapsed_ms": 10095,
        "effective_timeout_ms": 120000,
        "effective_deadline": "2026-08-13T10:25:06.997529Z"
      },
      {
        "job_id": "9872ffbd992a7510",
        "status": "completed",
        "worker_id": "rust-agent-rpc@127.0.0.1:5001",
        "phase": "execution",
        "created_at": "2026-08-13T10:23:17.157374Z",
        "execution_started_at": "2026-08-13T10:23:17.160931Z",
        "updated_at": "2026-08-13T10:23:25.221897Z",
        "queue_wait_ms": 3,
        "execution_elapsed_ms": 8060,
        "total_elapsed_ms": 8064,
        "effective_timeout_ms": 120000,
        "effective_deadline": "2026-08-13T10:25:17.160931Z"
      }
    ],
    "failure": null
  },
  "steps": [
    {
      "index": 1,
      "action": "solve_composite_thermo_electric_panel",
      "risk": "normal",
      "status": "executed",
      "payload": {
        "electric_conduction_feedback": {
          "parameter_source": "screening_reference_not_material_card",
          "regions": [
            {
              "element_id": "conductor_left",
              "reference_resistivity_ohm_m": 1.68e-8,
              "reference_temperature_c": 35.0,
              "resistivity_temperature_coefficient_1_k": 0.00393
            }
          ]
        },
        "electric_conduction_model": {
          "contact_interfaces": [],
          "elements": [
            {
              "electrical_conductivity_s_m": 59523809.523809515,
              "id": "conductor_left",
              "node_i": 0,
              "node_j": 1,
              "node_k": 2,
              "node_l": 3,
              "thickness": 0.001
            }
          ],
          "nodes": [
            {
              "current_source_a": 0.0,
              "electric_potential_v": 0.0,
              "fix_electric_potential": true,
              "id": "n0",
              "x": 0.0,
              "y": 0.0
            },
            {
              "current_source_a": 0.0,
              "electric_potential_v": 0.000033600000000000004,
              "fix_electric_potential": true,
              "id": "n1",
              "x": 0.03,
              "y": 0.0
            },
            {
              "current_source_a": 0.0,
              "electric_potential_v": 0.000033600000000000004,
              "fix_electric_potential": true,
              "id": "n5",
              "x": 0.03,
              "y": 0.03
            },
            {
              "current_source_a": 0.0,
              "electric_potential_v": 0.0,
              "fix_electric_potential": true,
              "id": "n4",
              "x": 0.0,
              "y": 0.03
            }
          ],
          "terminals": []
        },
        "electrostatic_model": {
          "elements": [
            {
              "id": "conductor_left",
              "node_i": 0,
              "node_j": 1,
              "node_k": 5,
              "node_l": 4,
              "permittivity": 1.0,
              "thickness": 0.001
            },
            {
              "id": "dielectric_core",
              "node_i": 1,
              "node_j": 2,
              "node_k": 6,
              "node_l": 5,
              "permittivity": 3.4,
              "thickness": 0.001
            },
            {
              "id": "substrate_right",
              "node_i": 2,
              "node_j": 3,
              "node_k": 7,
              "node_l": 6,
              "permittivity": 4.2,
              "thickness": 0.001
            }
          ],
          "nodes": [
            {
              "charge_density": 0.0,
              "fix_potential": true,
              "id": "n0",
              "potential": 0.0,
              "x": 0.0,
              "y": 0.0
            },
            {
              "charge_density": 0.0,
              "fix_potential": false,
              "id": "n1",
              "potential": 0.0,
              "x": 0.03,
              "y": 0.0
            },
            {
              "charge_density": 0.0,
              "fix_potential": false,
              "id": "n2",
              "potential": 0.0,
              "x": 0.06,
              "y": 0.0
            },
            {
              "charge_density": 0.0,
              "fix_potential": true,
              "id": "n3",
              "potential": 1863,
              "x": 0.09,
              "y": 0.0
            },
            {
              "charge_density": 0.0,
              "fix_potential": true,
              "id": "n4",
              "potential": 0.0,
              "x": 0.0,
              "y": 0.03
            },
            {
              "charge_density": 0.0,
              "fix_potential": false,
              "id": "n5",
              "potential": 0.0,
              "x": 0.03,
              "y": 0.03
            },
            {
              "charge_density": 0.0,
              "fix_potential": false,
              "id": "n6",
              "potential": 0.0,
              "x": 0.06,
              "y": 0.03
            },
            {
              "charge_density": 0.0,
              "fix_potential": true,
              "id": "n7",
              "potential": 1863,
              "x": 0.09,
              "y": 0.03
            }
          ]
        },
        "electrothermal_feedback": {
          "conductivity_relative_change_tolerance": 1e-9,
          "loss_relative_change_tolerance": 1e-9,
          "loss_tangent_temperature_coefficient_1_k": 0.001,
          "max_iterations": 12,
          "parameter_source": "screening_sensitivity_not_material_card",
          "relative_permittivity_temperature_coefficient_1_k": 0.0001,
          "relaxation_factor": 0.8,
          "temperature_residual_tolerance_c": 1e-7,
          "thermal_conductivity_models": [
            {
              "element_id": "conductor_left",
              "reference_temperature_c": 35.0,
              "temperature_coefficient_1_k": -0.001
            },
            {
              "element_id": "dielectric_core",
              "reference_temperature_c": 35.0,
              "temperature_coefficient_1_k": -0.002
            },
            {
              "element_id": "substrate_right",
              "reference_temperature_c": 35.0,
              "temperature_coefficient_1_k": -0.0012
            }
          ]
        },
        "electrothermal_loss": {
          "frequency_hz": 10000000.0,
          "loss_tangent": 0.008,
          "reference_temperature_c": 35.0,
          "relative_permittivity": 3.4,
          "source_element_id": "dielectric_core"
        },
        "heat_model": {
          "elements": [
            {
              "conductivity": 390.0,
              "id": "conductor_left",
              "node_i": 0,
              "node_j": 1,
              "node_k": 5,
              "node_l": 4,
              "thickness": 0.001
            },
            {
              "conductivity": 0.25,
              "id": "dielectric_core",
              "node_i": 1,
              "node_j": 2,
              "node_k": 6,
              "node_l": 5,
              "thickness": 0.001
            },
            {
              "conductivity": 160.0,
              "id": "substrate_right",
              "node_i": 2,
              "node_j": 3,
              "node_k": 7,
              "node_l": 6,
              "thickness": 0.001
            }
          ],
          "nodes": [
            {
              "fix_temperature": false,
              "heat_load": 0.0,
              "id": "n0",
              "temperature": 35.0,
              "x": 0.0,
              "y": 0.0
            },
            {
              "fix_temperature": false,
              "heat_load": 0.0,
              "id": "n1",
              "temperature": 35.0,
              "x": 0.03,
              "y": 0.0
            },
            {
              "fix_temperature": false,
              "heat_load": 0.0,
              "id": "n2",
              "temperature": 35.0,
              "x": 0.06,
              "y": 0.0
            },
            {
              "fix_temperature": true,
              "heat_load": 0.0,
              "id": "n3",
              "temperature": 35.0,
              "x": 0.09,
              "y": 0.0
            },
            {
              "fix_temperature": false,
              "heat_load": 0.0,
              "id": "n4",
              "temperature": 35.0,
              "x": 0.0,
              "y": 0.03
            },
            {
              "fix_temperature": false,
              "heat_load": 0.0,
              "id": "n5",
              "temperature": 35.0,
              "x": 0.03,
              "y": 0.03
            },
            {
              "fix_temperature": false,
              "heat_load": 0.0,
              "id": "n6",
              "temperature": 35.0,
              "x": 0.06,
              "y": 0.03
            },
            {
              "fix_temperature": true,
              "heat_load": 0.0,
              "id": "n7",
              "temperature": 35.0,
              "x": 0.09,
              "y": 0.03
            }
          ]
        },
        "research": {
          "candidate_id": "copper_polyimide_aluminum",
          "candidate_label": "Copper / Polyimide / Aluminum",
          "coupling": "iterative_dielectric_and_conductor_joule_heating_with_temperature_dependent_electrical_thermal_feedback_and_expansion_projection",
          "materials": {
            "conductor": "copper",
            "dielectric": "polyimide",
            "substrate": "aluminum_6061"
          },
          "study": "material.composite_thermo_electric_panel.v1"
        },
        "thermal_expansion_feedback": {
          "parameter_source": "screening_sensitivity_not_material_card",
          "regions": [
            {
              "element_id": "conductor_left",
              "reference_temperature_c": 35.0,
              "temperature_coefficient_1_k": 0.0002
            },
            {
              "element_id": "dielectric_core",
              "reference_temperature_c": 35.0,
              "temperature_coefficient_1_k": 0.0008
            },
            {
              "element_id": "substrate_right",
              "reference_temperature_c": 35.0,
              "temperature_coefficient_1_k": 0.0003
            }
          ]
        },
        "thermal_model": {
          "elements": [
            {
              "id": "conductor_left",
              "node_i": 0,
              "node_j": 1,
              "node_k": 5,
              "node_l": 4,
              "poisson_ratio": 0.32,
              "thermal_expansion": 0.000017,
              "thickness": 0.001,
              "youngs_modulus": 110000000000.0
            },
            {
              "id": "dielectric_core",
              "node_i": 1,
              "node_j": 2,
              "node_k": 6,
              "node_l": 5,
              "poisson_ratio": 0.32,
              "thermal_expansion": 0.000045,
              "thickness": 0.001,
              "youngs_modulus": 2500000000.0
            },
            {
              "id": "substrate_right",
              "node_i": 2,
              "node_j": 3,
              "node_k": 7,
              "node_l": 6,
              "poisson_ratio": 0.32,
              "thermal_expansion": 0.0000236,
              "thickness": 0.001,
              "youngs_modulus": 68900000000.0
            }
          ],
          "nodes": [
            {
              "fix_x": true,
              "fix_y": true,
              "id": "n0",
              "load_x": 0.0,
              "load_y": 0.0,
              "temperature_delta": 0.0,
              "x": 0.0,
              "y": 0.0
            },
            {
              "fix_x": false,
              "fix_y": false,
              "id": "n1",
              "load_x": 0.0,
              "load_y": 0.0,
              "temperature_delta": 0.0,
              "x": 0.03,
              "y": 0.0
            },
            {
              "fix_x": false,
              "fix_y": false,
              "id": "n2",
              "load_x": 0.0,
              "load_y": 0.0,
              "temperature_delta": 0.0,
              "x": 0.06,
              "y": 0.0
            },
            {
              "fix_x": false,
              "fix_y": false,
              "id": "n3",
              "load_x": 0.0,
              "load_y": 0.0,
              "temperature_delta": 0.0,
              "x": 0.09,
              "y": 0.0
            },
            {
              "fix_x": true,
              "fix_y": true,
              "id": "n4",
              "load_x": 0.0,
              "load_y": 0.0,
              "temperature_delta": 0.0,
              "x": 0.0,
              "y": 0.03
            },
            {
              "fix_x": false,
              "fix_y": false,
              "id": "n5",
              "load_x": 0.0,
              "load_y": 0.0,
              "temperature_delta": 0.0,
              "x": 0.03,
              "y": 0.03
            },
            {
              "fix_x": false,
              "fix_y": false,
              "id": "n6",
              "load_x": 0.0,
              "load_y": 0.0,
              "temperature_delta": 0.0,
              "x": 0.06,
              "y": 0.03
            },
            {
              "fix_x": false,
              "fix_y": false,
              "id": "n7",
              "load_x": 0.0,
              "load_y": 0.0,
              "temperature_delta": 0.0,
              "x": 0.09,
              "y": 0.03
            }
          ]
        }
      },
      "result_preview": {
        "job": {
          "created_at": "2026-08-13T10:22:56.784076Z",
          "execution_started_at": null,
          "execution_timeout_ms": 120000,
          "has_result": false,
          "iteration": null,
          "job_id": "5947220e471424ff",
          "message": null,
          "model_version_id": null,
          "progress": 0.0,
          "project_id": "85ab31d75ae151ab",
          "queue_timeout_ms": 1800000,
          "residual": null,
          "simulation_case_id": "46a657a4b10fb510",
          "status": "queued",
          "status_detail": {
            "active": true,
            "failure_class": null,
            "lifecycle": "active",
            "recoverable": false,
            "terminal": false,
            "timing": {
              "effective_deadline": "2026-08-13T10:52:56.784076Z",
              "effective_timeout_ms": 1800000,
              "execution_elapsed_ms": null,
              "execution_started_at": null,
              "execution_timeout_ms": 120000,
              "job_submission_deadline": "2026-08-13T10:52:56.784076Z",
              "phase": "queue",
              "queue_timeout_ms": 1800000,
              "queue_wait_ms": 0,
              "total_elapsed_ms": 0
            }
          },
          "updated_at": "2026-08-13T10:22:56.784076Z",
          "worker_id": null
        },
        "job_id": "5947220e471424ff",
        "progress": 0.0,
        "raw": {
          "job": {
            "created_at": "2026-08-13T10:22:56.784076Z",
            "execution_started_at": null,
            "execution_timeout_ms": 120000,
            "has_result": false,
            "iteration": null,
            "job_id": "5947220e471424ff",
            "message": null,
            "model_version_id": null,
            "progress": 0.0,
            "project_id": "85ab31d75ae151ab",
            "queue_timeout_ms": 1800000,
            "residual": null,
            "simulation_case_id": "46a657a4b10fb510",
            "status": "queued",
            "status_detail": {
              "active": true,
              "failure_class": null,
              "lifecycle": "active",
              "recoverable": false,
              "terminal": false,
              "timing": {
                "effective_deadline": "2026-08-13T10:52:56.784076Z",
                "effective_timeout_ms": 1800000,
                "execution_elapsed_ms": null,
                "execution_started_at": null,
                "execution_timeout_ms": 120000,
                "job_submission_deadline": "2026-08-13T10:52:56.784076Z",
                "phase": "queue",
                "queue_timeout_ms": 1800000,
                "queue_wait_ms": 0,
                "total_elapsed_ms": 0
              }
            },
            "updated_at": "2026-08-13T10:22:56.784076Z",
            "worker_id": null
          }
        },
        "status": "queued"
      },
      "requires_confirmation": false
    },
    {
      "index": 2,
      "action": "job_wait",
      "risk": "normal",
      "status": "executed",
      "payload": {
        "interval_ms": 1000,
        "job_id": "5947220e471424ff",
        "max_total_timeout_ms": 3600000,
        "resume_policy": "server_deadline",
        "timeout_ms": 60000
      },
      "result_preview": {
        "job": {
          "created_at": "2026-08-13T10:22:56.784076Z",
          "execution_started_at": "2026-08-13T10:22:56.788708Z",
          "execution_timeout_ms": 120000,
          "iteration": 4,
          "job_id": "5947220e471424ff",
          "message": "collecting nodal and elemental responses",
          "model_version_id": null,
          "progress": 1.0,
          "project_id": "85ab31d75ae151ab",
          "queue_timeout_ms": 1800000,
          "residual": 0.2,
          "simulation_case_id": "46a657a4b10fb510",
          "status": "completed",
          "status_detail": {
            "active": false,
            "failure_class": null,
            "lifecycle": "terminal",
            "recoverable": false,
            "terminal": true,
            "timing": {
              "effective_deadline": "2026-08-13T10:24:56.788708Z",
              "effective_timeout_ms": 120000,
              "execution_elapsed_ms": 10055,
              "execution_started_at": "2026-08-13T10:22:56.788708Z",
              "execution_timeout_ms": 120000,
              "job_submission_deadline": "2026-08-13T10:52:56.784076Z",
              "phase": "execution",
              "queue_timeout_ms": 1800000,
              "queue_wait_ms": 4,
              "total_elapsed_ms": 10060
            }
          },
          "updated_at": "2026-08-13T10:23:06.844371Z",
          "worker_id": "rust-agent-rpc@127.0.0.1:5001"
        },
        "job_id": "5947220e471424ff",
        "progress": 1.0,
        "raw": {
          "job": {
            "created_at": "2026-08-13T10:22:56.784076Z",
            "execution_started_at": "2026-08-13T10:22:56.788708Z",
            "execution_timeout_ms": 120000,
            "iteration": 4,
            "job_id": "5947220e471424ff",
            "message": "collecting nodal and elemental responses",
            "model_version_id": null,
            "progress": 1.0,
            "project_id": "85ab31d75ae151ab",
            "queue_timeout_ms": 1800000,
            "residual": 0.2,
            "simulation_case_id": "46a657a4b10fb510",
            "status": "completed",
            "status_detail": {
              "active": false,
              "failure_class": null,
              "lifecycle": "terminal",
              "recoverable": false,
              "terminal": true,
              "timing": {
                "effective_deadline": "2026-08-13T10:24:56.788708Z",
                "effective_timeout_ms": 120000,
                "execution_elapsed_ms": 10055,
                "execution_started_at": "2026-08-13T10:22:56.788708Z",
                "execution_timeout_ms": 120000,
                "job_submission_deadline": "2026-08-13T10:52:56.784076Z",
                "phase": "execution",
                "queue_timeout_ms": 1800000,
                "queue_wait_ms": 4,
                "total_elapsed_ms": 10060
              }
            },
            "updated_at": "2026-08-13T10:23:06.844371Z",
            "worker_id": "rust-agent-rpc@127.0.0.1:5001"
          }
        },
        "result": null,
        "status": "completed",
        "wait": {
          "elapsed_ms": 10168,
          "policy": "server_deadline",
          "poll_attempts": 11,
          "resume_count": 0
        }
      },
      "requires_confirmation": false
    },
    {
      "index": 3,
      "action": "result_fetch",
      "risk": "normal",
      "status": "executed",
      "payload": {
        "job_id": "5947220e471424ff"
      },
      "result_preview": {
        "job": {
          "created_at": "2026-08-13T10:22:56.784076Z",
          "execution_started_at": "2026-08-13T10:22:56.788708Z",
          "execution_timeout_ms": 120000,
          "has_result": true,
          "iteration": 4,
          "job_id": "5947220e471424ff",
          "message": "collecting nodal and elemental responses",
          "model_version_id": null,
          "progress": 1.0,
          "project_id": "85ab31d75ae151ab",
          "queue_timeout_ms": 1800000,
          "residual": 0.2,
          "simulation_case_id": "46a657a4b10fb510",
          "status": "completed",
          "status_detail": {
            "active": false,
            "failure_class": null,
            "lifecycle": "terminal",
            "recoverable": false,
            "terminal": true,
            "timing": {
              "effective_deadline": "2026-08-13T10:24:56.788708Z",
              "effective_timeout_ms": 120000,
              "execution_elapsed_ms": 10055,
              "execution_started_at": "2026-08-13T10:22:56.788708Z",
              "execution_timeout_ms": 120000,
              "job_submission_deadline": "2026-08-13T10:52:56.784076Z",
              "phase": "execution",
              "queue_timeout_ms": 1800000,
              "queue_wait_ms": 4,
              "total_elapsed_ms": 10060
            }
          },
          "updated_at": "2026-08-13T10:23:06.844371Z",
          "worker_id": "rust-agent-rpc@127.0.0.1:5001"
        },
        "job_id": "5947220e471424ff",
        "result": {
          "electric_conduction": {
            "contact_interfaces": [],
            "current_balance_relative_error": 0.0,
            "elements": [
              {
                "area_m2": 0.0009,
                "average_electric_potential_v": 0.000016800000000000002,
                "current_density_magnitude_a_m2": 65591.11943314094,
                "current_density_x_a_m2": -65591.11943314094,
                "current_density_y_a_m2": -0.0,
                "electric_field_magnitude_v_m": 0.00112,
                "electric_field_x_v_m": -0.00112,
                "electric_field_y_v_m": -0.0,
                "electric_potential_gradient_x_v_m": 0.00112,
                "electric_potential_gradient_y_v_m": 0.0,
                "id": "conductor_left",
                "index": 0,
                "joule_power_w": 0.00006611584838860606,
                "node_i": 0,
                "node_j": 1,
                "node_k": 2,
                "node_l": 3,
                "peak_current_density_magnitude_a_m2": 65591.11943314094,
                "peak_electric_field_magnitude_v_m": 0.00112,
                "rms_current_density_magnitude_a_m2": 65591.11943314094,
                "rms_electric_field_magnitude_v_m": 0.00112,
                "volumetric_joule_heating_w_m3": 73.46205376511784
              }
            ],
            "free_current_residual_relative_error": 0.0,
            "input": {
              "contact_interfaces": [],
              "elements": [
                {
                  "electrical_conductivity_s_m": 58563499.493875824,
                  "id": "conductor_left",
                  "node_i": 0,
                  "node_j": 1,
                  "node_k": 2,
                  "node_l": 3,
                  "thickness": 0.001
                }
              ],
              "nodes": [
                {
                  "current_source_a": 0.0,
                  "electric_potential_v": 0.0,
                  "fix_electric_potential": true,
                  "id": "n0",
                  "x": 0.0,
                  "y": 0.0
                },
                {
                  "current_source_a": 0.0,
                  "electric_potential_v": 0.000033600000000000004,
                  "fix_electric_potential": true,
                  "id": "n1",
                  "x": 0.03,
                  "y": 0.0
                },
                {
                  "current_source_a": 0.0,
                  "electric_potential_v": 0.000033600000000000004,
                  "fix_electric_potential": true,
                  "id": "n5",
                  "x": 0.03,
                  "y": 0.03
                },
                {
                  "current_source_a": 0.0,
                  "electric_potential_v": 0.0,
                  "fix_electric_potential": true,
                  "id": "n4",
                  "x": 0.0,
                  "y": 0.03
                }
              ],
              "terminals": []
            },
            "max_current_density_a_m2": 65591.11943314094,
            "max_electric_field_v_m": 0.00112,
            "max_electric_potential_v": 0.000033600000000000004,
            "max_free_current_residual_a": 0.0,
            "nodes": [
              {
                "current_source_a": 0.0,
                "electric_potential_v": 0.0,
                "fix_electric_potential": true,
                "id": "n0",
                "index": 0,
                "net_injected_current_a": -0.983866791497114,
                "reaction_current_a": -0.983866791497114,
                "x": 0.0,
                "y": 0.0
              },
              {
                "current_source_a": 0.0,
                "electric_potential_v": 0.000033600000000000004,
                "fix_electric_potential": true,
                "id": "n1",
                "index": 1,
                "net_injected_current_a": 0.983866791497114,
                "reaction_current_a": 0.983866791497114,
                "x": 0.03,
                "y": 0.0
              },
              {
                "current_source_a": 0.0,
                "electric_potential_v": 0.000033600000000000004,
                "fix_electric_potential": true,
                "id": "n5",
                "index": 2,
                "net_injected_current_a": 0.983866791497114,
                "reaction_current_a": 0.983866791497114,
                "x": 0.03,
                "y": 0.03
              },
              {
                "current_source_a": 0.0,
                "electric_potential_v": 0.0,
                "fix_electric_potential": true,
                "id": "n4",
                "index": 3,
                "net_injected_current_a": -0.983866791497114,
                "reaction_current_a": -0.983866791497114,
                "x": 0.0,
                "y": 0.03
              }
            ],
            "power_balance_relative_error": 2.0498152086640014e-16,
            "source_power_balance_relative_error": 2.0498152086640014e-16,
            "terminals": [],
            "total_bulk_joule_power_w": 0.00006611584838860606,
            "total_contact_joule_power_w": -0.0,
            "total_dissipated_power_w": 0.00006611584838860606,
            "total_electrical_input_power_w": 0.00006611584838860607,
            "total_extracted_current_a": 1.967733582994228,
            "total_injected_current_a": 1.967733582994228,
            "total_joule_power_w": 0.00006611584838860606,
            "total_source_power_w": 0.00006611584838860607,
            "total_terminal_impedance_power_w": -0.0
          },
          "electrostatic": {
            "elements": [
              {
                "area": 0.0009,
                "average_potential": 607.9686560639536,
                "electric_energy_density": 821390859.4582443,
                "electric_field_magnitude": 40531.24373759691,
                "electric_field_x": -40531.24373759691,
                "electric_field_y": -0.0,
                "electric_flux_density_magnitude": 40531.24373759691,
                "electric_flux_density_x": -40531.24373759691,
                "electric_flux_density_y": -0.0,
                "id": "conductor_left",
                "index": 0,
                "node_i": 0,
                "node_j": 1,
                "node_k": 5,
                "node_l": 4,
                "potential_gradient_x": 40531.24373759691,
                "potential_gradient_y": 0.0,
                "stored_energy": 739.25177351242
              },
              {
                "area": 0.0009,
                "average_potential": 1394.714214143965,
                "electric_energy_density": 241535006.34217712,
                "electric_field_magnitude": 11918.460134403838,
                "electric_field_x": -11918.460134403838,
                "electric_field_y": -0.0,
                "electric_flux_density_magnitude": 40531.24373759693,
                "electric_flux_density_x": -40531.24373759693,
                "electric_flux_density_y": -0.0,
                "id": "dielectric_core",
                "index": 1,
                "node_i": 1,
                "node_j": 2,
                "node_k": 6,
                "node_l": 5,
                "potential_gradient_x": 11918.460134403838,
                "potential_gradient_y": 0.0,
                "stored_energy": 217.3815057079594
              },
              {
                "area": 0.0009,
                "average_potential": 1718.245558080011,
                "electric_energy_density": 195569252.2519628,
                "electric_field_magnitude": 9650.29612799926,
                "electric_field_x": -9650.29612799926,
                "electric_field_y": -0.0,
                "electric_flux_density_magnitude": 40531.243737596895,
                "electric_flux_density_x": -40531.243737596895,
                "electric_flux_density_y": -0.0,
                "id": "substrate_right",
                "index": 2,
                "node_i": 2,
                "node_j": 3,
                "node_k": 7,
                "node_l": 6,
                "potential_gradient_x": 9650.29612799926,
                "potential_gradient_y": 0.0,
                "stored_energy": 176.01232702676649
              }
            ],
            "input": {
              "elements": [
                {
                  "id": "conductor_left",
                  "node_i": 0,
                  "node_j": 1,
                  "node_k": 5,
                  "node_l": 4,
                  "permittivity": 1.0,
                  "thickness": 0.001
                },
                {
                  "id": "dielectric_core",
                  "node_i": 1,
                  "node_j": 2,
                  "node_k": 6,
                  "node_l": 5,
                  "permittivity": 3.400711440951957,
                  "thickness": 0.001
                },
                {
                  "id": "substrate_right",
                  "node_i": 2,
                  "node_j": 3,
                  "node_k": 7,
                  "node_l": 6,
                  "permittivity": 4.2,
                  "thickness": 0.001
                }
              ],
              "nodes": [
                {
                  "charge_density": 0.0,
                  "fix_potential": true,
                  "id": "n0",
                  "potential": 0.0,
                  "x": 0.0,
                  "y": 0.0
                },
                {
                  "charge_density": 0.0,
                  "fix_potential": false,
                  "id": "n1",
                  "potential": 0.0,
                  "x": 0.03,
                  "y": 0.0
                },
                {
                  "charge_density": 0.0,
                  "fix_potential": false,
                  "id": "n2",
                  "potential": 0.0,
                  "x": 0.06,
                  "y": 0.0
                },
                {
                  "charge_density": 0.0,
                  "fix_potential": true,
                  "id": "n3",
                  "potential": 1863.0,
                  "x": 0.09,
                  "y": 0.0
                },
                {
                  "charge_density": 0.0,
                  "fix_potential": true,
                  "id": "n4",
                  "potential": 0.0,
                  "x": 0.0,
                  "y": 0.03
                },
                {
                  "charge_density": 0.0,
                  "fix_potential": false,
                  "id": "n5",
                  "potential": 0.0,
                  "x": 0.03,
                  "y": 0.03
                },
                {
                  "charge_density": 0.0,
                  "fix_potential": false,
                  "id": "n6",
                  "potential": 0.0,
                  "x": 0.06,
                  "y": 0.03
                },
                {
                  "charge_density": 0.0,
                  "fix_potential": true,
                  "id": "n7",
                  "potential": 1863.0,
                  "x": 0.09,
                  "y": 0.03
                }
              ]
            },
            "max_electric_energy_density": 821390859.4582443,
            "max_electric_field": 40531.24373759691,
            "max_flux_density": 40531.24373759693,
            "max_potential": 1863.0,
            "nodes": [
              {
                "charge_density": 0.0,
                "id": "n0",
                "index": 0,
                "potential": 0.0,
                "x": 0.0,
                "y": 0.0
              },
              {
                "charge_density": 0.0,
                "id": "n1",
                "index": 1,
                "potential": 1215.9373121279073,
                "x": 0.03,
                "y": 0.0
              },
              {
                "charge_density": 0.0,
                "id": "n2",
                "index": 2,
                "potential": 1573.4911161600223,
                "x": 0.06,
                "y": 0.0
              },
              {
                "charge_density": 0.0,
                "id": "n3",
                "index": 3,
                "potential": 1863.0,
                "x": 0.09,
                "y": 0.0
              },
              {
                "charge_density": 0.0,
                "id": "n4",
                "index": 4,
                "potential": 0.0,
                "x": 0.0,
                "y": 0.03
              },
              {
                "charge_density": 0.0,
                "id": "n5",
                "index": 5,
                "potential": 1215.9373121279073,
                "x": 0.03,
                "y": 0.03
              },
              {
                "charge_density": 0.0,
                "id": "n6",
                "index": 6,
                "potential": 1573.4911161600223,
                "x": 0.06,
                "y": 0.03
              },
              {
                "charge_density": 0.0,
                "id": "n7",
                "index": 7,
                "potential": 1863.0,
                "x": 0.09,
                "y": 0.03
              }
            ],
            "total_stored_energy": 1132.645606247146
          },
          "electrostatic_mesh_convergence": {
            "finest_pair_relative_change": 2.4153714683082256e-15,
            "max_analytic_relative_error": 1.0700000000000005,
            "method": "structured_quad_h_refinement",
            "refinement_levels": [
              1,
              2,
              4,
              8
            ],
            "relative_error_tolerance": 1e-8,
            "samples": [
              {
                "analytic_relative_error": 1.0700000000000005,
                "element_count": 3,
                "elements_per_layer": 1,
                "max_electric_field_v_m": 40531.24373759691,
                "node_count": 8,
                "relative_change_from_previous": null
              },
              {
                "analytic_relative_error": 3.7159561050895784e-16,
                "element_count": 6,
                "elements_per_layer": 2,
                "max_electric_field_v_m": 19580.310984346335,
                "node_count": 14,
                "relative_change_from_previous": 1.07
              },
              {
                "analytic_relative_error": 6.688720989161241e-15,
                "element_count": 12,
                "elements_per_layer": 4,
                "max_electric_field_v_m": 19580.31098434646,
                "node_count": 26,
                "relative_change_from_previous": 6.317125378652283e-15
              },
              {
                "analytic_relative_error": 9.104092457469466e-15,
                "element_count": 24,
                "elements_per_layer": 8,
                "max_electric_field_v_m": 19580.310984346503,
                "node_count": 50,
                "relative_change_from_previous": 2.4153714683082256e-15
              }
            ],
            "schema_version": "kyuubiki.composite-electrostatic-mesh-convergence/v1",
            "status": "fail"
          },
          "electrothermal_feedback_convergence": {
            "conductivity_relative_change_tolerance": 1e-9,
            "converged": false,
            "final_loss_relative_change": 1.3527106395097007e-10,
            "final_max_conductivity_relative_change": 4.1724790422036517e-10,
            "final_temperature_residual_c": 1.0565299390918881e-7,
            "iteration_count": 12,
            "iterations": [
              {
                "converged": false,
                "coupling_temperature_c": 35.0,
                "dielectric_mean_temperature_c": 37.082120838781606,
                "iteration": 1,
                "loss_relative_change": null,
                "loss_tangent": 0.008,
                "max_conductivity_relative_change": null,
                "max_temperature_c": 39.15181279514361,
                "relative_permittivity": 3.4,
                "temperature_residual_c": 4.151769718220535,
                "thermal_conductivity_updates": [
                  {
                    "conductivity_relative_change": null,
                    "conductivity_w_mk": 390.0,
                    "coupling_temperature_c": 35.0,
                    "element_id": "conductor_left",
                    "measured_mean_temperature_c": 39.151769718220535
                  },
                  {
                    "conductivity_relative_change": null,
                    "conductivity_w_mk": 0.25,
                    "coupling_temperature_c": 35.0,
                    "element_id": "dielectric_core",
                    "measured_mean_temperature_c": 37.082120838781606
                  },
                  {
                    "conductivity_relative_change": null,
                    "conductivity_w_mk": 160.0,
                    "coupling_temperature_c": 35.0,
                    "element_id": "substrate_right",
                    "measured_mean_temperature_c": 35.00625751813287
                  }
                ],
                "total_joule_loss_w": 0.0000672,
                "total_loss_w": 0.0019352058025169515
              },
              {
                "converged": false,
                "coupling_temperature_c": 36.66569667102529,
                "dielectric_mean_temperature_c": 37.09034926293032,
                "iteration": 2,
                "loss_relative_change": 0.0010780479345897048,
                "loss_tangent": 0.008013325573368204,
                "max_conductivity_relative_change": 0.0033313933420505704,
                "max_temperature_c": 39.168255249686915,
                "relative_permittivity": 3.4005663368681485,
                "temperature_residual_c": 0.8467968115289679,
                "thermal_conductivity_updates": [
                  {
                    "conductivity_relative_change": 0.0033214157745764905,
                    "conductivity_w_mk": 388.7046478479152,
                    "coupling_temperature_c": 38.32141577457643,
                    "element_id": "conductor_left",
                    "measured_mean_temperature_c": 39.1682125861054
                  },
                  {
                    "conductivity_relative_change": 0.0033313933420505704,
                    "conductivity_w_mk": 0.24916715166448736,
                    "coupling_temperature_c": 36.66569667102529,
                    "element_id": "dielectric_core",
                    "measured_mean_temperature_c": 37.09034926293032
                  },
                  {
                    "conductivity_relative_change": 6.007217407599797e-6,
                    "conductivity_w_mk": 159.99903884521478,
                    "coupling_temperature_c": 35.00500601450629,
                    "element_id": "substrate_right",
                    "measured_mean_temperature_c": 35.00626430166839
                  }
                ],
                "total_joule_loss_w": 0.00006633412972627796,
                "total_loss_w": 0.0019382303622302876
              },
              {
                "converged": false,
                "coupling_temperature_c": 37.00541874454932,
                "dielectric_mean_temperature_c": 37.09203962448739,
                "iteration": 3,
                "loss_relative_change": 0.00022095438604501167,
                "loss_tangent": 0.008016043349956394,
                "max_conductivity_relative_change": 0.0006817152085549686,
                "max_temperature_c": 39.171633023643395,
                "relative_permittivity": 3.4006818423731464,
                "temperature_residual_c": 0.1727372191474572,
                "thermal_conductivity_updates": [
                  {
                    "conductivity_relative_change": 0.0006796949989143829,
                    "conductivity_w_mk": 388.44044724271816,
                    "coupling_temperature_c": 38.99885322379961,
                    "element_id": "conductor_left",
                    "measured_mean_temperature_c": 39.171590442947064
                  },
                  {
                    "conductivity_relative_change": 0.0006817152085549686,
                    "conductivity_w_mk": 0.24899729062772535,
                    "coupling_temperature_c": 37.00541874454932,
                    "element_id": "dielectric_core",
                    "measured_mean_temperature_c": 37.09203962448739
                  },
                  {
                    "conductivity_relative_change": 1.207962932071032e-6,
                    "conductivity_w_mk": 159.9988455723067,
                    "coupling_temperature_c": 35.006012644235966,
                    "element_id": "substrate_right",
                    "measured_mean_temperature_c": 35.006265693362025
                  }
                ],
                "total_joule_loss_w": 0.00006616025890311363,
                "total_loss_w": 0.00193884715037006
              },
              {
                "converged": false,
                "coupling_temperature_c": 37.074715448499774,
                "dielectric_mean_temperature_c": 37.0923849273573,
                "iteration": 4,
                "loss_relative_change": 0.000045113921587219264,
                "loss_tangent": 0.008016597723587997,
                "max_conductivity_relative_change": 0.00013915152204228325,
                "max_temperature_c": 39.1723230272998,
                "relative_permittivity": 3.4007054032524895,
                "temperature_residual_c": 0.035237464335402535,
                "thermal_conductivity_updates": [
                  {
                    "conductivity_relative_change": 0.00013874459458737703,
                    "conductivity_w_mk": 388.38655323034413,
                    "coupling_temperature_c": 39.137042999117575,
                    "element_id": "conductor_left",
                    "measured_mean_temperature_c": 39.17228046345298
                  },
                  {
                    "conductivity_relative_change": 0.00013915152204228325,
                    "conductivity_w_mk": 0.2489626422757501,
                    "coupling_temperature_c": 37.074715448499774,
                    "element_id": "dielectric_core",
                    "measured_mean_temperature_c": 37.0923849273573
                  },
                  {
                    "conductivity_relative_change": 2.429289138279455e-7,
                    "conductivity_w_mk": 159.99880670396092,
                    "coupling_temperature_c": 35.006215083536816,
                    "element_id": "substrate_right",
                    "measured_mean_temperature_c": 35.00626597755423
                  }
                ],
                "total_joule_loss_w": 0.00006612490304093221,
                "total_loss_w": 0.001938972959979285
              },
              {
                "converged": false,
                "coupling_temperature_c": 37.0888510315858,
                "dielectric_mean_temperature_c": 37.09245538483121,
                "iteration": 5,
                "loss_relative_change": 9.204312295823842e-6,
                "loss_tangent": 0.008016710808252687,
                "max_conductivity_relative_change": 0.000028388964217246072,
                "max_temperature_c": 39.172463819417686,
                "relative_permittivity": 3.400710209350739,
                "temperature_residual_c": 0.007188288419762046,
                "thermal_conductivity_updates": [
                  {
                    "conductivity_relative_change": 0.000028307079071558544,
                    "conductivity_w_mk": 388.3755591414715,
                    "coupling_temperature_c": 39.1652329705859,
                    "element_id": "conductor_left",
                    "measured_mean_temperature_c": 39.17242125900566
                  },
                  {
                    "conductivity_relative_change": 0.000028388964217246072,
                    "conductivity_w_mk": 0.2489555744842071,
                    "coupling_temperature_c": 37.0888510315858,
                    "element_id": "dielectric_core",
                    "measured_mean_temperature_c": 37.09245538483121
                  },
                  {
                    "conductivity_relative_change": 4.8858621032965076e-8,
                    "conductivity_w_mk": 159.99879888663986,
                    "coupling_temperature_c": 35.00625579875074,
                    "element_id": "substrate_right",
                    "measured_mean_temperature_c": 35.006266035534395
                  }
                ],
                "total_joule_loss_w": 0.00006611769527510485,
                "total_loss_w": 0.0019389986232920273
              },
              {
                "converged": false,
                "coupling_temperature_c": 37.09173451418213,
                "dielectric_mean_temperature_c": 37.09246975801926,
                "iteration": 6,
                "loss_relative_change": 1.8776119706523003e-6,
                "loss_tangent": 0.008016733876113458,
                "max_conductivity_relative_change": 5.791158929328896e-6,
                "max_temperature_c": 39.17249254073914,
                "relative_permittivity": 3.400711189734822,
                "temperature_residual_c": 0.0014663797059881745,
                "thermal_conductivity_updates": [
                  {
                    "conductivity_relative_change": 5.774683638485301e-6,
                    "conductivity_w_mk": 388.37331639548455,
                    "coupling_temperature_c": 39.17098360132171,
                    "element_id": "conductor_left",
                    "measured_mean_temperature_c": 39.1724499810277
                  },
                  {
                    "conductivity_relative_change": 5.791158929328896e-6,
                    "conductivity_w_mk": 0.24895413274290892,
                    "coupling_temperature_c": 37.09173451418213,
                    "element_id": "dielectric_core",
                    "measured_mean_temperature_c": 37.09246975801926
                  },
                  {
                    "conductivity_relative_change": 9.827386071040822e-9,
                    "conductivity_w_mk": 159.9987973142699,
                    "coupling_temperature_c": 35.006263988177665,
                    "element_id": "substrate_right",
                    "measured_mean_temperature_c": 35.00626604736114
                  }
                ],
                "total_joule_loss_w": 0.00006611622511540111,
                "total_loss_w": 0.0019390038582821336
              },
              {
                "converged": false,
                "coupling_temperature_c": 37.09232270925184,
                "dielectric_mean_temperature_c": 37.09247268999911,
                "iteration": 7,
                "loss_relative_change": 3.830071526851422e-7,
                "loss_tangent": 0.008016738581674013,
                "max_conductivity_relative_change": 1.1813322061088634e-6,
                "max_temperature_c": 39.17249839958834,
                "relative_permittivity": 3.400711389721146,
                "temperature_residual_c": 0.00029913493330013807,
                "thermal_conductivity_updates": [
                  {
                    "conductivity_relative_change": 1.1780172555849978e-6,
                    "conductivity_w_mk": 388.3728588850162,
                    "coupling_temperature_c": 39.1721567050865,
                    "element_id": "conductor_left",
                    "measured_mean_temperature_c": 39.1724558400198
                  },
                  {
                    "conductivity_relative_change": 1.1813322061088634e-6,
                    "conductivity_w_mk": 0.24895383864537407,
                    "coupling_temperature_c": 37.09232270925184,
                    "element_id": "dielectric_core",
                    "measured_mean_temperature_c": 37.09247268999911
                  },
                  {
                    "conductivity_relative_change": 1.976830903605801e-9,
                    "conductivity_w_mk": 159.99879699797933,
                    "coupling_temperature_c": 35.00626563552444,
                    "element_id": "substrate_right",
                    "measured_mean_temperature_c": 35.00626604977349
                  }
                ],
                "total_joule_loss_w": 0.00006611592521721752,
                "total_loss_w": 0.001939004926155651
              },
              {
                "converged": false,
                "coupling_temperature_c": 37.092442693849655,
                "dielectric_mean_temperature_c": 37.092473288083454,
                "iteration": 8,
                "loss_relative_change": 7.812774126823864e-8,
                "loss_tangent": 0.008016739541550797,
                "max_conductivity_relative_change": 2.409776014414674e-7,
                "max_temperature_c": 39.172499594714616,
                "relative_permittivity": 3.400711430515909,
                "temperature_residual_c": 0.00006102214208425494,
                "thermal_conductivity_updates": [
                  {
                    "conductivity_relative_change": 2.4031055988270106e-7,
                    "conductivity_w_mk": 388.37276555491707,
                    "coupling_temperature_c": 39.17239601303314,
                    "element_id": "conductor_left",
                    "measured_mean_temperature_c": 39.17245703517523
                  },
                  {
                    "conductivity_relative_change": 2.409776014414674e-7,
                    "conductivity_w_mk": 0.24895377865307516,
                    "coupling_temperature_c": 37.092442693849655,
                    "element_id": "dielectric_core",
                    "measured_mean_temperature_c": 37.092473288083454
                  },
                  {
                    "conductivity_relative_change": 3.976822129636331e-10,
                    "conductivity_w_mk": 159.99879693435065,
                    "coupling_temperature_c": 35.00626596692368,
                    "element_id": "substrate_right",
                    "measured_mean_temperature_c": 35.00626605026553
                  }
                ],
                "total_joule_loss_w": 0.00006611586403965699,
                "total_loss_w": 0.0019390051439887744
              },
              {
                "converged": false,
                "coupling_temperature_c": 37.09246716923669,
                "dielectric_mean_temperature_c": 37.0924734100762,
                "iteration": 9,
                "loss_relative_change": 1.5936875201419252e-8,
                "loss_tangent": 0.008016739737353893,
                "max_conductivity_relative_change": 4.9156488259235436e-8,
                "max_temperature_c": 39.172499838487525,
                "relative_permittivity": 3.4007114388375403,
                "temperature_residual_c": 0.000012448207279192047,
                "thermal_conductivity_updates": [
                  {
                    "conductivity_relative_change": 4.902225400780059e-8,
                    "conductivity_w_mk": 388.3727465160087,
                    "coupling_temperature_c": 39.17244483074681,
                    "element_id": "conductor_left",
                    "measured_mean_temperature_c": 39.17245727895409
                  },
                  {
                    "conductivity_relative_change": 4.9156488259235436e-8,
                    "conductivity_w_mk": 0.24895376641538167,
                    "coupling_temperature_c": 37.09246716923669,
                    "element_id": "dielectric_core",
                    "measured_mean_temperature_c": 37.0924734100762
                  },
                  {
                    "conductivity_relative_change": 8.000877945952976e-11,
                    "conductivity_w_mk": 159.99879692154934,
                    "coupling_temperature_c": 35.00626603359716,
                    "element_id": "substrate_right",
                    "measured_mean_temperature_c": 35.00626605036587
                  }
                ],
                "total_joule_loss_w": 0.00006611585155973165,
                "total_loss_w": 0.0019390051884240632
              },
              {
                "converged": false,
                "coupling_temperature_c": 37.0924721619083,
                "dielectric_mean_temperature_c": 37.09247343496999,
                "iteration": 10,
                "loss_relative_change": 3.250876700287291e-9,
                "loss_tangent": 0.008016739777295267,
                "max_conductivity_relative_change": 1.0027306839659096e-8,
                "max_temperature_c": 39.17249988823172,
                "relative_permittivity": 3.4007114405350483,
                "temperature_residual_c": 2.5393868554601795e-6,
                "thermal_conductivity_updates": [
                  {
                    "conductivity_relative_change": 1.0000291392303128e-8,
                    "conductivity_w_mk": 388.37274263216807,
                    "coupling_temperature_c": 39.17245478931264,
                    "element_id": "conductor_left",
                    "measured_mean_temperature_c": 39.172457328699494
                  },
                  {
                    "conductivity_relative_change": 1.0027306839659096e-8,
                    "conductivity_w_mk": 0.24895376391904583,
                    "coupling_temperature_c": 37.0924721619083,
                    "element_id": "dielectric_core",
                    "measured_mean_temperature_c": 37.09247343496999
                  },
                  {
                    "conductivity_relative_change": 1.6097999630424727e-11,
                    "conductivity_w_mk": 159.99879691897368,
                    "coupling_temperature_c": 35.00626604701213,
                    "element_id": "substrate_right",
                    "measured_mean_temperature_c": 35.00626605038636
                  }
                ],
                "total_joule_loss_w": 0.00006611584901389081,
                "total_loss_w": 0.0019390051974883056
              },
              {
                "converged": false,
                "coupling_temperature_c": 37.09247318035765,
                "dielectric_mean_temperature_c": 37.09247344004624,
                "iteration": 11,
                "loss_relative_change": 6.6313025807468e-10,
                "loss_tangent": 0.00801673978544286,
                "max_conductivity_relative_change": 2.0454588923522158e-9,
                "max_temperature_c": 39.17249989837537,
                "relative_permittivity": 3.4007114408813215,
                "temperature_residual_c": 5.180212738764567e-7,
                "thermal_conductivity_updates": [
                  {
                    "conductivity_relative_change": 2.0400213532493567e-9,
                    "conductivity_w_mk": 388.3727418398794,
                    "coupling_temperature_c": 39.17245682082212,
                    "element_id": "conductor_left",
                    "measured_mean_temperature_c": 39.172457338843394
                  },
                  {
                    "conductivity_relative_change": 2.0454588923522158e-9,
                    "conductivity_w_mk": 0.24895376340982117,
                    "coupling_temperature_c": 37.09247318035765,
                    "element_id": "dielectric_core",
                    "measured_mean_temperature_c": 37.09247344004624
                  },
                  {
                    "conductivity_relative_change": 3.2393886901244838e-12,
                    "conductivity_w_mk": 159.99879691845538,
                    "coupling_temperature_c": 35.00626604971151,
                    "element_id": "substrate_right",
                    "measured_mean_temperature_c": 35.00626605039053
                  }
                ],
                "total_joule_loss_w": 0.000066115848494549,
                "total_loss_w": 0.0019390051993373031
              },
              {
                "converged": false,
                "coupling_temperature_c": 37.09247338810852,
                "dielectric_mean_temperature_c": 37.09247344107147,
                "iteration": 12,
                "loss_relative_change": 1.3527106395097007e-10,
                "loss_tangent": 0.008016739787104868,
                "max_conductivity_relative_change": 4.1724790422036517e-10,
                "max_temperature_c": 39.17249990042406,
                "relative_permittivity": 3.400711440951957,
                "temperature_residual_c": 1.0565299390918881e-7,
                "thermal_conductivity_updates": [
                  {
                    "conductivity_relative_change": 4.161534733554878e-10,
                    "conductivity_w_mk": 388.3727416782567,
                    "coupling_temperature_c": 39.172457235239136,
                    "element_id": "conductor_left",
                    "measured_mean_temperature_c": 39.17245734089213
                  },
                  {
                    "conductivity_relative_change": 4.1724790422036517e-10,
                    "conductivity_w_mk": 0.24895376330594576,
                    "coupling_temperature_c": 37.09247338810852,
                    "element_id": "dielectric_core",
                    "measured_mean_temperature_c": 37.09247344107147
                  },
                  {
                    "conductivity_relative_change": 6.517502250551236e-13,
                    "conductivity_w_mk": 159.9987969183511,
                    "coupling_temperature_c": 35.00626605025472,
                    "element_id": "substrate_right",
                    "measured_mean_temperature_c": 35.00626605039137
                  }
                ],
                "total_joule_loss_w": 0.00006611584838860606,
                "total_loss_w": 0.0019390051997144817
              }
            ],
            "loss_relative_change_tolerance": 1e-9,
            "max_iterations": 12,
            "method": "relaxed_temperature_dependent_dielectric_and_conductivity_fixed_point",
            "parameter_source": "screening_sensitivity_not_material_card",
            "relaxation_factor": 0.8,
            "schema_version": "kyuubiki.composite-electrothermal-feedback-convergence/v1",
            "status": "fail",
            "temperature_residual_tolerance_c": 1e-7
          },
          "electrothermal_loss_projection": {
            "assumptions": [
              "The solved electrostatic field magnitude is interpreted as an RMS harmonic field.",
              "Relative permittivity and loss tangent are scalar, isotropic, and frequency-local screening values.",
              "Element dielectric loss is lumped consistently to its four thermal nodes."
            ],
            "distributed_total_heat_load_w": 0.0019390051997144817,
            "effective_conductivity_s_m": 0.000015166877111415952,
            "electric_field_rms_v_m": 11918.460134403838,
            "energy_balance_relative_error": 0.0,
            "frequency_hz": 10000000.0,
            "loss_tangent": 0.008016739787104868,
            "model": "harmonic_dielectric_loss_sigma_eff_e_rms_squared",
            "relative_permittivity": 3.400711440951957,
            "schema_version": "kyuubiki.composite-electrothermal-loss-projection/v1",
            "source_element_id": "dielectric_core",
            "source_volume_m3": 9e-7,
            "target_element_count": 1,
            "target_node_count": 4,
            "total_loss_w": 0.0019390051997144817,
            "volumetric_loss_w_m3": 2154.4502219049796
          },
          "heat": {
            "elements": [
              {
                "area": 0.0009,
                "average_temperature": 39.17245734089213,
                "heat_flow_rate": 9.917377257789515e-7,
                "heat_flux_magnitude": 1.1019308064210571,
                "heat_flux_x": 1.1019308064210571,
                "heat_flux_y": 1.766114754347003e-10,
                "id": "conductor_left",
                "index": 0,
                "node_i": 0,
                "node_j": 1,
                "node_k": 5,
                "node_l": 4,
                "temperature_gradient_x": -0.002837302128000374,
                "temperature_gradient_y": -4.547473508864641e-13
              },
              {
                "area": 0.0009,
                "average_temperature": 37.09247344107147,
                "heat_flow_rate": 0.00003106855344722961,
                "heat_flux_magnitude": 34.52061494136623,
                "heat_flux_x": 34.52061494136623,
                "heat_flux_y": 2.8302766089148663e-14,
                "id": "dielectric_core",
                "index": 1,
                "node_i": 1,
                "node_j": 2,
                "node_k": 6,
                "node_l": 5,
                "temperature_gradient_x": -138.66275601924906,
                "temperature_gradient_y": -1.1368683772161605e-13
              },
              {
                "area": 0.0009,
                "average_temperature": 35.00626605039137,
                "heat_flow_rate": 0.00006015363144293958,
                "heat_flux_magnitude": 66.83736826993287,
                "heat_flux_x": 66.83736826993287,
                "heat_flux_y": -1.8189757260910378e-11,
                "id": "substrate_right",
                "index": 2,
                "node_i": 2,
                "node_j": 3,
                "node_k": 7,
                "node_l": 6,
                "temperature_gradient_x": -0.4177366927580125,
                "temperature_gradient_y": 1.1368683772161605e-13
              }
            ],
            "input": {
              "elements": [
                {
                  "conductivity": 388.3727416782567,
                  "id": "conductor_left",
                  "node_i": 0,
                  "node_j": 1,
                  "node_k": 5,
                  "node_l": 4,
                  "thickness": 0.001
                },
                {
                  "conductivity": 0.24895376330594576,
                  "id": "dielectric_core",
                  "node_i": 1,
                  "node_j": 2,
                  "node_k": 6,
                  "node_l": 5,
                  "thickness": 0.001
                },
                {
                  "conductivity": 159.9987969183511,
                  "id": "substrate_right",
                  "node_i": 2,
                  "node_j": 3,
                  "node_k": 7,
                  "node_l": 6,
                  "thickness": 0.001
                }
              ],
              "nodes": [
                {
                  "fix_temperature": false,
                  "heat_load": 0.000016528962097151514,
                  "id": "n0",
                  "temperature": 35.0,
                  "x": 0.0,
                  "y": 0.0
                },
                {
                  "fix_temperature": false,
                  "heat_load": 0.0005012802620257718,
                  "id": "n1",
                  "temperature": 35.0,
                  "x": 0.03,
                  "y": 0.0
                },
                {
                  "fix_temperature": false,
                  "heat_load": 0.0004847512999286203,
                  "id": "n2",
                  "temperature": 35.0,
                  "x": 0.06,
                  "y": 0.0
                },
                {
                  "fix_temperature": true,
                  "heat_load": 0.0,
                  "id": "n3",
                  "temperature": 35.0,
                  "x": 0.09,
                  "y": 0.0
                },
                {
                  "fix_temperature": false,
                  "heat_load": 0.000016528962097151514,
                  "id": "n4",
                  "temperature": 35.0,
                  "x": 0.0,
                  "y": 0.03
                },
                {
                  "fix_temperature": false,
                  "heat_load": 0.0005012802620257718,
                  "id": "n5",
                  "temperature": 35.0,
                  "x": 0.03,
                  "y": 0.03
                },
                {
                  "fix_temperature": false,
                  "heat_load": 0.0004847512999286203,
                  "id": "n6",
                  "temperature": 35.0,
                  "x": 0.06,
                  "y": 0.03
                },
                {
                  "fix_temperature": true,
                  "heat_load": 0.0,
                  "id": "n7",
                  "temperature": 35.0,
                  "x": 0.09,
                  "y": 0.03
                }
              ]
            },
            "max_heat_flux": 66.83736826993287,
            "max_temperature": 39.17249990042406,
            "nodes": [
              {
                "heat_load": 0.000016528962097151514,
                "id": "n0",
                "index": 0,
                "temperature": 39.17249990042406,
                "x": 0.0,
                "y": 0.0
              },
              {
                "heat_load": 0.0005012802620257718,
                "id": "n1",
                "index": 1,
                "temperature": 39.17241478136022,
                "x": 0.03,
                "y": 0.0
              },
              {
                "heat_load": 0.0004847512999286203,
                "id": "n2",
                "index": 2,
                "temperature": 35.012532100782735,
                "x": 0.06,
                "y": 0.0
              },
              {
                "heat_load": 0.0,
                "id": "n3",
                "index": 3,
                "temperature": 35.0,
                "x": 0.09,
                "y": 0.0
              },
              {
                "heat_load": 0.000016528962097151514,
                "id": "n4",
                "index": 4,
                "temperature": 39.17249990042404,
                "x": 0.0,
                "y": 0.03
              },
              {
                "heat_load": 0.0005012802620257718,
                "id": "n5",
                "index": 5,
                "temperature": 39.1724147813602,
                "x": 0.03,
                "y": 0.03
              },
              {
                "heat_load": 0.0004847512999286203,
                "id": "n6",
                "index": 6,
                "temperature": 35.01253210078274,
                "x": 0.06,
                "y": 0.03
              },
              {
                "heat_load": 0.0,
                "id": "n7",
                "index": 7,
                "temperature": 35.0,
                "x": 0.09,
                "y": 0.03
              }
            ],
            "total_abs_heat_flow_rate": 0.00009221392261594814
          },
          "heat_cross_validation": {
            "absolute_error_c": 1.9554136088117957e-11,
            "conductivities_w_mk": [
              388.3727416782567,
              0.24895376330594576,
              159.9987969183511
            ],
            "expected_max_temperature_c": 39.17249990044361,
            "fem_max_temperature_c": 39.17249990042406,
            "fixed_temperature_c": 35.0,
            "method": "layered_thermal_resistance_with_regional_generation_closed_form",
            "relative_error": 4.991801937025857e-13,
            "relative_error_tolerance": 1e-9,
            "schema_version": "kyuubiki.composite-heat-cross-validation/v1",
            "status": "pass",
            "total_heat_load_w": 0.0020051210481030874
          },
          "heat_mesh_convergence": {
            "finest_pair_relative_change": 1.0627713201027686e-11,
            "max_analytic_relative_error": 6.144523641597052e-12,
            "method": "structured_quad_h_refinement",
            "refinement_levels": [
              1,
              2,
              4,
              8
            ],
            "relative_error_tolerance": 1e-8,
            "samples": [
              {
                "analytic_relative_error": 4.991801937025857e-13,
                "element_count": 3,
                "elements_per_layer": 1,
                "max_temperature_c": 39.17249990042406,
                "node_count": 8,
                "relative_change_from_previous": null
              },
              {
                "analytic_relative_error": 5.162306799700431e-13,
                "element_count": 6,
                "elements_per_layer": 2,
                "max_temperature_c": 39.17249990042339,
                "node_count": 14,
                "relative_change_from_previous": 1.70504862674575e-14
              },
              {
                "analytic_relative_error": 4.483189559430634e-12,
                "element_count": 12,
                "elements_per_layer": 4,
                "max_temperature_c": 39.17249990061923,
                "node_count": 26,
                "relative_change_from_previous": 4.9994202394006775e-12
              },
              {
                "analytic_relative_error": 6.144523641597052e-12,
                "element_count": 24,
                "elements_per_layer": 8,
                "max_temperature_c": 39.172499900202915,
                "node_count": 50,
                "relative_change_from_previous": 1.0627713201027686e-11
              }
            ],
            "schema_version": "kyuubiki.composite-heat-mesh-convergence/v1",
            "status": "pass"
          },
          "heat_to_thermal_projection": {
            "mapped_node_count": 8,
            "maximum_coordinate_error_m": 0.0,
            "maximum_temperature_delta_c": 4.172499900424057,
            "minimum_temperature_delta_c": 0.0,
            "reference_temperature_c": 35.0,
            "schema_version": "kyuubiki.composite-heat-to-thermal-projection/v1"
          },
          "joule_heating_projection": {
            "assumptions": [
              "Steady scalar electrical conductivity is solved on a two-dimensional quad mesh.",
              "Joule heating uses the solved local sigma times electric-field magnitude squared.",
              "Element Joule power integrates both triangular subcell fields before thermal projection.",
              "Recovered terminal currents gate current continuity and electrical input-power balance.",
              "Contact and terminal impedance models require explicit study-level heat mappings."
            ],
            "boundary_voltage_span_v": 0.000033600000000000004,
            "current_balance_relative_error": 0.0,
            "distributed_total_heat_load_w": 0.00006611584838860595,
            "electrical_power_balance_relative_error": 2.0498152086640014e-16,
            "energy_balance_relative_error": 1.6398521669312017e-15,
            "free_current_residual_relative_error": 0.0,
            "max_current_density_a_m2": 65591.11943314094,
            "max_free_current_residual_a": 0.0,
            "model": "solved_steady_current_density_sigma_e_squared",
            "parameter_source": "screening_reference_not_material_card",
            "regions": [
              {
                "coupling_temperature_c": 39.172457235239136,
                "current_density_magnitude_a_m2": 65591.11943314094,
                "distributed_heat_load_w": 0.00006611584838860606,
                "electric_field_magnitude_v_m": 0.00112,
                "electrical_conductivity_s_m": 58563499.493875824,
                "element_id": "conductor_left",
                "energy_balance_relative_error": 0.0,
                "joule_power_w": 0.00006611584838860606,
                "peak_current_density_magnitude_a_m2": 65591.11943314094,
                "peak_electric_field_magnitude_v_m": 0.00112,
                "rms_current_density_magnitude_a_m2": 65591.11943314094,
                "rms_electric_field_magnitude_v_m": 0.00112,
                "source_volume_m3": 9e-7,
                "volumetric_joule_heating_w_m3": 73.46205376511784
              }
            ],
            "schema_version": "kyuubiki.composite-current-to-heat-projection/v2",
            "source_power_balance_relative_error": 2.0498152086640014e-16,
            "status": "pass",
            "total_dissipated_power_w": 0.00006611584838860606,
            "total_electrical_input_power_w": 0.00006611584838860607,
            "total_extracted_current_a": 1.967733582994228,
            "total_injected_current_a": 1.967733582994228,
            "total_joule_loss_w": 0.00006611584838860606,
            "total_source_power_w": 0.00006611584838860607
          },
          "research": {
            "candidate_id": "copper_polyimide_aluminum",
            "candidate_label": "Copper / Polyimide / Aluminum",
            "coupling": "iterative_dielectric_and_conductor_joule_heating_with_temperature_dependent_electrical_thermal_feedback_and_expansion_projection",
            "materials": {
              "conductor": "copper",
              "dielectric": "polyimide",
              "substrate": "aluminum_6061"
            },
            "study": "material.composite_thermo_electric_panel.v1"
          },
          "schema_version": "kyuubiki.composite-thermo-electric-panel-result/v1",
          "thermal": {
            "elements": [
              {
                "area": 0.0009,
                "average_temperature_delta": 4.17245734089213,
                "gamma_xy": -1.1948164403543734e-20,
                "id": "conductor_left",
                "index": 0,
                "max_in_plane_shear": 1241154.4155526578,
                "mechanical_strain_x": 7.221262054124546e-6,
                "mechanical_strain_y": -0.000022566443919139245,
                "node_i": 0,
                "node_j": 1,
                "node_k": 5,
                "node_l": 4,
                "principal_stress_1": -1.3969838619232178e-9,
                "principal_stress_2": -2482308.831105317,
                "strain_energy_density": 92.18950125503127,
                "stress_x": -1.4210854715202004e-9,
                "stress_y": -2482308.831105317,
                "tau_xy": -5.6843418860808e-10,
                "thermal_strain": 0.00007099096675605554,
                "total_strain_x": 0.00007821222881018006,
                "total_strain_y": 0.00004842452283691629,
                "von_mises": 2482308.831105316
              },
              {
                "area": 0.0009,
                "average_temperature_delta": 2.092473441071474,
                "gamma_xy": 1.0100794368841972e-18,
                "id": "dielectric_core",
                "index": 1,
                "max_in_plane_shear": 56403.809009000994,
                "mechanical_strain_x": 0.000014439375106303735,
                "mechanical_strain_y": -0.000045123047207201305,
                "node_i": 1,
                "node_j": 2,
                "node_k": 6,
                "node_l": 5,
                "principal_stress_1": -1.9063008949160576e-9,
                "principal_stress_2": -112807.6180180039,
                "strain_energy_density": 9.254374784213994,
                "stress_x": -1.902675547979824e-9,
                "stress_y": -112807.6180180039,
                "tau_xy": 9.562720985438016e-10,
                "thermal_strain": 0.00009431892887187358,
                "total_strain_x": 0.00010875830397817732,
                "total_strain_y": 0.00004919588166467228,
                "von_mises": 112807.61801800292
              },
              {
                "area": 0.0009,
                "average_temperature_delta": 0.0062660503913694035,
                "gamma_xy": -6.232576143194688e-21,
                "id": "substrate_right",
                "index": 2,
                "max_in_plane_shear": 14299.067905292532,
                "mechanical_strain_x": -1.328215306152144e-7,
                "mechanical_strain_y": 4.150672831724821e-7,
                "node_i": 2,
                "node_j": 3,
                "node_k": 7,
                "node_l": 6,
                "principal_stress_1": 28598.13581058352,
                "principal_stress_2": -1.5425030142068863e-9,
                "strain_energy_density": 0.01823672509220502,
                "stress_x": -1.5437034366843563e-9,
                "stress_y": 28598.13581058352,
                "tau_xy": -1.6283271027835628e-10,
                "thermal_strain": 1.478790672211015e-7,
                "total_strain_x": 1.50575366058871e-8,
                "total_strain_y": 5.629463503935835e-7,
                "von_mises": 28598.135810584292
              }
            ],
            "input": {
              "elements": [
                {
                  "id": "conductor_left",
                  "node_i": 0,
                  "node_j": 1,
                  "node_k": 5,
                  "node_l": 4,
                  "poisson_ratio": 0.32,
                  "thermal_expansion": 0.000017014186354959032,
                  "thickness": 0.001,
                  "youngs_modulus": 110000000000.0
                },
                {
                  "id": "dielectric_core",
                  "node_i": 1,
                  "node_j": 2,
                  "node_k": 6,
                  "node_l": 5,
                  "poisson_ratio": 0.32,
                  "thermal_expansion": 0.00004507532904387858,
                  "thickness": 0.001,
                  "youngs_modulus": 2500000000.0
                },
                {
                  "id": "substrate_right",
                  "node_i": 2,
                  "node_j": 3,
                  "node_k": 7,
                  "node_l": 6,
                  "poisson_ratio": 0.32,
                  "thermal_expansion": 0.000023600044363636772,
                  "thickness": 0.001,
                  "youngs_modulus": 68900000000.0
                }
              ],
              "nodes": [
                {
                  "fix_x": true,
                  "fix_y": true,
                  "id": "n0",
                  "load_x": 0.0,
                  "load_y": 0.0,
                  "temperature_delta": 4.172499900424057,
                  "x": 0.0,
                  "y": 0.0
                },
                {
                  "fix_x": false,
                  "fix_y": false,
                  "id": "n1",
                  "load_x": 0.0,
                  "load_y": 0.0,
                  "temperature_delta": 4.172414781360217,
                  "x": 0.03,
                  "y": 0.0
                },
                {
                  "fix_x": false,
                  "fix_y": false,
                  "id": "n2",
                  "load_x": 0.0,
                  "load_y": 0.0,
                  "temperature_delta": 0.012532100782735256,
                  "x": 0.06,
                  "y": 0.0
                },
                {
                  "fix_x": false,
                  "fix_y": false,
                  "id": "n3",
                  "load_x": 0.0,
                  "load_y": 0.0,
                  "temperature_delta": 0.0,
                  "x": 0.09,
                  "y": 0.0
                },
                {
                  "fix_x": true,
                  "fix_y": true,
                  "id": "n4",
                  "load_x": 0.0,
                  "load_y": 0.0,
                  "temperature_delta": 4.172499900424043,
                  "x": 0.0,
                  "y": 0.03
                },
                {
                  "fix_x": false,
                  "fix_y": false,
                  "id": "n5",
                  "load_x": 0.0,
                  "load_y": 0.0,
                  "temperature_delta": 4.172414781360203,
                  "x": 0.03,
                  "y": 0.03
                },
                {
                  "fix_x": false,
                  "fix_y": false,
                  "id": "n6",
                  "load_x": 0.0,
                  "load_y": 0.0,
                  "temperature_delta": 0.01253210078274236,
                  "x": 0.06,
                  "y": 0.03
                },
                {
                  "fix_x": false,
                  "fix_y": false,
                  "id": "n7",
                  "load_x": 0.0,
                  "load_y": 0.0,
                  "temperature_delta": 0.0,
                  "x": 0.09,
                  "y": 0.03
                }
              ]
            },
            "max_displacement": 5.609571194168252e-6,
            "max_strain_energy_density": 92.18950125503127,
            "max_stress": 2482308.831105316,
            "max_temperature_delta": 4.172499900424057,
            "nodes": [
              {
                "displacement_magnitude": 0.0,
                "id": "n0",
                "index": 0,
                "temperature_delta": 4.172499900424057,
                "ux": 0.0,
                "uy": 0.0,
                "x": 0.0,
                "y": 0.0
              },
              {
                "displacement_magnitude": 2.759688104242053e-6,
                "id": "n1",
                "index": 1,
                "temperature_delta": 4.172414781360217,
                "ux": 2.346366864305406e-6,
                "uy": -1.4527356851074851e-6,
                "x": 0.03,
                "y": 0.0
              },
              {
                "displacement_magnitude": 5.609163717796365e-6,
                "id": "n2",
                "index": 2,
                "temperature_delta": 0.012532100782735256,
                "ux": 5.609115983650731e-6,
                "uy": -2.3140764832634694e-8,
                "x": 0.06,
                "y": 0.0
              },
              {
                "displacement_magnitude": 5.609571194168252e-6,
                "id": "n3",
                "index": 3,
                "temperature_delta": 0.0,
                "ux": 5.609567709748906e-6,
                "uy": 6.252374320932967e-9,
                "x": 0.09,
                "y": 0.0
              },
              {
                "displacement_magnitude": 0.0,
                "id": "n4",
                "index": 4,
                "temperature_delta": 4.172499900424043,
                "ux": 0.0,
                "uy": 0.0,
                "x": 0.0,
                "y": 0.03
              },
              {
                "displacement_magnitude": 2.7596881042420507e-6,
                "id": "n5",
                "index": 5,
                "temperature_delta": 4.172414781360203,
                "ux": 2.3463668643053988e-6,
                "uy": 1.452735685107492e-6,
                "x": 0.03,
                "y": 0.03
              },
              {
                "displacement_magnitude": 5.609163717796349e-6,
                "id": "n6",
                "index": 6,
                "temperature_delta": 0.01253210078274236,
                "ux": 5.609115983650714e-6,
                "uy": 2.314076483272554e-8,
                "x": 0.06,
                "y": 0.03
              },
              {
                "displacement_magnitude": 5.609571194168239e-6,
                "id": "n7",
                "index": 7,
                "temperature_delta": 0.0,
                "ux": 5.6095677097488924e-6,
                "uy": -6.252374320812247e-9,
                "x": 0.09,
                "y": 0.03
              }
            ],
            "total_strain_energy": 0.00009131590148790372
          },
          "thermal_constraint_regularized_mesh_convergence": {
            "algebraic_validation": {
              "max_relative_residual": null,
              "method": "original_system_recomputed_l2_residual_over_max_rhs_l2_or_one",
              "qualification_effect": "algebraic_gate_does_not_override_discretization_gates",
              "relative_residual_tolerance": 1e-10,
              "required_series": [
                "uniform_full_edge_clamp",
                "uniform_regularized_restraint",
                "interface_graded_full_edge_clamp"
              ],
              "schema_version": "kyuubiki.composite-thermal-algebraic-validation/v1",
              "series": [],
              "status": "missing"
            },
            "convergence_tolerance": 0.02,
            "diagnostic_metrics": [
              "max_von_mises_stress_pa"
            ],
            "finest_pair_displacement_relative_change": 0.0019336291082241832,
            "finest_pair_peak_stress_relative_change": 0.3092920009447749,
            "finest_pair_strain_energy_relative_change": 0.22496410216557453,
            "method": "structured_quad_h_refinement_preserving_piecewise_linear_temperature_roller_edge_with_vertical_anchor",
            "pass_metrics": [
              "max_displacement_m",
              "total_strain_energy_j"
            ],
            "refinement_levels": [
              1,
              2,
              4,
              8
            ],
            "regime_assessment": {
              "diagnosis": "pass_metrics_lack_qualified_discretization_uncertainty",
              "gci_safety_factor": 1.25,
              "method": "four_level_constant_ratio_observed_order_and_fine_grid_gci",
              "metrics": [
                {
                  "coarse_triplet_observed_order": 0.5759634991596496,
                  "fine_grid_gci": null,
                  "fine_triplet_observed_order": 4.040916015210255,
                  "metric": "max_displacement_m",
                  "observed_order_relative_difference": 0.8574670948389702,
                  "qualification_role": "pass_metric",
                  "regime": "oscillatory",
                  "richardson_extrapolated_value": null,
                  "unit": "m"
                },
                {
                  "coarse_triplet_observed_order": 1.6974899887226482,
                  "fine_grid_gci": 0.1663007509669088,
                  "fine_triplet_observed_order": 1.66982554495585,
                  "metric": "total_strain_energy_j",
                  "observed_order_relative_difference": 0.016297264755956335,
                  "qualification_role": "pass_metric",
                  "regime": "asymptotic_converging",
                  "richardson_extrapolated_value": 1.7382978729082788e-6,
                  "unit": "J"
                },
                {
                  "coarse_triplet_observed_order": -7.260868014732459,
                  "fine_grid_gci": null,
                  "fine_triplet_observed_order": -0.6925815162448477,
                  "metric": "max_von_mises_stress_pa",
                  "observed_order_relative_difference": 0.9046145013461772,
                  "qualification_role": "diagnostic_metric",
                  "regime": "monotonic_diverging",
                  "richardson_extrapolated_value": null,
                  "unit": "Pa"
                }
              ],
              "order_consistency_tolerance": 0.25,
              "qualification_effect": "gci_gates_require_asymptotic_pass_metric_evidence",
              "qualification_tolerance": 0.02,
              "refinement_ratio": 2.0,
              "schema_version": "kyuubiki.composite-thermal-convergence-regime/v1",
              "status": "fail"
            },
            "samples": [
              {
                "displacement_relative_change": null,
                "element_count": 3,
                "elements_per_original_element": 1,
                "max_displacement_m": 5.596860541175122e-6,
                "max_von_mises_stress_pa": 141140.85848661218,
                "node_count": 8,
                "peak_stress_relative_change": null,
                "strain_energy_relative_change": null,
                "total_strain_energy_j": 0.00001044472554093388
              },
              {
                "displacement_relative_change": 0.04680475820451058,
                "element_count": 12,
                "elements_per_original_element": 2,
                "max_displacement_m": 5.334900836841054e-6,
                "max_von_mises_stress_pa": 141494.43976226318,
                "node_count": 21,
                "peak_stress_relative_change": 0.002498905796192985,
                "strain_energy_relative_change": 0.5750197899075152,
                "total_strain_energy_j": 4.438801654744422e-6
              },
              {
                "displacement_relative_change": 0.03188971831618485,
                "element_count": 48,
                "elements_per_original_element": 4,
                "max_displacement_m": 5.5106333831742456e-6,
                "max_von_mises_stress_pa": 195723.03136673107,
                "node_count": 65,
                "peak_stress_relative_change": 0.277068014049192,
                "strain_energy_relative_change": 0.4171753901926789,
                "total_strain_energy_j": 2.5870428424385087e-6
              },
              {
                "displacement_relative_change": 0.0019336291082241832,
                "element_count": 192,
                "elements_per_original_element": 8,
                "max_displacement_m": 5.521309548031836e-6,
                "max_von_mises_stress_pa": 283365.8096249761,
                "node_count": 225,
                "peak_stress_relative_change": 0.3092920009447749,
                "strain_energy_relative_change": 0.22496410216557453,
                "total_strain_energy_j": 2.0050510721254537e-6
              }
            ],
            "schema_version": "kyuubiki.composite-thermal-mesh-convergence/v1",
            "status": "fail"
          },
          "thermal_constraint_sensitivity": {
            "alternative_restraint": "roller_edge_with_vertical_anchor",
            "alternative_status": "fail",
            "diagnosis": "mixed_restraint_sensitivity_and_persistent_energy_nonconvergence",
            "displacement_change_ratio_alternative_to_primary": 0.7211714867753545,
            "peak_stress_change_ratio_alternative_to_primary": 1.1911244425439909,
            "primary_restraint": "full_edge_clamp",
            "primary_status": "fail",
            "qualification_effect": "diagnostic_only_does_not_override_primary_quality_gates",
            "schema_version": "kyuubiki.composite-thermal-constraint-sensitivity/v1",
            "strain_energy_change_ratio_alternative_to_primary": 1.7064855701519368
          },
          "thermal_expansion_projection": {
            "coverage_fraction": 1.0,
            "declared_region_count": 3,
            "max_relative_change": 0.0016739787528573002,
            "model": "regional_linear_temperature_dependent_thermal_expansion",
            "parameter_source": "screening_sensitivity_not_material_card",
            "schema_version": "kyuubiki.composite-thermal-expansion-projection/v1",
            "status": "pass",
            "updated_region_count": 3,
            "updates": [
              {
                "adjusted_thermal_expansion_1_k": 0.000017014186354959032,
                "element_id": "conductor_left",
                "mean_temperature_c": 39.17245734089213,
                "reference_thermal_expansion_1_k": 0.000017,
                "relative_change": 0.0008344914681783493
              },
              {
                "adjusted_thermal_expansion_1_k": 0.00004507532904387858,
                "element_id": "dielectric_core",
                "mean_temperature_c": 37.09247344107147,
                "reference_thermal_expansion_1_k": 0.000045,
                "relative_change": 0.0016739787528573002
              },
              {
                "adjusted_thermal_expansion_1_k": 0.000023600044363636772,
                "element_id": "substrate_right",
                "mean_temperature_c": 35.00626605039137,
                "reference_thermal_expansion_1_k": 0.0000236,
                "relative_change": 1.8798151174011333e-6
              }
            ]
          },
          "thermal_interface_grading_assessment": {
            "diagnosis": "graded_mesh_did_not_resolve_nonconvergence",
            "displacement_change_ratio_graded_to_uniform": 1.696288105335406,
            "graded_mesh_convergence": {
              "algebraic_validation": {
                "max_relative_residual": null,
                "method": "original_system_recomputed_l2_residual_over_max_rhs_l2_or_one",
                "qualification_effect": "algebraic_gate_does_not_override_discretization_gates",
                "relative_residual_tolerance": 1e-10,
                "required_series": [
                  "uniform_full_edge_clamp",
                  "uniform_regularized_restraint",
                  "interface_graded_full_edge_clamp"
                ],
                "schema_version": "kyuubiki.composite-thermal-algebraic-validation/v1",
                "series": [],
                "status": "missing"
              },
              "convergence_tolerance": 0.02,
              "diagnostic_metrics": [
                "max_von_mises_stress_pa"
              ],
              "finest_pair_displacement_relative_change": 0.004548144396386418,
              "finest_pair_peak_stress_relative_change": 0.41489125422284007,
              "finest_pair_strain_energy_relative_change": 0.11925915235941165,
              "method": "cosine_graded_quad_h_refinement_at_clamp_interfaces_and_free_edges",
              "pass_metrics": [
                "max_displacement_m",
                "total_strain_energy_j"
              ],
              "refinement_levels": [
                1,
                2,
                4,
                8
              ],
              "regime_assessment": {
                "diagnosis": "pass_metrics_lack_qualified_discretization_uncertainty",
                "gci_safety_factor": 1.25,
                "method": "four_level_constant_ratio_observed_order_and_fine_grid_gci",
                "metrics": [
                  {
                    "coarse_triplet_observed_order": 1.9049744768376289,
                    "fine_grid_gci": null,
                    "fine_triplet_observed_order": 1.3944225870245623,
                    "metric": "max_displacement_m",
                    "observed_order_relative_difference": 0.2680098321635327,
                    "qualification_role": "pass_metric",
                    "regime": "oscillatory",
                    "richardson_extrapolated_value": null,
                    "unit": "m"
                  },
                  {
                    "coarse_triplet_observed_order": 0.8547534615044807,
                    "fine_grid_gci": null,
                    "fine_triplet_observed_order": 1.7730843068085669,
                    "metric": "total_strain_energy_j",
                    "observed_order_relative_difference": 0.5179284717470768,
                    "qualification_role": "pass_metric",
                    "regime": "monotonic_pre_asymptotic",
                    "richardson_extrapolated_value": null,
                    "unit": "J"
                  },
                  {
                    "coarse_triplet_observed_order": -1.0585895151986873,
                    "fine_grid_gci": null,
                    "fine_triplet_observed_order": -0.5966580339497197,
                    "metric": "max_von_mises_stress_pa",
                    "observed_order_relative_difference": 0.4363650637161916,
                    "qualification_role": "diagnostic_metric",
                    "regime": "monotonic_diverging",
                    "richardson_extrapolated_value": null,
                    "unit": "Pa"
                  }
                ],
                "order_consistency_tolerance": 0.25,
                "qualification_effect": "gci_gates_require_asymptotic_pass_metric_evidence",
                "qualification_tolerance": 0.02,
                "refinement_ratio": 2.0,
                "schema_version": "kyuubiki.composite-thermal-convergence-regime/v1",
                "status": "fail"
              },
              "samples": [
                {
                  "displacement_relative_change": null,
                  "element_count": 3,
                  "elements_per_original_element": 1,
                  "max_displacement_m": 5.609571194168252e-6,
                  "max_von_mises_stress_pa": 2482308.831105316,
                  "node_count": 8,
                  "peak_stress_relative_change": null,
                  "strain_energy_relative_change": null,
                  "total_strain_energy_j": 0.00009131590148790372
                },
                {
                  "displacement_relative_change": 0.04335377722129683,
                  "element_count": 12,
                  "elements_per_original_element": 2,
                  "max_displacement_m": 5.366375094309278e-6,
                  "max_von_mises_stress_pa": 4308696.5970429955,
                  "node_count": 21,
                  "peak_stress_relative_change": 0.4238840505017472,
                  "strain_energy_relative_change": 0.343695163361554,
                  "total_strain_energy_j": 0.00005993106780851109
                },
                {
                  "displacement_relative_change": 0.01195631283394587,
                  "element_count": 48,
                  "elements_per_original_element": 4,
                  "max_displacement_m": 5.431313578553724e-6,
                  "max_von_mises_stress_pa": 8112868.96361507,
                  "node_count": 65,
                  "peak_stress_relative_change": 0.4689059300271191,
                  "strain_energy_relative_change": 0.28957521333873987,
                  "total_strain_energy_j": 0.000042576516062243
                },
                {
                  "displacement_relative_change": 0.004548144396386418,
                  "element_count": 192,
                  "elements_per_original_element": 8,
                  "max_displacement_m": 5.406611180136407e-6,
                  "max_von_mises_stress_pa": 13865574.59987938,
                  "node_count": 225,
                  "peak_stress_relative_change": 0.41489125422284007,
                  "strain_energy_relative_change": 0.11925915235941165,
                  "total_strain_energy_j": 0.00003749887684624303
                }
              ],
              "schema_version": "kyuubiki.composite-thermal-mesh-convergence/v1",
              "status": "fail"
            },
            "graded_stress_recovery": {
              "convergence_tolerance": 0.02,
              "diagnostic_metrics": [
                "max_stress_pa",
                "max_to_p95_ratio"
              ],
              "finest_pair_max_relative_change": 0.41489125422284007,
              "finest_pair_p95_relative_change": 0.3405229495338606,
              "finest_pair_rms_relative_change": 0.009214388263803304,
              "method": "interface_graded_mesh_element_area_weighted_von_mises_p95_and_rms",
              "pass_metrics": [
                "area_weighted_rms_stress_pa",
                "area_weighted_p95_stress_pa"
              ],
              "refinement_levels": [
                1,
                2,
                4,
                8
              ],
              "samples": [
                {
                  "element_count": 3,
                  "elements_per_original_element": 1,
                  "max_relative_change": null,
                  "p95_relative_change": null,
                  "rms_relative_change": null,
                  "statistics": {
                    "area_weighted_mean_stress_pa": 874571.5283113011,
                    "area_weighted_p95_stress_pa": 2482308.831105316,
                    "area_weighted_rms_stress_pa": 1434735.811341607,
                    "max_stress_pa": 2482308.831105316,
                    "max_to_p95_ratio": 1.0
                  }
                },
                {
                  "element_count": 12,
                  "elements_per_original_element": 2,
                  "max_relative_change": 0.4238840505017472,
                  "p95_relative_change": 0.4238840505017472,
                  "rms_relative_change": 0.19688077018356187,
                  "statistics": {
                    "area_weighted_mean_stress_pa": 885397.1730131836,
                    "area_weighted_p95_stress_pa": 4308696.5970429955,
                    "area_weighted_rms_stress_pa": 1786454.3122314876,
                    "max_stress_pa": 4308696.5970429955,
                    "max_to_p95_ratio": 1.0
                  }
                },
                {
                  "element_count": 48,
                  "elements_per_original_element": 4,
                  "max_relative_change": 0.4689059300271191,
                  "p95_relative_change": 0.5157109357378606,
                  "rms_relative_change": 0.04085409912895939,
                  "statistics": {
                    "area_weighted_mean_stress_pa": 672195.1758438124,
                    "area_weighted_p95_stress_pa": 2086654.6431714168,
                    "area_weighted_rms_stress_pa": 1713470.3306702254,
                    "max_stress_pa": 8112868.96361507,
                    "max_to_p95_ratio": 3.887978775100353
                  }
                },
                {
                  "element_count": 192,
                  "elements_per_original_element": 8,
                  "max_relative_change": 0.41489125422284007,
                  "p95_relative_change": 0.3405229495338606,
                  "rms_relative_change": 0.009214388263803304,
                  "statistics": {
                    "area_weighted_mean_stress_pa": 627683.5979494659,
                    "area_weighted_p95_stress_pa": 3164105.0157795525,
                    "area_weighted_rms_stress_pa": 1697681.7497649223,
                    "max_stress_pa": 13865574.59987938,
                    "max_to_p95_ratio": 4.3821474100041105
                  }
                }
              ],
              "schema_version": "kyuubiki.composite-thermal-stress-recovery/v1",
              "status": "fail"
            },
            "max_change_ratio_graded_to_uniform": 1.5978011471133915,
            "p95_change_ratio_graded_to_uniform": 1.1440292527899134,
            "qualification_effect": "diagnostic_only_does_not_override_uniform_mesh_gates",
            "rms_change_ratio_graded_to_uniform": 0.5710404794063071,
            "schema_version": "kyuubiki.composite-thermal-interface-grading-assessment/v1",
            "strain_energy_change_ratio_graded_to_uniform": 0.904651100556924
          },
          "thermal_mesh_convergence": {
            "algebraic_validation": {
              "max_relative_residual": 2.3724929728647103e-14,
              "method": "original_system_recomputed_l2_residual_over_max_rhs_l2_or_one",
              "qualification_effect": "algebraic_gate_does_not_override_discretization_gates",
              "relative_residual_tolerance": 1e-10,
              "required_series": [
                "uniform_full_edge_clamp",
                "uniform_regularized_restraint",
                "interface_graded_full_edge_clamp"
              ],
              "schema_version": "kyuubiki.composite-thermal-algebraic-validation/v1",
              "series": [
                {
                  "label": "uniform_full_edge_clamp",
                  "max_relative_residual": 1.41719755324703e-14,
                  "samples": [
                    {
                      "element_count": 3,
                      "elements_per_original_element": 1,
                      "matrix_non_zero_count": 112,
                      "node_count": 8,
                      "relative_residual": 2.1922361332998852e-16,
                      "residual_norm": 7.597478304324436e-14,
                      "rhs_norm": 346.5629540960196,
                      "solver_iterations": 0
                    },
                    {
                      "element_count": 12,
                      "elements_per_original_element": 2,
                      "matrix_non_zero_count": 439,
                      "node_count": 21,
                      "relative_residual": 6.708695270518504e-16,
                      "residual_norm": 2.288723193805729e-13,
                      "rhs_norm": 341.1577216606587,
                      "solver_iterations": 0
                    },
                    {
                      "element_count": 48,
                      "elements_per_original_element": 4,
                      "matrix_non_zero_count": 1747,
                      "node_count": 65,
                      "relative_residual": 3.679839932196099e-15,
                      "residual_norm": 9.874261904741814e-13,
                      "rhs_norm": 268.3340060079443,
                      "solver_iterations": 0
                    },
                    {
                      "element_count": 192,
                      "elements_per_original_element": 8,
                      "matrix_non_zero_count": 6925,
                      "node_count": 225,
                      "relative_residual": 1.41719755324703e-14,
                      "residual_norm": 2.8137220913656984e-12,
                      "rhs_norm": 198.5412749915496,
                      "solver_iterations": 0
                    }
                  ],
                  "solver_path": "dense_direct",
                  "status": "pass"
                },
                {
                  "label": "uniform_regularized_restraint",
                  "max_relative_residual": 1.6384798876195765e-14,
                  "samples": [
                    {
                      "element_count": 3,
                      "elements_per_original_element": 1,
                      "matrix_non_zero_count": 121,
                      "node_count": 8,
                      "relative_residual": 2.8442258241716613e-16,
                      "residual_norm": 1.1007511364589868e-13,
                      "rhs_norm": 387.01256669011656,
                      "solver_iterations": 0
                    },
                    {
                      "element_count": 12,
                      "elements_per_original_element": 2,
                      "matrix_non_zero_count": 462,
                      "node_count": 21,
                      "relative_residual": 1.0450148619108882e-15,
                      "residual_norm": 3.6770099833678163e-13,
                      "rhs_norm": 351.8619798998961,
                      "solver_iterations": 0
                    },
                    {
                      "element_count": 48,
                      "elements_per_original_element": 4,
                      "matrix_non_zero_count": 1799,
                      "node_count": 65,
                      "relative_residual": 4.356225482640632e-15,
                      "residual_norm": 1.1838816027856698e-12,
                      "rhs_norm": 271.7677511192628,
                      "solver_iterations": 0
                    },
                    {
                      "element_count": 192,
                      "elements_per_original_element": 8,
                      "matrix_non_zero_count": 7030,
                      "node_count": 225,
                      "relative_residual": 1.6384798876195765e-14,
                      "residual_norm": 3.2721342417406684e-12,
                      "rhs_norm": 199.7054871692386,
                      "solver_iterations": 0
                    }
                  ],
                  "solver_path": "dense_direct",
                  "status": "pass"
                },
                {
                  "label": "interface_graded_full_edge_clamp",
                  "max_relative_residual": 2.3724929728647103e-14,
                  "samples": [
                    {
                      "element_count": 3,
                      "elements_per_original_element": 1,
                      "matrix_non_zero_count": 112,
                      "node_count": 8,
                      "relative_residual": 2.1922361332998852e-16,
                      "residual_norm": 7.597478304324436e-14,
                      "rhs_norm": 346.5629540960196,
                      "solver_iterations": 0
                    },
                    {
                      "element_count": 12,
                      "elements_per_original_element": 2,
                      "matrix_non_zero_count": 444,
                      "node_count": 21,
                      "relative_residual": 7.244045571161722e-16,
                      "residual_norm": 2.4713620826635183e-13,
                      "rhs_norm": 341.15772166065864,
                      "solver_iterations": 0
                    },
                    {
                      "element_count": 48,
                      "elements_per_original_element": 4,
                      "matrix_non_zero_count": 1748,
                      "node_count": 65,
                      "relative_residual": 5.590475311828388e-15,
                      "residual_norm": 1.662599042642085e-12,
                      "rhs_norm": 297.3985126317148,
                      "solver_iterations": 0
                    },
                    {
                      "element_count": 192,
                      "elements_per_original_element": 8,
                      "matrix_non_zero_count": 6948,
                      "node_count": 225,
                      "relative_residual": 2.3724929728647103e-14,
                      "residual_norm": 5.324811458075247e-12,
                      "rhs_norm": 224.4395038880012,
                      "solver_iterations": 0
                    }
                  ],
                  "solver_path": "dense_direct",
                  "status": "pass"
                }
              ],
              "status": "pass"
            },
            "convergence_tolerance": 0.02,
            "diagnostic_metrics": [
              "max_von_mises_stress_pa"
            ],
            "finest_pair_displacement_relative_change": 0.0026812334426451197,
            "finest_pair_peak_stress_relative_change": 0.25966388556697934,
            "finest_pair_strain_energy_relative_change": 0.1318288921397354,
            "method": "structured_quad_h_refinement_preserving_piecewise_linear_temperature_full_edge_clamp",
            "pass_metrics": [
              "max_displacement_m",
              "total_strain_energy_j"
            ],
            "refinement_levels": [
              1,
              2,
              4,
              8
            ],
            "regime_assessment": {
              "diagnosis": "pass_metrics_lack_qualified_discretization_uncertainty",
              "gci_safety_factor": 1.25,
              "method": "four_level_constant_ratio_observed_order_and_fine_grid_gci",
              "metrics": [
                {
                  "coarse_triplet_observed_order": 3.8759383960283937,
                  "fine_grid_gci": null,
                  "fine_triplet_observed_order": 0.1948733727818986,
                  "metric": "max_displacement_m",
                  "observed_order_relative_difference": 0.9497222729387076,
                  "qualification_role": "pass_metric",
                  "regime": "oscillatory",
                  "richardson_extrapolated_value": null,
                  "unit": "m"
                },
                {
                  "coarse_triplet_observed_order": 1.0831880055028211,
                  "fine_grid_gci": 0.12734459865315093,
                  "fine_triplet_observed_order": 1.3164409325300774,
                  "metric": "total_strain_energy_j",
                  "observed_order_relative_difference": 0.17718449894972924,
                  "qualification_role": "pass_metric",
                  "regime": "asymptotic_converging",
                  "richardson_extrapolated_value": 0.0000351795861548847,
                  "unit": "J"
                },
                {
                  "coarse_triplet_observed_order": 0.04136936935446439,
                  "fine_grid_gci": null,
                  "fine_triplet_observed_order": -0.26573246663040334,
                  "metric": "max_von_mises_stress_pa",
                  "observed_order_relative_difference": 1.1556805228922342,
                  "qualification_role": "diagnostic_metric",
                  "regime": "monotonic_diverging",
                  "richardson_extrapolated_value": null,
                  "unit": "Pa"
                }
              ],
              "order_consistency_tolerance": 0.25,
              "qualification_effect": "gci_gates_require_asymptotic_pass_metric_evidence",
              "qualification_tolerance": 0.02,
              "refinement_ratio": 2.0,
              "schema_version": "kyuubiki.composite-thermal-convergence-regime/v1",
              "status": "fail"
            },
            "samples": [
              {
                "displacement_relative_change": null,
                "element_count": 3,
                "elements_per_original_element": 1,
                "max_displacement_m": 5.609571194168252e-6,
                "max_von_mises_stress_pa": 2482308.831105316,
                "node_count": 8,
                "peak_stress_relative_change": null,
                "strain_energy_relative_change": null,
                "total_strain_energy_j": 0.00009131590148790372
              },
              {
                "displacement_relative_change": 0.04335377722125983,
                "element_count": 12,
                "elements_per_original_element": 2,
                "max_displacement_m": 5.366375094309485e-6,
                "max_von_mises_stress_pa": 4308696.597042998,
                "node_count": 21,
                "peak_stress_relative_change": 0.4238840505017476,
                "strain_energy_relative_change": 0.3436951633615539,
                "total_strain_energy_j": 0.00005993106780851109
              },
              {
                "displacement_relative_change": 0.0030772541565265593,
                "element_count": 48,
                "elements_per_original_element": 4,
                "max_displacement_m": 5.382939768085157e-6,
                "max_von_mises_stress_pa": 6083456.337051805,
                "node_count": 65,
                "peak_stress_relative_change": 0.2917354282958328,
                "strain_energy_relative_change": 0.24716998725544587,
                "total_strain_energy_j": 0.00004511790654207614
              },
              {
                "displacement_relative_change": 0.0026812334426451197,
                "element_count": 192,
                "elements_per_original_element": 8,
                "max_displacement_m": 5.397411488271227e-6,
                "max_von_mises_stress_pa": 8217154.638890961,
                "node_count": 225,
                "peak_stress_relative_change": 0.25966388556697934,
                "strain_energy_relative_change": 0.1318288921397354,
                "total_strain_energy_j": 0.000039170062906970126
              }
            ],
            "schema_version": "kyuubiki.composite-thermal-mesh-convergence/v1",
            "status": "fail"
          },
          "thermal_stress_recovery": {
            "convergence_tolerance": 0.02,
            "diagnostic_metrics": [
              "max_stress_pa",
              "max_to_p95_ratio"
            ],
            "finest_pair_max_relative_change": 0.25966388556697934,
            "finest_pair_p95_relative_change": 0.29765230976693685,
            "finest_pair_rms_relative_change": 0.016136138498243094,
            "method": "uniform_mesh_element_area_weighted_von_mises_p95_and_rms",
            "pass_metrics": [
              "area_weighted_rms_stress_pa",
              "area_weighted_p95_stress_pa"
            ],
            "refinement_levels": [
              1,
              2,
              4,
              8
            ],
            "samples": [
              {
                "element_count": 3,
                "elements_per_original_element": 1,
                "max_relative_change": null,
                "p95_relative_change": null,
                "rms_relative_change": null,
                "statistics": {
                  "area_weighted_mean_stress_pa": 874571.5283113011,
                  "area_weighted_p95_stress_pa": 2482308.831105316,
                  "area_weighted_rms_stress_pa": 1434735.811341607,
                  "max_stress_pa": 2482308.831105316,
                  "max_to_p95_ratio": 1.0
                }
              },
              {
                "element_count": 12,
                "elements_per_original_element": 2,
                "max_relative_change": 0.4238840505017476,
                "p95_relative_change": 0.4238840505017476,
                "rms_relative_change": 0.1968807701835623,
                "statistics": {
                  "area_weighted_mean_stress_pa": 885397.1730131836,
                  "area_weighted_p95_stress_pa": 4308696.597042998,
                  "area_weighted_rms_stress_pa": 1786454.3122314883,
                  "max_stress_pa": 4308696.597042998,
                  "max_to_p95_ratio": 1.0
                }
              },
              {
                "element_count": 48,
                "elements_per_original_element": 4,
                "max_relative_change": 0.2917354282958328,
                "p95_relative_change": 0.24522387626501685,
                "rms_relative_change": 0.02136099446164516,
                "statistics": {
                  "area_weighted_mean_stress_pa": 700279.627129824,
                  "area_weighted_p95_stress_pa": 5708575.644552141,
                  "area_weighted_rms_stress_pa": 1748293.8715619296,
                  "max_stress_pa": 6083456.337051805,
                  "max_to_p95_ratio": 1.0656697424790058
                }
              },
              {
                "element_count": 192,
                "elements_per_original_element": 8,
                "max_relative_change": 0.25966388556697934,
                "p95_relative_change": 0.29765230976693685,
                "rms_relative_change": 0.016136138498243094,
                "statistics": {
                  "area_weighted_mean_stress_pa": 643245.0737336397,
                  "area_weighted_p95_stress_pa": 4009404.918471916,
                  "area_weighted_rms_stress_pa": 1720083.159514777,
                  "max_stress_pa": 8217154.638890961,
                  "max_to_p95_ratio": 2.0494698854269684
                }
              }
            ],
            "schema_version": "kyuubiki.composite-thermal-stress-recovery/v1",
            "status": "fail"
          }
        },
        "status": "completed"
      },
      "requires_confirmation": false
    },
    {
      "index": 4,
      "action": "solve_composite_thermo_electric_panel",
      "risk": "normal",
      "status": "executed",
      "payload": {
        "electric_conduction_feedback": {
          "parameter_source": "screening_reference_not_material_card",
          "regions": [
            {
              "element_id": "conductor_left",
              "reference_resistivity_ohm_m": 2.82e-8,
              "reference_temperature_c": 35.0,
              "resistivity_temperature_coefficient_1_k": 0.00403
            }
          ]
        },
        "electric_conduction_model": {
          "contact_interfaces": [],
          "elements": [
            {
              "electrical_conductivity_s_m": 35460992.90780142,
              "id": "conductor_left",
              "node_i": 0,
              "node_j": 1,
              "node_k": 2,
              "node_l": 3,
              "thickness": 0.001
            }
          ],
          "nodes": [
            {
              "current_source_a": 0.0,
              "electric_potential_v": 0.0,
              "fix_electric_potential": true,
              "id": "n0",
              "x": 0.0,
              "y": 0.0
            },
            {
              "current_source_a": 0.0,
              "electric_potential_v": 0.000056399999999999995,
              "fix_electric_potential": true,
              "id": "n1",
              "x": 0.03,
              "y": 0.0
            },
            {
              "current_source_a": 0.0,
              "electric_potential_v": 0.000056399999999999995,
              "fix_electric_potential": true,
              "id": "n5",
              "x": 0.03,
              "y": 0.03
            },
            {
              "current_source_a": 0.0,
              "electric_potential_v": 0.0,
              "fix_electric_potential": true,
              "id": "n4",
              "x": 0.0,
              "y": 0.03
            }
          ],
          "terminals": []
        },
        "electrostatic_model": {
          "elements": [
            {
              "id": "conductor_left",
              "node_i": 0,
              "node_j": 1,
              "node_k": 5,
              "node_l": 4,
              "permittivity": 1.0,
              "thickness": 0.001
            },
            {
              "id": "dielectric_core",
              "node_i": 1,
              "node_j": 2,
              "node_k": 6,
              "node_l": 5,
              "permittivity": 9.8,
              "thickness": 0.001
            },
            {
              "id": "substrate_right",
              "node_i": 2,
              "node_j": 3,
              "node_k": 7,
              "node_l": 6,
              "permittivity": 4.2,
              "thickness": 0.001
            }
          ],
          "nodes": [
            {
              "charge_density": 0.0,
              "fix_potential": true,
              "id": "n0",
              "potential": 0.0,
              "x": 0.0,
              "y": 0.0
            },
            {
              "charge_density": 0.0,
              "fix_potential": false,
              "id": "n1",
              "potential": 0.0,
              "x": 0.03,
              "y": 0.0
            },
            {
              "charge_density": 0.0,
              "fix_potential": false,
              "id": "n2",
              "potential": 0.0,
              "x": 0.06,
              "y": 0.0
            },
            {
              "charge_density": 0.0,
              "fix_potential": true,
              "id": "n3",
              "potential": 1863,
              "x": 0.09,
              "y": 0.0
            },
            {
              "charge_density": 0.0,
              "fix_potential": true,
              "id": "n4",
              "potential": 0.0,
              "x": 0.0,
              "y": 0.03
            },
            {
              "charge_density": 0.0,
              "fix_potential": false,
              "id": "n5",
              "potential": 0.0,
              "x": 0.03,
              "y": 0.03
            },
            {
              "charge_density": 0.0,
              "fix_potential": false,
              "id": "n6",
              "potential": 0.0,
              "x": 0.06,
              "y": 0.03
            },
            {
              "charge_density": 0.0,
              "fix_potential": true,
              "id": "n7",
              "potential": 1863,
              "x": 0.09,
              "y": 0.03
            }
          ]
        },
        "electrothermal_feedback": {
          "conductivity_relative_change_tolerance": 1e-9,
          "loss_relative_change_tolerance": 1e-9,
          "loss_tangent_temperature_coefficient_1_k": 0.001,
          "max_iterations": 12,
          "parameter_source": "screening_sensitivity_not_material_card",
          "relative_permittivity_temperature_coefficient_1_k": 0.0001,
          "relaxation_factor": 0.8,
          "temperature_residual_tolerance_c": 1e-7,
          "thermal_conductivity_models": [
            {
              "element_id": "conductor_left",
              "reference_temperature_c": 35.0,
              "temperature_coefficient_1_k": -0.001
            },
            {
              "element_id": "dielectric_core",
              "reference_temperature_c": 35.0,
              "temperature_coefficient_1_k": -0.002
            },
            {
              "element_id": "substrate_right",
              "reference_temperature_c": 35.0,
              "temperature_coefficient_1_k": -0.0012
            }
          ]
        },
        "electrothermal_loss": {
          "frequency_hz": 10000000.0,
          "loss_tangent": 0.0002,
          "reference_temperature_c": 35.0,
          "relative_permittivity": 9.8,
          "source_element_id": "dielectric_core"
        },
        "heat_model": {
          "elements": [
            {
              "conductivity": 167.0,
              "id": "conductor_left",
              "node_i": 0,
              "node_j": 1,
              "node_k": 5,
              "node_l": 4,
              "thickness": 0.001
            },
            {
              "conductivity": 0.25,
              "id": "dielectric_core",
              "node_i": 1,
              "node_j": 2,
              "node_k": 6,
              "node_l": 5,
              "thickness": 0.001
            },
            {
              "conductivity": 160.0,
              "id": "substrate_right",
              "node_i": 2,
              "node_j": 3,
              "node_k": 7,
              "node_l": 6,
              "thickness": 0.001
            }
          ],
          "nodes": [
            {
              "fix_temperature": false,
              "heat_load": 0.0,
              "id": "n0",
              "temperature": 35.0,
              "x": 0.0,
              "y": 0.0
            },
            {
              "fix_temperature": false,
              "heat_load": 0.0,
              "id": "n1",
              "temperature": 35.0,
              "x": 0.03,
              "y": 0.0
            },
            {
              "fix_temperature": false,
              "heat_load": 0.0,
              "id": "n2",
              "temperature": 35.0,
              "x": 0.06,
              "y": 0.0
            },
            {
              "fix_temperature": true,
              "heat_load": 0.0,
              "id": "n3",
              "temperature": 35.0,
              "x": 0.09,
              "y": 0.0
            },
            {
              "fix_temperature": false,
              "heat_load": 0.0,
              "id": "n4",
              "temperature": 35.0,
              "x": 0.0,
              "y": 0.03
            },
            {
              "fix_temperature": false,
              "heat_load": 0.0,
              "id": "n5",
              "temperature": 35.0,
              "x": 0.03,
              "y": 0.03
            },
            {
              "fix_temperature": false,
              "heat_load": 0.0,
              "id": "n6",
              "temperature": 35.0,
              "x": 0.06,
              "y": 0.03
            },
            {
              "fix_temperature": true,
              "heat_load": 0.0,
              "id": "n7",
              "temperature": 35.0,
              "x": 0.09,
              "y": 0.03
            }
          ]
        },
        "research": {
          "candidate_id": "aluminum_alumina_aluminum",
          "candidate_label": "Aluminum / Alumina / Aluminum",
          "coupling": "iterative_dielectric_and_conductor_joule_heating_with_temperature_dependent_electrical_thermal_feedback_and_expansion_projection",
          "materials": {
            "conductor": "aluminum",
            "dielectric": "alumina_96",
            "substrate": "aluminum_6061"
          },
          "study": "material.composite_thermo_electric_panel.v1"
        },
        "thermal_expansion_feedback": {
          "parameter_source": "screening_sensitivity_not_material_card",
          "regions": [
            {
              "element_id": "conductor_left",
              "reference_temperature_c": 35.0,
              "temperature_coefficient_1_k": 0.0002
            },
            {
              "element_id": "dielectric_core",
              "reference_temperature_c": 35.0,
              "temperature_coefficient_1_k": 0.0008
            },
            {
              "element_id": "substrate_right",
              "reference_temperature_c": 35.0,
              "temperature_coefficient_1_k": 0.0003
            }
          ]
        },
        "thermal_model": {
          "elements": [
            {
              "id": "conductor_left",
              "node_i": 0,
              "node_j": 1,
              "node_k": 5,
              "node_l": 4,
              "poisson_ratio": 0.32,
              "thermal_expansion": 0.000017,
              "thickness": 0.001,
              "youngs_modulus": 110000000000.0
            },
            {
              "id": "dielectric_core",
              "node_i": 1,
              "node_j": 2,
              "node_k": 6,
              "node_l": 5,
              "poisson_ratio": 0.32,
              "thermal_expansion": 0.000045,
              "thickness": 0.001,
              "youngs_modulus": 2500000000.0
            },
            {
              "id": "substrate_right",
              "node_i": 2,
              "node_j": 3,
              "node_k": 7,
              "node_l": 6,
              "poisson_ratio": 0.32,
              "thermal_expansion": 0.0000236,
              "thickness": 0.001,
              "youngs_modulus": 68900000000.0
            }
          ],
          "nodes": [
            {
              "fix_x": true,
              "fix_y": true,
              "id": "n0",
              "load_x": 0.0,
              "load_y": 0.0,
              "temperature_delta": 0.0,
              "x": 0.0,
              "y": 0.0
            },
            {
              "fix_x": false,
              "fix_y": false,
              "id": "n1",
              "load_x": 0.0,
              "load_y": 0.0,
              "temperature_delta": 0.0,
              "x": 0.03,
              "y": 0.0
            },
            {
              "fix_x": false,
              "fix_y": false,
              "id": "n2",
              "load_x": 0.0,
              "load_y": 0.0,
              "temperature_delta": 0.0,
              "x": 0.06,
              "y": 0.0
            },
            {
              "fix_x": false,
              "fix_y": false,
              "id": "n3",
              "load_x": 0.0,
              "load_y": 0.0,
              "temperature_delta": 0.0,
              "x": 0.09,
              "y": 0.0
            },
            {
              "fix_x": true,
              "fix_y": true,
              "id": "n4",
              "load_x": 0.0,
              "load_y": 0.0,
              "temperature_delta": 0.0,
              "x": 0.0,
              "y": 0.03
            },
            {
              "fix_x": false,
              "fix_y": false,
              "id": "n5",
              "load_x": 0.0,
              "load_y": 0.0,
              "temperature_delta": 0.0,
              "x": 0.03,
              "y": 0.03
            },
            {
              "fix_x": false,
              "fix_y": false,
              "id": "n6",
              "load_x": 0.0,
              "load_y": 0.0,
              "temperature_delta": 0.0,
              "x": 0.06,
              "y": 0.03
            },
            {
              "fix_x": false,
              "fix_y": false,
              "id": "n7",
              "load_x": 0.0,
              "load_y": 0.0,
              "temperature_delta": 0.0,
              "x": 0.09,
              "y": 0.03
            }
          ]
        }
      },
      "result_preview": {
        "job": {
          "created_at": "2026-08-13T10:23:06.980889Z",
          "execution_started_at": null,
          "execution_timeout_ms": 120000,
          "has_result": false,
          "iteration": null,
          "job_id": "c51056c6d428ec12",
          "message": null,
          "model_version_id": null,
          "progress": 0.0,
          "project_id": "e71c575f01a6beb6",
          "queue_timeout_ms": 1800000,
          "residual": null,
          "simulation_case_id": "b8238cd31cc40e6a",
          "status": "queued",
          "status_detail": {
            "active": true,
            "failure_class": null,
            "lifecycle": "active",
            "recoverable": false,
            "terminal": false,
            "timing": {
              "effective_deadline": "2026-08-13T10:53:06.980889Z",
              "effective_timeout_ms": 1800000,
              "execution_elapsed_ms": null,
              "execution_started_at": null,
              "execution_timeout_ms": 120000,
              "job_submission_deadline": "2026-08-13T10:53:06.980889Z",
              "phase": "queue",
              "queue_timeout_ms": 1800000,
              "queue_wait_ms": 0,
              "total_elapsed_ms": 0
            }
          },
          "updated_at": "2026-08-13T10:23:06.980889Z",
          "worker_id": null
        },
        "job_id": "c51056c6d428ec12",
        "progress": 0.0,
        "raw": {
          "job": {
            "created_at": "2026-08-13T10:23:06.980889Z",
            "execution_started_at": null,
            "execution_timeout_ms": 120000,
            "has_result": false,
            "iteration": null,
            "job_id": "c51056c6d428ec12",
            "message": null,
            "model_version_id": null,
            "progress": 0.0,
            "project_id": "e71c575f01a6beb6",
            "queue_timeout_ms": 1800000,
            "residual": null,
            "simulation_case_id": "b8238cd31cc40e6a",
            "status": "queued",
            "status_detail": {
              "active": true,
              "failure_class": null,
              "lifecycle": "active",
              "recoverable": false,
              "terminal": false,
              "timing": {
                "effective_deadline": "2026-08-13T10:53:06.980889Z",
                "effective_timeout_ms": 1800000,
                "execution_elapsed_ms": null,
                "execution_started_at": null,
                "execution_timeout_ms": 120000,
                "job_submission_deadline": "2026-08-13T10:53:06.980889Z",
                "phase": "queue",
                "queue_timeout_ms": 1800000,
                "queue_wait_ms": 0,
                "total_elapsed_ms": 0
              }
            },
            "updated_at": "2026-08-13T10:23:06.980889Z",
            "worker_id": null
          }
        },
        "status": "queued"
      },
      "requires_confirmation": false
    },
    {
      "index": 5,
      "action": "job_wait",
      "risk": "normal",
      "status": "executed",
      "payload": {
        "interval_ms": 1000,
        "job_id": "c51056c6d428ec12",
        "max_total_timeout_ms": 3600000,
        "resume_policy": "server_deadline",
        "timeout_ms": 60000
      },
      "result_preview": {
        "job": {
          "created_at": "2026-08-13T10:23:06.980889Z",
          "execution_started_at": "2026-08-13T10:23:06.997529Z",
          "execution_timeout_ms": 120000,
          "iteration": 4,
          "job_id": "c51056c6d428ec12",
          "message": "collecting nodal and elemental responses",
          "model_version_id": null,
          "progress": 1.0,
          "project_id": "e71c575f01a6beb6",
          "queue_timeout_ms": 1800000,
          "residual": 0.2,
          "simulation_case_id": "b8238cd31cc40e6a",
          "status": "completed",
          "status_detail": {
            "active": false,
            "failure_class": null,
            "lifecycle": "terminal",
            "recoverable": false,
            "terminal": true,
            "timing": {
              "effective_deadline": "2026-08-13T10:25:06.997529Z",
              "effective_timeout_ms": 120000,
              "execution_elapsed_ms": 10078,
              "execution_started_at": "2026-08-13T10:23:06.997529Z",
              "execution_timeout_ms": 120000,
              "job_submission_deadline": "2026-08-13T10:53:06.980889Z",
              "phase": "execution",
              "queue_timeout_ms": 1800000,
              "queue_wait_ms": 16,
              "total_elapsed_ms": 10095
            }
          },
          "updated_at": "2026-08-13T10:23:17.076091Z",
          "worker_id": "rust-agent-rpc@127.0.0.1:5002"
        },
        "job_id": "c51056c6d428ec12",
        "progress": 1.0,
        "raw": {
          "job": {
            "created_at": "2026-08-13T10:23:06.980889Z",
            "execution_started_at": "2026-08-13T10:23:06.997529Z",
            "execution_timeout_ms": 120000,
            "iteration": 4,
            "job_id": "c51056c6d428ec12",
            "message": "collecting nodal and elemental responses",
            "model_version_id": null,
            "progress": 1.0,
            "project_id": "e71c575f01a6beb6",
            "queue_timeout_ms": 1800000,
            "residual": 0.2,
            "simulation_case_id": "b8238cd31cc40e6a",
            "status": "completed",
            "status_detail": {
              "active": false,
              "failure_class": null,
              "lifecycle": "terminal",
              "recoverable": false,
              "terminal": true,
              "timing": {
                "effective_deadline": "2026-08-13T10:25:06.997529Z",
                "effective_timeout_ms": 120000,
                "execution_elapsed_ms": 10078,
                "execution_started_at": "2026-08-13T10:23:06.997529Z",
                "execution_timeout_ms": 120000,
                "job_submission_deadline": "2026-08-13T10:53:06.980889Z",
                "phase": "execution",
                "queue_timeout_ms": 1800000,
                "queue_wait_ms": 16,
                "total_elapsed_ms": 10095
              }
            },
            "updated_at": "2026-08-13T10:23:17.076091Z",
            "worker_id": "rust-agent-rpc@127.0.0.1:5002"
          }
        },
        "result": null,
        "status": "completed",
        "wait": {
          "elapsed_ms": 10142,
          "policy": "server_deadline",
          "poll_attempts": 11,
          "resume_count": 0
        }
      },
      "requires_confirmation": false
    },
    {
      "index": 6,
      "action": "result_fetch",
      "risk": "normal",
      "status": "executed",
      "payload": {
        "job_id": "c51056c6d428ec12"
      },
      "result_preview": {
        "job": {
          "created_at": "2026-08-13T10:23:06.980889Z",
          "execution_started_at": "2026-08-13T10:23:06.997529Z",
          "execution_timeout_ms": 120000,
          "has_result": true,
          "iteration": 4,
          "job_id": "c51056c6d428ec12",
          "message": "collecting nodal and elemental responses",
          "model_version_id": null,
          "progress": 1.0,
          "project_id": "e71c575f01a6beb6",
          "queue_timeout_ms": 1800000,
          "residual": 0.2,
          "simulation_case_id": "b8238cd31cc40e6a",
          "status": "completed",
          "status_detail": {
            "active": false,
            "failure_class": null,
            "lifecycle": "terminal",
            "recoverable": false,
            "terminal": true,
            "timing": {
              "effective_deadline": "2026-08-13T10:25:06.997529Z",
              "effective_timeout_ms": 120000,
              "execution_elapsed_ms": 10078,
              "execution_started_at": "2026-08-13T10:23:06.997529Z",
              "execution_timeout_ms": 120000,
              "job_submission_deadline": "2026-08-13T10:53:06.980889Z",
              "phase": "execution",
              "queue_timeout_ms": 1800000,
              "queue_wait_ms": 16,
              "total_elapsed_ms": 10095
            }
          },
          "updated_at": "2026-08-13T10:23:17.076091Z",
          "worker_id": "rust-agent-rpc@127.0.0.1:5002"
        },
        "job_id": "c51056c6d428ec12",
        "result": {
          "electric_conduction": {
            "contact_interfaces": [],
            "current_balance_relative_error": 0.0,
            "elements": [
              {
                "area_m2": 0.0009,
                "average_electric_potential_v": 0.0000282,
                "current_density_magnitude_a_m2": 66533.82157798747,
                "current_density_x_a_m2": -66533.82157798747,
                "current_density_y_a_m2": -0.0,
                "electric_field_magnitude_v_m": 0.00188,
                "electric_field_x_v_m": -0.00188,
                "electric_field_y_v_m": -0.0,
                "electric_potential_gradient_x_v_m": 0.00188,
                "electric_potential_gradient_y_v_m": 0.0,
                "id": "conductor_left",
                "index": 0,
                "joule_power_w": 0.0001125752261099548,
                "node_i": 0,
                "node_j": 1,
                "node_k": 2,
                "node_l": 3,
                "peak_current_density_magnitude_a_m2": 66533.82157798747,
                "peak_electric_field_magnitude_v_m": 0.00188,
                "rms_current_density_magnitude_a_m2": 66533.82157798747,
                "rms_electric_field_magnitude_v_m": 0.00188,
                "volumetric_joule_heating_w_m3": 125.08358456661644
              }
            ],
            "free_current_residual_relative_error": 0.0,
            "input": {
              "contact_interfaces": [],
              "elements": [
                {
                  "electrical_conductivity_s_m": 35390330.62658908,
                  "id": "conductor_left",
                  "node_i": 0,
                  "node_j": 1,
                  "node_k": 2,
                  "node_l": 3,
                  "thickness": 0.001
                }
              ],
              "nodes": [
                {
                  "current_source_a": 0.0,
                  "electric_potential_v": 0.0,
                  "fix_electric_potential": true,
                  "id": "n0",
                  "x": 0.0,
                  "y": 0.0
                },
                {
                  "current_source_a": 0.0,
                  "electric_potential_v": 0.000056399999999999995,
                  "fix_electric_potential": true,
                  "id": "n1",
                  "x": 0.03,
                  "y": 0.0
                },
                {
                  "current_source_a": 0.0,
                  "electric_potential_v": 0.000056399999999999995,
                  "fix_electric_potential": true,
                  "id": "n5",
                  "x": 0.03,
                  "y": 0.03
                },
                {
                  "current_source_a": 0.0,
                  "electric_potential_v": 0.0,
                  "fix_electric_potential": true,
                  "id": "n4",
                  "x": 0.0,
                  "y": 0.03
                }
              ],
              "terminals": []
            },
            "max_current_density_a_m2": 66533.82157798747,
            "max_electric_field_v_m": 0.00188,
            "max_electric_potential_v": 0.000056399999999999995,
            "max_free_current_residual_a": 0.0,
            "nodes": [
              {
                "current_source_a": 0.0,
                "electric_potential_v": 0.0,
                "fix_electric_potential": true,
                "id": "n0",
                "index": 0,
                "net_injected_current_a": -0.9980073236698124,
                "reaction_current_a": -0.9980073236698124,
                "x": 0.0,
                "y": 0.0
              },
              {
                "current_source_a": 0.0,
                "electric_potential_v": 0.000056399999999999995,
                "fix_electric_potential": true,
                "id": "n1",
                "index": 1,
                "net_injected_current_a": 0.9980073236698124,
                "reaction_current_a": 0.9980073236698124,
                "x": 0.03,
                "y": 0.0
              },
              {
                "current_source_a": 0.0,
                "electric_potential_v": 0.000056399999999999995,
                "fix_electric_potential": true,
                "id": "n5",
                "index": 2,
                "net_injected_current_a": 0.9980073236698124,
                "reaction_current_a": 0.9980073236698124,
                "x": 0.03,
                "y": 0.03
              },
              {
                "current_source_a": 0.0,
                "electric_potential_v": 0.0,
                "fix_electric_potential": true,
                "id": "n4",
                "index": 3,
                "net_injected_current_a": -0.9980073236698124,
                "reaction_current_a": -0.9980073236698124,
                "x": 0.0,
                "y": 0.03
              }
            ],
            "power_balance_relative_error": 1.2038640848770528e-16,
            "source_power_balance_relative_error": 1.2038640848770528e-16,
            "terminals": [],
            "total_bulk_joule_power_w": 0.0001125752261099548,
            "total_contact_joule_power_w": -0.0,
            "total_dissipated_power_w": 0.0001125752261099548,
            "total_electrical_input_power_w": 0.00011257522610995484,
            "total_extracted_current_a": 1.9960146473396247,
            "total_injected_current_a": 1.9960146473396247,
            "total_joule_power_w": 0.0001125752261099548,
            "total_source_power_w": 0.00011257522610995484,
            "total_terminal_impedance_power_w": -0.0
          },
          "electrostatic": {
            "elements": [
              {
                "area": 0.0009,
                "average_potential": 695.079993024988,
                "electric_energy_density": 1073635992.6747056,
                "electric_field_magnitude": 46338.666201665874,
                "electric_field_x": -46338.666201665874,
                "electric_field_y": -3.637978807091713e-12,
                "electric_flux_density_magnitude": 46338.666201665874,
                "electric_flux_density_x": -46338.666201665874,
                "electric_flux_density_y": -3.637978807091713e-12,
                "id": "conductor_left",
                "index": 0,
                "node_i": 0,
                "node_j": 1,
                "node_k": 5,
                "node_l": 4,
                "potential_gradient_x": 46338.666201665874,
                "potential_gradient_y": 3.637978807091713e-12,
                "stored_energy": 966.2723934072352
              },
              {
                "area": 0.0009,
                "average_potential": 1461.0847565904676,
                "electric_energy_density": 109551975.58351934,
                "electric_field_magnitude": 4728.318036032764,
                "electric_field_x": -4728.318036032764,
                "electric_field_y": -3.637978807091713e-12,
                "electric_flux_density_magnitude": 46338.66620166589,
                "electric_flux_density_x": -46338.66620166589,
                "electric_flux_density_y": -3.5653076697861405e-11,
                "id": "dielectric_core",
                "index": 1,
                "node_i": 1,
                "node_j": 2,
                "node_k": 6,
                "node_l": 5,
                "potential_gradient_x": 4728.318036032764,
                "potential_gradient_y": 3.637978807091713e-12,
                "stored_energy": 98.5967780251674
              },
              {
                "area": 0.0009,
                "average_potential": 1697.5047635654796,
                "electric_energy_density": 255627617.30350015,
                "electric_field_magnitude": 11033.015762301373,
                "electric_field_x": -11033.015762301373,
                "electric_field_y": -0.0,
                "electric_flux_density_magnitude": 46338.666201665765,
                "electric_flux_density_x": -46338.666201665765,
                "electric_flux_density_y": -0.0,
                "id": "substrate_right",
                "index": 2,
                "node_i": 2,
                "node_j": 3,
                "node_k": 7,
                "node_l": 6,
                "potential_gradient_x": 11033.015762301373,
                "potential_gradient_y": 0.0,
                "stored_energy": 230.06485557315017
              }
            ],
            "input": {
              "elements": [
                {
                  "id": "conductor_left",
                  "node_i": 0,
                  "node_j": 1,
                  "node_k": 5,
                  "node_l": 4,
                  "permittivity": 1.0,
                  "thickness": 0.001
                },
                {
                  "id": "dielectric_core",
                  "node_i": 1,
                  "node_j": 2,
                  "node_k": 6,
                  "node_l": 5,
                  "permittivity": 9.800243098822042,
                  "thickness": 0.001
                },
                {
                  "id": "substrate_right",
                  "node_i": 2,
                  "node_j": 3,
                  "node_k": 7,
                  "node_l": 6,
                  "permittivity": 4.2,
                  "thickness": 0.001
                }
              ],
              "nodes": [
                {
                  "charge_density": 0.0,
                  "fix_potential": true,
                  "id": "n0",
                  "potential": 0.0,
                  "x": 0.0,
                  "y": 0.0
                },
                {
                  "charge_density": 0.0,
                  "fix_potential": false,
                  "id": "n1",
                  "potential": 0.0,
                  "x": 0.03,
                  "y": 0.0
                },
                {
                  "charge_density": 0.0,
                  "fix_potential": false,
                  "id": "n2",
                  "potential": 0.0,
                  "x": 0.06,
                  "y": 0.0
                },
                {
                  "charge_density": 0.0,
                  "fix_potential": true,
                  "id": "n3",
                  "potential": 1863.0,
                  "x": 0.09,
                  "y": 0.0
                },
                {
                  "charge_density": 0.0,
                  "fix_potential": true,
                  "id": "n4",
                  "potential": 0.0,
                  "x": 0.0,
                  "y": 0.03
                },
                {
                  "charge_density": 0.0,
                  "fix_potential": false,
                  "id": "n5",
                  "potential": 0.0,
                  "x": 0.03,
                  "y": 0.03
                },
                {
                  "charge_density": 0.0,
                  "fix_potential": false,
                  "id": "n6",
                  "potential": 0.0,
                  "x": 0.06,
                  "y": 0.03
                },
                {
                  "charge_density": 0.0,
                  "fix_potential": true,
                  "id": "n7",
                  "potential": 1863.0,
                  "x": 0.09,
                  "y": 0.03
                }
              ]
            },
            "max_electric_energy_density": 1073635992.6747056,
            "max_electric_field": 46338.666201665874,
            "max_flux_density": 46338.66620166589,
            "max_potential": 1863.0,
            "nodes": [
              {
                "charge_density": 0.0,
                "id": "n0",
                "index": 0,
                "potential": 0.0,
                "x": 0.0,
                "y": 0.0
              },
              {
                "charge_density": 0.0,
                "id": "n1",
                "index": 1,
                "potential": 1390.159986049976,
                "x": 0.03,
                "y": 0.0
              },
              {
                "charge_density": 0.0,
                "id": "n2",
                "index": 2,
                "potential": 1532.009527130959,
                "x": 0.06,
                "y": 0.0
              },
              {
                "charge_density": 0.0,
                "id": "n3",
                "index": 3,
                "potential": 1863.0,
                "x": 0.09,
                "y": 0.0
              },
              {
                "charge_density": 0.0,
                "id": "n4",
                "index": 4,
                "potential": 0.0,
                "x": 0.0,
                "y": 0.03
              },
              {
                "charge_density": 0.0,
                "id": "n5",
                "index": 5,
                "potential": 1390.1599860499762,
                "x": 0.03,
                "y": 0.03
              },
              {
                "charge_density": 0.0,
                "id": "n6",
                "index": 6,
                "potential": 1532.009527130959,
                "x": 0.06,
                "y": 0.03
              },
              {
                "charge_density": 0.0,
                "id": "n7",
                "index": 7,
                "potential": 1863.0,
                "x": 0.09,
                "y": 0.03
              }
            ],
            "total_stored_energy": 1294.9340270055527
          },
          "electrostatic_mesh_convergence": {
            "finest_pair_relative_change": 6.012965406094006e-15,
            "max_analytic_relative_error": 1.070000000000001,
            "method": "structured_quad_h_refinement",
            "refinement_levels": [
              1,
              2,
              4,
              8
            ],
            "relative_error_tolerance": 1e-8,
            "samples": [
              {
                "analytic_relative_error": 1.070000000000001,
                "element_count": 3,
                "elements_per_layer": 1,
                "max_electric_field_v_m": 46338.666201665874,
                "node_count": 8,
                "relative_change_from_previous": null
              },
              {
                "analytic_relative_error": 8.125628927154064e-16,
                "element_count": 6,
                "elements_per_layer": 2,
                "max_electric_field_v_m": 22385.829082930344,
                "node_count": 14,
                "relative_change_from_previous": 1.0700000000000018
              },
              {
                "analytic_relative_error": 4.225327042120113e-15,
                "element_count": 12,
                "elements_per_layer": 4,
                "max_electric_field_v_m": 22385.829082930457,
                "node_count": 26,
                "relative_change_from_previous": 5.037889934835519e-15
              },
              {
                "analytic_relative_error": 1.787638363973894e-15,
                "element_count": 24,
                "elements_per_layer": 8,
                "max_electric_field_v_m": 22385.82908293032,
                "node_count": 50,
                "relative_change_from_previous": 6.012965406094006e-15
              }
            ],
            "schema_version": "kyuubiki.composite-electrostatic-mesh-convergence/v1",
            "status": "fail"
          },
          "electrothermal_feedback_convergence": {
            "conductivity_relative_change_tolerance": 1e-9,
            "converged": true,
            "final_loss_relative_change": 6.38076953463937e-10,
            "final_max_conductivity_relative_change": 1.9423684622388452e-10,
            "final_temperature_residual_c": 4.8218915082998144e-8,
            "iteration_count": 11,
            "iterations": [
              {
                "converged": false,
                "coupling_temperature_c": 35.0,
                "dielectric_mean_temperature_c": 35.24838333601202,
                "iteration": 1,
                "loss_relative_change": null,
                "loss_tangent": 0.0002,
                "max_conductivity_relative_change": null,
                "max_temperature_c": 35.49626226405313,
                "relative_permittivity": 9.8,
                "temperature_residual_c": 0.496093401777685,
                "thermal_conductivity_updates": [
                  {
                    "conductivity_relative_change": null,
                    "conductivity_w_mk": 167.0,
                    "coupling_temperature_c": 35.0,
                    "element_id": "conductor_left",
                    "measured_mean_temperature_c": 35.496093401777685
                  },
                  {
                    "conductivity_relative_change": null,
                    "conductivity_w_mk": 0.25,
                    "coupling_temperature_c": 35.0,
                    "element_id": "dielectric_core",
                    "measured_mean_temperature_c": 35.24838333601202
                  },
                  {
                    "conductivity_relative_change": null,
                    "conductivity_w_mk": 160.0,
                    "coupling_temperature_c": 35.0,
                    "element_id": "substrate_right",
                    "measured_mean_temperature_c": 35.000421066260905
                  }
                ],
                "total_joule_loss_w": 0.00011280000000000002,
                "total_loss_w": 0.00002194120348696006
              },
              {
                "converged": false,
                "coupling_temperature_c": 35.19870666880961,
                "dielectric_mean_temperature_c": 35.248124249749885,
                "iteration": 2,
                "loss_relative_change": 0.0013072066863129713,
                "loss_tangent": 0.00020003974133376193,
                "max_conductivity_relative_change": 0.0003974133376192235,
                "max_temperature_c": 35.49574478660778,
                "relative_permittivity": 9.800194732535434,
                "temperature_residual_c": 0.09870140562136952,
                "thermal_conductivity_updates": [
                  {
                    "conductivity_relative_change": 0.00039687472142212714,
                    "conductivity_w_mk": 166.9337219215225,
                    "coupling_temperature_c": 35.39687472142215,
                    "element_id": "conductor_left",
                    "measured_mean_temperature_c": 35.49557612704352
                  },
                  {
                    "conductivity_relative_change": 0.0003974133376192235,
                    "conductivity_w_mk": 0.2499006466655952,
                    "coupling_temperature_c": 35.19870666880961,
                    "element_id": "dielectric_core",
                    "measured_mean_temperature_c": 35.248124249749885
                  },
                  {
                    "conductivity_relative_change": 4.042236104950803e-7,
                    "conductivity_w_mk": 159.99993532422232,
                    "coupling_temperature_c": 35.000336853008726,
                    "element_id": "substrate_right",
                    "measured_mean_temperature_c": 35.00042051601025
                  }
                ],
                "total_joule_loss_w": 0.00011261987519417504,
                "total_loss_w": 0.00002194519369066504
              },
              {
                "converged": false,
                "coupling_temperature_c": 35.23824073356183,
                "dielectric_mean_temperature_c": 35.24807281579342,
                "iteration": 3,
                "loss_relative_change": 0.0002599091502628118,
                "loss_tangent": 0.0002000476481467124,
                "max_conductivity_relative_change": 0.00007909956472644482,
                "max_temperature_c": 35.49564205672455,
                "relative_permittivity": 9.80023347591889,
                "temperature_residual_c": 0.01963759148839017,
                "thermal_conductivity_updates": [
                  {
                    "conductivity_relative_change": 0.00007899247461356247,
                    "conductivity_w_mk": 166.92053541373147,
                    "coupling_temperature_c": 35.47583584591925,
                    "element_id": "conductor_left",
                    "measured_mean_temperature_c": 35.49547343740764
                  },
                  {
                    "conductivity_relative_change": 0.00007909956472644482,
                    "conductivity_w_mk": 0.2498808796332191,
                    "coupling_temperature_c": 35.23824073356183,
                    "element_id": "dielectric_core",
                    "measured_mean_temperature_c": 35.24807281579342
                  },
                  {
                    "conductivity_relative_change": 8.031651393139005e-8,
                    "conductivity_w_mk": 159.9999224735853,
                    "coupling_temperature_c": 35.00040378340994,
                    "element_id": "substrate_right",
                    "measured_mean_temperature_c": 35.000420406748056
                  }
                ],
                "total_joule_loss_w": 0.00011258410663891304,
                "total_loss_w": 0.000021945987553218123
              },
              {
                "converged": false,
                "coupling_temperature_c": 35.246106399347106,
                "dielectric_mean_temperature_c": 35.24806258698166,
                "iteration": 4,
                "loss_relative_change": 0.00005170472721127387,
                "loss_tangent": 0.00020004922127986945,
                "max_conductivity_relative_change": 0.000015738830831717603,
                "max_temperature_c": 35.49562162655305,
                "relative_permittivity": 9.80024118427136,
                "temperature_residual_c": 0.003907096130475907,
                "thermal_conductivity_updates": [
                  {
                    "conductivity_relative_change": 0.000015717552165380993,
                    "conductivity_w_mk": 166.91791183150863,
                    "coupling_temperature_c": 35.49154591910996,
                    "element_id": "conductor_left",
                    "measured_mean_temperature_c": 35.495453015240436
                  },
                  {
                    "conductivity_relative_change": 0.000015738830831717603,
                    "conductivity_w_mk": 0.2498769468003265,
                    "coupling_temperature_c": 35.246106399347106,
                    "element_id": "dielectric_core",
                    "measured_mean_temperature_c": 35.24806258698166
                  },
                  {
                    "conductivity_relative_change": 1.595841228586394e-8,
                    "conductivity_w_mk": 159.99991992024056,
                    "coupling_temperature_c": 35.00041708208043,
                    "element_id": "substrate_right",
                    "measured_mean_temperature_c": 35.00042038501775
                  }
                ],
                "total_joule_loss_w": 0.00011257699285147008,
                "total_loss_w": 0.00002194614549883917
              },
              {
                "converged": false,
                "coupling_temperature_c": 35.24767134945475,
                "dielectric_mean_temperature_c": 35.24806055203092,
                "iteration": 5,
                "loss_relative_change": 0.00001028691048179154,
                "loss_tangent": 0.00020004953426989096,
                "max_conductivity_relative_change": 3.131441550947061e-6,
                "max_temperature_c": 35.495617562113026,
                "relative_permittivity": 9.800242717922464,
                "temperature_residual_c": 0.000777356378478089,
                "thermal_conductivity_updates": [
                  {
                    "conductivity_relative_change": 3.1272140737063014e-6,
                    "conductivity_w_mk": 166.9173898434656,
                    "coupling_temperature_c": 35.49467159601434,
                    "element_id": "conductor_left",
                    "measured_mean_temperature_c": 35.49544895239282
                  },
                  {
                    "conductivity_relative_change": 3.131441550947061e-6,
                    "conductivity_w_mk": 0.24987616432527265,
                    "coupling_temperature_c": 35.24767134945475,
                    "element_id": "dielectric_core",
                    "measured_mean_temperature_c": 35.24806055203092
                  },
                  {
                    "conductivity_relative_change": 3.170821460324049e-9,
                    "conductivity_w_mk": 159.99991941290938,
                    "coupling_temperature_c": 35.00041972443029,
                    "element_id": "substrate_right",
                    "measured_mean_temperature_c": 35.00042038069462
                  }
                ],
                "total_joule_loss_w": 0.00011257557759920776,
                "total_loss_w": 0.00002194617692361953
              },
              {
                "converged": false,
                "coupling_temperature_c": 35.24798271151569,
                "dielectric_mean_temperature_c": 35.24806014716231,
                "iteration": 6,
                "loss_relative_change": 2.0466747176684525e-6,
                "loss_tangent": 0.00020004959654230313,
                "max_conductivity_relative_change": 6.230327366520412e-7,
                "max_temperature_c": 35.495616753462414,
                "relative_permittivity": 9.800243023057288,
                "temperature_residual_c": 0.0001546629418953671,
                "thermal_conductivity_updates": [
                  {
                    "conductivity_relative_change": 6.221928838582869e-7,
                    "conductivity_w_mk": 166.91728598865345,
                    "coupling_temperature_c": 35.49529348111712,
                    "element_id": "conductor_left",
                    "measured_mean_temperature_c": 35.49544814405902
                  },
                  {
                    "conductivity_relative_change": 6.230327366520412e-7,
                    "conductivity_w_mk": 0.24987600864424217,
                    "coupling_temperature_c": 35.24798271151569,
                    "element_id": "dielectric_core",
                    "measured_mean_temperature_c": 35.24806014716231
                  },
                  {
                    "conductivity_relative_change": 6.300140473928416e-10,
                    "conductivity_w_mk": 159.99991931210718,
                    "coupling_temperature_c": 35.00042024944175,
                    "element_id": "substrate_right",
                    "measured_mean_temperature_c": 35.000420379834495
                  }
                ],
                "total_joule_loss_w": 0.00011257529602466891,
                "total_loss_w": 0.000021946183175884413
              },
              {
                "converged": false,
                "coupling_temperature_c": 35.24804466003299,
                "dielectric_mean_temperature_c": 35.24806006660638,
                "iteration": 7,
                "loss_relative_change": 4.072063119722679e-7,
                "loss_tangent": 0.00020004960893200665,
                "max_conductivity_relative_change": 1.2395851365742352e-7,
                "max_temperature_c": 35.495616592566726,
                "relative_permittivity": 9.800243083766834,
                "temperature_residual_c": 0.000030771755731962,
                "thermal_conductivity_updates": [
                  {
                    "conductivity_relative_change": 1.2379166671066764e-7,
                    "conductivity_w_mk": 166.9172653256844,
                    "coupling_temperature_c": 35.49541721147064,
                    "element_id": "conductor_left",
                    "measured_mean_temperature_c": 35.49544798322637
                  },
                  {
                    "conductivity_relative_change": 1.2395851365742352e-7,
                    "conductivity_w_mk": 0.2498759776699835,
                    "coupling_temperature_c": 35.24804466003299,
                    "element_id": "dielectric_core",
                    "measured_mean_temperature_c": 35.24806006660638
                  },
                  {
                    "conductivity_relative_change": 1.2517708742831395e-10,
                    "conductivity_w_mk": 159.99991929207886,
                    "coupling_temperature_c": 35.00042035375595,
                    "element_id": "substrate_right",
                    "measured_mean_temperature_c": 35.00042037966337
                  }
                ],
                "total_joule_loss_w": 0.00011257524000272436,
                "total_loss_w": 0.000021946184419833543
              },
              {
                "converged": false,
                "coupling_temperature_c": 35.2480569852917,
                "dielectric_mean_temperature_c": 35.248060050584456,
                "iteration": 8,
                "loss_relative_change": 8.101779928518669e-8,
                "loss_tangent": 0.00020004961139705833,
                "max_conductivity_relative_change": 2.4662752333114064e-8,
                "max_temperature_c": 35.495616560565885,
                "relative_permittivity": 9.800243095845588,
                "temperature_residual_c": 6.122362840699225e-6,
                "thermal_conductivity_updates": [
                  {
                    "conductivity_relative_change": 2.462960649822814e-8,
                    "conductivity_w_mk": 166.91726121457785,
                    "coupling_temperature_c": 35.49544182887522,
                    "element_id": "conductor_left",
                    "measured_mean_temperature_c": 35.49544795123806
                  },
                  {
                    "conductivity_relative_change": 2.4662752333114064e-8,
                    "conductivity_w_mk": 0.24987597150735416,
                    "coupling_temperature_c": 35.2480569852917,
                    "element_id": "dielectric_core",
                    "measured_mean_temperature_c": 35.248060050584456
                  },
                  {
                    "conductivity_relative_change": 2.487113992542329e-11,
                    "conductivity_w_mk": 159.99991928809948,
                    "coupling_temperature_c": 35.000420374481884,
                    "element_id": "substrate_right",
                    "measured_mean_temperature_c": 35.000420379629325
                  }
                ],
                "total_joule_loss_w": 0.00011257522885659885,
                "total_loss_w": 0.000021946184667329293
              },
              {
                "converged": false,
                "coupling_temperature_c": 35.2480594375259,
                "dielectric_mean_temperature_c": 35.2480600473959,
                "iteration": 9,
                "loss_relative_change": 1.6119339606807514e-8,
                "loss_tangent": 0.0002000496118875052,
                "max_conductivity_relative_change": 4.906902881062013e-9,
                "max_temperature_c": 35.495616554197355,
                "relative_permittivity": 9.800243098248776,
                "temperature_residual_c": 1.2181065400795887e-6,
                "thermal_conductivity_updates": [
                  {
                    "conductivity_relative_change": 4.900318203310746e-9,
                    "conductivity_w_mk": 166.91726039663016,
                    "coupling_temperature_c": 35.49544672676549,
                    "element_id": "conductor_left",
                    "measured_mean_temperature_c": 35.49544794487203
                  },
                  {
                    "conductivity_relative_change": 4.906902881062013e-9,
                    "conductivity_w_mk": 0.24987597028123704,
                    "coupling_temperature_c": 35.2480594375259,
                    "element_id": "dielectric_core",
                    "measured_mean_temperature_c": 35.2480600473959
                  },
                  {
                    "conductivity_relative_change": 4.941471948566069e-12,
                    "conductivity_w_mk": 159.99991928730884,
                    "coupling_temperature_c": 35.000420378599834,
                    "element_id": "substrate_right",
                    "measured_mean_temperature_c": 35.00042037962255
                  }
                ],
                "total_joule_loss_w": 0.00011257522663896076,
                "total_loss_w": 0.000021946184716571035
              },
              {
                "converged": false,
                "coupling_temperature_c": 35.248059925421906,
                "dielectric_mean_temperature_c": 35.24806004675972,
                "iteration": 10,
                "loss_relative_change": 3.207107021928784e-9,
                "loss_tangent": 0.0002000496119850844,
                "max_conductivity_relative_change": 9.762763518807615e-10,
                "max_temperature_c": 35.49561655292669,
                "relative_permittivity": 9.800243098726916,
                "temperature_residual_c": 2.42351141821473e-7,
                "thermal_conductivity_updates": [
                  {
                    "conductivity_relative_change": 9.749683250927731e-10,
                    "conductivity_w_mk": 166.9172602338911,
                    "coupling_temperature_c": 35.495447701250725,
                    "element_id": "conductor_left",
                    "measured_mean_temperature_c": 35.49544794360187
                  },
                  {
                    "conductivity_relative_change": 9.762763518807615e-10,
                    "conductivity_w_mk": 0.24987597003728904,
                    "coupling_temperature_c": 35.248059925421906,
                    "element_id": "dielectric_core",
                    "measured_mean_temperature_c": 35.24806004675972
                  },
                  {
                    "conductivity_relative_change": 9.819705561797474e-13,
                    "conductivity_w_mk": 159.99991928715173,
                    "coupling_temperature_c": 35.000420379418,
                    "element_id": "substrate_right",
                    "measured_mean_temperature_c": 35.000420379621204
                  }
                ],
                "total_joule_loss_w": 0.00011257522619773909,
                "total_loss_w": 0.000021946184726368167
              },
              {
                "converged": true,
                "coupling_temperature_c": 35.248060022492155,
                "dielectric_mean_temperature_c": 35.248060046633846,
                "iteration": 11,
                "loss_relative_change": 6.38076953463937e-10,
                "loss_tangent": 0.00020004961200449845,
                "max_conductivity_relative_change": 1.9423684622388452e-10,
                "max_temperature_c": 35.49561655267528,
                "relative_permittivity": 9.800243098822042,
                "temperature_residual_c": 4.8218915082998144e-8,
                "thermal_conductivity_updates": [
                  {
                    "conductivity_relative_change": 1.939769236738912e-10,
                    "conductivity_w_mk": 166.91726020151302,
                    "coupling_temperature_c": 35.49544789513164,
                    "element_id": "conductor_left",
                    "measured_mean_temperature_c": 35.495447943350555
                  },
                  {
                    "conductivity_relative_change": 1.9423684622388452e-10,
                    "conductivity_w_mk": 0.24987596998875392,
                    "coupling_temperature_c": 35.248060022492155,
                    "element_id": "dielectric_core",
                    "measured_mean_temperature_c": 35.248060046633846
                  },
                  {
                    "conductivity_relative_change": 1.9504407935716741e-13,
                    "conductivity_w_mk": 159.99991928712052,
                    "coupling_temperature_c": 35.00042037958056,
                    "element_id": "substrate_right",
                    "measured_mean_temperature_c": 35.000420379620934
                  }
                ],
                "total_joule_loss_w": 0.0001125752261099548,
                "total_loss_w": 0.00002194618472831742
              }
            ],
            "loss_relative_change_tolerance": 1e-9,
            "max_iterations": 12,
            "method": "relaxed_temperature_dependent_dielectric_and_conductivity_fixed_point",
            "parameter_source": "screening_sensitivity_not_material_card",
            "relaxation_factor": 0.8,
            "schema_version": "kyuubiki.composite-electrothermal-feedback-convergence/v1",
            "status": "pass",
            "temperature_residual_tolerance_c": 1e-7
          },
          "electrothermal_loss_projection": {
            "assumptions": [
              "The solved electrostatic field magnitude is interpreted as an RMS harmonic field.",
              "Relative permittivity and loss tangent are scalar, isotropic, and frequency-local screening values.",
              "Element dielectric loss is lumped consistently to its four thermal nodes."
            ],
            "distributed_total_heat_load_w": 0.00002194618472831742,
            "effective_conductivity_s_m": 1.090694593358145e-6,
            "electric_field_rms_v_m": 4728.318036032764,
            "energy_balance_relative_error": 0.0,
            "frequency_hz": 10000000.0,
            "loss_tangent": 0.00020004961200449845,
            "model": "harmonic_dielectric_loss_sigma_eff_e_rms_squared",
            "relative_permittivity": 9.800243098822042,
            "schema_version": "kyuubiki.composite-electrothermal-loss-projection/v1",
            "source_element_id": "dielectric_core",
            "source_volume_m3": 9e-7,
            "target_element_count": 1,
            "target_node_count": 4,
            "total_loss_w": 0.00002194618472831742,
            "volumetric_loss_w_m3": 24.384649698130467
          },
          "heat": {
            "elements": [
              {
                "area": 0.0009,
                "average_temperature": 35.495447943350555,
                "heat_flow_rate": 1.6886283916653723e-6,
                "heat_flux_magnitude": 1.8762537685170804,
                "heat_flux_x": 1.8762537685170804,
                "heat_flux_y": -1.8976295473466168e-11,
                "id": "conductor_left",
                "index": 0,
                "node_i": 0,
                "node_j": 1,
                "node_k": 5,
                "node_l": 4,
                "temperature_gradient_x": -0.011240621648425986,
                "temperature_gradient_y": 1.1368683772161605e-13
              },
              {
                "area": 0.0009,
                "average_temperature": 35.248060046633846,
                "heat_flow_rate": 3.706449554219989e-6,
                "heat_flux_magnitude": 4.1182772824666545,
                "heat_flux_x": 4.1182772824666545,
                "heat_flux_y": -0.0,
                "id": "dielectric_core",
                "index": 1,
                "node_i": 1,
                "node_j": 2,
                "node_k": 6,
                "node_l": 5,
                "temperature_gradient_x": -16.48128582613208,
                "temperature_gradient_y": 0.0
              },
              {
                "area": 0.0009,
                "average_temperature": 35.000420379620934,
                "heat_flow_rate": 4.035642325151412e-6,
                "heat_flux_magnitude": 4.484047027946014,
                "heat_flux_x": 4.484047027946014,
                "heat_flux_y": 1.8189884859466533e-11,
                "id": "substrate_right",
                "index": 2,
                "node_i": 2,
                "node_j": 3,
                "node_k": 7,
                "node_l": 6,
                "temperature_gradient_x": -0.028025308062183285,
                "temperature_gradient_y": -1.1368683772161605e-13
              }
            ],
            "input": {
              "elements": [
                {
                  "conductivity": 166.91726020151302,
                  "id": "conductor_left",
                  "node_i": 0,
                  "node_j": 1,
                  "node_k": 5,
                  "node_l": 4,
                  "thickness": 0.001
                },
                {
                  "conductivity": 0.24987596998875392,
                  "id": "dielectric_core",
                  "node_i": 1,
                  "node_j": 2,
                  "node_k": 6,
                  "node_l": 5,
                  "thickness": 0.001
                },
                {
                  "conductivity": 159.99991928712052,
                  "id": "substrate_right",
                  "node_i": 2,
                  "node_j": 3,
                  "node_k": 7,
                  "node_l": 6,
                  "thickness": 0.001
                }
              ],
              "nodes": [
                {
                  "fix_temperature": false,
                  "heat_load": 0.000028143806527488704,
                  "id": "n0",
                  "temperature": 35.0,
                  "x": 0.0,
                  "y": 0.0
                },
                {
                  "fix_temperature": false,
                  "heat_load": 0.000033630352709568056,
                  "id": "n1",
                  "temperature": 35.0,
                  "x": 0.03,
                  "y": 0.0
                },
                {
                  "fix_temperature": false,
                  "heat_load": 5.486546182079355e-6,
                  "id": "n2",
                  "temperature": 35.0,
                  "x": 0.06,
                  "y": 0.0
                },
                {
                  "fix_temperature": true,
                  "heat_load": 0.0,
                  "id": "n3",
                  "temperature": 35.0,
                  "x": 0.09,
                  "y": 0.0
                },
                {
                  "fix_temperature": false,
                  "heat_load": 0.000028143806527488704,
                  "id": "n4",
                  "temperature": 35.0,
                  "x": 0.0,
                  "y": 0.03
                },
                {
                  "fix_temperature": false,
                  "heat_load": 0.000033630352709568056,
                  "id": "n5",
                  "temperature": 35.0,
                  "x": 0.03,
                  "y": 0.03
                },
                {
                  "fix_temperature": false,
                  "heat_load": 5.486546182079355e-6,
                  "id": "n6",
                  "temperature": 35.0,
                  "x": 0.06,
                  "y": 0.03
                },
                {
                  "fix_temperature": true,
                  "heat_load": 0.0,
                  "id": "n7",
                  "temperature": 35.0,
                  "x": 0.09,
                  "y": 0.03
                }
              ]
            },
            "max_heat_flux": 4.484047027946014,
            "max_temperature": 35.49561655267528,
            "nodes": [
              {
                "heat_load": 0.000028143806527488704,
                "id": "n0",
                "index": 0,
                "temperature": 35.49561655267528,
                "x": 0.0,
                "y": 0.0
              },
              {
                "heat_load": 0.000033630352709568056,
                "id": "n1",
                "index": 1,
                "temperature": 35.495279334025824,
                "x": 0.03,
                "y": 0.0
              },
              {
                "heat_load": 5.486546182079355e-6,
                "id": "n2",
                "index": 2,
                "temperature": 35.00084075924187,
                "x": 0.06,
                "y": 0.0
              },
              {
                "heat_load": 0.0,
                "id": "n3",
                "index": 3,
                "temperature": 35.0,
                "x": 0.09,
                "y": 0.0
              },
              {
                "heat_load": 0.000028143806527488704,
                "id": "n4",
                "index": 4,
                "temperature": 35.49561655267528,
                "x": 0.0,
                "y": 0.03
              },
              {
                "heat_load": 0.000033630352709568056,
                "id": "n5",
                "index": 5,
                "temperature": 35.49527933402583,
                "x": 0.03,
                "y": 0.03
              },
              {
                "heat_load": 5.486546182079355e-6,
                "id": "n6",
                "index": 6,
                "temperature": 35.00084075924186,
                "x": 0.06,
                "y": 0.03
              },
              {
                "heat_load": 0.0,
                "id": "n7",
                "index": 7,
                "temperature": 35.0,
                "x": 0.09,
                "y": 0.03
              }
            ],
            "total_abs_heat_flow_rate": 9.430720271036773e-6
          },
          "heat_cross_validation": {
            "absolute_error_c": 4.547473508864641e-13,
            "conductivities_w_mk": [
              166.91726020151302,
              0.24987596998875392,
              159.99991928712052
            ],
            "expected_max_temperature_c": 35.495616552675735,
            "fem_max_temperature_c": 35.49561655267528,
            "fixed_temperature_c": 35.0,
            "method": "layered_thermal_resistance_with_regional_generation_closed_form",
            "relative_error": 1.2811366446096687e-14,
            "relative_error_tolerance": 1e-9,
            "schema_version": "kyuubiki.composite-heat-cross-validation/v1",
            "status": "pass",
            "total_heat_load_w": 0.00013452141083827222
          },
          "heat_mesh_convergence": {
            "finest_pair_relative_change": 2.7762631443892964e-12,
            "max_analytic_relative_error": 3.079131854279051e-12,
            "method": "structured_quad_h_refinement",
            "refinement_levels": [
              1,
              2,
              4,
              8
            ],
            "relative_error_tolerance": 1e-8,
            "samples": [
              {
                "analytic_relative_error": 1.2811366446096687e-14,
                "element_count": 3,
                "elements_per_layer": 1,
                "max_temperature_c": 35.49561655267528,
                "node_count": 8,
                "relative_change_from_previous": null
              },
              {
                "analytic_relative_error": 1.9957706791809997e-13,
                "element_count": 6,
                "elements_per_layer": 2,
                "max_temperature_c": 35.49561655266865,
                "node_count": 14,
                "relative_change_from_previous": 1.867657014720033e-13
              },
              {
                "analytic_relative_error": 3.028687098897546e-13,
                "element_count": 12,
                "elements_per_layer": 4,
                "max_temperature_c": 35.495616552686485,
                "node_count": 26,
                "relative_change_from_previous": 5.024457778078545e-13
              },
              {
                "analytic_relative_error": 3.079131854279051e-12,
                "element_count": 24,
                "elements_per_layer": 8,
                "max_temperature_c": 35.49561655278503,
                "node_count": 50,
                "relative_change_from_previous": 2.7762631443892964e-12
              }
            ],
            "schema_version": "kyuubiki.composite-heat-mesh-convergence/v1",
            "status": "pass"
          },
          "heat_to_thermal_projection": {
            "mapped_node_count": 8,
            "maximum_coordinate_error_m": 0.0,
            "maximum_temperature_delta_c": 0.4956165526752798,
            "minimum_temperature_delta_c": 0.0,
            "reference_temperature_c": 35.0,
            "schema_version": "kyuubiki.composite-heat-to-thermal-projection/v1"
          },
          "joule_heating_projection": {
            "assumptions": [
              "Steady scalar electrical conductivity is solved on a two-dimensional quad mesh.",
              "Joule heating uses the solved local sigma times electric-field magnitude squared.",
              "Element Joule power integrates both triangular subcell fields before thermal projection.",
              "Recovered terminal currents gate current continuity and electrical input-power balance.",
              "Contact and terminal impedance models require explicit study-level heat mappings."
            ],
            "boundary_voltage_span_v": 0.000056399999999999995,
            "current_balance_relative_error": 0.0,
            "distributed_total_heat_load_w": 0.0001125752261099548,
            "electrical_power_balance_relative_error": 1.2038640848770528e-16,
            "energy_balance_relative_error": 1.2038640848770528e-16,
            "free_current_residual_relative_error": 0.0,
            "max_current_density_a_m2": 66533.82157798747,
            "max_free_current_residual_a": 0.0,
            "model": "solved_steady_current_density_sigma_e_squared",
            "parameter_source": "screening_reference_not_material_card",
            "regions": [
              {
                "coupling_temperature_c": 35.49544789513164,
                "current_density_magnitude_a_m2": 66533.82157798747,
                "distributed_heat_load_w": 0.0001125752261099548,
                "electric_field_magnitude_v_m": 0.00188,
                "electrical_conductivity_s_m": 35390330.62658908,
                "element_id": "conductor_left",
                "energy_balance_relative_error": 0.0,
                "joule_power_w": 0.0001125752261099548,
                "peak_current_density_magnitude_a_m2": 66533.82157798747,
                "peak_electric_field_magnitude_v_m": 0.00188,
                "rms_current_density_magnitude_a_m2": 66533.82157798747,
                "rms_electric_field_magnitude_v_m": 0.00188,
                "source_volume_m3": 9e-7,
                "volumetric_joule_heating_w_m3": 125.08358456661644
              }
            ],
            "schema_version": "kyuubiki.composite-current-to-heat-projection/v2",
            "source_power_balance_relative_error": 1.2038640848770528e-16,
            "status": "pass",
            "total_dissipated_power_w": 0.0001125752261099548,
            "total_electrical_input_power_w": 0.00011257522610995484,
            "total_extracted_current_a": 1.9960146473396247,
            "total_injected_current_a": 1.9960146473396247,
            "total_joule_loss_w": 0.0001125752261099548,
            "total_source_power_w": 0.00011257522610995484
          },
          "research": {
            "candidate_id": "aluminum_alumina_aluminum",
            "candidate_label": "Aluminum / Alumina / Aluminum",
            "coupling": "iterative_dielectric_and_conductor_joule_heating_with_temperature_dependent_electrical_thermal_feedback_and_expansion_projection",
            "materials": {
              "conductor": "aluminum",
              "dielectric": "alumina_96",
              "substrate": "aluminum_6061"
            },
            "study": "material.composite_thermo_electric_panel.v1"
          },
          "schema_version": "kyuubiki.composite-thermo-electric-panel-result/v1",
          "thermal": {
            "elements": [
              {
                "area": 0.0009,
                "average_temperature_delta": 0.4954479433505536,
                "gamma_xy": -1.493520550442967e-21,
                "id": "conductor_left",
                "index": 0,
                "max_in_plane_shear": 147335.7117162967,
                "mechanical_strain_x": 8.572259590766363e-7,
                "mechanical_strain_y": -2.678831122114484e-6,
                "node_i": 0,
                "node_j": 1,
                "node_k": 5,
                "node_l": 4,
                "principal_stress_1": 1.7462298274040222e-10,
                "principal_stress_2": -294671.42343259323,
                "strain_energy_density": 1.2987797412030475,
                "stress_x": 1.8553060322624837e-10,
                "stress_y": -294671.42343259323,
                "tau_xy": -6.315935428978668e-11,
                "thermal_strain": 8.423449630418949e-6,
                "total_strain_x": 9.280675589495586e-6,
                "total_strain_y": 5.744618508304466e-6,
                "von_mises": 294671.42343259335
              },
              {
                "area": 0.0009,
                "average_temperature_delta": 0.24806004663384584,
                "gamma_xy": 1.1293313085272586e-19,
                "id": "dielectric_core",
                "index": 1,
                "max_in_plane_shear": 6670.948029522841,
                "mechanical_strain_x": 1.70776269555779e-6,
                "mechanical_strain_y": -5.336758423618332e-6,
                "node_i": 1,
                "node_j": 2,
                "node_k": 6,
                "node_l": 5,
                "principal_stress_1": -2.1464074961841104e-10,
                "principal_stress_2": -13341.896059045896,
                "strain_energy_density": 0.13007091576617832,
                "stress_x": -2.1414968563880798e-10,
                "stress_y": -13341.896059045896,
                "tau_xy": 1.0707484281940399e-10,
                "thermal_strain": 0.00001116491731484556,
                "total_strain_x": 0.00001287268001040335,
                "total_strain_y": 5.828158891227228e-6,
                "von_mises": 13341.89605904579
              },
              {
                "area": 0.0009,
                "average_temperature_delta": 0.00042037962093210973,
                "gamma_xy": -2.387478764530223e-22,
                "id": "substrate_right",
                "index": 2,
                "max_in_plane_shear": 1687.1211947636564,
                "mechanical_strain_x": -1.5671372491277003e-8,
                "mechanical_strain_y": 4.8973039035225943e-8,
                "node_i": 2,
                "node_j": 3,
                "node_k": 7,
                "node_l": 6,
                "principal_stress_1": 3374.2423895269517,
                "principal_stress_2": -3.6106939660385246e-10,
                "strain_energy_density": 0.00025034653904646293,
                "stress_x": -3.6091500158856127e-10,
                "stress_y": 3374.2423895269517,
                "tau_xy": -6.2295847492856004e-12,
                "thermal_strain": 9.920960305168491e-9,
                "total_strain_x": -5.7504121861085125e-9,
                "total_strain_y": 5.8893999340394425e-8,
                "von_mises": 3374.242389527132
              }
            ],
            "input": {
              "elements": [
                {
                  "id": "conductor_left",
                  "node_i": 0,
                  "node_j": 1,
                  "node_k": 5,
                  "node_l": 4,
                  "poisson_ratio": 0.32,
                  "thermal_expansion": 0.00001700168452300739,
                  "thickness": 0.001,
                  "youngs_modulus": 110000000000.0
                },
                {
                  "id": "dielectric_core",
                  "node_i": 1,
                  "node_j": 2,
                  "node_k": 6,
                  "node_l": 5,
                  "poisson_ratio": 0.32,
                  "thermal_expansion": 0.00004500893016167883,
                  "thickness": 0.001,
                  "youngs_modulus": 2500000000.0
                },
                {
                  "id": "substrate_right",
                  "node_i": 2,
                  "node_j": 3,
                  "node_k": 7,
                  "node_l": 6,
                  "poisson_ratio": 0.32,
                  "thermal_expansion": 0.000023600002976287715,
                  "thickness": 0.001,
                  "youngs_modulus": 68900000000.0
                }
              ],
              "nodes": [
                {
                  "fix_x": true,
                  "fix_y": true,
                  "id": "n0",
                  "load_x": 0.0,
                  "load_y": 0.0,
                  "temperature_delta": 0.4956165526752798,
                  "x": 0.0,
                  "y": 0.0
                },
                {
                  "fix_x": false,
                  "fix_y": false,
                  "id": "n1",
                  "load_x": 0.0,
                  "load_y": 0.0,
                  "temperature_delta": 0.4952793340258239,
                  "x": 0.03,
                  "y": 0.0
                },
                {
                  "fix_x": false,
                  "fix_y": false,
                  "id": "n2",
                  "load_x": 0.0,
                  "load_y": 0.0,
                  "temperature_delta": 0.0008407592418677723,
                  "x": 0.06,
                  "y": 0.0
                },
                {
                  "fix_x": false,
                  "fix_y": false,
                  "id": "n3",
                  "load_x": 0.0,
                  "load_y": 0.0,
                  "temperature_delta": 0.0,
                  "x": 0.09,
                  "y": 0.0
                },
                {
                  "fix_x": true,
                  "fix_y": true,
                  "id": "n4",
                  "load_x": 0.0,
                  "load_y": 0.0,
                  "temperature_delta": 0.4956165526752798,
                  "x": 0.0,
                  "y": 0.03
                },
                {
                  "fix_x": false,
                  "fix_y": false,
                  "id": "n5",
                  "load_x": 0.0,
                  "load_y": 0.0,
                  "temperature_delta": 0.495279334025831,
                  "x": 0.03,
                  "y": 0.03
                },
                {
                  "fix_x": false,
                  "fix_y": false,
                  "id": "n6",
                  "load_x": 0.0,
                  "load_y": 0.0,
                  "temperature_delta": 0.0008407592418606669,
                  "x": 0.06,
                  "y": 0.03
                },
                {
                  "fix_x": false,
                  "fix_y": false,
                  "id": "n7",
                  "load_x": 0.0,
                  "load_y": 0.0,
                  "temperature_delta": 0.0,
                  "x": 0.09,
                  "y": 0.03
                }
              ]
            },
            "max_displacement": 6.646053934463956e-7,
            "max_strain_energy_density": 1.2987797412030475,
            "max_stress": 294671.42343259335,
            "max_temperature_delta": 0.4956165526752798,
            "nodes": [
              {
                "displacement_magnitude": 0.0,
                "id": "n0",
                "index": 0,
                "temperature_delta": 0.4956165526752798,
                "ux": 0.0,
                "uy": 0.0,
                "x": 0.0,
                "y": 0.0
              },
              {
                "displacement_magnitude": 3.274422438890132e-7,
                "id": "n1",
                "index": 1,
                "temperature_delta": 0.4952793340258239,
                "ux": 2.784202676848668e-7,
                "uy": -1.7233855524913486e-7,
                "x": 0.03,
                "y": 0.0
              },
              {
                "displacement_magnitude": 6.646053934463939e-7,
                "id": "n2",
                "index": 2,
                "temperature_delta": 0.0008407592418677723,
                "ux": 6.646006679969672e-7,
                "uy": -2.506211487681989e-9,
                "x": 0.06,
                "y": 0.0
              },
              {
                "displacement_magnitude": 6.644285670375149e-7,
                "id": "n3",
                "index": 3,
                "temperature_delta": 0.0,
                "ux": 6.644281556313851e-7,
                "uy": 7.393915074713461e-10,
                "x": 0.09,
                "y": 0.0
              },
              {
                "displacement_magnitude": 0.0,
                "id": "n4",
                "index": 4,
                "temperature_delta": 0.4956165526752798,
                "ux": 0.0,
                "uy": 0.0,
                "x": 0.0,
                "y": 0.03
              },
              {
                "displacement_magnitude": 3.274422438890137e-7,
                "id": "n5",
                "index": 5,
                "temperature_delta": 0.495279334025831,
                "ux": 2.784202676848685e-7,
                "uy": 1.7233855524913313e-7,
                "x": 0.03,
                "y": 0.03
              },
              {
                "displacement_magnitude": 6.646053934463956e-7,
                "id": "n6",
                "index": 6,
                "temperature_delta": 0.0008407592418606669,
                "ux": 6.646006679969689e-7,
                "uy": 2.506211487683745e-9,
                "x": 0.06,
                "y": 0.03
              },
              {
                "displacement_magnitude": 6.644285670375144e-7,
                "id": "n7",
                "index": 7,
                "temperature_delta": 0.0,
                "ux": 6.644281556313846e-7,
                "uy": -7.393915074707223e-10,
                "x": 0.09,
                "y": 0.03
              }
            ],
            "total_strain_energy": 1.286190903157445e-6
          },
          "thermal_constraint_regularized_mesh_convergence": {
            "algebraic_validation": {
              "max_relative_residual": null,
              "method": "original_system_recomputed_l2_residual_over_max_rhs_l2_or_one",
              "qualification_effect": "algebraic_gate_does_not_override_discretization_gates",
              "relative_residual_tolerance": 1e-10,
              "required_series": [
                "uniform_full_edge_clamp",
                "uniform_regularized_restraint",
                "interface_graded_full_edge_clamp"
              ],
              "schema_version": "kyuubiki.composite-thermal-algebraic-validation/v1",
              "series": [],
              "status": "missing"
            },
            "convergence_tolerance": 0.02,
            "diagnostic_metrics": [
              "max_von_mises_stress_pa"
            ],
            "finest_pair_displacement_relative_change": 0.001943091508983239,
            "finest_pair_peak_stress_relative_change": 0.3093419585342673,
            "finest_pair_strain_energy_relative_change": 0.22521838155196383,
            "method": "structured_quad_h_refinement_preserving_piecewise_linear_temperature_roller_edge_with_vertical_anchor",
            "pass_metrics": [
              "max_displacement_m",
              "total_strain_energy_j"
            ],
            "refinement_levels": [
              1,
              2,
              4,
              8
            ],
            "regime_assessment": {
              "diagnosis": "pass_metrics_lack_qualified_discretization_uncertainty",
              "gci_safety_factor": 1.25,
              "method": "four_level_constant_ratio_observed_order_and_fine_grid_gci",
              "metrics": [
                {
                  "coarse_triplet_observed_order": 0.5600708326552273,
                  "fine_grid_gci": null,
                  "fine_triplet_observed_order": 4.048811536478908,
                  "metric": "max_displacement_m",
                  "observed_order_relative_difference": 0.8616703129772499,
                  "qualification_role": "pass_metric",
                  "regime": "oscillatory",
                  "richardson_extrapolated_value": null,
                  "unit": "m"
                },
                {
                  "coarse_triplet_observed_order": 1.696940433589001,
                  "fine_grid_gci": 0.16646218374331853,
                  "fine_triplet_observed_order": 1.670307906338619,
                  "metric": "total_strain_energy_j",
                  "observed_order_relative_difference": 0.01569443848659711,
                  "qualification_role": "pass_metric",
                  "regime": "asymptotic_converging",
                  "richardson_extrapolated_value": 2.4396953676744522e-8,
                  "unit": "J"
                },
                {
                  "coarse_triplet_observed_order": -6.803394560242135,
                  "fine_grid_gci": null,
                  "fine_triplet_observed_order": -0.6942104175379965,
                  "metric": "max_von_mises_stress_pa",
                  "observed_order_relative_difference": 0.8979611705023193,
                  "qualification_role": "diagnostic_metric",
                  "regime": "monotonic_diverging",
                  "richardson_extrapolated_value": null,
                  "unit": "Pa"
                }
              ],
              "order_consistency_tolerance": 0.25,
              "qualification_effect": "gci_gates_require_asymptotic_pass_metric_evidence",
              "qualification_tolerance": 0.02,
              "refinement_ratio": 2.0,
              "schema_version": "kyuubiki.composite-thermal-convergence-regime/v1",
              "status": "fail"
            },
            "samples": [
              {
                "displacement_relative_change": null,
                "element_count": 3,
                "elements_per_original_element": 1,
                "max_displacement_m": 6.631218725813023e-7,
                "max_von_mises_stress_pa": 16704.97832613795,
                "node_count": 8,
                "peak_stress_relative_change": null,
                "strain_energy_relative_change": null,
                "total_strain_energy_j": 1.467908240774366e-7
              },
              {
                "displacement_relative_change": 0.04679098182124588,
                "element_count": 12,
                "elements_per_original_element": 2,
                "max_displacement_m": 6.3209374909608e-7,
                "max_von_mises_stress_pa": 16762.42465068232,
                "node_count": 21,
                "peak_stress_relative_change": 0.003427089203472187,
                "strain_energy_relative_change": 0.575135149881478,
                "total_strain_energy_j": 6.236626147043446e-8
              },
              {
                "displacement_relative_change": 0.032221938773608495,
                "element_count": 48,
                "elements_per_original_element": 4,
                "max_displacement_m": 6.531391590909549e-7,
                "max_von_mises_stress_pa": 23178.77519053401,
                "node_count": 65,
                "peak_stress_relative_change": 0.2768200859237837,
                "strain_energy_relative_change": 0.4175313952562523,
                "total_strain_energy_j": 3.63263893017677e-8
              },
              {
                "displacement_relative_change": 0.001943091508983239,
                "element_count": 192,
                "elements_per_original_element": 8,
                "max_displacement_m": 6.544107390413737e-7,
                "max_von_mises_stress_pa": 33560.42179910539,
                "node_count": 225,
                "peak_stress_relative_change": 0.3093419585342673,
                "strain_energy_relative_change": 0.22521838155196383,
                "total_strain_energy_j": 2.814501869559701e-8
              }
            ],
            "schema_version": "kyuubiki.composite-thermal-mesh-convergence/v1",
            "status": "fail"
          },
          "thermal_constraint_sensitivity": {
            "alternative_restraint": "roller_edge_with_vertical_anchor",
            "alternative_status": "fail",
            "diagnosis": "mixed_restraint_sensitivity_and_persistent_energy_nonconvergence",
            "displacement_change_ratio_alternative_to_primary": 0.770376994082334,
            "peak_stress_change_ratio_alternative_to_primary": 1.1913605085233772,
            "primary_restraint": "full_edge_clamp",
            "primary_status": "fail",
            "qualification_effect": "diagnostic_only_does_not_override_primary_quality_gates",
            "schema_version": "kyuubiki.composite-thermal-constraint-sensitivity/v1",
            "strain_energy_change_ratio_alternative_to_primary": 1.7083285003187678
          },
          "thermal_expansion_projection": {
            "coverage_fraction": 1.0,
            "declared_region_count": 3,
            "max_relative_change": 0.00019844803730721233,
            "model": "regional_linear_temperature_dependent_thermal_expansion",
            "parameter_source": "screening_sensitivity_not_material_card",
            "schema_version": "kyuubiki.composite-thermal-expansion-projection/v1",
            "status": "pass",
            "updated_region_count": 3,
            "updates": [
              {
                "adjusted_thermal_expansion_1_k": 0.00001700168452300739,
                "element_id": "conductor_left",
                "mean_temperature_c": 35.495447943350555,
                "reference_thermal_expansion_1_k": 0.000017,
                "relative_change": 0.00009908958867008331
              },
              {
                "adjusted_thermal_expansion_1_k": 0.00004500893016167883,
                "element_id": "dielectric_core",
                "mean_temperature_c": 35.248060046633846,
                "reference_thermal_expansion_1_k": 0.000045,
                "relative_change": 0.00019844803730721233
              },
              {
                "adjusted_thermal_expansion_1_k": 0.000023600002976287715,
                "element_id": "substrate_right",
                "mean_temperature_c": 35.000420379620934,
                "reference_thermal_expansion_1_k": 0.0000236,
                "relative_change": 1.2611388618670702e-7
              }
            ]
          },
          "thermal_interface_grading_assessment": {
            "diagnosis": "graded_mesh_did_not_resolve_nonconvergence",
            "displacement_change_ratio_graded_to_uniform": 1.8065200549359497,
            "graded_mesh_convergence": {
              "algebraic_validation": {
                "max_relative_residual": null,
                "method": "original_system_recomputed_l2_residual_over_max_rhs_l2_or_one",
                "qualification_effect": "algebraic_gate_does_not_override_discretization_gates",
                "relative_residual_tolerance": 1e-10,
                "required_series": [
                  "uniform_full_edge_clamp",
                  "uniform_regularized_restraint",
                  "interface_graded_full_edge_clamp"
                ],
                "schema_version": "kyuubiki.composite-thermal-algebraic-validation/v1",
                "series": [],
                "status": "missing"
              },
              "convergence_tolerance": 0.02,
              "diagnostic_metrics": [
                "max_von_mises_stress_pa"
              ],
              "finest_pair_displacement_relative_change": 0.004556514286534914,
              "finest_pair_peak_stress_relative_change": 0.41487291062521753,
              "finest_pair_strain_energy_relative_change": 0.11926203057296302,
              "method": "cosine_graded_quad_h_refinement_at_clamp_interfaces_and_free_edges",
              "pass_metrics": [
                "max_displacement_m",
                "total_strain_energy_j"
              ],
              "refinement_levels": [
                1,
                2,
                4,
                8
              ],
              "regime_assessment": {
                "diagnosis": "pass_metrics_lack_qualified_discretization_uncertainty",
                "gci_safety_factor": 1.25,
                "method": "four_level_constant_ratio_observed_order_and_fine_grid_gci",
                "metrics": [
                  {
                    "coarse_triplet_observed_order": 1.8764700126999936,
                    "fine_grid_gci": null,
                    "fine_triplet_observed_order": 1.4167223871437309,
                    "metric": "max_displacement_m",
                    "observed_order_relative_difference": 0.24500664675943673,
                    "qualification_role": "pass_metric",
                    "regime": "oscillatory",
                    "richardson_extrapolated_value": null,
                    "unit": "m"
                  },
                  {
                    "coarse_triplet_observed_order": 0.8547849234394945,
                    "fine_grid_gci": null,
                    "fine_triplet_observed_order": 1.7732012265904606,
                    "metric": "total_strain_energy_j",
                    "observed_order_relative_difference": 0.5179425151407725,
                    "qualification_role": "pass_metric",
                    "regime": "monotonic_pre_asymptotic",
                    "richardson_extrapolated_value": null,
                    "unit": "J"
                  },
                  {
                    "coarse_triplet_observed_order": -1.058906261070566,
                    "fine_grid_gci": null,
                    "fine_triplet_observed_order": -0.5965644053784235,
                    "metric": "max_von_mises_stress_pa",
                    "observed_order_relative_difference": 0.43662208137735414,
                    "qualification_role": "diagnostic_metric",
                    "regime": "monotonic_diverging",
                    "richardson_extrapolated_value": null,
                    "unit": "Pa"
                  }
                ],
                "order_consistency_tolerance": 0.25,
                "qualification_effect": "gci_gates_require_asymptotic_pass_metric_evidence",
                "qualification_tolerance": 0.02,
                "refinement_ratio": 2.0,
                "schema_version": "kyuubiki.composite-thermal-convergence-regime/v1",
                "status": "fail"
              },
              "samples": [
                {
                  "displacement_relative_change": null,
                  "element_count": 3,
                  "elements_per_original_element": 1,
                  "max_displacement_m": 6.646053934463956e-7,
                  "max_von_mises_stress_pa": 294671.42343259335,
                  "node_count": 8,
                  "peak_stress_relative_change": null,
                  "strain_energy_relative_change": null,
                  "total_strain_energy_j": 1.286190903157445e-6
                },
                {
                  "displacement_relative_change": 0.043260514117570315,
                  "element_count": 12,
                  "elements_per_original_element": 2,
                  "max_displacement_m": 6.358542224405944e-7,
                  "max_von_mises_stress_pa": 511389.2168029476,
                  "node_count": 21,
                  "peak_stress_relative_change": 0.4237824855307061,
                  "strain_energy_relative_change": 0.34371693707040396,
                  "total_strain_energy_j": 8.441053054363514e-7
                },
                {
                  "displacement_relative_change": 0.012164903561336152,
                  "element_count": 48,
                  "elements_per_original_element": 4,
                  "max_displacement_m": 6.436845833206085e-7,
                  "max_von_mises_stress_pa": 962888.5541224828,
                  "node_count": 65,
                  "peak_stress_relative_change": 0.46890092875909595,
                  "strain_energy_relative_change": 0.2895968508622953,
                  "total_strain_energy_j": 5.996550671858281e-7
                },
                {
                  "displacement_relative_change": 0.004556514286534914,
                  "element_count": 192,
                  "elements_per_original_element": 8,
                  "max_displacement_m": 6.407516253206859e-7,
                  "max_von_mises_stress_pa": 1645605.837787043,
                  "node_count": 225,
                  "peak_stress_relative_change": 0.41487291062521753,
                  "strain_energy_relative_change": 0.11926203057296302,
                  "total_strain_energy_j": 5.281389862298797e-7
                }
              ],
              "schema_version": "kyuubiki.composite-thermal-mesh-convergence/v1",
              "status": "fail"
            },
            "graded_stress_recovery": {
              "convergence_tolerance": 0.02,
              "diagnostic_metrics": [
                "max_stress_pa",
                "max_to_p95_ratio"
              ],
              "finest_pair_max_relative_change": 0.41487291062521753,
              "finest_pair_p95_relative_change": 0.3405326480044712,
              "finest_pair_rms_relative_change": 0.009219019758147188,
              "method": "interface_graded_mesh_element_area_weighted_von_mises_p95_and_rms",
              "pass_metrics": [
                "area_weighted_rms_stress_pa",
                "area_weighted_p95_stress_pa"
              ],
              "refinement_levels": [
                1,
                2,
                4,
                8
              ],
              "samples": [
                {
                  "element_count": 3,
                  "elements_per_original_element": 1,
                  "max_relative_change": null,
                  "p95_relative_change": null,
                  "rms_relative_change": null,
                  "statistics": {
                    "area_weighted_mean_stress_pa": 103795.85396038876,
                    "area_weighted_p95_stress_pa": 294671.42343259335,
                    "area_weighted_rms_stress_pa": 170314.06233773375,
                    "max_stress_pa": 294671.42343259335,
                    "max_to_p95_ratio": 1.0
                  }
                },
                {
                  "element_count": 12,
                  "elements_per_original_element": 2,
                  "max_relative_change": 0.4237824855307061,
                  "p95_relative_change": 0.4237824855307061,
                  "rms_relative_change": 0.19674289810272497,
                  "statistics": {
                    "area_weighted_mean_stress_pa": 105075.80640280356,
                    "area_weighted_p95_stress_pa": 511389.2168029476,
                    "area_weighted_rms_stress_pa": 212029.3265200591,
                    "max_stress_pa": 511389.2168029476,
                    "max_to_p95_ratio": 1.0
                  }
                },
                {
                  "element_count": 48,
                  "elements_per_original_element": 4,
                  "max_relative_change": 0.46890092875909595,
                  "p95_relative_change": 0.5157559256936979,
                  "rms_relative_change": 0.04086251500679177,
                  "statistics": {
                    "area_weighted_mean_stress_pa": 79771.59516952465,
                    "area_weighted_p95_stress_pa": 247637.19790096825,
                    "area_weighted_rms_stress_pa": 203365.27498325327,
                    "max_stress_pa": 962888.5541224828,
                    "max_to_p95_ratio": 3.8883033820611574
                  }
                },
                {
                  "element_count": 192,
                  "elements_per_original_element": 8,
                  "max_relative_change": 0.41487291062521753,
                  "p95_relative_change": 0.3405326480044712,
                  "rms_relative_change": 0.009219019758147188,
                  "statistics": {
                    "area_weighted_mean_stress_pa": 74488.16526603616,
                    "area_weighted_p95_stress_pa": 375510.92886042857,
                    "area_weighted_rms_stress_pa": 201490.4464950616,
                    "max_stress_pa": 1645605.837787043,
                    "max_to_p95_ratio": 4.3823114357310455
                  }
                }
              ],
              "schema_version": "kyuubiki.composite-thermal-stress-recovery/v1",
              "status": "fail"
            },
            "max_change_ratio_graded_to_uniform": 1.597789074967277,
            "p95_change_ratio_graded_to_uniform": 1.1439228368214054,
            "qualification_effect": "diagnostic_only_does_not_override_uniform_mesh_gates",
            "rms_change_ratio_graded_to_uniform": 0.5712560748170217,
            "schema_version": "kyuubiki.composite-thermal-interface-grading-assessment/v1",
            "strain_energy_change_ratio_graded_to_uniform": 0.9046274306285832
          },
          "thermal_mesh_convergence": {
            "algebraic_validation": {
              "max_relative_residual": 2.6350239591131222e-14,
              "method": "original_system_recomputed_l2_residual_over_max_rhs_l2_or_one",
              "qualification_effect": "algebraic_gate_does_not_override_discretization_gates",
              "relative_residual_tolerance": 1e-10,
              "required_series": [
                "uniform_full_edge_clamp",
                "uniform_regularized_restraint",
                "interface_graded_full_edge_clamp"
              ],
              "schema_version": "kyuubiki.composite-thermal-algebraic-validation/v1",
              "series": [
                {
                  "label": "uniform_full_edge_clamp",
                  "max_relative_residual": 1.5837545587544055e-14,
                  "samples": [
                    {
                      "element_count": 3,
                      "elements_per_original_element": 1,
                      "matrix_non_zero_count": 112,
                      "node_count": 8,
                      "relative_residual": 3.0744097938936333e-16,
                      "residual_norm": 1.2641679232559432e-14,
                      "rhs_norm": 41.11904423954227,
                      "solver_iterations": 0
                    },
                    {
                      "element_count": 12,
                      "elements_per_original_element": 2,
                      "matrix_non_zero_count": 439,
                      "node_count": 21,
                      "relative_residual": 1.0372301988463906e-15,
                      "residual_norm": 4.1984170389929094e-14,
                      "rhs_norm": 40.47719632211245,
                      "solver_iterations": 0
                    },
                    {
                      "element_count": 48,
                      "elements_per_original_element": 4,
                      "matrix_non_zero_count": 1747,
                      "node_count": 65,
                      "relative_residual": 3.873549217319122e-15,
                      "residual_norm": 1.2332087663036776e-13,
                      "rhs_norm": 31.836661860131976,
                      "solver_iterations": 0
                    },
                    {
                      "element_count": 192,
                      "elements_per_original_element": 8,
                      "matrix_non_zero_count": 6925,
                      "node_count": 225,
                      "relative_residual": 1.5837545587544055e-14,
                      "residual_norm": 3.7306859658455145e-13,
                      "rhs_norm": 23.555960393128288,
                      "solver_iterations": 0
                    }
                  ],
                  "solver_path": "dense_direct",
                  "status": "pass"
                },
                {
                  "label": "uniform_regularized_restraint",
                  "max_relative_residual": 1.6014285044582204e-14,
                  "samples": [
                    {
                      "element_count": 3,
                      "elements_per_original_element": 1,
                      "matrix_non_zero_count": 121,
                      "node_count": 8,
                      "relative_residual": 2.9592316920198398e-16,
                      "residual_norm": 1.3588750814832846e-14,
                      "rhs_norm": 45.919861062172416,
                      "solver_iterations": 0
                    },
                    {
                      "element_count": 12,
                      "elements_per_original_element": 2,
                      "matrix_non_zero_count": 462,
                      "node_count": 21,
                      "relative_residual": 1.1337478737267946e-15,
                      "residual_norm": 4.7331652972625874e-14,
                      "rhs_norm": 41.74795302331181,
                      "solver_iterations": 0
                    },
                    {
                      "element_count": 48,
                      "elements_per_original_element": 4,
                      "matrix_non_zero_count": 1799,
                      "node_count": 65,
                      "relative_residual": 4.388106803744172e-15,
                      "residual_norm": 1.4149164712825e-13,
                      "rhs_norm": 32.244348976994274,
                      "solver_iterations": 0
                    },
                    {
                      "element_count": 192,
                      "elements_per_original_element": 8,
                      "matrix_non_zero_count": 7030,
                      "node_count": 225,
                      "relative_residual": 1.6014285044582204e-14,
                      "residual_norm": 3.794455974753866e-13,
                      "rhs_norm": 23.69419530244698,
                      "solver_iterations": 0
                    }
                  ],
                  "solver_path": "dense_direct",
                  "status": "pass"
                },
                {
                  "label": "interface_graded_full_edge_clamp",
                  "max_relative_residual": 2.6350239591131222e-14,
                  "samples": [
                    {
                      "element_count": 3,
                      "elements_per_original_element": 1,
                      "matrix_non_zero_count": 112,
                      "node_count": 8,
                      "relative_residual": 3.0744097938936333e-16,
                      "residual_norm": 1.2641679232559432e-14,
                      "rhs_norm": 41.11904423954227,
                      "solver_iterations": 0
                    },
                    {
                      "element_count": 12,
                      "elements_per_original_element": 2,
                      "matrix_non_zero_count": 444,
                      "node_count": 21,
                      "relative_residual": 7.38675112868237e-16,
                      "residual_norm": 2.98994975618262e-14,
                      "rhs_norm": 40.47719632211245,
                      "solver_iterations": 0
                    },
                    {
                      "element_count": 48,
                      "elements_per_original_element": 4,
                      "matrix_non_zero_count": 1748,
                      "node_count": 65,
                      "relative_residual": 5.035214219499198e-15,
                      "residual_norm": 1.7766819591032218e-13,
                      "rhs_norm": 35.2851315088622,
                      "solver_iterations": 0
                    },
                    {
                      "element_count": 192,
                      "elements_per_original_element": 8,
                      "matrix_non_zero_count": 6948,
                      "node_count": 225,
                      "relative_residual": 2.6350239591131222e-14,
                      "residual_norm": 7.016711751672023e-13,
                      "rhs_norm": 26.628644978369227,
                      "solver_iterations": 0
                    }
                  ],
                  "solver_path": "dense_direct",
                  "status": "pass"
                }
              ],
              "status": "pass"
            },
            "convergence_tolerance": 0.02,
            "diagnostic_metrics": [
              "max_von_mises_stress_pa"
            ],
            "finest_pair_displacement_relative_change": 0.002522260560620494,
            "finest_pair_peak_stress_relative_change": 0.2596543668529679,
            "finest_pair_strain_energy_relative_change": 0.13183552315022487,
            "method": "structured_quad_h_refinement_preserving_piecewise_linear_temperature_full_edge_clamp",
            "pass_metrics": [
              "max_displacement_m",
              "total_strain_energy_j"
            ],
            "refinement_levels": [
              1,
              2,
              4,
              8
            ],
            "regime_assessment": {
              "diagnosis": "pass_metrics_lack_qualified_discretization_uncertainty",
              "gci_safety_factor": 1.25,
              "method": "four_level_constant_ratio_observed_order_and_fine_grid_gci",
              "metrics": [
                {
                  "coarse_triplet_observed_order": 3.72586336242355,
                  "fine_grid_gci": null,
                  "fine_triplet_observed_order": 0.4296348034949634,
                  "metric": "max_displacement_m",
                  "observed_order_relative_difference": 0.8846885240537913,
                  "qualification_role": "pass_metric",
                  "regime": "oscillatory",
                  "richardson_extrapolated_value": null,
                  "unit": "m"
                },
                {
                  "coarse_triplet_observed_order": 1.0832141471394694,
                  "fine_grid_gci": 0.12734051824495907,
                  "fine_triplet_observed_order": 1.3165186239131,
                  "metric": "total_strain_energy_j",
                  "observed_order_relative_difference": 0.177213198914101,
                  "qualification_role": "pass_metric",
                  "regime": "asymptotic_converging",
                  "richardson_extrapolated_value": 4.954757701443599e-7,
                  "unit": "J"
                },
                {
                  "coarse_triplet_observed_order": 0.041069114646466766,
                  "fine_grid_gci": null,
                  "fine_triplet_observed_order": -0.265693231577006,
                  "metric": "max_von_mises_stress_pa",
                  "observed_order_relative_difference": 1.154573431933902,
                  "qualification_role": "diagnostic_metric",
                  "regime": "monotonic_diverging",
                  "richardson_extrapolated_value": null,
                  "unit": "Pa"
                }
              ],
              "order_consistency_tolerance": 0.25,
              "qualification_effect": "gci_gates_require_asymptotic_pass_metric_evidence",
              "qualification_tolerance": 0.02,
              "refinement_ratio": 2.0,
              "schema_version": "kyuubiki.composite-thermal-convergence-regime/v1",
              "status": "fail"
            },
            "samples": [
              {
                "displacement_relative_change": null,
                "element_count": 3,
                "elements_per_original_element": 1,
                "max_displacement_m": 6.646053934463956e-7,
                "max_von_mises_stress_pa": 294671.42343259335,
                "node_count": 8,
                "peak_stress_relative_change": null,
                "strain_energy_relative_change": null,
                "total_strain_energy_j": 1.286190903157445e-6
              },
              {
                "displacement_relative_change": 0.04326051411753336,
                "element_count": 12,
                "elements_per_original_element": 2,
                "max_displacement_m": 6.35854222440619e-7,
                "max_von_mises_stress_pa": 511389.2168029483,
                "node_count": 21,
                "peak_stress_relative_change": 0.4237824855307068,
                "strain_energy_relative_change": 0.3437169370704039,
                "total_strain_energy_j": 8.441053054363515e-7
              },
              {
                "displacement_relative_change": 0.0034058043805524833,
                "element_count": 48,
                "elements_per_original_element": 4,
                "max_displacement_m": 6.380272183357386e-7,
                "max_von_mises_stress_pa": 722024.7006399174,
                "node_count": 65,
                "peak_stress_relative_change": 0.29172891682277174,
                "strain_energy_relative_change": 0.24718936776348055,
                "total_strain_energy_j": 6.354514486597401e-7
              },
              {
                "displacement_relative_change": 0.002522260560620494,
                "element_count": 192,
                "elements_per_original_element": 8,
                "max_displacement_m": 6.396405584893896e-7,
                "max_von_mises_stress_pa": 975253.5414719246,
                "node_count": 225,
                "peak_stress_relative_change": 0.2596543668529679,
                "strain_energy_relative_change": 0.13183552315022487,
                "total_strain_energy_j": 5.51676374489115e-7
              }
            ],
            "schema_version": "kyuubiki.composite-thermal-mesh-convergence/v1",
            "status": "fail"
          },
          "thermal_stress_recovery": {
            "convergence_tolerance": 0.02,
            "diagnostic_metrics": [
              "max_stress_pa",
              "max_to_p95_ratio"
            ],
            "finest_pair_max_relative_change": 0.2596543668529679,
            "finest_pair_p95_relative_change": 0.29768847779165086,
            "finest_pair_rms_relative_change": 0.016138156186960673,
            "method": "uniform_mesh_element_area_weighted_von_mises_p95_and_rms",
            "pass_metrics": [
              "area_weighted_rms_stress_pa",
              "area_weighted_p95_stress_pa"
            ],
            "refinement_levels": [
              1,
              2,
              4,
              8
            ],
            "samples": [
              {
                "element_count": 3,
                "elements_per_original_element": 1,
                "max_relative_change": null,
                "p95_relative_change": null,
                "rms_relative_change": null,
                "statistics": {
                  "area_weighted_mean_stress_pa": 103795.85396038876,
                  "area_weighted_p95_stress_pa": 294671.42343259335,
                  "area_weighted_rms_stress_pa": 170314.06233773375,
                  "max_stress_pa": 294671.42343259335,
                  "max_to_p95_ratio": 1.0
                }
              },
              {
                "element_count": 12,
                "elements_per_original_element": 2,
                "max_relative_change": 0.4237824855307068,
                "p95_relative_change": 0.4237824855307068,
                "rms_relative_change": 0.1967428981027253,
                "statistics": {
                  "area_weighted_mean_stress_pa": 105075.80640280356,
                  "area_weighted_p95_stress_pa": 511389.2168029483,
                  "area_weighted_rms_stress_pa": 212029.32652005923,
                  "max_stress_pa": 511389.2168029483,
                  "max_to_p95_ratio": 1.0
                }
              },
              {
                "element_count": 48,
                "elements_per_original_element": 4,
                "max_relative_change": 0.29172891682277174,
                "p95_relative_change": 0.24521798958776597,
                "rms_relative_change": 0.021372668110445293,
                "statistics": {
                  "area_weighted_mean_stress_pa": 83104.09468479746,
                  "area_weighted_p95_stress_pa": 677532.3335059965,
                  "area_weighted_rms_stress_pa": 207497.69409466477,
                  "max_stress_pa": 722024.7006399174,
                  "max_to_p95_ratio": 1.0656682566036195
                }
              },
              {
                "element_count": 192,
                "elements_per_original_element": 8,
                "max_relative_change": 0.2596543668529679,
                "p95_relative_change": 0.29768847779165086,
                "rms_relative_change": 0.016138156186960673,
                "statistics": {
                  "area_weighted_mean_stress_pa": 76334.51672690158,
                  "area_weighted_p95_stress_pa": 475838.7644899713,
                  "area_weighted_rms_stress_pa": 204149.06389893088,
                  "max_stress_pa": 975253.5414719246,
                  "max_to_p95_ratio": 2.049546220802864
                }
              }
            ],
            "schema_version": "kyuubiki.composite-thermal-stress-recovery/v1",
            "status": "fail"
          }
        },
        "status": "completed"
      },
      "requires_confirmation": false
    },
    {
      "index": 7,
      "action": "solve_composite_thermo_electric_panel",
      "risk": "normal",
      "status": "executed",
      "payload": {
        "electric_conduction_feedback": {
          "parameter_source": "screening_reference_not_material_card",
          "regions": [
            {
              "element_id": "conductor_left",
              "reference_resistivity_ohm_m": 1.68e-8,
              "reference_temperature_c": 35.0,
              "resistivity_temperature_coefficient_1_k": 0.00393
            }
          ]
        },
        "electric_conduction_model": {
          "contact_interfaces": [],
          "elements": [
            {
              "electrical_conductivity_s_m": 59523809.523809515,
              "id": "conductor_left",
              "node_i": 0,
              "node_j": 1,
              "node_k": 2,
              "node_l": 3,
              "thickness": 0.001
            }
          ],
          "nodes": [
            {
              "current_source_a": 0.0,
              "electric_potential_v": 0.0,
              "fix_electric_potential": true,
              "id": "n0",
              "x": 0.0,
              "y": 0.0
            },
            {
              "current_source_a": 0.0,
              "electric_potential_v": 0.000033600000000000004,
              "fix_electric_potential": true,
              "id": "n1",
              "x": 0.03,
              "y": 0.0
            },
            {
              "current_source_a": 0.0,
              "electric_potential_v": 0.000033600000000000004,
              "fix_electric_potential": true,
              "id": "n5",
              "x": 0.03,
              "y": 0.03
            },
            {
              "current_source_a": 0.0,
              "electric_potential_v": 0.0,
              "fix_electric_potential": true,
              "id": "n4",
              "x": 0.0,
              "y": 0.03
            }
          ],
          "terminals": []
        },
        "electrostatic_model": {
          "elements": [
            {
              "id": "conductor_left",
              "node_i": 0,
              "node_j": 1,
              "node_k": 5,
              "node_l": 4,
              "permittivity": 1.0,
              "thickness": 0.001
            },
            {
              "id": "dielectric_core",
              "node_i": 1,
              "node_j": 2,
              "node_k": 6,
              "node_l": 5,
              "permittivity": 2.1,
              "thickness": 0.001
            },
            {
              "id": "substrate_right",
              "node_i": 2,
              "node_j": 3,
              "node_k": 7,
              "node_l": 6,
              "permittivity": 4.2,
              "thickness": 0.001
            }
          ],
          "nodes": [
            {
              "charge_density": 0.0,
              "fix_potential": true,
              "id": "n0",
              "potential": 0.0,
              "x": 0.0,
              "y": 0.0
            },
            {
              "charge_density": 0.0,
              "fix_potential": false,
              "id": "n1",
              "potential": 0.0,
              "x": 0.03,
              "y": 0.0
            },
            {
              "charge_density": 0.0,
              "fix_potential": false,
              "id": "n2",
              "potential": 0.0,
              "x": 0.06,
              "y": 0.0
            },
            {
              "charge_density": 0.0,
              "fix_potential": true,
              "id": "n3",
              "potential": 1863,
              "x": 0.09,
              "y": 0.0
            },
            {
              "charge_density": 0.0,
              "fix_potential": true,
              "id": "n4",
              "potential": 0.0,
              "x": 0.0,
              "y": 0.03
            },
            {
              "charge_density": 0.0,
              "fix_potential": false,
              "id": "n5",
              "potential": 0.0,
              "x": 0.03,
              "y": 0.03
            },
            {
              "charge_density": 0.0,
              "fix_potential": false,
              "id": "n6",
              "potential": 0.0,
              "x": 0.06,
              "y": 0.03
            },
            {
              "charge_density": 0.0,
              "fix_potential": true,
              "id": "n7",
              "potential": 1863,
              "x": 0.09,
              "y": 0.03
            }
          ]
        },
        "electrothermal_feedback": {
          "conductivity_relative_change_tolerance": 1e-9,
          "loss_relative_change_tolerance": 1e-9,
          "loss_tangent_temperature_coefficient_1_k": 0.001,
          "max_iterations": 12,
          "parameter_source": "screening_sensitivity_not_material_card",
          "relative_permittivity_temperature_coefficient_1_k": 0.0001,
          "relaxation_factor": 0.8,
          "temperature_residual_tolerance_c": 1e-7,
          "thermal_conductivity_models": [
            {
              "element_id": "conductor_left",
              "reference_temperature_c": 35.0,
              "temperature_coefficient_1_k": -0.001
            },
            {
              "element_id": "dielectric_core",
              "reference_temperature_c": 35.0,
              "temperature_coefficient_1_k": -0.002
            },
            {
              "element_id": "substrate_right",
              "reference_temperature_c": 35.0,
              "temperature_coefficient_1_k": -0.0012
            }
          ]
        },
        "electrothermal_loss": {
          "frequency_hz": 10000000.0,
          "loss_tangent": 0.0002,
          "reference_temperature_c": 35.0,
          "relative_permittivity": 2.1,
          "source_element_id": "dielectric_core"
        },
        "heat_model": {
          "elements": [
            {
              "conductivity": 390.0,
              "id": "conductor_left",
              "node_i": 0,
              "node_j": 1,
              "node_k": 5,
              "node_l": 4,
              "thickness": 0.001
            },
            {
              "conductivity": 0.25,
              "id": "dielectric_core",
              "node_i": 1,
              "node_j": 2,
              "node_k": 6,
              "node_l": 5,
              "thickness": 0.001
            },
            {
              "conductivity": 160.0,
              "id": "substrate_right",
              "node_i": 2,
              "node_j": 3,
              "node_k": 7,
              "node_l": 6,
              "thickness": 0.001
            }
          ],
          "nodes": [
            {
              "fix_temperature": false,
              "heat_load": 0.0,
              "id": "n0",
              "temperature": 35.0,
              "x": 0.0,
              "y": 0.0
            },
            {
              "fix_temperature": false,
              "heat_load": 0.0,
              "id": "n1",
              "temperature": 35.0,
              "x": 0.03,
              "y": 0.0
            },
            {
              "fix_temperature": false,
              "heat_load": 0.0,
              "id": "n2",
              "temperature": 35.0,
              "x": 0.06,
              "y": 0.0
            },
            {
              "fix_temperature": true,
              "heat_load": 0.0,
              "id": "n3",
              "temperature": 35.0,
              "x": 0.09,
              "y": 0.0
            },
            {
              "fix_temperature": false,
              "heat_load": 0.0,
              "id": "n4",
              "temperature": 35.0,
              "x": 0.0,
              "y": 0.03
            },
            {
              "fix_temperature": false,
              "heat_load": 0.0,
              "id": "n5",
              "temperature": 35.0,
              "x": 0.03,
              "y": 0.03
            },
            {
              "fix_temperature": false,
              "heat_load": 0.0,
              "id": "n6",
              "temperature": 35.0,
              "x": 0.06,
              "y": 0.03
            },
            {
              "fix_temperature": true,
              "heat_load": 0.0,
              "id": "n7",
              "temperature": 35.0,
              "x": 0.09,
              "y": 0.03
            }
          ]
        },
        "research": {
          "candidate_id": "copper_ptfe_glass_epoxy",
          "candidate_label": "Copper / PTFE / Glass epoxy",
          "coupling": "iterative_dielectric_and_conductor_joule_heating_with_temperature_dependent_electrical_thermal_feedback_and_expansion_projection",
          "materials": {
            "conductor": "copper",
            "dielectric": "ptfe",
            "substrate": "glass_epoxy"
          },
          "study": "material.composite_thermo_electric_panel.v1"
        },
        "thermal_expansion_feedback": {
          "parameter_source": "screening_sensitivity_not_material_card",
          "regions": [
            {
              "element_id": "conductor_left",
              "reference_temperature_c": 35.0,
              "temperature_coefficient_1_k": 0.0002
            },
            {
              "element_id": "dielectric_core",
              "reference_temperature_c": 35.0,
              "temperature_coefficient_1_k": 0.0008
            },
            {
              "element_id": "substrate_right",
              "reference_temperature_c": 35.0,
              "temperature_coefficient_1_k": 0.0003
            }
          ]
        },
        "thermal_model": {
          "elements": [
            {
              "id": "conductor_left",
              "node_i": 0,
              "node_j": 1,
              "node_k": 5,
              "node_l": 4,
              "poisson_ratio": 0.32,
              "thermal_expansion": 0.000017,
              "thickness": 0.001,
              "youngs_modulus": 110000000000.0
            },
            {
              "id": "dielectric_core",
              "node_i": 1,
              "node_j": 2,
              "node_k": 6,
              "node_l": 5,
              "poisson_ratio": 0.32,
              "thermal_expansion": 0.000045,
              "thickness": 0.001,
              "youngs_modulus": 2500000000.0
            },
            {
              "id": "substrate_right",
              "node_i": 2,
              "node_j": 3,
              "node_k": 7,
              "node_l": 6,
              "poisson_ratio": 0.32,
              "thermal_expansion": 0.000014,
              "thickness": 0.001,
              "youngs_modulus": 22000000000.0
            }
          ],
          "nodes": [
            {
              "fix_x": true,
              "fix_y": true,
              "id": "n0",
              "load_x": 0.0,
              "load_y": 0.0,
              "temperature_delta": 0.0,
              "x": 0.0,
              "y": 0.0
            },
            {
              "fix_x": false,
              "fix_y": false,
              "id": "n1",
              "load_x": 0.0,
              "load_y": 0.0,
              "temperature_delta": 0.0,
              "x": 0.03,
              "y": 0.0
            },
            {
              "fix_x": false,
              "fix_y": false,
              "id": "n2",
              "load_x": 0.0,
              "load_y": 0.0,
              "temperature_delta": 0.0,
              "x": 0.06,
              "y": 0.0
            },
            {
              "fix_x": false,
              "fix_y": false,
              "id": "n3",
              "load_x": 0.0,
              "load_y": 0.0,
              "temperature_delta": 0.0,
              "x": 0.09,
              "y": 0.0
            },
            {
              "fix_x": true,
              "fix_y": true,
              "id": "n4",
              "load_x": 0.0,
              "load_y": 0.0,
              "temperature_delta": 0.0,
              "x": 0.0,
              "y": 0.03
            },
            {
              "fix_x": false,
              "fix_y": false,
              "id": "n5",
              "load_x": 0.0,
              "load_y": 0.0,
              "temperature_delta": 0.0,
              "x": 0.03,
              "y": 0.03
            },
            {
              "fix_x": false,
              "fix_y": false,
              "id": "n6",
              "load_x": 0.0,
              "load_y": 0.0,
              "temperature_delta": 0.0,
              "x": 0.06,
              "y": 0.03
            },
            {
              "fix_x": false,
              "fix_y": false,
              "id": "n7",
              "load_x": 0.0,
              "load_y": 0.0,
              "temperature_delta": 0.0,
              "x": 0.09,
              "y": 0.03
            }
          ]
        }
      },
      "result_preview": {
        "job": {
          "created_at": "2026-08-13T10:23:17.157374Z",
          "execution_started_at": null,
          "execution_timeout_ms": 120000,
          "has_result": false,
          "iteration": null,
          "job_id": "9872ffbd992a7510",
          "message": null,
          "model_version_id": null,
          "progress": 0.0,
          "project_id": "b5d0e4a5df57affb",
          "queue_timeout_ms": 1800000,
          "residual": null,
          "simulation_case_id": "4fb38fb22848b6a2",
          "status": "queued",
          "status_detail": {
            "active": true,
            "failure_class": null,
            "lifecycle": "active",
            "recoverable": false,
            "terminal": false,
            "timing": {
              "effective_deadline": "2026-08-13T10:53:17.157374Z",
              "effective_timeout_ms": 1800000,
              "execution_elapsed_ms": null,
              "execution_started_at": null,
              "execution_timeout_ms": 120000,
              "job_submission_deadline": "2026-08-13T10:53:17.157374Z",
              "phase": "queue",
              "queue_timeout_ms": 1800000,
              "queue_wait_ms": 0,
              "total_elapsed_ms": 0
            }
          },
          "updated_at": "2026-08-13T10:23:17.157374Z",
          "worker_id": null
        },
        "job_id": "9872ffbd992a7510",
        "progress": 0.0,
        "raw": {
          "job": {
            "created_at": "2026-08-13T10:23:17.157374Z",
            "execution_started_at": null,
            "execution_timeout_ms": 120000,
            "has_result": false,
            "iteration": null,
            "job_id": "9872ffbd992a7510",
            "message": null,
            "model_version_id": null,
            "progress": 0.0,
            "project_id": "b5d0e4a5df57affb",
            "queue_timeout_ms": 1800000,
            "residual": null,
            "simulation_case_id": "4fb38fb22848b6a2",
            "status": "queued",
            "status_detail": {
              "active": true,
              "failure_class": null,
              "lifecycle": "active",
              "recoverable": false,
              "terminal": false,
              "timing": {
                "effective_deadline": "2026-08-13T10:53:17.157374Z",
                "effective_timeout_ms": 1800000,
                "execution_elapsed_ms": null,
                "execution_started_at": null,
                "execution_timeout_ms": 120000,
                "job_submission_deadline": "2026-08-13T10:53:17.157374Z",
                "phase": "queue",
                "queue_timeout_ms": 1800000,
                "queue_wait_ms": 0,
                "total_elapsed_ms": 0
              }
            },
            "updated_at": "2026-08-13T10:23:17.157374Z",
            "worker_id": null
          }
        },
        "status": "queued"
      },
      "requires_confirmation": false
    },
    {
      "index": 8,
      "action": "job_wait",
      "risk": "normal",
      "status": "executed",
      "payload": {
        "interval_ms": 1000,
        "job_id": "9872ffbd992a7510",
        "max_total_timeout_ms": 3600000,
        "resume_policy": "server_deadline",
        "timeout_ms": 60000
      },
      "result_preview": {
        "job": {
          "created_at": "2026-08-13T10:23:17.157374Z",
          "execution_started_at": "2026-08-13T10:23:17.160931Z",
          "execution_timeout_ms": 120000,
          "iteration": 4,
          "job_id": "9872ffbd992a7510",
          "message": "collecting nodal and elemental responses",
          "model_version_id": null,
          "progress": 1.0,
          "project_id": "b5d0e4a5df57affb",
          "queue_timeout_ms": 1800000,
          "residual": 0.2,
          "simulation_case_id": "4fb38fb22848b6a2",
          "status": "completed",
          "status_detail": {
            "active": false,
            "failure_class": null,
            "lifecycle": "terminal",
            "recoverable": false,
            "terminal": true,
            "timing": {
              "effective_deadline": "2026-08-13T10:25:17.160931Z",
              "effective_timeout_ms": 120000,
              "execution_elapsed_ms": 8060,
              "execution_started_at": "2026-08-13T10:23:17.160931Z",
              "execution_timeout_ms": 120000,
              "job_submission_deadline": "2026-08-13T10:53:17.157374Z",
              "phase": "execution",
              "queue_timeout_ms": 1800000,
              "queue_wait_ms": 3,
              "total_elapsed_ms": 8064
            }
          },
          "updated_at": "2026-08-13T10:23:25.221897Z",
          "worker_id": "rust-agent-rpc@127.0.0.1:5001"
        },
        "job_id": "9872ffbd992a7510",
        "progress": 1.0,
        "raw": {
          "job": {
            "created_at": "2026-08-13T10:23:17.157374Z",
            "execution_started_at": "2026-08-13T10:23:17.160931Z",
            "execution_timeout_ms": 120000,
            "iteration": 4,
            "job_id": "9872ffbd992a7510",
            "message": "collecting nodal and elemental responses",
            "model_version_id": null,
            "progress": 1.0,
            "project_id": "b5d0e4a5df57affb",
            "queue_timeout_ms": 1800000,
            "residual": 0.2,
            "simulation_case_id": "4fb38fb22848b6a2",
            "status": "completed",
            "status_detail": {
              "active": false,
              "failure_class": null,
              "lifecycle": "terminal",
              "recoverable": false,
              "terminal": true,
              "timing": {
                "effective_deadline": "2026-08-13T10:25:17.160931Z",
                "effective_timeout_ms": 120000,
                "execution_elapsed_ms": 8060,
                "execution_started_at": "2026-08-13T10:23:17.160931Z",
                "execution_timeout_ms": 120000,
                "job_submission_deadline": "2026-08-13T10:53:17.157374Z",
                "phase": "execution",
                "queue_timeout_ms": 1800000,
                "queue_wait_ms": 3,
                "total_elapsed_ms": 8064
              }
            },
            "updated_at": "2026-08-13T10:23:25.221897Z",
            "worker_id": "rust-agent-rpc@127.0.0.1:5001"
          }
        },
        "result": null,
        "status": "completed",
        "wait": {
          "elapsed_ms": 8111,
          "policy": "server_deadline",
          "poll_attempts": 9,
          "resume_count": 0
        }
      },
      "requires_confirmation": false
    },
    {
      "index": 9,
      "action": "result_fetch",
      "risk": "normal",
      "status": "executed",
      "payload": {
        "job_id": "9872ffbd992a7510"
      },
      "result_preview": {
        "job": {
          "created_at": "2026-08-13T10:23:17.157374Z",
          "execution_started_at": "2026-08-13T10:23:17.160931Z",
          "execution_timeout_ms": 120000,
          "has_result": true,
          "iteration": 4,
          "job_id": "9872ffbd992a7510",
          "message": "collecting nodal and elemental responses",
          "model_version_id": null,
          "progress": 1.0,
          "project_id": "b5d0e4a5df57affb",
          "queue_timeout_ms": 1800000,
          "residual": 0.2,
          "simulation_case_id": "4fb38fb22848b6a2",
          "status": "completed",
          "status_detail": {
            "active": false,
            "failure_class": null,
            "lifecycle": "terminal",
            "recoverable": false,
            "terminal": true,
            "timing": {
              "effective_deadline": "2026-08-13T10:25:17.160931Z",
              "effective_timeout_ms": 120000,
              "execution_elapsed_ms": 8060,
              "execution_started_at": "2026-08-13T10:23:17.160931Z",
              "execution_timeout_ms": 120000,
              "job_submission_deadline": "2026-08-13T10:53:17.157374Z",
              "phase": "execution",
              "queue_timeout_ms": 1800000,
              "queue_wait_ms": 3,
              "total_elapsed_ms": 8064
            }
          },
          "updated_at": "2026-08-13T10:23:25.221897Z",
          "worker_id": "rust-agent-rpc@127.0.0.1:5001"
        },
        "job_id": "9872ffbd992a7510",
        "result": {
          "electric_conduction": {
            "contact_interfaces": [],
            "current_balance_relative_error": 0.0,
            "elements": [
              {
                "area_m2": 0.0009,
                "average_electric_potential_v": 0.000016800000000000002,
                "current_density_magnitude_a_m2": 66563.45043422793,
                "current_density_x_a_m2": -66563.45043422793,
                "current_density_y_a_m2": -0.0,
                "electric_field_magnitude_v_m": 0.00112,
                "electric_field_x_v_m": -0.00112,
                "electric_field_y_v_m": -0.0,
                "electric_potential_gradient_x_v_m": 0.00112,
                "electric_potential_gradient_y_v_m": 0.0,
                "id": "conductor_left",
                "index": 0,
                "joule_power_w": 0.00006709595803770175,
                "node_i": 0,
                "node_j": 1,
                "node_k": 2,
                "node_l": 3,
                "peak_current_density_magnitude_a_m2": 66563.45043422793,
                "peak_electric_field_magnitude_v_m": 0.00112,
                "rms_current_density_magnitude_a_m2": 66563.45043422793,
                "rms_electric_field_magnitude_v_m": 0.00112,
                "volumetric_joule_heating_w_m3": 74.55106448633528
              }
            ],
            "free_current_residual_relative_error": 0.0,
            "input": {
              "contact_interfaces": [],
              "elements": [
                {
                  "electrical_conductivity_s_m": 59431652.173417784,
                  "id": "conductor_left",
                  "node_i": 0,
                  "node_j": 1,
                  "node_k": 2,
                  "node_l": 3,
                  "thickness": 0.001
                }
              ],
              "nodes": [
                {
                  "current_source_a": 0.0,
                  "electric_potential_v": 0.0,
                  "fix_electric_potential": true,
                  "id": "n0",
                  "x": 0.0,
                  "y": 0.0
                },
                {
                  "current_source_a": 0.0,
                  "electric_potential_v": 0.000033600000000000004,
                  "fix_electric_potential": true,
                  "id": "n1",
                  "x": 0.03,
                  "y": 0.0
                },
                {
                  "current_source_a": 0.0,
                  "electric_potential_v": 0.000033600000000000004,
                  "fix_electric_potential": true,
                  "id": "n5",
                  "x": 0.03,
                  "y": 0.03
                },
                {
                  "current_source_a": 0.0,
                  "electric_potential_v": 0.0,
                  "fix_electric_potential": true,
                  "id": "n4",
                  "x": 0.0,
                  "y": 0.03
                }
              ],
              "terminals": []
            },
            "max_current_density_a_m2": 66563.45043422793,
            "max_electric_field_v_m": 0.00112,
            "max_electric_potential_v": 0.000033600000000000004,
            "max_free_current_residual_a": 0.0,
            "nodes": [
              {
                "current_source_a": 0.0,
                "electric_potential_v": 0.0,
                "fix_electric_potential": true,
                "id": "n0",
                "index": 0,
                "net_injected_current_a": -0.9984517565134192,
                "reaction_current_a": -0.9984517565134192,
                "x": 0.0,
                "y": 0.0
              },
              {
                "current_source_a": 0.0,
                "electric_potential_v": 0.000033600000000000004,
                "fix_electric_potential": true,
                "id": "n1",
                "index": 1,
                "net_injected_current_a": 0.9984517565134192,
                "reaction_current_a": 0.9984517565134192,
                "x": 0.03,
                "y": 0.0
              },
              {
                "current_source_a": 0.0,
                "electric_potential_v": 0.000033600000000000004,
                "fix_electric_potential": true,
                "id": "n5",
                "index": 2,
                "net_injected_current_a": 0.9984517565134192,
                "reaction_current_a": 0.9984517565134192,
                "x": 0.03,
                "y": 0.03
              },
              {
                "current_source_a": 0.0,
                "electric_potential_v": 0.0,
                "fix_electric_potential": true,
                "id": "n4",
                "index": 3,
                "net_injected_current_a": -0.9984517565134192,
                "reaction_current_a": -0.9984517565134192,
                "x": 0.0,
                "y": 0.03
              }
            ],
            "power_balance_relative_error": 4.0397447334915553e-16,
            "source_power_balance_relative_error": 4.0397447334915553e-16,
            "terminals": [],
            "total_bulk_joule_power_w": 0.00006709595803770175,
            "total_contact_joule_power_w": -0.0,
            "total_dissipated_power_w": 0.00006709595803770175,
            "total_electrical_input_power_w": 0.00006709595803770178,
            "total_extracted_current_a": 1.9969035130268384,
            "total_injected_current_a": 1.9969035130268384,
            "total_joule_power_w": 0.00006709595803770175,
            "total_source_power_w": 0.00006709595803770178,
            "total_terminal_impedance_power_w": -0.0
          },
          "electrostatic": {
            "elements": [
              {
                "area": 0.0009,
                "average_potential": 543.3779834896006,
                "electric_energy_density": 656132517.6471661,
                "electric_field_magnitude": 36225.19889930671,
                "electric_field_x": -36225.19889930671,
                "electric_field_y": -0.0,
                "electric_flux_density_magnitude": 36225.19889930671,
                "electric_flux_density_x": -36225.19889930671,
                "electric_flux_density_y": -0.0,
                "id": "conductor_left",
                "index": 0,
                "node_i": 0,
                "node_j": 1,
                "node_k": 5,
                "node_l": 4,
                "potential_gradient_x": 36225.19889930671,
                "potential_gradient_y": 0.0,
                "stored_energy": 590.5192658824494
              },
              {
                "area": 0.0009,
                "average_potential": 1345.5022731349336,
                "electric_energy_density": 312437880.1650771,
                "electric_field_magnitude": 17249.75374371549,
                "electric_field_x": -17249.75374371549,
                "electric_field_y": -0.0,
                "electric_flux_density_magnitude": 36225.19889930671,
                "electric_flux_density_x": -36225.19889930671,
                "electric_flux_density_y": -0.0,
                "id": "dielectric_core",
                "index": 1,
                "node_i": 1,
                "node_j": 2,
                "node_k": 6,
                "node_l": 5,
                "potential_gradient_x": 17249.75374371549,
                "potential_gradient_y": 0.0,
                "stored_energy": 281.1940921485694
              },
              {
                "area": 0.0009,
                "average_potential": 1733.6242896453332,
                "electric_energy_density": 156222028.0112306,
                "electric_field_magnitude": 8625.047356977804,
                "electric_field_x": -8625.047356977804,
                "electric_field_y": -0.0,
                "electric_flux_density_magnitude": 36225.19889930678,
                "electric_flux_density_x": -36225.19889930678,
                "electric_flux_density_y": -0.0,
                "id": "substrate_right",
                "index": 2,
                "node_i": 2,
                "node_j": 3,
                "node_k": 7,
                "node_l": 6,
                "potential_gradient_x": 8625.047356977804,
                "potential_gradient_y": 0.0,
                "stored_energy": 140.59982521010753
              }
            ],
            "input": {
              "elements": [
                {
                  "id": "conductor_left",
                  "node_i": 0,
                  "node_j": 1,
                  "node_k": 5,
                  "node_l": 4,
                  "permittivity": 1.0,
                  "thickness": 0.001
                },
                {
                  "id": "dielectric_core",
                  "node_i": 1,
                  "node_j": 2,
                  "node_k": 6,
                  "node_l": 5,
                  "permittivity": 2.100041510013118,
                  "thickness": 0.001
                },
                {
                  "id": "substrate_right",
                  "node_i": 2,
                  "node_j": 3,
                  "node_k": 7,
                  "node_l": 6,
                  "permittivity": 4.2,
                  "thickness": 0.001
                }
              ],
              "nodes": [
                {
                  "charge_density": 0.0,
                  "fix_potential": true,
                  "id": "n0",
                  "potential": 0.0,
                  "x": 0.0,
                  "y": 0.0
                },
                {
                  "charge_density": 0.0,
                  "fix_potential": false,
                  "id": "n1",
                  "potential": 0.0,
                  "x": 0.03,
                  "y": 0.0
                },
                {
                  "charge_density": 0.0,
                  "fix_potential": false,
                  "id": "n2",
                  "potential": 0.0,
                  "x": 0.06,
                  "y": 0.0
                },
                {
                  "charge_density": 0.0,
                  "fix_potential": true,
                  "id": "n3",
                  "potential": 1863.0,
                  "x": 0.09,
                  "y": 0.0
                },
                {
                  "charge_density": 0.0,
                  "fix_potential": true,
                  "id": "n4",
                  "potential": 0.0,
                  "x": 0.0,
                  "y": 0.03
                },
                {
                  "charge_density": 0.0,
                  "fix_potential": false,
                  "id": "n5",
                  "potential": 0.0,
                  "x": 0.03,
                  "y": 0.03
                },
                {
                  "charge_density": 0.0,
                  "fix_potential": false,
                  "id": "n6",
                  "potential": 0.0,
                  "x": 0.06,
                  "y": 0.03
                },
                {
                  "charge_density": 0.0,
                  "fix_potential": true,
                  "id": "n7",
                  "potential": 1863.0,
                  "x": 0.09,
                  "y": 0.03
                }
              ]
            },
            "max_electric_energy_density": 656132517.6471661,
            "max_electric_field": 36225.19889930671,
            "max_flux_density": 36225.19889930678,
            "max_potential": 1863.0,
            "nodes": [
              {
                "charge_density": 0.0,
                "id": "n0",
                "index": 0,
                "potential": 0.0,
                "x": 0.0,
                "y": 0.0
              },
              {
                "charge_density": 0.0,
                "id": "n1",
                "index": 1,
                "potential": 1086.7559669792013,
                "x": 0.03,
                "y": 0.0
              },
              {
                "charge_density": 0.0,
                "id": "n2",
                "index": 2,
                "potential": 1604.248579290666,
                "x": 0.06,
                "y": 0.0
              },
              {
                "charge_density": 0.0,
                "id": "n3",
                "index": 3,
                "potential": 1863.0,
                "x": 0.09,
                "y": 0.0
              },
              {
                "charge_density": 0.0,
                "id": "n4",
                "index": 4,
                "potential": 0.0,
                "x": 0.0,
                "y": 0.03
              },
              {
                "charge_density": 0.0,
                "id": "n5",
                "index": 5,
                "potential": 1086.7559669792013,
                "x": 0.03,
                "y": 0.03
              },
              {
                "charge_density": 0.0,
                "id": "n6",
                "index": 6,
                "potential": 1604.248579290666,
                "x": 0.06,
                "y": 0.03
              },
              {
                "charge_density": 0.0,
                "id": "n7",
                "index": 7,
                "potential": 1863.0,
                "x": 0.09,
                "y": 0.03
              }
            ],
            "total_stored_energy": 1012.3131832411262
          },
          "electrostatic_mesh_convergence": {
            "finest_pair_relative_change": 2.2867169802914083e-15,
            "max_analytic_relative_error": 1.07,
            "method": "structured_quad_h_refinement",
            "refinement_levels": [
              1,
              2,
              4,
              8
            ],
            "relative_error_tolerance": 1e-8,
            "samples": [
              {
                "analytic_relative_error": 1.07,
                "element_count": 3,
                "elements_per_layer": 1,
                "max_electric_field_v_m": 36225.19889930671,
                "node_count": 8,
                "relative_change_from_previous": null
              },
              {
                "analytic_relative_error": 8.31533447378694e-16,
                "element_count": 6,
                "elements_per_layer": 2,
                "max_electric_field_v_m": 17500.096086621616,
                "node_count": 14,
                "relative_change_from_previous": 1.0699999999999992
              },
              {
                "analytic_relative_error": 1.870950256602062e-15,
                "element_count": 12,
                "elements_per_layer": 4,
                "max_electric_field_v_m": 17500.096086621634,
                "node_count": 26,
                "relative_change_from_previous": 1.0394168092233674e-15
              },
              {
                "analytic_relative_error": 4.15766723689347e-16,
                "element_count": 24,
                "elements_per_layer": 8,
                "max_electric_field_v_m": 17500.096086621594,
                "node_count": 50,
                "relative_change_from_previous": 2.2867169802914083e-15
              }
            ],
            "schema_version": "kyuubiki.composite-electrostatic-mesh-convergence/v1",
            "status": "fail"
          },
          "electrothermal_feedback_convergence": {
            "conductivity_relative_change_tolerance": 1e-9,
            "converged": true,
            "final_loss_relative_change": 2.846938355707388e-10,
            "final_max_conductivity_relative_change": 1.5860288198406092e-10,
            "final_temperature_residual_c": 3.946902893403603e-8,
            "iteration_count": 11,
            "iterations": [
              {
                "converged": false,
                "coupling_temperature_c": 35.0,
                "dielectric_mean_temperature_c": 35.19778576588408,
                "iteration": 1,
                "loss_relative_change": null,
                "loss_tangent": 0.0002,
                "max_conductivity_relative_change": null,
                "max_temperature_c": 35.39484659390071,
                "relative_permittivity": 2.1,
                "temperature_residual_c": 0.39480351697763183,
                "thermal_conductivity_updates": [
                  {
                    "conductivity_relative_change": null,
                    "conductivity_w_mk": 390.0,
                    "coupling_temperature_c": 35.0,
                    "element_id": "conductor_left",
                    "measured_mean_temperature_c": 35.39480351697763
                  },
                  {
                    "conductivity_relative_change": null,
                    "conductivity_w_mk": 0.25,
                    "coupling_temperature_c": 35.0,
                    "element_id": "dielectric_core",
                    "measured_mean_temperature_c": 35.19778576588408
                  },
                  {
                    "conductivity_relative_change": null,
                    "conductivity_w_mk": 160.0,
                    "coupling_temperature_c": 35.0,
                    "element_id": "substrate_right",
                    "measured_mean_temperature_c": 35.00040554585679
                  }
                ],
                "total_joule_loss_w": 0.0000672,
                "total_loss_w": 0.00006257467417147521
              },
              {
                "converged": false,
                "coupling_temperature_c": 35.15822861270726,
                "dielectric_mean_temperature_c": 35.19769045085493,
                "iteration": 2,
                "loss_relative_change": 0.0005690511515750034,
                "loss_tangent": 0.00020003164572254147,
                "max_conductivity_relative_change": 0.0003164572254145126,
                "max_temperature_c": 35.39465634545848,
                "relative_permittivity": 2.1000332280086687,
                "temperature_residual_c": 0.07877049476379483,
                "thermal_conductivity_updates": [
                  {
                    "conductivity_relative_change": 0.00031584281358210575,
                    "conductivity_w_mk": 389.876821302703,
                    "coupling_temperature_c": 35.31584281358211,
                    "element_id": "conductor_left",
                    "measured_mean_temperature_c": 35.3946133083459
                  },
                  {
                    "conductivity_relative_change": 0.0003164572254145126,
                    "conductivity_w_mk": 0.24992088569364637,
                    "coupling_temperature_c": 35.15822861270726,
                    "element_id": "dielectric_core",
                    "measured_mean_temperature_c": 35.19769045085493
                  },
                  {
                    "conductivity_relative_change": 3.893240224428496e-7,
                    "conductivity_w_mk": 159.9999377081564,
                    "coupling_temperature_c": 35.00032443668543,
                    "element_id": "substrate_right",
                    "measured_mean_temperature_c": 35.00040531523826
                  }
                ],
                "total_joule_loss_w": 0.00006711669058513659,
                "total_loss_w": 0.00006258413515855606
              },
              {
                "converged": false,
                "coupling_temperature_c": 35.1897980832254,
                "dielectric_mean_temperature_c": 35.19767147615846,
                "iteration": 3,
                "loss_relative_change": 0.00011341032395664036,
                "loss_tangent": 0.00020003795961664512,
                "max_conductivity_relative_change": 0.00006315892813542494,
                "max_temperature_c": 35.39461847207629,
                "relative_permittivity": 2.1000398575974772,
                "temperature_residual_c": 0.015716233500654653,
                "thermal_conductivity_updates": [
                  {
                    "conductivity_relative_change": 0.00006303630537508962,
                    "conductivity_w_mk": 389.8522449083367,
                    "coupling_temperature_c": 35.37885920939314,
                    "element_id": "conductor_left",
                    "measured_mean_temperature_c": 35.394575442893796
                  },
                  {
                    "conductivity_relative_change": 0.00006315892813542494,
                    "conductivity_w_mk": 0.2499051009583873,
                    "coupling_temperature_c": 35.1897980832254,
                    "element_id": "dielectric_core",
                    "measured_mean_temperature_c": 35.19767147615846
                  },
                  {
                    "conductivity_relative_change": 7.76434410403019e-8,
                    "conductivity_w_mk": 159.99992528521068,
                    "coupling_temperature_c": 35.0003891395277,
                    "element_id": "substrate_right",
                    "measured_mean_temperature_c": 35.0004052693028
                  }
                ],
                "total_joule_loss_w": 0.00006710009355061633,
                "total_loss_w": 0.00006258602278041129
              },
              {
                "converged": false,
                "coupling_temperature_c": 35.19609679757185,
                "dielectric_mean_temperature_c": 35.19766769201104,
                "iteration": 4,
                "loss_relative_change": 0.00002262254743626684,
                "loss_tangent": 0.0002000392193595144,
                "max_conductivity_relative_change": 0.000012602212444394756,
                "max_temperature_c": 35.39461091894198,
                "relative_permittivity": 2.10004118032749,
                "temperature_residual_c": 0.003135695147520323,
                "thermal_conductivity_updates": [
                  {
                    "conductivity_relative_change": 0.000012577751997667688,
                    "conductivity_w_mk": 389.8473414434845,
                    "coupling_temperature_c": 35.39143219619366,
                    "element_id": "conductor_left",
                    "measured_mean_temperature_c": 35.39456789134118
                  },
                  {
                    "conductivity_relative_change": 0.000012602212444394756,
                    "conductivity_w_mk": 0.2499019516012141,
                    "coupling_temperature_c": 35.19609679757185,
                    "element_id": "dielectric_core",
                    "measured_mean_temperature_c": 35.19766769201104
                  },
                  {
                    "conductivity_relative_change": 1.5484591334630783e-8,
                    "conductivity_w_mk": 159.99992280767722,
                    "coupling_temperature_c": 35.00040204334778,
                    "element_id": "substrate_right",
                    "measured_mean_temperature_c": 35.00040526014084
                  }
                ],
                "total_joule_loss_w": 0.00006709678310420973,
                "total_loss_w": 0.00006258639939649935
              },
              {
                "converged": false,
                "coupling_temperature_c": 35.1973535131232,
                "dielectric_mean_temperature_c": 35.19766693706734,
                "iteration": 5,
                "loss_relative_change": 4.513440777870003e-6,
                "loss_tangent": 0.00020003947070262464,
                "max_conductivity_relative_change": 2.514417241139382e-6,
                "max_temperature_c": 35.39460941207921,
                "relative_permittivity": 2.100041444237756,
                "temperature_residual_c": 0.0006256324822970782,
                "thermal_conductivity_updates": [
                  {
                    "conductivity_relative_change": 2.5095384321430668e-6,
                    "conductivity_w_mk": 389.84636310659846,
                    "coupling_temperature_c": 35.39394075231168,
                    "element_id": "conductor_left",
                    "measured_mean_temperature_c": 35.394566384793976
                  },
                  {
                    "conductivity_relative_change": 2.514417241139382e-6,
                    "conductivity_w_mk": 0.2499013232434384,
                    "coupling_temperature_c": 35.1973535131232,
                    "element_id": "dielectric_core",
                    "measured_mean_temperature_c": 35.19766693706734
                  },
                  {
                    "conductivity_relative_change": 3.0881227152740632e-9,
                    "conductivity_w_mk": 159.99992231357783,
                    "coupling_temperature_c": 35.00040461678223,
                    "element_id": "substrate_right",
                    "measured_mean_temperature_c": 35.000405258312966
                  }
                ],
                "total_joule_loss_w": 0.00006709612264466489,
                "total_loss_w": 0.0000625864745386801
              },
              {
                "converged": false,
                "coupling_temperature_c": 35.19760425227851,
                "dielectric_mean_temperature_c": 35.197666786435235,
                "iteration": 6,
                "loss_relative_change": 9.005118196445077e-7,
                "loss_tangent": 0.0002000395208504557,
                "max_conductivity_relative_change": 5.016763257145846e-7,
                "max_temperature_c": 35.39460911141849,
                "relative_permittivity": 2.100041496892979,
                "temperature_residual_c": 0.00012482589869478034,
                "thermal_conductivity_updates": [
                  {
                    "conductivity_relative_change": 5.00703233320707e-7,
                    "conductivity_w_mk": 389.8461679092639,
                    "coupling_temperature_c": 35.39444125829752,
                    "element_id": "conductor_left",
                    "measured_mean_temperature_c": 35.394566084196214
                  },
                  {
                    "conductivity_relative_change": 5.016763257145846e-7,
                    "conductivity_w_mk": 0.24990119787386075,
                    "coupling_temperature_c": 35.19760425227851,
                    "element_id": "dielectric_core",
                    "measured_mean_temperature_c": 35.197666786435235
                  },
                  {
                    "conductivity_relative_change": 6.158699654056448e-10,
                    "conductivity_w_mk": 159.99992221503868,
                    "coupling_temperature_c": 35.00040513000682,
                    "element_id": "substrate_right",
                    "measured_mean_temperature_c": 35.00040525794826
                  }
                ],
                "total_joule_loss_w": 0.00006709599087163014,
                "total_loss_w": 0.00006258648953100327
              },
              {
                "converged": false,
                "coupling_temperature_c": 35.19765427960389,
                "dielectric_mean_temperature_c": 35.19766675639829,
                "iteration": 7,
                "loss_relative_change": 1.7966939496114326e-7,
                "loss_tangent": 0.00020003953085592077,
                "max_conductivity_relative_change": 1.0009420886937597e-7,
                "max_temperature_c": 35.39460905146496,
                "relative_permittivity": 2.100041507398717,
                "temperature_residual_c": 0.000024905238774408645,
                "thermal_conductivity_updates": [
                  {
                    "conductivity_relative_change": 9.990012367231744e-8,
                    "conductivity_w_mk": 389.8461289635836,
                    "coupling_temperature_c": 35.39454111901647,
                    "element_id": "conductor_left",
                    "measured_mean_temperature_c": 35.39456602425525
                  },
                  {
                    "conductivity_relative_change": 1.0009420886937597e-7,
                    "conductivity_w_mk": 0.24990117286019808,
                    "coupling_temperature_c": 35.19765427960389,
                    "element_id": "dielectric_core",
                    "measured_mean_temperature_c": 35.19766675639829
                  },
                  {
                    "conductivity_relative_change": 1.2282376647226718e-10,
                    "conductivity_w_mk": 159.9999221953869,
                    "coupling_temperature_c": 35.000405232359974,
                    "element_id": "substrate_right",
                    "measured_mean_temperature_c": 35.00040525787553
                  }
                ],
                "total_joule_loss_w": 0.00006709596458039813,
                "total_loss_w": 0.00006258649252226249
              },
              {
                "converged": false,
                "coupling_temperature_c": 35.197664261039414,
                "dielectric_mean_temperature_c": 35.19766675039358,
                "iteration": 8,
                "loss_relative_change": 3.5847592349184356e-8,
                "loss_tangent": 0.00020003953285220791,
                "max_conductivity_relative_change": 1.9970765637495384e-8,
                "max_temperature_c": 35.39460903947957,
                "relative_permittivity": 2.1000415094948184,
                "temperature_residual_c": 4.969064868021178e-6,
                "thermal_conductivity_updates": [
                  {
                    "conductivity_relative_change": 1.993205498699901e-8,
                    "conductivity_w_mk": 389.8461211931491,
                    "coupling_temperature_c": 35.394561043207496,
                    "element_id": "conductor_left",
                    "measured_mean_temperature_c": 35.394566012272364
                  },
                  {
                    "conductivity_relative_change": 1.9970765637495384e-8,
                    "conductivity_w_mk": 0.2499011678694803,
                    "coupling_temperature_c": 35.197664261039414,
                    "element_id": "dielectric_core",
                    "measured_mean_temperature_c": 35.19766675039358
                  },
                  {
                    "conductivity_relative_change": 2.4494906912580535e-11,
                    "conductivity_w_mk": 159.9999221914677,
                    "coupling_temperature_c": 35.00040525277242,
                    "element_id": "substrate_right",
                    "measured_mean_temperature_c": 35.000405257861
                  }
                ],
                "total_joule_loss_w": 0.00006709595933477916,
                "total_loss_w": 0.00006258649311907761
              },
              {
                "converged": false,
                "coupling_temperature_c": 35.197666252522744,
                "dielectric_mean_temperature_c": 35.19766674919955,
                "iteration": 9,
                "loss_relative_change": 7.1522707241323644e-9,
                "loss_tangent": 0.00020003953325050457,
                "max_conductivity_relative_change": 3.984541937281399e-9,
                "max_temperature_c": 35.394609037096316,
                "relative_permittivity": 2.10004150991303,
                "temperature_residual_c": 9.914302125935135e-7,
                "thermal_conductivity_updates": [
                  {
                    "conductivity_relative_change": 3.976821043944263e-9,
                    "conductivity_w_mk": 389.8461196428008,
                    "coupling_temperature_c": 35.39456501845939,
                    "element_id": "conductor_left",
                    "measured_mean_temperature_c": 35.3945660098896
                  },
                  {
                    "conductivity_relative_change": 3.984541937281399e-9,
                    "conductivity_w_mk": 0.24990116687373864,
                    "coupling_temperature_c": 35.197666252522744,
                    "element_id": "dielectric_core",
                    "measured_mean_temperature_c": 35.19766674919955
                  },
                  {
                    "conductivity_relative_change": 4.884983683934506e-12,
                    "conductivity_w_mk": 159.9999221906861,
                    "coupling_temperature_c": 35.00040525684328,
                    "element_id": "substrate_right",
                    "measured_mean_temperature_c": 35.0004052578581
                  }
                ],
                "total_joule_loss_w": 0.00006709595828817934,
                "total_loss_w": 0.00006258649323815342
              },
              {
                "converged": false,
                "coupling_temperature_c": 35.19766664986419,
                "dielectric_mean_temperature_c": 35.197666748951846,
                "iteration": 10,
                "loss_relative_change": 1.4270244523337467e-9,
                "loss_tangent": 0.00020003953332997285,
                "max_conductivity_relative_change": 7.949971632805234e-10,
                "max_temperature_c": 35.39460903660187,
                "relative_permittivity": 2.1000415099964713,
                "temperature_residual_c": 1.977917065687507e-7,
                "thermal_conductivity_updates": [
                  {
                    "conductivity_relative_change": 7.934571644328122e-10,
                    "conductivity_w_mk": 389.84611933347463,
                    "coupling_temperature_c": 35.394565811603556,
                    "element_id": "conductor_left",
                    "measured_mean_temperature_c": 35.39456600939526
                  },
                  {
                    "conductivity_relative_change": 7.949971632805234e-10,
                    "conductivity_w_mk": 0.2499011666750679,
                    "coupling_temperature_c": 35.19766664986419,
                    "element_id": "dielectric_core",
                    "measured_mean_temperature_c": 35.197666748951846
                  },
                  {
                    "conductivity_relative_change": 9.743322002367873e-13,
                    "conductivity_w_mk": 159.9999221905302,
                    "coupling_temperature_c": 35.00040525765513,
                    "element_id": "substrate_right",
                    "measured_mean_temperature_c": 35.00040525785751
                  }
                ],
                "total_joule_loss_w": 0.00006709595807936126,
                "total_loss_w": 0.00006258649326191146
              },
              {
                "converged": true,
                "coupling_temperature_c": 35.19766672913431,
                "dielectric_mean_temperature_c": 35.19766674890708,
                "iteration": 11,
                "loss_relative_change": 2.846938355707388e-10,
                "loss_tangent": 0.00020003953334582687,
                "max_conductivity_relative_change": 1.5860288198406092e-10,
                "max_temperature_c": 35.39460903651253,
                "relative_permittivity": 2.100041510013118,
                "temperature_residual_c": 3.946902893403603e-8,
                "thermal_conductivity_updates": [
                  {
                    "conductivity_relative_change": 1.5829587994926036e-10,
                    "conductivity_w_mk": 389.8461192717636,
                    "coupling_temperature_c": 35.39456596983692,
                    "element_id": "conductor_left",
                    "measured_mean_temperature_c": 35.39456600930595
                  },
                  {
                    "conductivity_relative_change": 1.5860288198406092e-10,
                    "conductivity_w_mk": 0.24990116663543285,
                    "coupling_temperature_c": 35.19766672913431,
                    "element_id": "dielectric_core",
                    "measured_mean_temperature_c": 35.19766674890708
                  },
                  {
                    "conductivity_relative_change": 1.9433353273656959e-13,
                    "conductivity_w_mk": 159.99992219049912,
                    "coupling_temperature_c": 35.000405257817036,
                    "element_id": "substrate_right",
                    "measured_mean_temperature_c": 35.000405257857395
                  }
                ],
                "total_joule_loss_w": 0.00006709595803770175,
                "total_loss_w": 0.00006258649326665117
              }
            ],
            "loss_relative_change_tolerance": 1e-9,
            "max_iterations": 12,
            "method": "relaxed_temperature_dependent_dielectric_and_conductivity_fixed_point",
            "parameter_source": "screening_sensitivity_not_material_card",
            "relaxation_factor": 0.8,
            "schema_version": "kyuubiki.composite-electrothermal-feedback-convergence/v1",
            "status": "pass",
            "temperature_residual_tolerance_c": 1e-7
          },
          "electrothermal_loss_projection": {
            "assumptions": [
              "The solved electrostatic field magnitude is interpreted as an RMS harmonic field.",
              "Relative permittivity and loss tangent are scalar, isotropic, and frequency-local screening values.",
              "Element dielectric loss is lumped consistently to its four thermal nodes."
            ],
            "distributed_total_heat_load_w": 0.00006258649326665117,
            "effective_conductivity_s_m": 2.3370731728723602e-7,
            "electric_field_rms_v_m": 17249.75374371549,
            "energy_balance_relative_error": 0.0,
            "frequency_hz": 10000000.0,
            "loss_tangent": 0.00020003953334582687,
            "model": "harmonic_dielectric_loss_sigma_eff_e_rms_squared",
            "relative_permittivity": 2.100041510013118,
            "schema_version": "kyuubiki.composite-electrothermal-loss-projection/v1",
            "source_element_id": "dielectric_core",
            "source_volume_m3": 9e-7,
            "target_element_count": 1,
            "target_node_count": 4,
            "total_loss_w": 0.00006258649326665117,
            "volumetric_loss_w_m3": 69.54054807405686
          },
          "heat": {
            "elements": [
              {
                "area": 0.0009,
                "average_temperature": 35.39456600930595,
                "heat_flow_rate": 1.006439370543086e-6,
                "heat_flux_magnitude": 1.1182659672700954,
                "heat_flux_x": 1.1182659672700954,
                "heat_flux_y": -0.0,
                "id": "conductor_left",
                "index": 0,
                "node_i": 0,
                "node_j": 1,
                "node_k": 5,
                "node_l": 4,
                "temperature_gradient_x": -0.002868480438792176,
                "temperature_gradient_y": 0.0
              },
              {
                "area": 0.0009,
                "average_temperature": 35.19766674890708,
                "heat_flow_rate": 2.9516761400525058e-6,
                "heat_flux_magnitude": 3.2796401556138957,
                "heat_flux_x": 3.2796401556138957,
                "heat_flux_y": -2.841047337772498e-14,
                "id": "dielectric_core",
                "index": 1,
                "node_i": 1,
                "node_j": 2,
                "node_k": 6,
                "node_l": 5,
                "temperature_gradient_x": -13.12374887948556,
                "temperature_gradient_y": 1.1368683772161605e-13
              },
              {
                "area": 0.0009,
                "average_temperature": 35.000405257857395,
                "heat_flow_rate": 3.890473539047726e-6,
                "heat_flux_magnitude": 4.322748376719696,
                "heat_flux_x": 4.322748376719696,
                "heat_flux_y": -1.8189885189542465e-11,
                "id": "substrate_right",
                "index": 2,
                "node_i": 2,
                "node_j": 3,
                "node_k": 7,
                "node_l": 6,
                "temperature_gradient_x": -0.02701719049321127,
                "temperature_gradient_y": 1.1368683772161605e-13
              }
            ],
            "input": {
              "elements": [
                {
                  "conductivity": 389.8461192717636,
                  "id": "conductor_left",
                  "node_i": 0,
                  "node_j": 1,
                  "node_k": 5,
                  "node_l": 4,
                  "thickness": 0.001
                },
                {
                  "conductivity": 0.24990116663543285,
                  "id": "dielectric_core",
                  "node_i": 1,
                  "node_j": 2,
                  "node_k": 6,
                  "node_l": 5,
                  "thickness": 0.001
                },
                {
                  "conductivity": 159.99992219049912,
                  "id": "substrate_right",
                  "node_i": 2,
                  "node_j": 3,
                  "node_k": 7,
                  "node_l": 6,
                  "thickness": 0.001
                }
              ],
              "nodes": [
                {
                  "fix_temperature": false,
                  "heat_load": 0.000016773989509425437,
                  "id": "n0",
                  "temperature": 35.0,
                  "x": 0.0,
                  "y": 0.0
                },
                {
                  "fix_temperature": false,
                  "heat_load": 0.000032420612826088234,
                  "id": "n1",
                  "temperature": 35.0,
                  "x": 0.03,
                  "y": 0.0
                },
                {
                  "fix_temperature": false,
                  "heat_load": 0.000015646623316662793,
                  "id": "n2",
                  "temperature": 35.0,
                  "x": 0.06,
                  "y": 0.0
                },
                {
                  "fix_temperature": true,
                  "heat_load": 0.0,
                  "id": "n3",
                  "temperature": 35.0,
                  "x": 0.09,
                  "y": 0.0
                },
                {
                  "fix_temperature": false,
                  "heat_load": 0.000016773989509425437,
                  "id": "n4",
                  "temperature": 35.0,
                  "x": 0.0,
                  "y": 0.03
                },
                {
                  "fix_temperature": false,
                  "heat_load": 0.000032420612826088234,
                  "id": "n5",
                  "temperature": 35.0,
                  "x": 0.03,
                  "y": 0.03
                },
                {
                  "fix_temperature": false,
                  "heat_load": 0.000015646623316662793,
                  "id": "n6",
                  "temperature": 35.0,
                  "x": 0.06,
                  "y": 0.03
                },
                {
                  "fix_temperature": true,
                  "heat_load": 0.0,
                  "id": "n7",
                  "temperature": 35.0,
                  "x": 0.09,
                  "y": 0.03
                }
              ]
            },
            "max_heat_flux": 4.322748376719696,
            "max_temperature": 35.39460903651253,
            "nodes": [
              {
                "heat_load": 0.000016773989509425437,
                "id": "n0",
                "index": 0,
                "temperature": 35.39460903651253,
                "x": 0.0,
                "y": 0.0
              },
              {
                "heat_load": 0.000032420612826088234,
                "id": "n1",
                "index": 1,
                "temperature": 35.39452298209936,
                "x": 0.03,
                "y": 0.0
              },
              {
                "heat_load": 0.000015646623316662793,
                "id": "n2",
                "index": 2,
                "temperature": 35.00081051571479,
                "x": 0.06,
                "y": 0.0
              },
              {
                "heat_load": 0.0,
                "id": "n3",
                "index": 3,
                "temperature": 35.0,
                "x": 0.09,
                "y": 0.0
              },
              {
                "heat_load": 0.000016773989509425437,
                "id": "n4",
                "index": 4,
                "temperature": 35.39460903651253,
                "x": 0.0,
                "y": 0.03
              },
              {
                "heat_load": 0.000032420612826088234,
                "id": "n5",
                "index": 5,
                "temperature": 35.39452298209936,
                "x": 0.03,
                "y": 0.03
              },
              {
                "heat_load": 0.000015646623316662793,
                "id": "n6",
                "index": 6,
                "temperature": 35.0008105157148,
                "x": 0.06,
                "y": 0.03
              },
              {
                "heat_load": 0.0,
                "id": "n7",
                "index": 7,
                "temperature": 35.0,
                "x": 0.09,
                "y": 0.03
              }
            ],
            "total_abs_heat_flow_rate": 7.848589049643318e-6
          },
          "heat_cross_validation": {
            "absolute_error_c": 1.0466294497746276e-11,
            "conductivities_w_mk": [
              389.8461192717636,
              0.24990116663543285,
              159.99992219049912
            ],
            "expected_max_temperature_c": 35.39460903652299,
            "fem_max_temperature_c": 35.39460903651253,
            "fixed_temperature_c": 35.0,
            "method": "layered_thermal_resistance_with_regional_generation_closed_form",
            "relative_error": 2.957030684233951e-13,
            "relative_error_tolerance": 1e-9,
            "schema_version": "kyuubiki.composite-heat-cross-validation/v1",
            "status": "pass",
            "total_heat_load_w": 0.0001296824513043529
          },
          "heat_mesh_convergence": {
            "finest_pair_relative_change": 7.580477642047399e-12,
            "max_analytic_relative_error": 4.176178501297955e-12,
            "method": "structured_quad_h_refinement",
            "refinement_levels": [
              1,
              2,
              4,
              8
            ],
            "relative_error_tolerance": 1e-8,
            "samples": [
              {
                "analytic_relative_error": 2.957030684233951e-13,
                "element_count": 3,
                "elements_per_layer": 1,
                "max_temperature_c": 35.39460903651253,
                "node_count": 8,
                "relative_change_from_previous": null
              },
              {
                "analytic_relative_error": 5.135155797875387e-13,
                "element_count": 6,
                "elements_per_layer": 2,
                "max_temperature_c": 35.39460903650482,
                "node_count": 14,
                "relative_change_from_previous": 2.1781251136414371e-13
              },
              {
                "analytic_relative_error": 3.4042991407494456e-12,
                "element_count": 12,
                "elements_per_layer": 4,
                "max_temperature_c": 35.39460903664349,
                "node_count": 26,
                "relative_change_from_previous": 3.917814720536985e-12
              },
              {
                "analytic_relative_error": 4.176178501297955e-12,
                "element_count": 24,
                "elements_per_layer": 8,
                "max_temperature_c": 35.39460903637518,
                "node_count": 50,
                "relative_change_from_previous": 7.580477642047399e-12
              }
            ],
            "schema_version": "kyuubiki.composite-heat-mesh-convergence/v1",
            "status": "pass"
          },
          "heat_to_thermal_projection": {
            "mapped_node_count": 8,
            "maximum_coordinate_error_m": 0.0,
            "maximum_temperature_delta_c": 0.3946090365125272,
            "minimum_temperature_delta_c": 0.0,
            "reference_temperature_c": 35.0,
            "schema_version": "kyuubiki.composite-heat-to-thermal-projection/v1"
          },
          "joule_heating_projection": {
            "assumptions": [
              "Steady scalar electrical conductivity is solved on a two-dimensional quad mesh.",
              "Joule heating uses the solved local sigma times electric-field magnitude squared.",
              "Element Joule power integrates both triangular subcell fields before thermal projection.",
              "Recovered terminal currents gate current continuity and electrical input-power balance.",
              "Contact and terminal impedance models require explicit study-level heat mappings."
            ],
            "boundary_voltage_span_v": 0.000033600000000000004,
            "current_balance_relative_error": 0.0,
            "distributed_total_heat_load_w": 0.00006709595803770176,
            "electrical_power_balance_relative_error": 4.0397447334915553e-16,
            "energy_balance_relative_error": 2.0198723667457784e-16,
            "free_current_residual_relative_error": 0.0,
            "max_current_density_a_m2": 66563.45043422793,
            "max_free_current_residual_a": 0.0,
            "model": "solved_steady_current_density_sigma_e_squared",
            "parameter_source": "screening_reference_not_material_card",
            "regions": [
              {
                "coupling_temperature_c": 35.39456596983692,
                "current_density_magnitude_a_m2": 66563.45043422793,
                "distributed_heat_load_w": 0.00006709595803770175,
                "electric_field_magnitude_v_m": 0.00112,
                "electrical_conductivity_s_m": 59431652.173417784,
                "element_id": "conductor_left",
                "energy_balance_relative_error": 0.0,
                "joule_power_w": 0.00006709595803770175,
                "peak_current_density_magnitude_a_m2": 66563.45043422793,
                "peak_electric_field_magnitude_v_m": 0.00112,
                "rms_current_density_magnitude_a_m2": 66563.45043422793,
                "rms_electric_field_magnitude_v_m": 0.00112,
                "source_volume_m3": 9e-7,
                "volumetric_joule_heating_w_m3": 74.55106448633528
              }
            ],
            "schema_version": "kyuubiki.composite-current-to-heat-projection/v2",
            "source_power_balance_relative_error": 4.0397447334915553e-16,
            "status": "pass",
            "total_dissipated_power_w": 0.00006709595803770175,
            "total_electrical_input_power_w": 0.00006709595803770178,
            "total_extracted_current_a": 1.9969035130268384,
            "total_injected_current_a": 1.9969035130268384,
            "total_joule_loss_w": 0.00006709595803770175,
            "total_source_power_w": 0.00006709595803770178
          },
          "research": {
            "candidate_id": "copper_ptfe_glass_epoxy",
            "candidate_label": "Copper / PTFE / Glass epoxy",
            "coupling": "iterative_dielectric_and_conductor_joule_heating_with_temperature_dependent_electrical_thermal_feedback_and_expansion_projection",
            "materials": {
              "conductor": "copper",
              "dielectric": "ptfe",
              "substrate": "glass_epoxy"
            },
            "study": "material.composite_thermo_electric_panel.v1"
          },
          "schema_version": "kyuubiki.composite-thermo-electric-panel-result/v1",
          "thermal": {
            "elements": [
              {
                "area": 0.0009,
                "average_temperature_delta": 0.39456600930594377,
                "gamma_xy": -2.7572687085100924e-21,
                "id": "conductor_left",
                "index": 0,
                "max_in_plane_shear": 117347.13826904538,
                "mechanical_strain_x": 6.827469862926281e-7,
                "mechanical_strain_y": -2.133584332164461e-6,
                "node_i": 0,
                "node_j": 1,
                "node_k": 5,
                "node_l": 4,
                "principal_stress_1": 8.731149137020111e-11,
                "principal_stress_2": -234694.27653809063,
                "strain_energy_density": 0.8232982510533854,
                "stress_x": 7.894919286223336e-11,
                "stress_y": -234694.27653809063,
                "tau_xy": -1.2631870857957336e-10,
                "thermal_strain": 6.708151478142423e-6,
                "total_strain_x": 7.39089846443505e-6,
                "total_strain_y": 4.574567145977962e-6,
                "von_mises": 234694.2765380907
              },
              {
                "area": 0.0009,
                "average_temperature_delta": 0.1976667489070767,
                "gamma_xy": 1.562452268155719e-20,
                "id": "dielectric_core",
                "index": 1,
                "max_in_plane_shear": 5182.406197003076,
                "mechanical_strain_x": 1.326695986432781e-6,
                "mechanical_strain_y": -4.145924957602467e-6,
                "node_i": 1,
                "node_j": 2,
                "node_k": 6,
                "node_l": 5,
                "principal_stress_1": -2.182787284255028e-11,
                "principal_stress_2": -10364.812394006174,
                "strain_energy_density": 0.08196048525153518,
                "stress_x": -2.2204460492503128e-11,
                "stress_y": -10364.812394006174,
                "tau_xy": 1.4802973661668755e-11,
                "thermal_strain": 8.896410297988895e-6,
                "total_strain_x": 0.000010223106284421677,
                "total_strain_y": 4.750485340386429e-6,
                "von_mises": 10364.812394006163
              },
              {
                "area": 0.0009,
                "average_temperature_delta": 0.00040525785739653486,
                "gamma_xy": -5.744309809396025e-23,
                "id": "substrate_right",
                "index": 2,
                "max_in_plane_shear": 1244.8072114348931,
                "mechanical_strain_x": -3.6212573423559455e-8,
                "mechanical_strain_y": 1.131642919486277e-7,
                "node_i": 2,
                "node_j": 3,
                "node_k": 7,
                "node_l": 6,
                "principal_stress_1": 2489.614422869821,
                "principal_stress_2": 3.4560798667371267e-11,
                "strain_energy_density": 0.00042412494565279376,
                "stress_x": 3.4478592820303473e-11,
                "stress_y": 2489.614422869821,
                "tau_xy": -4.934324553889586e-13,
                "thermal_strain": 5.673610693333998e-9,
                "total_strain_x": -3.0538962730225464e-8,
                "total_strain_y": 1.188379026419617e-7,
                "von_mises": 2489.6144228698035
              }
            ],
            "input": {
              "elements": [
                {
                  "id": "conductor_left",
                  "node_i": 0,
                  "node_j": 1,
                  "node_k": 5,
                  "node_l": 4,
                  "poisson_ratio": 0.32,
                  "thermal_expansion": 0.00001700134152443164,
                  "thickness": 0.001,
                  "youngs_modulus": 110000000000.0
                },
                {
                  "id": "dielectric_core",
                  "node_i": 1,
                  "node_j": 2,
                  "node_k": 6,
                  "node_l": 5,
                  "poisson_ratio": 0.32,
                  "thermal_expansion": 0.00004500711600296065,
                  "thickness": 0.001,
                  "youngs_modulus": 2500000000.0
                },
                {
                  "id": "substrate_right",
                  "node_i": 2,
                  "node_j": 3,
                  "node_k": 7,
                  "node_l": 6,
                  "poisson_ratio": 0.32,
                  "thermal_expansion": 0.000014000001702083002,
                  "thickness": 0.001,
                  "youngs_modulus": 22000000000.0
                }
              ],
              "nodes": [
                {
                  "fix_x": true,
                  "fix_y": true,
                  "id": "n0",
                  "load_x": 0.0,
                  "load_y": 0.0,
                  "temperature_delta": 0.3946090365125272,
                  "x": 0.0,
                  "y": 0.0
                },
                {
                  "fix_x": false,
                  "fix_y": false,
                  "id": "n1",
                  "load_x": 0.0,
                  "load_y": 0.0,
                  "temperature_delta": 0.3945229820993603,
                  "x": 0.03,
                  "y": 0.0
                },
                {
                  "fix_x": false,
                  "fix_y": false,
                  "id": "n2",
                  "load_x": 0.0,
                  "load_y": 0.0,
                  "temperature_delta": 0.000810515714789517,
                  "x": 0.06,
                  "y": 0.0
                },
                {
                  "fix_x": false,
                  "fix_y": false,
                  "id": "n3",
                  "load_x": 0.0,
                  "load_y": 0.0,
                  "temperature_delta": 0.0,
                  "x": 0.09,
                  "y": 0.0
                },
                {
                  "fix_x": true,
                  "fix_y": true,
                  "id": "n4",
                  "load_x": 0.0,
                  "load_y": 0.0,
                  "temperature_delta": 0.3946090365125272,
                  "x": 0.0,
                  "y": 0.03
                },
                {
                  "fix_x": false,
                  "fix_y": false,
                  "id": "n5",
                  "load_x": 0.0,
                  "load_y": 0.0,
                  "temperature_delta": 0.3945229820993603,
                  "x": 0.03,
                  "y": 0.03
                },
                {
                  "fix_x": false,
                  "fix_y": false,
                  "id": "n6",
                  "load_x": 0.0,
                  "load_y": 0.0,
                  "temperature_delta": 0.0008105157147966224,
                  "x": 0.06,
                  "y": 0.03
                },
                {
                  "fix_x": false,
                  "fix_y": false,
                  "id": "n7",
                  "load_x": 0.0,
                  "load_y": 0.0,
                  "temperature_delta": 0.0,
                  "x": 0.09,
                  "y": 0.03
                }
              ]
            },
            "max_displacement": 5.28446496301647e-7,
            "max_strain_energy_density": 0.8232982510533854,
            "max_stress": 234694.2765380907,
            "max_temperature_delta": 0.3946090365125272,
            "nodes": [
              {
                "displacement_magnitude": 0.0,
                "id": "n0",
                "index": 0,
                "temperature_delta": 0.3946090365125272,
                "ux": 0.0,
                "uy": 0.0,
                "x": 0.0,
                "y": 0.0
              },
              {
                "displacement_magnitude": 2.607620375288253e-7,
                "id": "n1",
                "index": 1,
                "temperature_delta": 0.3945229820993603,
                "ux": 2.217269539330516e-7,
                "uy": -1.372370143793389e-7,
                "x": 0.03,
                "y": 0.0
              },
              {
                "displacement_magnitude": 5.284464963016425e-7,
                "id": "n2",
                "index": 2,
                "temperature_delta": 0.000810515714789517,
                "ux": 5.284201424656997e-7,
                "uy": -5.277545832255758e-9,
                "x": 0.06,
                "y": 0.0
              },
              {
                "displacement_magnitude": 5.275067530282693e-7,
                "id": "n3",
                "index": 3,
                "temperature_delta": 0.0,
                "ux": 5.275039735837922e-7,
                "uy": 1.7124087529883143e-9,
                "x": 0.09,
                "y": 0.0
              },
              {
                "displacement_magnitude": 0.0,
                "id": "n4",
                "index": 4,
                "temperature_delta": 0.3946090365125272,
                "ux": 0.0,
                "uy": 0.0,
                "x": 0.0,
                "y": 0.03
              },
              {
                "displacement_magnitude": 2.607620375288251e-7,
                "id": "n5",
                "index": 5,
                "temperature_delta": 0.3945229820993603,
                "ux": 2.217269539330515e-7,
                "uy": 1.3723701437933886e-7,
                "x": 0.03,
                "y": 0.03
              },
              {
                "displacement_magnitude": 5.28446496301647e-7,
                "id": "n6",
                "index": 6,
                "temperature_delta": 0.0008105157147966224,
                "ux": 5.284201424657041e-7,
                "uy": 5.277545832252256e-9,
                "x": 0.06,
                "y": 0.03
              },
              {
                "displacement_magnitude": 5.275067530282752e-7,
                "id": "n7",
                "index": 7,
                "temperature_delta": 0.0,
                "ux": 5.27503973583798e-7,
                "uy": -1.7124087530019963e-9,
                "x": 0.09,
                "y": 0.03
              }
            ],
            "total_strain_energy": 8.15114575125516e-7
          },
          "thermal_constraint_regularized_mesh_convergence": {
            "algebraic_validation": {
              "max_relative_residual": null,
              "method": "original_system_recomputed_l2_residual_over_max_rhs_l2_or_one",
              "qualification_effect": "algebraic_gate_does_not_override_discretization_gates",
              "relative_residual_tolerance": 1e-10,
              "required_series": [
                "uniform_full_edge_clamp",
                "uniform_regularized_restraint",
                "interface_graded_full_edge_clamp"
              ],
              "schema_version": "kyuubiki.composite-thermal-algebraic-validation/v1",
              "series": [],
              "status": "missing"
            },
            "convergence_tolerance": 0.02,
            "diagnostic_metrics": [
              "max_von_mises_stress_pa"
            ],
            "finest_pair_displacement_relative_change": 0.0016635125376628869,
            "finest_pair_peak_stress_relative_change": 0.30906510301230156,
            "finest_pair_strain_energy_relative_change": 0.22719728754494223,
            "method": "structured_quad_h_refinement_preserving_piecewise_linear_temperature_roller_edge_with_vertical_anchor",
            "pass_metrics": [
              "max_displacement_m",
              "total_strain_energy_j"
            ],
            "refinement_levels": [
              1,
              2,
              4,
              8
            ],
            "regime_assessment": {
              "diagnosis": "pass_metrics_lack_qualified_discretization_uncertainty",
              "gci_safety_factor": 1.25,
              "method": "four_level_constant_ratio_observed_order_and_fine_grid_gci",
              "metrics": [
                {
                  "coarse_triplet_observed_order": 0.5461456310844226,
                  "fine_grid_gci": null,
                  "fine_triplet_observed_order": 4.0959823287046,
                  "metric": "max_displacement_m",
                  "observed_order_relative_difference": 0.8666630890331143,
                  "qualification_role": "pass_metric",
                  "regime": "oscillatory",
                  "richardson_extrapolated_value": null,
                  "unit": "m"
                },
                {
                  "coarse_triplet_observed_order": 1.6908508180425186,
                  "fine_grid_gci": 0.16744456816493652,
                  "fine_triplet_observed_order": 1.6756765580754576,
                  "metric": "total_strain_energy_j",
                  "observed_order_relative_difference": 0.008974333989220942,
                  "qualification_role": "pass_metric",
                  "regime": "asymptotic_converging",
                  "richardson_extrapolated_value": 1.524687161569232e-8,
                  "unit": "J"
                },
                {
                  "coarse_triplet_observed_order": -3.911842103077141,
                  "fine_grid_gci": null,
                  "fine_triplet_observed_order": -0.6810422063484624,
                  "metric": "max_von_mises_stress_pa",
                  "observed_order_relative_difference": 0.8259024294940893,
                  "qualification_role": "diagnostic_metric",
                  "regime": "monotonic_diverging",
                  "richardson_extrapolated_value": null,
                  "unit": "Pa"
                }
              ],
              "order_consistency_tolerance": 0.25,
              "qualification_effect": "gci_gates_require_asymptotic_pass_metric_evidence",
              "qualification_tolerance": 0.02,
              "refinement_ratio": 2.0,
              "schema_version": "kyuubiki.composite-thermal-convergence-regime/v1",
              "status": "fail"
            },
            "samples": [
              {
                "displacement_relative_change": null,
                "element_count": 3,
                "elements_per_original_element": 1,
                "max_displacement_m": 5.278115155751643e-7,
                "max_von_mises_stress_pa": 12975.646779525565,
                "node_count": 8,
                "peak_stress_relative_change": null,
                "strain_energy_relative_change": null,
                "total_strain_energy_j": 9.269868814541068e-8
              },
              {
                "displacement_relative_change": 0.04106871967379668,
                "element_count": 12,
                "elements_per_original_element": 2,
                "max_displacement_m": 5.061349724014061e-7,
                "max_von_mises_stress_pa": 13318.035684601606,
                "node_count": 21,
                "peak_stress_relative_change": 0.0257086640390906,
                "strain_energy_relative_change": 0.5758737076256716,
                "total_strain_energy_j": 3.9315950911077145e-8
              },
              {
                "displacement_relative_change": 0.02849460735741661,
                "element_count": 48,
                "elements_per_original_element": 4,
                "max_displacement_m": 5.209800956685096e-7,
                "max_von_mises_stress_pa": 18471.526358887655,
                "node_count": 65,
                "peak_stress_relative_change": 0.27899647133418537,
                "strain_energy_relative_change": 0.4205670461230858,
                "total_strain_energy_j": 2.2780957570885185e-8
              },
              {
                "displacement_relative_change": 0.0016635125376628869,
                "element_count": 192,
                "elements_per_original_element": 8,
                "max_displacement_m": 5.218481966864543e-7,
                "max_von_mises_stress_pa": 26734.10539751117,
                "node_count": 225,
                "peak_stress_relative_change": 0.30906510301230156,
                "strain_energy_relative_change": 0.22719728754494223,
                "total_strain_energy_j": 1.7605185803103652e-8
              }
            ],
            "schema_version": "kyuubiki.composite-thermal-mesh-convergence/v1",
            "status": "fail"
          },
          "thermal_constraint_sensitivity": {
            "alternative_restraint": "roller_edge_with_vertical_anchor",
            "alternative_status": "fail",
            "diagnosis": "mixed_restraint_sensitivity_and_persistent_energy_nonconvergence",
            "displacement_change_ratio_alternative_to_primary": 0.42264830849166146,
            "peak_stress_change_ratio_alternative_to_primary": 1.1902665636750411,
            "primary_restraint": "full_edge_clamp",
            "primary_status": "fail",
            "qualification_effect": "diagnostic_only_does_not_override_primary_quality_gates",
            "schema_version": "kyuubiki.composite-thermal-constraint-sensitivity/v1",
            "strain_energy_change_ratio_alternative_to_primary": 1.7227081333379377
          },
          "thermal_expansion_projection": {
            "coverage_fraction": 1.0,
            "declared_region_count": 3,
            "max_relative_change": 0.00015813339912556157,
            "model": "regional_linear_temperature_dependent_thermal_expansion",
            "parameter_source": "screening_sensitivity_not_material_card",
            "schema_version": "kyuubiki.composite-thermal-expansion-projection/v1",
            "status": "pass",
            "updated_region_count": 3,
            "updates": [
              {
                "adjusted_thermal_expansion_1_k": 0.00001700134152443164,
                "element_id": "conductor_left",
                "mean_temperature_c": 35.39456600930595,
                "reference_thermal_expansion_1_k": 0.000017,
                "relative_change": 0.00007891320186128251
              },
              {
                "adjusted_thermal_expansion_1_k": 0.00004500711600296065,
                "element_id": "dielectric_core",
                "mean_temperature_c": 35.19766674890708,
                "reference_thermal_expansion_1_k": 0.000045,
                "relative_change": 0.00015813339912556157
              },
              {
                "adjusted_thermal_expansion_1_k": 0.000014000001702083002,
                "element_id": "substrate_right",
                "mean_temperature_c": 35.000405257857395,
                "reference_thermal_expansion_1_k": 0.000014,
                "relative_change": 1.215773572901469e-7
              }
            ]
          },
          "thermal_interface_grading_assessment": {
            "diagnosis": "graded_mesh_did_not_resolve_nonconvergence",
            "displacement_change_ratio_graded_to_uniform": 1.153005335009388,
            "graded_mesh_convergence": {
              "algebraic_validation": {
                "max_relative_residual": null,
                "method": "original_system_recomputed_l2_residual_over_max_rhs_l2_or_one",
                "qualification_effect": "algebraic_gate_does_not_override_discretization_gates",
                "relative_residual_tolerance": 1e-10,
                "required_series": [
                  "uniform_full_edge_clamp",
                  "uniform_regularized_restraint",
                  "interface_graded_full_edge_clamp"
                ],
                "schema_version": "kyuubiki.composite-thermal-algebraic-validation/v1",
                "series": [],
                "status": "missing"
              },
              "convergence_tolerance": 0.02,
              "diagnostic_metrics": [
                "max_von_mises_stress_pa"
              ],
              "finest_pair_displacement_relative_change": 0.00453814387102452,
              "finest_pair_peak_stress_relative_change": 0.4148849409560014,
              "finest_pair_strain_energy_relative_change": 0.11933377194898462,
              "method": "cosine_graded_quad_h_refinement_at_clamp_interfaces_and_free_edges",
              "pass_metrics": [
                "max_displacement_m",
                "total_strain_energy_j"
              ],
              "refinement_levels": [
                1,
                2,
                4,
                8
              ],
              "regime_assessment": {
                "diagnosis": "pass_metrics_lack_qualified_discretization_uncertainty",
                "gci_safety_factor": 1.25,
                "method": "four_level_constant_ratio_observed_order_and_fine_grid_gci",
                "metrics": [
                  {
                    "coarse_triplet_observed_order": 2.034293604942491,
                    "fine_grid_gci": null,
                    "fine_triplet_observed_order": 1.0486739497735382,
                    "metric": "max_displacement_m",
                    "observed_order_relative_difference": 0.4845021646699893,
                    "qualification_role": "pass_metric",
                    "regime": "oscillatory",
                    "richardson_extrapolated_value": null,
                    "unit": "m"
                  },
                  {
                    "coarse_triplet_observed_order": 0.8547172503245676,
                    "fine_grid_gci": null,
                    "fine_triplet_observed_order": 1.7730269071679488,
                    "metric": "total_strain_energy_j",
                    "observed_order_relative_difference": 0.5179332886212059,
                    "qualification_role": "pass_metric",
                    "regime": "monotonic_pre_asymptotic",
                    "richardson_extrapolated_value": null,
                    "unit": "J"
                  },
                  {
                    "coarse_triplet_observed_order": -1.059528101933466,
                    "fine_grid_gci": null,
                    "fine_triplet_observed_order": -0.5966266792312012,
                    "metric": "max_von_mises_stress_pa",
                    "observed_order_relative_difference": 0.43689395482530874,
                    "qualification_role": "diagnostic_metric",
                    "regime": "monotonic_diverging",
                    "richardson_extrapolated_value": null,
                    "unit": "Pa"
                  }
                ],
                "order_consistency_tolerance": 0.25,
                "qualification_effect": "gci_gates_require_asymptotic_pass_metric_evidence",
                "qualification_tolerance": 0.02,
                "refinement_ratio": 2.0,
                "schema_version": "kyuubiki.composite-thermal-convergence-regime/v1",
                "status": "fail"
              },
              "samples": [
                {
                  "displacement_relative_change": null,
                  "element_count": 3,
                  "elements_per_original_element": 1,
                  "max_displacement_m": 5.28446496301647e-7,
                  "max_von_mises_stress_pa": 234694.2765380907,
                  "node_count": 8,
                  "peak_stress_relative_change": null,
                  "strain_energy_relative_change": null,
                  "total_strain_energy_j": 8.15114575125516e-7
                },
                {
                  "displacement_relative_change": 0.03736805853830541,
                  "element_count": 12,
                  "elements_per_original_element": 2,
                  "max_displacement_m": 5.086994766934846e-7,
                  "max_von_mises_stress_pa": 407176.0876088184,
                  "node_count": 21,
                  "peak_stress_relative_change": 0.42360496188183366,
                  "strain_energy_relative_change": 0.34378335903067836,
                  "total_strain_energy_j": 5.348917484940019e-7
                },
                {
                  "displacement_relative_change": 0.00938772965857507,
                  "element_count": 48,
                  "elements_per_original_element": 4,
                  "max_displacement_m": 5.135202661260757e-7,
                  "max_von_mises_stress_pa": 766671.2441920514,
                  "node_count": 65,
                  "peak_stress_relative_change": 0.46890392630035743,
                  "strain_energy_relative_change": 0.28969572141996924,
                  "total_strain_energy_j": 3.799358975324433e-7
                },
                {
                  "displacement_relative_change": 0.00453814387102452,
                  "element_count": 192,
                  "elements_per_original_element": 8,
                  "max_displacement_m": 5.111898372777088e-7,
                  "max_von_mises_stress_pa": 1310291.4244673378,
                  "node_count": 225,
                  "peak_stress_relative_change": 0.4148849409560014,
                  "strain_energy_relative_change": 0.11933377194898462,
                  "total_strain_energy_j": 3.345967137810739e-7
                }
              ],
              "schema_version": "kyuubiki.composite-thermal-mesh-convergence/v1",
              "status": "fail"
            },
            "graded_stress_recovery": {
              "convergence_tolerance": 0.02,
              "diagnostic_metrics": [
                "max_stress_pa",
                "max_to_p95_ratio"
              ],
              "finest_pair_max_relative_change": 0.4148849409560014,
              "finest_pair_p95_relative_change": 0.3405254196905899,
              "finest_pair_rms_relative_change": 0.00922702188601032,
              "method": "interface_graded_mesh_element_area_weighted_von_mises_p95_and_rms",
              "pass_metrics": [
                "area_weighted_rms_stress_pa",
                "area_weighted_p95_stress_pa"
              ],
              "refinement_levels": [
                1,
                2,
                4,
                8
              ],
              "samples": [
                {
                  "element_count": 3,
                  "elements_per_original_element": 1,
                  "max_relative_change": null,
                  "p95_relative_change": null,
                  "rms_relative_change": null,
                  "statistics": {
                    "area_weighted_mean_stress_pa": 82516.23445165555,
                    "area_weighted_p95_stress_pa": 234694.2765380907,
                    "area_weighted_rms_stress_pa": 135640.49414497043,
                    "max_stress_pa": 234694.2765380907,
                    "max_to_p95_ratio": 1.0
                  }
                },
                {
                  "element_count": 12,
                  "elements_per_original_element": 2,
                  "max_relative_change": 0.42360496188183366,
                  "p95_relative_change": 0.42360496188183366,
                  "rms_relative_change": 0.19652347673215873,
                  "statistics": {
                    "area_weighted_mean_stress_pa": 83493.59480523391,
                    "area_weighted_p95_stress_pa": 407176.0876088184,
                    "area_weighted_rms_stress_pa": 168816.99740684804,
                    "max_stress_pa": 407176.0876088184,
                    "max_to_p95_ratio": 1.0
                  }
                },
                {
                  "element_count": 48,
                  "elements_per_original_element": 4,
                  "max_relative_change": 0.46890392630035743,
                  "p95_relative_change": 0.5157260377586554,
                  "rms_relative_change": 0.04087339871033278,
                  "statistics": {
                    "area_weighted_mean_stress_pa": 63291.16106172751,
                    "area_weighted_p95_stress_pa": 197184.77727625132,
                    "area_weighted_rms_stress_pa": 161916.87296275672,
                    "max_stress_pa": 766671.2441920514,
                    "max_to_p95_ratio": 3.888085352136299
                  }
                },
                {
                  "element_count": 192,
                  "elements_per_original_element": 8,
                  "max_relative_change": 0.4148849409560014,
                  "p95_relative_change": 0.3405254196905899,
                  "rms_relative_change": 0.00922702188601032,
                  "statistics": {
                    "area_weighted_mean_stress_pa": 59049.59379323433,
                    "area_weighted_p95_stress_pa": 299002.847363331,
                    "area_weighted_rms_stress_pa": 160422.862432215,
                    "max_stress_pa": 1310291.4244673378,
                    "max_to_p95_ratio": 4.382203835253606
                  }
                }
              ],
              "schema_version": "kyuubiki.composite-thermal-stress-recovery/v1",
              "status": "fail"
            },
            "max_change_ratio_graded_to_uniform": 1.5977982249667533,
            "p95_change_ratio_graded_to_uniform": 1.1439936158476305,
            "qualification_effect": "diagnostic_only_does_not_override_uniform_mesh_gates",
            "rms_change_ratio_graded_to_uniform": 0.5714063660108006,
            "schema_version": "kyuubiki.composite-thermal-interface-grading-assessment/v1",
            "strain_energy_change_ratio_graded_to_uniform": 0.9048402898636932
          },
          "thermal_mesh_convergence": {
            "algebraic_validation": {
              "max_relative_residual": 1.8238080601600256e-14,
              "method": "original_system_recomputed_l2_residual_over_max_rhs_l2_or_one",
              "qualification_effect": "algebraic_gate_does_not_override_discretization_gates",
              "relative_residual_tolerance": 1e-10,
              "required_series": [
                "uniform_full_edge_clamp",
                "uniform_regularized_restraint",
                "interface_graded_full_edge_clamp"
              ],
              "schema_version": "kyuubiki.composite-thermal-algebraic-validation/v1",
              "series": [
                {
                  "label": "uniform_full_edge_clamp",
                  "max_relative_residual": 1.0152954232668902e-14,
                  "samples": [
                    {
                      "element_count": 3,
                      "elements_per_original_element": 1,
                      "matrix_non_zero_count": 112,
                      "node_count": 8,
                      "relative_residual": 1.426090989691848e-16,
                      "residual_norm": 4.670040238501606e-15,
                      "rhs_norm": 32.74714076631755,
                      "solver_iterations": 0
                    },
                    {
                      "element_count": 12,
                      "elements_per_original_element": 2,
                      "matrix_non_zero_count": 440,
                      "node_count": 21,
                      "relative_residual": 5.614986349789362e-16,
                      "residual_norm": 1.8100862583668155e-14,
                      "rhs_norm": 32.23669917620936,
                      "solver_iterations": 0
                    },
                    {
                      "element_count": 48,
                      "elements_per_original_element": 4,
                      "matrix_non_zero_count": 1746,
                      "node_count": 65,
                      "relative_residual": 2.8033429949282004e-15,
                      "residual_norm": 7.10797895844775e-14,
                      "rhs_norm": 25.35536668651493,
                      "solver_iterations": 0
                    },
                    {
                      "element_count": 192,
                      "elements_per_original_element": 8,
                      "matrix_non_zero_count": 6925,
                      "node_count": 225,
                      "relative_residual": 1.0152954232668902e-14,
                      "residual_norm": 1.9047429337723606e-13,
                      "rhs_norm": 18.760479857611468,
                      "solver_iterations": 0
                    }
                  ],
                  "solver_path": "dense_direct",
                  "status": "pass"
                },
                {
                  "label": "uniform_regularized_restraint",
                  "max_relative_residual": 1.1768399047643156e-14,
                  "samples": [
                    {
                      "element_count": 3,
                      "elements_per_original_element": 1,
                      "matrix_non_zero_count": 121,
                      "node_count": 8,
                      "relative_residual": 1.3758635329481276e-16,
                      "residual_norm": 5.031485205610837e-15,
                      "rhs_norm": 36.56965305875675,
                      "solver_iterations": 0
                    },
                    {
                      "element_count": 12,
                      "elements_per_original_element": 2,
                      "matrix_non_zero_count": 463,
                      "node_count": 21,
                      "relative_residual": 4.737349535500284e-16,
                      "residual_norm": 1.575089048080416e-14,
                      "rhs_norm": 33.24831820572176,
                      "solver_iterations": 0
                    },
                    {
                      "element_count": 48,
                      "elements_per_original_element": 4,
                      "matrix_non_zero_count": 1798,
                      "node_count": 65,
                      "relative_residual": 3.30075050058114e-15,
                      "residual_norm": 8.476290616033247e-14,
                      "rhs_norm": 25.67988890569247,
                      "solver_iterations": 0
                    },
                    {
                      "element_count": 192,
                      "elements_per_original_element": 8,
                      "matrix_non_zero_count": 7030,
                      "node_count": 225,
                      "relative_residual": 1.1768399047643156e-14,
                      "residual_norm": 2.2207570771403107e-13,
                      "rhs_norm": 18.870511342705186,
                      "solver_iterations": 0
                    }
                  ],
                  "solver_path": "dense_direct",
                  "status": "pass"
                },
                {
                  "label": "interface_graded_full_edge_clamp",
                  "max_relative_residual": 1.8238080601600256e-14,
                  "samples": [
                    {
                      "element_count": 3,
                      "elements_per_original_element": 1,
                      "matrix_non_zero_count": 112,
                      "node_count": 8,
                      "relative_residual": 1.426090989691848e-16,
                      "residual_norm": 4.670040238501606e-15,
                      "rhs_norm": 32.74714076631755,
                      "solver_iterations": 0
                    },
                    {
                      "element_count": 12,
                      "elements_per_original_element": 2,
                      "matrix_non_zero_count": 444,
                      "node_count": 21,
                      "relative_residual": 6.441733439325637e-16,
                      "residual_norm": 2.07660223056869e-14,
                      "rhs_norm": 32.236699176209356,
                      "solver_iterations": 0
                    },
                    {
                      "element_count": 48,
                      "elements_per_original_element": 4,
                      "matrix_non_zero_count": 1749,
                      "node_count": 65,
                      "relative_residual": 3.111643975424685e-15,
                      "residual_norm": 8.7442577005443e-14,
                      "rhs_norm": 28.10172940607982,
                      "solver_iterations": 0
                    },
                    {
                      "element_count": 192,
                      "elements_per_original_element": 8,
                      "matrix_non_zero_count": 6951,
                      "node_count": 225,
                      "relative_residual": 1.8238080601600256e-14,
                      "residual_norm": 3.867862536580731e-13,
                      "rhs_norm": 21.2076183951142,
                      "solver_iterations": 0
                    }
                  ],
                  "solver_path": "dense_direct",
                  "status": "pass"
                }
              ],
              "status": "pass"
            },
            "convergence_tolerance": 0.02,
            "diagnostic_metrics": [
              "max_von_mises_stress_pa"
            ],
            "finest_pair_displacement_relative_change": 0.003935926168969174,
            "finest_pair_peak_stress_relative_change": 0.25966040922634914,
            "finest_pair_strain_energy_relative_change": 0.1318837957215204,
            "method": "structured_quad_h_refinement_preserving_piecewise_linear_temperature_full_edge_clamp",
            "pass_metrics": [
              "max_displacement_m",
              "total_strain_energy_j"
            ],
            "refinement_levels": [
              1,
              2,
              4,
              8
            ],
            "regime_assessment": {
              "diagnosis": "pass_metrics_lack_qualified_discretization_uncertainty",
              "gci_safety_factor": 1.25,
              "method": "four_level_constant_ratio_observed_order_and_fine_grid_gci",
              "metrics": [
                {
                  "coarse_triplet_observed_order": 9.820450158385396,
                  "fine_grid_gci": null,
                  "fine_triplet_observed_order": -6.524103416494525,
                  "metric": "max_displacement_m",
                  "observed_order_relative_difference": 1.664338529423092,
                  "qualification_role": "pass_metric",
                  "regime": "oscillatory",
                  "richardson_extrapolated_value": null,
                  "unit": "m"
                },
                {
                  "coarse_triplet_observed_order": 1.0828457452780744,
                  "fine_grid_gci": 0.12731671707349812,
                  "fine_triplet_observed_order": 1.3170442024663018,
                  "metric": "total_strain_energy_j",
                  "observed_order_relative_difference": 0.17782125820049663,
                  "qualification_role": "pass_metric",
                  "regime": "asymptotic_converging",
                  "richardson_extrapolated_value": 3.139050602559685e-7,
                  "unit": "J"
                },
                {
                  "coarse_triplet_observed_order": 0.040438557301117374,
                  "fine_grid_gci": null,
                  "fine_triplet_observed_order": -0.2657201056468571,
                  "metric": "max_von_mises_stress_pa",
                  "observed_order_relative_difference": 1.1521847855760692,
                  "qualification_role": "diagnostic_metric",
                  "regime": "monotonic_diverging",
                  "richardson_extrapolated_value": null,
                  "unit": "Pa"
                }
              ],
              "order_consistency_tolerance": 0.25,
              "qualification_effect": "gci_gates_require_asymptotic_pass_metric_evidence",
              "qualification_tolerance": 0.02,
              "refinement_ratio": 2.0,
              "schema_version": "kyuubiki.composite-thermal-convergence-regime/v1",
              "status": "fail"
            },
            "samples": [
              {
                "displacement_relative_change": null,
                "element_count": 3,
                "elements_per_original_element": 1,
                "max_displacement_m": 5.28446496301647e-7,
                "max_von_mises_stress_pa": 234694.2765380907,
                "node_count": 8,
                "peak_stress_relative_change": null,
                "strain_energy_relative_change": null,
                "total_strain_energy_j": 8.15114575125516e-7
              },
              {
                "displacement_relative_change": 0.03736805853833026,
                "element_count": 12,
                "elements_per_original_element": 2,
                "max_displacement_m": 5.086994766934715e-7,
                "max_von_mises_stress_pa": 407176.0876088179,
                "node_count": 21,
                "peak_stress_relative_change": 0.423604961881833,
                "strain_energy_relative_change": 0.3437833590306786,
                "total_strain_energy_j": 5.348917484940017e-7
              },
              {
                "displacement_relative_change": 0.000042932897337998735,
                "element_count": 48,
                "elements_per_original_element": 4,
                "max_displacement_m": 5.086776367510627e-7,
                "max_von_mises_stress_pa": 574890.3841459996,
                "node_count": 65,
                "peak_stress_relative_change": 0.291732652280002,
                "strain_energy_relative_change": 0.2473253094957803,
                "total_strain_energy_j": 4.0259948125098363e-7
              },
              {
                "displacement_relative_change": 0.003935926168969174,
                "element_count": 192,
                "elements_per_original_element": 8,
                "max_displacement_m": 5.106876656986558e-7,
                "max_von_mises_stress_pa": 776522.5462888486,
                "node_count": 225,
                "peak_stress_relative_change": 0.25966040922634914,
                "strain_energy_relative_change": 0.1318837957215204,
                "total_strain_energy_j": 3.495031335080889e-7
              }
            ],
            "schema_version": "kyuubiki.composite-thermal-mesh-convergence/v1",
            "status": "fail"
          },
          "thermal_stress_recovery": {
            "convergence_tolerance": 0.02,
            "diagnostic_metrics": [
              "max_stress_pa",
              "max_to_p95_ratio"
            ],
            "finest_pair_max_relative_change": 0.25966040922634914,
            "finest_pair_p95_relative_change": 0.2976637412773332,
            "finest_pair_rms_relative_change": 0.016147915800146885,
            "method": "uniform_mesh_element_area_weighted_von_mises_p95_and_rms",
            "pass_metrics": [
              "area_weighted_rms_stress_pa",
              "area_weighted_p95_stress_pa"
            ],
            "refinement_levels": [
              1,
              2,
              4,
              8
            ],
            "samples": [
              {
                "element_count": 3,
                "elements_per_original_element": 1,
                "max_relative_change": null,
                "p95_relative_change": null,
                "rms_relative_change": null,
                "statistics": {
                  "area_weighted_mean_stress_pa": 82516.23445165555,
                  "area_weighted_p95_stress_pa": 234694.2765380907,
                  "area_weighted_rms_stress_pa": 135640.49414497043,
                  "max_stress_pa": 234694.2765380907,
                  "max_to_p95_ratio": 1.0
                }
              },
              {
                "element_count": 12,
                "elements_per_original_element": 2,
                "max_relative_change": 0.423604961881833,
                "p95_relative_change": 0.423604961881833,
                "rms_relative_change": 0.1965234767321586,
                "statistics": {
                  "area_weighted_mean_stress_pa": 83493.59480523395,
                  "area_weighted_p95_stress_pa": 407176.0876088179,
                  "area_weighted_rms_stress_pa": 168816.997406848,
                  "max_stress_pa": 407176.0876088179,
                  "max_to_p95_ratio": 1.0
                }
              },
              {
                "element_count": 48,
                "elements_per_original_element": 4,
                "max_relative_change": 0.291732652280002,
                "p95_relative_change": 0.24521995568766555,
                "rms_relative_change": 0.02138286881535755,
                "statistics": {
                  "area_weighted_mean_stress_pa": 65918.01112991846,
                  "area_weighted_p95_stress_pa": 539463.2392272482,
                  "area_weighted_rms_stress_pa": 165207.20569749482,
                  "max_stress_pa": 574890.3841459996,
                  "max_to_p95_ratio": 1.065671101092076
                }
              },
              {
                "element_count": 192,
                "elements_per_original_element": 8,
                "max_relative_change": 0.25966040922634914,
                "p95_relative_change": 0.2976637412773332,
                "rms_relative_change": 0.016147915800146885,
                "statistics": {
                  "area_weighted_mean_stress_pa": 60504.38655943555,
                  "area_weighted_p95_stress_pa": 378884.5931572765,
                  "area_weighted_rms_stress_pa": 162539.45365031413,
                  "max_stress_pa": 776522.5462888486,
                  "max_to_p95_ratio": 2.049496232660247
                }
              }
            ],
            "schema_version": "kyuubiki.composite-thermal-stress-recovery/v1",
            "status": "fail"
          }
        },
        "status": "completed"
      },
      "requires_confirmation": false
    }
  ]
}
