{
  "schema_version": "kyuubiki.headless-execution-run/v1",
  "workflow_id": "template.material_composite_thermo_electric_panel_screening",
  "mode": "execute:service",
  "status": "ok",
  "executed_step_count": 9,
  "warning_count": 0,
  "blocked_by_confirmation": null,
  "validation": {
    "ok": true,
    "issue_count": 0,
    "issues": [],
    "warning_count": 0,
    "warnings": [],
    "summary": {
      "schema_version": "kyuubiki.headless-execution-batch/v1",
      "workflow_id": "template.material_composite_thermo_electric_panel_screening",
      "template_id": "material_composite_thermo_electric_panel_screening",
      "exported_at": "1970-01-01T00:00:00.000Z",
      "language": "en",
      "step_count": 9,
      "warning_count": 0,
      "actions": [
        "solve_composite_thermo_electric_panel",
        "job_wait",
        "result_fetch",
        "solve_composite_thermo_electric_panel",
        "job_wait",
        "result_fetch",
        "solve_composite_thermo_electric_panel",
        "job_wait",
        "result_fetch"
      ]
    },
    "policy": {
      "required_engines": [
        "service"
      ],
      "engine_counts": {
        "browser": 0,
        "service": 9
      },
      "risk_counts": {
        "normal": 9,
        "sensitive": 0,
        "destructive": 0
      },
      "recommended_runtime": "service_only",
      "needs_desktop_browser": false,
      "safe_for_service_only": true,
      "notes": []
    }
  },
  "execution_summary": {
    "schema_version": "kyuubiki.headless-execution-summary/v1",
    "job_count": 3,
    "job_ids": [
      "6fd8179c93b6d749",
      "964a586dc1d23e06",
      "9c35f47ec2b327ca"
    ],
    "jobs": [
      {
        "job_id": "6fd8179c93b6d749",
        "status": "completed",
        "worker_id": "rust-agent-rpc@127.0.0.1:5002",
        "phase": "execution",
        "created_at": "2026-08-13T11:22:36.556890Z",
        "execution_started_at": "2026-08-13T11:22:36.565471Z",
        "updated_at": "2026-08-13T11:22:42.619134Z",
        "queue_wait_ms": 8,
        "execution_elapsed_ms": 6053,
        "total_elapsed_ms": 6062,
        "effective_timeout_ms": 120000,
        "effective_deadline": "2026-08-13T11:24:36.565471Z"
      },
      {
        "job_id": "964a586dc1d23e06",
        "status": "completed",
        "worker_id": "rust-agent-rpc@127.0.0.1:5001",
        "phase": "execution",
        "created_at": "2026-08-13T11:22:42.650347Z",
        "execution_started_at": "2026-08-13T11:22:42.655229Z",
        "updated_at": "2026-08-13T11:22:48.706396Z",
        "queue_wait_ms": 4,
        "execution_elapsed_ms": 6051,
        "total_elapsed_ms": 6056,
        "effective_timeout_ms": 120000,
        "effective_deadline": "2026-08-13T11:24:42.655229Z"
      },
      {
        "job_id": "9c35f47ec2b327ca",
        "status": "completed",
        "worker_id": "rust-agent-rpc@127.0.0.1:5002",
        "phase": "execution",
        "created_at": "2026-08-13T11:22:48.735650Z",
        "execution_started_at": "2026-08-13T11:22:48.738592Z",
        "updated_at": "2026-08-13T11:22:54.786649Z",
        "queue_wait_ms": 2,
        "execution_elapsed_ms": 6048,
        "total_elapsed_ms": 6050,
        "effective_timeout_ms": 120000,
        "effective_deadline": "2026-08-13T11:24:48.738592Z"
      }
    ],
    "failure": null
  },
  "steps": [
    {
      "index": 1,
      "action": "solve_composite_thermo_electric_panel",
      "risk": "normal",
      "status": "executed",
      "payload": {
        "electric_conduction_feedback": {
          "parameter_source": "screening_reference_not_material_card",
          "regions": [
            {
              "element_id": "conductor_left",
              "reference_resistivity_ohm_m": 1.68e-8,
              "reference_temperature_c": 35.0,
              "resistivity_temperature_coefficient_1_k": 0.00393
            }
          ]
        },
        "electric_conduction_model": {
          "contact_interfaces": [],
          "elements": [
            {
              "electrical_conductivity_s_m": 59523809.523809515,
              "id": "conductor_left",
              "node_i": 0,
              "node_j": 1,
              "node_k": 2,
              "node_l": 3,
              "thickness": 0.001
            }
          ],
          "nodes": [
            {
              "current_source_a": 0.0,
              "electric_potential_v": 0.0,
              "fix_electric_potential": true,
              "id": "n0",
              "x": 0.0,
              "y": 0.0
            },
            {
              "current_source_a": 0.0,
              "electric_potential_v": 0.000033600000000000004,
              "fix_electric_potential": true,
              "id": "n1",
              "x": 0.03,
              "y": 0.0
            },
            {
              "current_source_a": 0.0,
              "electric_potential_v": 0.000033600000000000004,
              "fix_electric_potential": true,
              "id": "n5",
              "x": 0.03,
              "y": 0.03
            },
            {
              "current_source_a": 0.0,
              "electric_potential_v": 0.0,
              "fix_electric_potential": true,
              "id": "n4",
              "x": 0.0,
              "y": 0.03
            }
          ],
          "terminals": []
        },
        "electrostatic_model": {
          "elements": [
            {
              "id": "conductor_left",
              "node_i": 0,
              "node_j": 1,
              "node_k": 5,
              "node_l": 4,
              "permittivity": 1.0,
              "thickness": 0.001
            },
            {
              "id": "dielectric_core",
              "node_i": 1,
              "node_j": 2,
              "node_k": 6,
              "node_l": 5,
              "permittivity": 3.4,
              "thickness": 0.001
            },
            {
              "id": "substrate_right",
              "node_i": 2,
              "node_j": 3,
              "node_k": 7,
              "node_l": 6,
              "permittivity": 4.2,
              "thickness": 0.001
            }
          ],
          "nodes": [
            {
              "charge_density": 0.0,
              "fix_potential": true,
              "id": "n0",
              "potential": 0.0,
              "x": 0.0,
              "y": 0.0
            },
            {
              "charge_density": 0.0,
              "fix_potential": false,
              "id": "n1",
              "potential": 0.0,
              "x": 0.03,
              "y": 0.0
            },
            {
              "charge_density": 0.0,
              "fix_potential": false,
              "id": "n2",
              "potential": 0.0,
              "x": 0.06,
              "y": 0.0
            },
            {
              "charge_density": 0.0,
              "fix_potential": true,
              "id": "n3",
              "potential": 7404,
              "x": 0.09,
              "y": 0.0
            },
            {
              "charge_density": 0.0,
              "fix_potential": true,
              "id": "n4",
              "potential": 0.0,
              "x": 0.0,
              "y": 0.03
            },
            {
              "charge_density": 0.0,
              "fix_potential": false,
              "id": "n5",
              "potential": 0.0,
              "x": 0.03,
              "y": 0.03
            },
            {
              "charge_density": 0.0,
              "fix_potential": false,
              "id": "n6",
              "potential": 0.0,
              "x": 0.06,
              "y": 0.03
            },
            {
              "charge_density": 0.0,
              "fix_potential": true,
              "id": "n7",
              "potential": 7404,
              "x": 0.09,
              "y": 0.03
            }
          ]
        },
        "electrothermal_feedback": {
          "conductivity_relative_change_tolerance": 1e-9,
          "loss_relative_change_tolerance": 1e-9,
          "loss_tangent_temperature_coefficient_1_k": 0.001,
          "max_iterations": 12,
          "parameter_source": "screening_sensitivity_not_material_card",
          "relative_permittivity_temperature_coefficient_1_k": 0.0001,
          "relaxation_factor": 0.8,
          "temperature_residual_tolerance_c": 1e-7,
          "thermal_conductivity_models": [
            {
              "element_id": "conductor_left",
              "reference_temperature_c": 35.0,
              "temperature_coefficient_1_k": -0.001
            },
            {
              "element_id": "dielectric_core",
              "reference_temperature_c": 35.0,
              "temperature_coefficient_1_k": -0.002
            },
            {
              "element_id": "substrate_right",
              "reference_temperature_c": 35.0,
              "temperature_coefficient_1_k": -0.0012
            }
          ]
        },
        "electrothermal_loss": {
          "frequency_hz": 10000000.0,
          "loss_tangent": 0.008,
          "reference_temperature_c": 35.0,
          "relative_permittivity": 3.4,
          "source_element_id": "dielectric_core"
        },
        "heat_model": {
          "elements": [
            {
              "conductivity": 390.0,
              "id": "conductor_left",
              "node_i": 0,
              "node_j": 1,
              "node_k": 5,
              "node_l": 4,
              "thickness": 0.001
            },
            {
              "conductivity": 0.25,
              "id": "dielectric_core",
              "node_i": 1,
              "node_j": 2,
              "node_k": 6,
              "node_l": 5,
              "thickness": 0.001
            },
            {
              "conductivity": 160.0,
              "id": "substrate_right",
              "node_i": 2,
              "node_j": 3,
              "node_k": 7,
              "node_l": 6,
              "thickness": 0.001
            }
          ],
          "nodes": [
            {
              "fix_temperature": false,
              "heat_load": 0.0,
              "id": "n0",
              "temperature": 35.0,
              "x": 0.0,
              "y": 0.0
            },
            {
              "fix_temperature": false,
              "heat_load": 0.0,
              "id": "n1",
              "temperature": 35.0,
              "x": 0.03,
              "y": 0.0
            },
            {
              "fix_temperature": false,
              "heat_load": 0.0,
              "id": "n2",
              "temperature": 35.0,
              "x": 0.06,
              "y": 0.0
            },
            {
              "fix_temperature": true,
              "heat_load": 0.0,
              "id": "n3",
              "temperature": 35.0,
              "x": 0.09,
              "y": 0.0
            },
            {
              "fix_temperature": false,
              "heat_load": 0.0,
              "id": "n4",
              "temperature": 35.0,
              "x": 0.0,
              "y": 0.03
            },
            {
              "fix_temperature": false,
              "heat_load": 0.0,
              "id": "n5",
              "temperature": 35.0,
              "x": 0.03,
              "y": 0.03
            },
            {
              "fix_temperature": false,
              "heat_load": 0.0,
              "id": "n6",
              "temperature": 35.0,
              "x": 0.06,
              "y": 0.03
            },
            {
              "fix_temperature": true,
              "heat_load": 0.0,
              "id": "n7",
              "temperature": 35.0,
              "x": 0.09,
              "y": 0.03
            }
          ]
        },
        "research": {
          "candidate_id": "copper_polyimide_aluminum",
          "candidate_label": "Copper / Polyimide / Aluminum",
          "coupling": "iterative_dielectric_and_conductor_joule_heating_with_temperature_dependent_electrical_thermal_feedback_and_expansion_projection",
          "materials": {
            "conductor": "copper",
            "dielectric": "polyimide",
            "substrate": "aluminum_6061"
          },
          "study": "material.composite_thermo_electric_panel.v1"
        },
        "thermal_expansion_feedback": {
          "parameter_source": "screening_sensitivity_not_material_card",
          "regions": [
            {
              "element_id": "conductor_left",
              "reference_temperature_c": 35.0,
              "temperature_coefficient_1_k": 0.0002
            },
            {
              "element_id": "dielectric_core",
              "reference_temperature_c": 35.0,
              "temperature_coefficient_1_k": 0.0008
            },
            {
              "element_id": "substrate_right",
              "reference_temperature_c": 35.0,
              "temperature_coefficient_1_k": 0.0003
            }
          ]
        },
        "thermal_model": {
          "elements": [
            {
              "id": "conductor_left",
              "node_i": 0,
              "node_j": 1,
              "node_k": 5,
              "node_l": 4,
              "poisson_ratio": 0.32,
              "thermal_expansion": 0.000017,
              "thickness": 0.001,
              "youngs_modulus": 110000000000.0
            },
            {
              "id": "dielectric_core",
              "node_i": 1,
              "node_j": 2,
              "node_k": 6,
              "node_l": 5,
              "poisson_ratio": 0.32,
              "thermal_expansion": 0.000045,
              "thickness": 0.001,
              "youngs_modulus": 2500000000.0
            },
            {
              "id": "substrate_right",
              "node_i": 2,
              "node_j": 3,
              "node_k": 7,
              "node_l": 6,
              "poisson_ratio": 0.32,
              "thermal_expansion": 0.0000236,
              "thickness": 0.001,
              "youngs_modulus": 68900000000.0
            }
          ],
          "nodes": [
            {
              "fix_x": true,
              "fix_y": true,
              "id": "n0",
              "load_x": 0.0,
              "load_y": 0.0,
              "temperature_delta": 0.0,
              "x": 0.0,
              "y": 0.0
            },
            {
              "fix_x": false,
              "fix_y": false,
              "id": "n1",
              "load_x": 0.0,
              "load_y": 0.0,
              "temperature_delta": 0.0,
              "x": 0.03,
              "y": 0.0
            },
            {
              "fix_x": false,
              "fix_y": false,
              "id": "n2",
              "load_x": 0.0,
              "load_y": 0.0,
              "temperature_delta": 0.0,
              "x": 0.06,
              "y": 0.0
            },
            {
              "fix_x": false,
              "fix_y": false,
              "id": "n3",
              "load_x": 0.0,
              "load_y": 0.0,
              "temperature_delta": 0.0,
              "x": 0.09,
              "y": 0.0
            },
            {
              "fix_x": true,
              "fix_y": true,
              "id": "n4",
              "load_x": 0.0,
              "load_y": 0.0,
              "temperature_delta": 0.0,
              "x": 0.0,
              "y": 0.03
            },
            {
              "fix_x": false,
              "fix_y": false,
              "id": "n5",
              "load_x": 0.0,
              "load_y": 0.0,
              "temperature_delta": 0.0,
              "x": 0.03,
              "y": 0.03
            },
            {
              "fix_x": false,
              "fix_y": false,
              "id": "n6",
              "load_x": 0.0,
              "load_y": 0.0,
              "temperature_delta": 0.0,
              "x": 0.06,
              "y": 0.03
            },
            {
              "fix_x": false,
              "fix_y": false,
              "id": "n7",
              "load_x": 0.0,
              "load_y": 0.0,
              "temperature_delta": 0.0,
              "x": 0.09,
              "y": 0.03
            }
          ]
        }
      },
      "result_preview": {
        "job": {
          "created_at": "2026-08-13T11:22:36.556890Z",
          "execution_started_at": null,
          "execution_timeout_ms": 120000,
          "has_result": false,
          "iteration": null,
          "job_id": "6fd8179c93b6d749",
          "message": null,
          "model_version_id": null,
          "progress": 0.0,
          "project_id": "1c9ad1c7538e1ace",
          "queue_timeout_ms": 1800000,
          "residual": null,
          "simulation_case_id": "b7b0703d77aafe24",
          "status": "queued",
          "status_detail": {
            "active": true,
            "failure_class": null,
            "lifecycle": "active",
            "recoverable": false,
            "terminal": false,
            "timing": {
              "effective_deadline": "2026-08-13T11:52:36.556890Z",
              "effective_timeout_ms": 1800000,
              "execution_elapsed_ms": null,
              "execution_started_at": null,
              "execution_timeout_ms": 120000,
              "job_submission_deadline": "2026-08-13T11:52:36.556890Z",
              "phase": "queue",
              "queue_timeout_ms": 1800000,
              "queue_wait_ms": 0,
              "total_elapsed_ms": 0
            }
          },
          "updated_at": "2026-08-13T11:22:36.556890Z",
          "worker_id": null
        },
        "job_id": "6fd8179c93b6d749",
        "progress": 0.0,
        "raw": {
          "job": {
            "created_at": "2026-08-13T11:22:36.556890Z",
            "execution_started_at": null,
            "execution_timeout_ms": 120000,
            "has_result": false,
            "iteration": null,
            "job_id": "6fd8179c93b6d749",
            "message": null,
            "model_version_id": null,
            "progress": 0.0,
            "project_id": "1c9ad1c7538e1ace",
            "queue_timeout_ms": 1800000,
            "residual": null,
            "simulation_case_id": "b7b0703d77aafe24",
            "status": "queued",
            "status_detail": {
              "active": true,
              "failure_class": null,
              "lifecycle": "active",
              "recoverable": false,
              "terminal": false,
              "timing": {
                "effective_deadline": "2026-08-13T11:52:36.556890Z",
                "effective_timeout_ms": 1800000,
                "execution_elapsed_ms": null,
                "execution_started_at": null,
                "execution_timeout_ms": 120000,
                "job_submission_deadline": "2026-08-13T11:52:36.556890Z",
                "phase": "queue",
                "queue_timeout_ms": 1800000,
                "queue_wait_ms": 0,
                "total_elapsed_ms": 0
              }
            },
            "updated_at": "2026-08-13T11:22:36.556890Z",
            "worker_id": null
          }
        },
        "status": "queued"
      },
      "requires_confirmation": false
    },
    {
      "index": 2,
      "action": "job_wait",
      "risk": "normal",
      "status": "executed",
      "payload": {
        "interval_ms": 1000,
        "job_id": "6fd8179c93b6d749",
        "max_total_timeout_ms": 3600000,
        "resume_policy": "server_deadline",
        "timeout_ms": 60000
      },
      "result_preview": {
        "job": {
          "created_at": "2026-08-13T11:22:36.556890Z",
          "execution_started_at": "2026-08-13T11:22:36.565471Z",
          "execution_timeout_ms": 120000,
          "iteration": 4,
          "job_id": "6fd8179c93b6d749",
          "message": "collecting nodal and elemental responses",
          "model_version_id": null,
          "progress": 1.0,
          "project_id": "1c9ad1c7538e1ace",
          "queue_timeout_ms": 1800000,
          "residual": 0.2,
          "simulation_case_id": "b7b0703d77aafe24",
          "status": "completed",
          "status_detail": {
            "active": false,
            "failure_class": null,
            "lifecycle": "terminal",
            "recoverable": false,
            "terminal": true,
            "timing": {
              "effective_deadline": "2026-08-13T11:24:36.565471Z",
              "effective_timeout_ms": 120000,
              "execution_elapsed_ms": 6053,
              "execution_started_at": "2026-08-13T11:22:36.565471Z",
              "execution_timeout_ms": 120000,
              "job_submission_deadline": "2026-08-13T11:52:36.556890Z",
              "phase": "execution",
              "queue_timeout_ms": 1800000,
              "queue_wait_ms": 8,
              "total_elapsed_ms": 6062
            }
          },
          "updated_at": "2026-08-13T11:22:42.619134Z",
          "worker_id": "rust-agent-rpc@127.0.0.1:5002"
        },
        "job_id": "6fd8179c93b6d749",
        "progress": 1.0,
        "raw": {
          "job": {
            "created_at": "2026-08-13T11:22:36.556890Z",
            "execution_started_at": "2026-08-13T11:22:36.565471Z",
            "execution_timeout_ms": 120000,
            "iteration": 4,
            "job_id": "6fd8179c93b6d749",
            "message": "collecting nodal and elemental responses",
            "model_version_id": null,
            "progress": 1.0,
            "project_id": "1c9ad1c7538e1ace",
            "queue_timeout_ms": 1800000,
            "residual": 0.2,
            "simulation_case_id": "b7b0703d77aafe24",
            "status": "completed",
            "status_detail": {
              "active": false,
              "failure_class": null,
              "lifecycle": "terminal",
              "recoverable": false,
              "terminal": true,
              "timing": {
                "effective_deadline": "2026-08-13T11:24:36.565471Z",
                "effective_timeout_ms": 120000,
                "execution_elapsed_ms": 6053,
                "execution_started_at": "2026-08-13T11:22:36.565471Z",
                "execution_timeout_ms": 120000,
                "job_submission_deadline": "2026-08-13T11:52:36.556890Z",
                "phase": "execution",
                "queue_timeout_ms": 1800000,
                "queue_wait_ms": 8,
                "total_elapsed_ms": 6062
              }
            },
            "updated_at": "2026-08-13T11:22:42.619134Z",
            "worker_id": "rust-agent-rpc@127.0.0.1:5002"
          }
        },
        "result": null,
        "status": "completed",
        "wait": {
          "elapsed_ms": 6073,
          "policy": "server_deadline",
          "poll_attempts": 7,
          "resume_count": 0
        }
      },
      "requires_confirmation": false
    },
    {
      "index": 3,
      "action": "result_fetch",
      "risk": "normal",
      "status": "executed",
      "payload": {
        "job_id": "6fd8179c93b6d749"
      },
      "result_preview": {
        "job": {
          "created_at": "2026-08-13T11:22:36.556890Z",
          "execution_started_at": "2026-08-13T11:22:36.565471Z",
          "execution_timeout_ms": 120000,
          "has_result": true,
          "iteration": 4,
          "job_id": "6fd8179c93b6d749",
          "message": "collecting nodal and elemental responses",
          "model_version_id": null,
          "progress": 1.0,
          "project_id": "1c9ad1c7538e1ace",
          "queue_timeout_ms": 1800000,
          "residual": 0.2,
          "simulation_case_id": "b7b0703d77aafe24",
          "status": "completed",
          "status_detail": {
            "active": false,
            "failure_class": null,
            "lifecycle": "terminal",
            "recoverable": false,
            "terminal": true,
            "timing": {
              "effective_deadline": "2026-08-13T11:24:36.565471Z",
              "effective_timeout_ms": 120000,
              "execution_elapsed_ms": 6053,
              "execution_started_at": "2026-08-13T11:22:36.565471Z",
              "execution_timeout_ms": 120000,
              "job_submission_deadline": "2026-08-13T11:52:36.556890Z",
              "phase": "execution",
              "queue_timeout_ms": 1800000,
              "queue_wait_ms": 8,
              "total_elapsed_ms": 6062
            }
          },
          "updated_at": "2026-08-13T11:22:42.619134Z",
          "worker_id": "rust-agent-rpc@127.0.0.1:5002"
        },
        "job_id": "6fd8179c93b6d749",
        "result": {
          "electric_conduction": {
            "contact_interfaces": [],
            "current_balance_relative_error": 0.0,
            "elements": [
              {
                "area_m2": 0.0009,
                "average_electric_potential_v": 0.000016800000000000002,
                "current_density_magnitude_a_m2": 52584.96227468687,
                "current_density_x_a_m2": -52584.96227468687,
                "current_density_y_a_m2": -0.0,
                "electric_field_magnitude_v_m": 0.00112,
                "electric_field_x_v_m": -0.00112,
                "electric_field_y_v_m": -0.0,
                "electric_potential_gradient_x_v_m": 0.00112,
                "electric_potential_gradient_y_v_m": 0.0,
                "id": "conductor_left",
                "index": 0,
                "joule_power_w": 0.00005300564197288437,
                "node_i": 0,
                "node_j": 1,
                "node_k": 2,
                "node_l": 3,
                "peak_current_density_magnitude_a_m2": 52584.96227468687,
                "peak_electric_field_magnitude_v_m": 0.00112,
                "rms_current_density_magnitude_a_m2": 52584.96227468687,
                "rms_electric_field_magnitude_v_m": 0.00112,
                "volumetric_joule_heating_w_m3": 58.8951577476493
              }
            ],
            "free_current_residual_relative_error": 0.0,
            "input": {
              "contact_interfaces": [],
              "elements": [
                {
                  "electrical_conductivity_s_m": 46950859.17382756,
                  "id": "conductor_left",
                  "node_i": 0,
                  "node_j": 1,
                  "node_k": 2,
                  "node_l": 3,
                  "thickness": 0.001
                }
              ],
              "nodes": [
                {
                  "current_source_a": 0.0,
                  "electric_potential_v": 0.0,
                  "fix_electric_potential": true,
                  "id": "n0",
                  "x": 0.0,
                  "y": 0.0
                },
                {
                  "current_source_a": 0.0,
                  "electric_potential_v": 0.000033600000000000004,
                  "fix_electric_potential": true,
                  "id": "n1",
                  "x": 0.03,
                  "y": 0.0
                },
                {
                  "current_source_a": 0.0,
                  "electric_potential_v": 0.000033600000000000004,
                  "fix_electric_potential": true,
                  "id": "n5",
                  "x": 0.03,
                  "y": 0.03
                },
                {
                  "current_source_a": 0.0,
                  "electric_potential_v": 0.0,
                  "fix_electric_potential": true,
                  "id": "n4",
                  "x": 0.0,
                  "y": 0.03
                }
              ],
              "terminals": []
            },
            "max_current_density_a_m2": 52584.96227468687,
            "max_electric_field_v_m": 0.00112,
            "max_electric_potential_v": 0.000033600000000000004,
            "max_free_current_residual_a": 0.0,
            "nodes": [
              {
                "current_source_a": 0.0,
                "electric_potential_v": 0.0,
                "fix_electric_potential": true,
                "id": "n0",
                "index": 0,
                "net_injected_current_a": -0.7887744341203031,
                "reaction_current_a": -0.7887744341203031,
                "x": 0.0,
                "y": 0.0
              },
              {
                "current_source_a": 0.0,
                "electric_potential_v": 0.000033600000000000004,
                "fix_electric_potential": true,
                "id": "n1",
                "index": 1,
                "net_injected_current_a": 0.7887744341203031,
                "reaction_current_a": 0.7887744341203031,
                "x": 0.03,
                "y": 0.0
              },
              {
                "current_source_a": 0.0,
                "electric_potential_v": 0.000033600000000000004,
                "fix_electric_potential": true,
                "id": "n5",
                "index": 2,
                "net_injected_current_a": 0.7887744341203031,
                "reaction_current_a": 0.7887744341203031,
                "x": 0.03,
                "y": 0.03
              },
              {
                "current_source_a": 0.0,
                "electric_potential_v": 0.0,
                "fix_electric_potential": true,
                "id": "n4",
                "index": 3,
                "net_injected_current_a": -0.7887744341203031,
                "reaction_current_a": -0.7887744341203031,
                "x": 0.0,
                "y": 0.03
              }
            ],
            "power_balance_relative_error": 1.2784042086502554e-16,
            "source_power_balance_relative_error": 1.2784042086502554e-16,
            "terminals": [],
            "total_bulk_joule_power_w": 0.00005300564197288437,
            "total_contact_joule_power_w": -0.0,
            "total_dissipated_power_w": 0.00005300564197288437,
            "total_electrical_input_power_w": 0.000053005641972884376,
            "total_extracted_current_a": 1.5775488682406065,
            "total_injected_current_a": 1.5775488682406065,
            "total_joule_power_w": 0.00005300564197288437,
            "total_source_power_w": 0.000053005641972884376,
            "total_terminal_impedance_power_w": -0.0
          },
          "electrostatic": {
            "elements": [
              {
                "area": 0.0009,
                "average_potential": 2417.693682519302,
                "electric_energy_density": 12989428316.652767,
                "electric_field_magnitude": 161179.57883462016,
                "electric_field_x": -161179.57883462016,
                "electric_field_y": -0.0,
                "electric_flux_density_magnitude": 161179.57883462016,
                "electric_flux_density_x": -161179.57883462016,
                "electric_flux_density_y": -0.0,
                "id": "conductor_left",
                "index": 0,
                "node_i": 0,
                "node_j": 1,
                "node_k": 5,
                "node_l": 4,
                "potential_gradient_x": 161179.57883462016,
                "potential_gradient_y": 0.0,
                "stored_energy": 11690.48548498749
              },
              {
                "area": 0.0009,
                "average_potential": 5544.0523295385165,
                "electric_energy_density": 3807410683.764889,
                "electric_field_magnitude": 47244.3309666608,
                "electric_field_x": -47244.3309666608,
                "electric_field_y": -1.4551915228366852e-11,
                "electric_flux_density_magnitude": 161179.5788346199,
                "electric_flux_density_x": -161179.5788346199,
                "electric_flux_density_y": -4.964556635166248e-11,
                "id": "dielectric_core",
                "index": 1,
                "node_i": 1,
                "node_j": 2,
                "node_k": 6,
                "node_l": 5,
                "potential_gradient_x": 47244.3309666608,
                "potential_gradient_y": 1.4551915228366852e-11,
                "stored_energy": 3426.6696153884
              },
              {
                "area": 0.0009,
                "average_potential": 6828.358647019214,
                "electric_energy_density": 3092721027.774467,
                "electric_field_magnitude": 38376.090198719074,
                "electric_field_x": -38376.090198719074,
                "electric_field_y": -1.4551915228366852e-11,
                "electric_flux_density_magnitude": 161179.57883462013,
                "electric_flux_density_x": -161179.57883462013,
                "electric_flux_density_y": -6.111804395914078e-11,
                "id": "substrate_right",
                "index": 2,
                "node_i": 2,
                "node_j": 3,
                "node_k": 7,
                "node_l": 6,
                "potential_gradient_x": 38376.090198719074,
                "potential_gradient_y": 1.4551915228366852e-11,
                "stored_energy": 2783.44892499702
              }
            ],
            "input": {
              "elements": [
                {
                  "id": "conductor_left",
                  "node_i": 0,
                  "node_j": 1,
                  "node_k": 5,
                  "node_l": 4,
                  "permittivity": 1.0,
                  "thickness": 0.001
                },
                {
                  "id": "dielectric_core",
                  "node_i": 1,
                  "node_j": 2,
                  "node_k": 6,
                  "node_l": 5,
                  "permittivity": 3.411617341948614,
                  "thickness": 0.001
                },
                {
                  "id": "substrate_right",
                  "node_i": 2,
                  "node_j": 3,
                  "node_k": 7,
                  "node_l": 6,
                  "permittivity": 4.2,
                  "thickness": 0.001
                }
              ],
              "nodes": [
                {
                  "charge_density": 0.0,
                  "fix_potential": true,
                  "id": "n0",
                  "potential": 0.0,
                  "x": 0.0,
                  "y": 0.0
                },
                {
                  "charge_density": 0.0,
                  "fix_potential": false,
                  "id": "n1",
                  "potential": 0.0,
                  "x": 0.03,
                  "y": 0.0
                },
                {
                  "charge_density": 0.0,
                  "fix_potential": false,
                  "id": "n2",
                  "potential": 0.0,
                  "x": 0.06,
                  "y": 0.0
                },
                {
                  "charge_density": 0.0,
                  "fix_potential": true,
                  "id": "n3",
                  "potential": 7404.0,
                  "x": 0.09,
                  "y": 0.0
                },
                {
                  "charge_density": 0.0,
                  "fix_potential": true,
                  "id": "n4",
                  "potential": 0.0,
                  "x": 0.0,
                  "y": 0.03
                },
                {
                  "charge_density": 0.0,
                  "fix_potential": false,
                  "id": "n5",
                  "potential": 0.0,
                  "x": 0.03,
                  "y": 0.03
                },
                {
                  "charge_density": 0.0,
                  "fix_potential": false,
                  "id": "n6",
                  "potential": 0.0,
                  "x": 0.06,
                  "y": 0.03
                },
                {
                  "charge_density": 0.0,
                  "fix_potential": true,
                  "id": "n7",
                  "potential": 7404.0,
                  "x": 0.09,
                  "y": 0.03
                }
              ]
            },
            "max_electric_energy_density": 12989428316.652767,
            "max_electric_field": 161179.57883462016,
            "max_flux_density": 161179.57883462016,
            "max_potential": 7404.0,
            "nodes": [
              {
                "charge_density": 0.0,
                "id": "n0",
                "index": 0,
                "potential": 0.0,
                "x": 0.0,
                "y": 0.0
              },
              {
                "charge_density": 0.0,
                "id": "n1",
                "index": 1,
                "potential": 4835.387365038604,
                "x": 0.03,
                "y": 0.0
              },
              {
                "charge_density": 0.0,
                "id": "n2",
                "index": 2,
                "potential": 6252.717294038428,
                "x": 0.06,
                "y": 0.0
              },
              {
                "charge_density": 0.0,
                "id": "n3",
                "index": 3,
                "potential": 7404.0,
                "x": 0.09,
                "y": 0.0
              },
              {
                "charge_density": 0.0,
                "id": "n4",
                "index": 4,
                "potential": 0.0,
                "x": 0.0,
                "y": 0.03
              },
              {
                "charge_density": 0.0,
                "id": "n5",
                "index": 5,
                "potential": 4835.387365038604,
                "x": 0.03,
                "y": 0.03
              },
              {
                "charge_density": 0.0,
                "id": "n6",
                "index": 6,
                "potential": 6252.717294038429,
                "x": 0.06,
                "y": 0.03
              },
              {
                "charge_density": 0.0,
                "id": "n7",
                "index": 7,
                "potential": 7404.0,
                "x": 0.09,
                "y": 0.03
              }
            ],
            "total_stored_energy": 17900.60402537291
          },
          "electrostatic_mesh_convergence": {
            "finest_pair_relative_change": 1.3740602258687284e-14,
            "max_analytic_relative_error": 7.226666666666671,
            "method": "structured_quad_h_refinement",
            "refinement_levels": [
              1,
              2,
              4,
              8
            ],
            "relative_error_tolerance": 1e-8,
            "samples": [
              {
                "analytic_relative_error": 7.226666666666671,
                "element_count": 3,
                "elements_per_layer": 1,
                "max_electric_field_v_m": 161179.57883462016,
                "node_count": 8,
                "relative_change_from_previous": null
              },
              {
                "analytic_relative_error": 5.570514429197547e-16,
                "element_count": 6,
                "elements_per_layer": 2,
                "max_electric_field_v_m": 19592.33130080472,
                "node_count": 14,
                "relative_change_from_previous": 7.226666666666671
              },
              {
                "analytic_relative_error": 3.713676286131698e-15,
                "element_count": 12,
                "elements_per_layer": 4,
                "max_electric_field_v_m": 19592.33130080478,
                "node_count": 26,
                "relative_change_from_previous": 3.1566248432119437e-15
              },
              {
                "analytic_relative_error": 1.7454278544818984e-14,
                "element_count": 24,
                "elements_per_layer": 8,
                "max_electric_field_v_m": 19592.33130080505,
                "node_count": 50,
                "relative_change_from_previous": 1.3740602258687284e-14
              }
            ],
            "schema_version": "kyuubiki.composite-electrostatic-mesh-convergence/v1",
            "status": "fail"
          },
          "electrothermal_feedback_convergence": {
            "conductivity_relative_change_tolerance": 1e-9,
            "converged": false,
            "final_loss_relative_change": 6.878185314662963e-8,
            "final_max_conductivity_relative_change": 1.652449107929578e-7,
            "final_temperature_residual_c": 0.00005430407961171113,
            "iteration_count": 12,
            "iterations": [
              {
                "converged": false,
                "coupling_temperature_c": 35.0,
                "dielectric_mean_temperature_c": 65.89155007860788,
                "iteration": 1,
                "loss_relative_change": null,
                "loss_tangent": 0.008,
                "max_conductivity_relative_change": null,
                "max_temperature_c": 96.59173072051152,
                "relative_permittivity": 3.4,
                "temperature_residual_c": 61.59168764358846,
                "thermal_conductivity_updates": [
                  {
                    "conductivity_relative_change": null,
                    "conductivity_w_mk": 390.0,
                    "coupling_temperature_c": 35.0,
                    "element_id": "conductor_left",
                    "measured_mean_temperature_c": 96.59168764358846
                  },
                  {
                    "conductivity_relative_change": null,
                    "conductivity_w_mk": 0.25,
                    "coupling_temperature_c": 35.0,
                    "element_id": "dielectric_core",
                    "measured_mean_temperature_c": 65.89155007860788
                  },
                  {
                    "conductivity_relative_change": null,
                    "conductivity_w_mk": 160.0,
                    "coupling_temperature_c": 35.0,
                    "element_id": "substrate_right",
                    "measured_mean_temperature_c": 35.09572779527519
                  }
                ],
                "total_joule_loss_w": 0.0000672,
                "total_loss_w": 0.030565694488060204
              },
              {
                "converged": false,
                "coupling_temperature_c": 59.7132400628863,
                "dielectric_mean_temperature_c": 68.21383862571442,
                "iteration": 2,
                "loss_relative_change": 0.022748520831273766,
                "loss_tangent": 0.00819770592050309,
                "max_conductivity_relative_change": 0.049426480125772554,
                "max_temperature_c": 101.2319242508513,
                "relative_permittivity": 3.408402501621381,
                "temperature_residual_c": 16.958536177039264,
                "thermal_conductivity_updates": [
                  {
                    "conductivity_relative_change": 0.049273350114870815,
                    "conductivity_w_mk": 370.7833934552004,
                    "coupling_temperature_c": 84.27335011487077,
                    "element_id": "conductor_left",
                    "measured_mean_temperature_c": 101.23188629191004
                  },
                  {
                    "conductivity_relative_change": 0.049426480125772554,
                    "conductivity_w_mk": 0.2376433799685569,
                    "coupling_temperature_c": 59.7132400628863,
                    "element_id": "dielectric_core",
                    "measured_mean_temperature_c": 68.21383862571442
                  },
                  {
                    "conductivity_relative_change": 0.0000918986834641089,
                    "conductivity_w_mk": 159.98529621064574,
                    "coupling_temperature_c": 35.07658223622015,
                    "element_id": "substrate_right",
                    "measured_mean_temperature_c": 35.09791445923004
                  }
                ],
                "total_joule_loss_w": 0.00005629818021739965,
                "total_loss_w": 0.03127344934622665
              },
              {
                "converged": false,
                "coupling_temperature_c": 66.5137189131488,
                "dielectric_mean_temperature_c": 68.89664104345755,
                "iteration": 3,
                "loss_relative_change": 0.0061273938666404695,
                "loss_tangent": 0.00825210975130519,
                "max_conductivity_relative_change": 0.014308159670095402,
                "max_temperature_c": 102.5963229359661,
                "relative_permittivity": 3.4107146644304707,
                "temperature_residual_c": 4.756107017554413,
                "thermal_conductivity_updates": [
                  {
                    "conductivity_relative_change": 0.014269957556433864,
                    "conductivity_w_mk": 365.49233016796416,
                    "coupling_temperature_c": 97.84017905650218,
                    "element_id": "conductor_left",
                    "measured_mean_temperature_c": 102.5962860740566
                  },
                  {
                    "conductivity_relative_change": 0.014308159670095402,
                    "conductivity_w_mk": 0.2342431405434256,
                    "coupling_temperature_c": 66.5137189131488,
                    "element_id": "dielectric_core",
                    "measured_mean_temperature_c": 68.89664104345755
                  },
                  {
                    "conductivity_relative_change": 0.000020480816249545795,
                    "conductivity_w_mk": 159.98201958119142,
                    "coupling_temperature_c": 35.09364801462806,
                    "element_id": "substrate_right",
                    "measured_mean_temperature_c": 35.09851643738401
                  }
                ],
                "total_joule_loss_w": 0.0000538909807918202,
                "total_loss_w": 0.03146782624848916
              },
              {
                "converged": false,
                "coupling_temperature_c": 68.4200566173958,
                "dielectric_mean_temperature_c": 69.09165846386318,
                "iteration": 4,
                "loss_relative_change": 0.001707412135979702,
                "loss_tangent": 0.008267360452939167,
                "max_conductivity_relative_change": 0.004069143070367869,
                "max_temperature_c": 102.98601986128624,
                "relative_permittivity": 3.411362819249914,
                "temperature_residual_c": 1.3409186171407723,
                "thermal_conductivity_updates": [
                  {
                    "conductivity_relative_change": 0.004060017863562301,
                    "conductivity_w_mk": 364.0084247784872,
                    "coupling_temperature_c": 101.64506467054572,
                    "element_id": "conductor_left",
                    "measured_mean_temperature_c": 102.98598328768648
                  },
                  {
                    "conductivity_relative_change": 0.004069143070367869,
                    "conductivity_w_mk": 0.2332899716913021,
                    "coupling_temperature_c": 68.4200566173958,
                    "element_id": "dielectric_core",
                    "measured_mean_temperature_c": 69.09165846386318
                  },
                  {
                    "conductivity_relative_change": 4.674211122511746e-6,
                    "conductivity_w_mk": 159.9812717914561,
                    "coupling_temperature_c": 35.09754275283282,
                    "element_id": "substrate_right",
                    "measured_mean_temperature_c": 35.09868510681982
                  }
                ],
                "total_joule_loss_w": 0.00005325239374560403,
                "total_loss_w": 0.03152228539807957
              },
              {
                "converged": false,
                "coupling_temperature_c": 68.9573380945697,
                "dielectric_mean_temperature_c": 69.14691297678158,
                "iteration": 5,
                "loss_relative_change": 0.00048040697752974016,
                "loss_tangent": 0.008271658704756558,
                "max_conductivity_relative_change": 0.0011515314466342829,
                "max_temperature_c": 103.0964336928457,
                "relative_permittivity": 3.4115454949521538,
                "temperature_residual_c": 0.3785976348235778,
                "thermal_conductivity_updates": [
                  {
                    "conductivity_relative_change": 0.0011493322134028838,
                    "conductivity_w_mk": 363.59005816993925,
                    "coupling_temperature_c": 102.71779956425831,
                    "element_id": "conductor_left",
                    "measured_mean_temperature_c": 103.0963971990819
                  },
                  {
                    "conductivity_relative_change": 0.0011515314466342829,
                    "conductivity_w_mk": 0.23302133095271516,
                    "coupling_temperature_c": 68.9573380945697,
                    "element_id": "dielectric_core",
                    "measured_mean_temperature_c": 69.14691297678158
                  },
                  {
                    "conductivity_relative_change": 1.0967882079712678e-6,
                    "conductivity_w_mk": 159.9810963258837,
                    "coupling_temperature_c": 35.09845663602242,
                    "element_id": "substrate_right",
                    "measured_mean_temperature_c": 35.09873262412251
                  }
                ],
                "total_joule_loss_w": 0.00005307507874962609,
                "total_loss_w": 0.03153763182175
              },
              {
                "converged": false,
                "coupling_temperature_c": 69.1089980003392,
                "dielectric_mean_temperature_c": 69.16253306803098,
                "iteration": 6,
                "loss_relative_change": 0.00013554119429928397,
                "loss_tangent": 0.008272871984002714,
                "max_conductivity_relative_change": 0.0003254206495804896,
                "max_temperature_c": 103.12764701348256,
                "relative_permittivity": 3.4115970593201155,
                "temperature_residual_c": 0.1069328700290555,
                "thermal_conductivity_updates": [
                  {
                    "conductivity_relative_change": 0.0003248781406716472,
                    "conductivity_w_mk": 363.4719357078743,
                    "coupling_temperature_c": 103.0206776721172,
                    "element_id": "conductor_left",
                    "measured_mean_temperature_c": 103.12761054214624
                  },
                  {
                    "conductivity_relative_change": 0.0003254206495804896,
                    "conductivity_w_mk": 0.2329455009998304,
                    "coupling_temperature_c": 69.1089980003392,
                    "element_id": "dielectric_core",
                    "measured_mean_temperature_c": 69.16253306803098
                  },
                  {
                    "conductivity_relative_change": 2.649798829786998e-7,
                    "conductivity_w_mk": 159.98105393411151,
                    "coupling_temperature_c": 35.09867742650249,
                    "element_id": "substrate_right",
                    "measured_mean_temperature_c": 35.09874603262601
                  }
                ],
                "total_joule_loss_w": 0.00005302522884181134,
                "total_loss_w": 0.03154196351379986
              },
              {
                "converged": false,
                "coupling_temperature_c": 69.15182605449263,
                "dielectric_mean_temperature_c": 69.16694596131606,
                "iteration": 7,
                "loss_relative_change": 0.00003827101022439486,
                "loss_tangent": 0.008273214608435941,
                "max_conductivity_relative_change": 0.00009192719749819388,
                "max_temperature_c": 103.13646521617171,
                "relative_permittivity": 3.411611620858528,
                "temperature_residual_c": 0.030204783020465698,
                "thermal_conductivity_updates": [
                  {
                    "conductivity_relative_change": 0.0000917899077521333,
                    "conductivity_w_mk": 363.4385726524252,
                    "coupling_temperature_c": 103.10622396814044,
                    "element_id": "conductor_left",
                    "measured_mean_temperature_c": 103.13642875116088
                  },
                  {
                    "conductivity_relative_change": 0.00009192719749819388,
                    "conductivity_w_mk": 0.23292408697275369,
                    "coupling_temperature_c": 69.15182605449263,
                    "element_id": "dielectric_core",
                    "measured_mean_temperature_c": 69.16694596131606
                  },
                  {
                    "conductivity_relative_change": 6.586967826033464e-8,
                    "conductivity_w_mk": 159.98104339621096,
                    "coupling_temperature_c": 35.09873231140131,
                    "element_id": "substrate_right",
                    "measured_mean_temperature_c": 35.09874981824104
                  }
                ],
                "total_joule_loss_w": 0.00005301116595777684,
                "total_loss_w": 0.03154318674882111
              },
              {
                "converged": false,
                "coupling_temperature_c": 69.16392197995137,
                "dielectric_mean_temperature_c": 69.16819244150639,
                "iteration": 8,
                "loss_relative_change": 0.000010808456115060367,
                "loss_tangent": 0.008273311375839611,
                "max_conductivity_relative_change": 0.00002596538128787396,
                "max_temperature_c": 103.13895603499452,
                "relative_permittivity": 3.411615733473183,
                "temperature_residual_c": 0.008531777212880343,
                "thermal_conductivity_updates": [
                  {
                    "conductivity_relative_change": 0.000025929807707538096,
                    "conductivity_w_mk": 363.4291487601228,
                    "coupling_temperature_c": 103.1303877945568,
                    "element_id": "conductor_left",
                    "measured_mean_temperature_c": 103.13891957176968
                  },
                  {
                    "conductivity_relative_change": 0.00002596538128787396,
                    "conductivity_w_mk": 0.2329180390100243,
                    "coupling_temperature_c": 69.16392197995137,
                    "element_id": "dielectric_core",
                    "measured_mean_temperature_c": 69.16819244150639
                  },
                  {
                    "conductivity_relative_change": 1.6808557729316728e-8,
                    "conductivity_w_mk": 159.98104070716036,
                    "coupling_temperature_c": 35.09874631687309,
                    "element_id": "substrate_right",
                    "measured_mean_temperature_c": 35.098750887233976
                  }
                ],
                "total_joule_loss_w": 0.00005300719503753165,
                "total_loss_w": 0.03154353222585992
              },
              {
                "converged": false,
                "coupling_temperature_c": 69.16733834919539,
                "dielectric_mean_temperature_c": 69.16854450851395,
                "iteration": 9,
                "loss_relative_change": 3.0527011571382805e-6,
                "loss_tangent": 0.008273338706793563,
                "max_conductivity_relative_change": 7.333844253805385e-6,
                "max_temperature_c": 103.1396595642202,
                "relative_permittivity": 3.4116168950387267,
                "temperature_residual_c": 0.0024098851727103465,
                "thermal_conductivity_updates": [
                  {
                    "conductivity_relative_change": 7.324438613449228e-6,
                    "conductivity_w_mk": 363.4264868456324,
                    "coupling_temperature_c": 103.1372132163271,
                    "element_id": "conductor_left",
                    "measured_mean_temperature_c": 103.1396231014998
                  },
                  {
                    "conductivity_relative_change": 7.333844253805385e-6,
                    "conductivity_w_mk": 0.2329163308254023,
                    "coupling_temperature_c": 69.16733834919539,
                    "element_id": "dielectric_core",
                    "measured_mean_temperature_c": 69.16854450851395
                  },
                  {
                    "conductivity_relative_change": 4.388066292718119e-9,
                    "conductivity_w_mk": 159.98104000515295,
                    "coupling_temperature_c": 35.0987499731618,
                    "element_id": "substrate_right",
                    "measured_mean_temperature_c": 35.09875118912425
                  }
                ],
                "total_joule_loss_w": 0.00005300607350150568,
                "total_loss_w": 0.031543629802188396
              },
              {
                "converged": false,
                "coupling_temperature_c": 69.16830327665024,
                "dielectric_mean_temperature_c": 69.16864394804713,
                "iteration": 10,
                "loss_relative_change": 8.62208958054114e-7,
                "loss_tangent": 0.008273346426213201,
                "max_conductivity_relative_change": 2.0714036053372987e-6,
                "max_temperature_c": 103.13985827248273,
                "relative_permittivity": 3.4116172231140607,
                "temperature_residual_c": 0.0006806854394909578,
                "thermal_conductivity_updates": [
                  {
                    "conductivity_relative_change": 2.06887555269683e-6,
                    "conductivity_w_mk": 363.42573496145855,
                    "coupling_temperature_c": 103.13914112446528,
                    "element_id": "conductor_left",
                    "measured_mean_temperature_c": 103.13982180990476
                  },
                  {
                    "conductivity_relative_change": 2.0714036053372987e-6,
                    "conductivity_w_mk": 0.2329158483616749,
                    "coupling_temperature_c": 69.16830327665024,
                    "element_id": "dielectric_core",
                    "measured_mean_temperature_c": 69.16864394804713
                  },
                  {
                    "conductivity_relative_change": 1.1674623594796767e-9,
                    "conductivity_w_mk": 159.9810398183811,
                    "coupling_temperature_c": 35.09875094593176,
                    "element_id": "substrate_right",
                    "measured_mean_temperature_c": 35.0987512743837
                  }
                ],
                "total_joule_loss_w": 0.000053005756721117,
                "total_loss_w": 0.03154365736187128
              },
              {
                "converged": false,
                "coupling_temperature_c": 69.16857581376776,
                "dielectric_mean_temperature_c": 69.16867203410791,
                "iteration": 11,
                "loss_relative_change": 2.435246521092301e-7,
                "loss_tangent": 0.008273348606510142,
                "max_conductivity_relative_change": 5.85054901711315e-7,
                "max_temperature_c": 103.13991439636482,
                "relative_permittivity": 3.411617315776682,
                "temperature_residual_c": 0.00019226101026958983,
                "thermal_conductivity_updates": [
                  {
                    "conductivity_relative_change": 5.843665891607605e-7,
                    "conductivity_w_mk": 363.4255225876014,
                    "coupling_temperature_c": 103.13968567281688,
                    "element_id": "conductor_left",
                    "measured_mean_temperature_c": 103.13987793382714
                  },
                  {
                    "conductivity_relative_change": 5.85054901711315e-7,
                    "conductivity_w_mk": 0.23291571209311612,
                    "coupling_temperature_c": 69.16857581376776,
                    "element_id": "dielectric_core",
                    "measured_mean_temperature_c": 69.16867203410791
                  },
                  {
                    "conductivity_relative_change": 3.1535136662948747e-10,
                    "conductivity_w_mk": 159.98103976793087,
                    "coupling_temperature_c": 35.098751208693315,
                    "element_id": "substrate_right",
                    "measured_mean_temperature_c": 35.09875129846319
                  }
                ],
                "total_joule_loss_w": 0.000053005667245424174,
                "total_loss_w": 0.03154366514591336
              },
              {
                "converged": false,
                "coupling_temperature_c": 69.16865279003989,
                "dielectric_mean_temperature_c": 69.16867996685323,
                "iteration": 12,
                "loss_relative_change": 6.878185314662963e-8,
                "loss_tangent": 0.00827334922232032,
                "max_conductivity_relative_change": 1.652449107929578e-7,
                "max_temperature_c": 103.13993024823102,
                "relative_permittivity": 3.411617341948614,
                "temperature_residual_c": 0.00005430407961171113,
                "thermal_conductivity_updates": [
                  {
                    "conductivity_relative_change": 1.6505564803599576e-7,
                    "conductivity_w_mk": 363.42546260216625,
                    "coupling_temperature_c": 103.13983948162507,
                    "element_id": "conductor_left",
                    "measured_mean_temperature_c": 103.1398937857047
                  },
                  {
                    "conductivity_relative_change": 1.652449107929578e-7,
                    "conductivity_w_mk": 0.23291567360498008,
                    "coupling_temperature_c": 69.16865279003989,
                    "element_id": "dielectric_core",
                    "measured_mean_temperature_c": 69.16867996685323
                  },
                  {
                    "conductivity_relative_change": 8.618927743947172e-11,
                    "conductivity_w_mk": 159.98103975414222,
                    "coupling_temperature_c": 35.09875128050922,
                    "element_id": "substrate_right",
                    "measured_mean_temperature_c": 35.09875130526404
                  }
                ],
                "total_joule_loss_w": 0.00005300564197288437,
                "total_loss_w": 0.031543667344463476
              }
            ],
            "loss_relative_change_tolerance": 1e-9,
            "max_iterations": 12,
            "method": "relaxed_temperature_dependent_dielectric_and_conductivity_fixed_point",
            "parameter_source": "screening_sensitivity_not_material_card",
            "relaxation_factor": 0.8,
            "schema_version": "kyuubiki.composite-electrothermal-feedback-convergence/v1",
            "status": "fail",
            "temperature_residual_tolerance_c": 1e-7
          },
          "electrothermal_loss_projection": {
            "assumptions": [
              "The solved electrostatic field magnitude is interpreted as an RMS harmonic field.",
              "Relative permittivity and loss tangent are scalar, isotropic, and frequency-local screening values.",
              "Element dielectric loss is lumped consistently to its four thermal nodes."
            ],
            "distributed_total_heat_load_w": 0.031543667344463476,
            "effective_conductivity_s_m": 0.000015702553006241897,
            "electric_field_rms_v_m": 47244.3309666608,
            "energy_balance_relative_error": 0.0,
            "frequency_hz": 10000000.0,
            "loss_tangent": 0.00827334922232032,
            "model": "harmonic_dielectric_loss_sigma_eff_e_rms_squared",
            "relative_permittivity": 3.411617341948614,
            "schema_version": "kyuubiki.composite-electrothermal-loss-projection/v1",
            "source_element_id": "dielectric_core",
            "source_volume_m3": 9e-7,
            "target_element_count": 1,
            "target_node_count": 4,
            "total_loss_w": 0.031543667344463476,
            "volumetric_loss_w_m3": 35048.519271626086
          },
          "heat": {
            "elements": [
              {
                "area": 0.0009,
                "average_temperature": 103.1398937857047,
                "heat_flow_rate": 7.950846294432347e-7,
                "heat_flux_magnitude": 0.8834273660480385,
                "heat_flux_x": 0.8834273660480385,
                "heat_flux_y": 1.6526676636302284e-10,
                "id": "conductor_left",
                "index": 0,
                "node_i": 0,
                "node_j": 1,
                "node_k": 5,
                "node_l": 4,
                "temperature_gradient_x": -0.0024308350871251605,
                "temperature_gradient_y": -4.547473508864641e-13
              },
              {
                "area": 0.0009,
                "average_temperature": 69.16867996685323,
                "heat_flow_rate": 0.0004747451794261633,
                "heat_flux_magnitude": 527.4946438068481,
                "heat_flux_x": 527.4946438068481,
                "heat_flux_y": 7.943833916385078e-14,
                "id": "dielectric_core",
                "index": 1,
                "node_i": 1,
                "node_j": 2,
                "node_k": 6,
                "node_l": 5,
                "temperature_gradient_x": -2264.7451570883445,
                "temperature_gradient_y": -3.410605131648482e-13
              },
              {
                "area": 0.0009,
                "average_temperature": 35.09875130526404,
                "heat_flow_rate": 0.000947900189593168,
                "heat_flux_magnitude": 1053.2224328812977,
                "heat_flux_x": 1053.2224328812977,
                "heat_flux_y": 1.818773850506457e-11,
                "id": "substrate_right",
                "index": 2,
                "node_i": 2,
                "node_j": 3,
                "node_k": 7,
                "node_l": 6,
                "temperature_gradient_x": -6.583420350935853,
                "temperature_gradient_y": -1.1368683772161605e-13
              }
            ],
            "input": {
              "elements": [
                {
                  "conductivity": 363.42546260216625,
                  "id": "conductor_left",
                  "node_i": 0,
                  "node_j": 1,
                  "node_k": 5,
                  "node_l": 4,
                  "thickness": 0.001
                },
                {
                  "conductivity": 0.23291567360498008,
                  "id": "dielectric_core",
                  "node_i": 1,
                  "node_j": 2,
                  "node_k": 6,
                  "node_l": 5,
                  "thickness": 0.001
                },
                {
                  "conductivity": 159.98103975414222,
                  "id": "substrate_right",
                  "node_i": 2,
                  "node_j": 3,
                  "node_k": 7,
                  "node_l": 6,
                  "thickness": 0.001
                }
              ],
              "nodes": [
                {
                  "fix_temperature": false,
                  "heat_load": 0.000013251410493221092,
                  "id": "n0",
                  "temperature": 35.0,
                  "x": 0.0,
                  "y": 0.0
                },
                {
                  "fix_temperature": false,
                  "heat_load": 0.00789916824660909,
                  "id": "n1",
                  "temperature": 35.0,
                  "x": 0.03,
                  "y": 0.0
                },
                {
                  "fix_temperature": false,
                  "heat_load": 0.007885916836115869,
                  "id": "n2",
                  "temperature": 35.0,
                  "x": 0.06,
                  "y": 0.0
                },
                {
                  "fix_temperature": true,
                  "heat_load": 0.0,
                  "id": "n3",
                  "temperature": 35.0,
                  "x": 0.09,
                  "y": 0.0
                },
                {
                  "fix_temperature": false,
                  "heat_load": 0.000013251410493221092,
                  "id": "n4",
                  "temperature": 35.0,
                  "x": 0.0,
                  "y": 0.03
                },
                {
                  "fix_temperature": false,
                  "heat_load": 0.00789916824660909,
                  "id": "n5",
                  "temperature": 35.0,
                  "x": 0.03,
                  "y": 0.03
                },
                {
                  "fix_temperature": false,
                  "heat_load": 0.007885916836115869,
                  "id": "n6",
                  "temperature": 35.0,
                  "x": 0.06,
                  "y": 0.03
                },
                {
                  "fix_temperature": true,
                  "heat_load": 0.0,
                  "id": "n7",
                  "temperature": 35.0,
                  "x": 0.09,
                  "y": 0.03
                }
              ]
            },
            "max_heat_flux": 1053.2224328812977,
            "max_temperature": 103.13993024823102,
            "nodes": [
              {
                "heat_load": 0.000013251410493221092,
                "id": "n0",
                "index": 0,
                "temperature": 103.13993024823102,
                "x": 0.0,
                "y": 0.0
              },
              {
                "heat_load": 0.00789916824660909,
                "id": "n1",
                "index": 1,
                "temperature": 103.1398573231784,
                "x": 0.03,
                "y": 0.0
              },
              {
                "heat_load": 0.007885916836115869,
                "id": "n2",
                "index": 2,
                "temperature": 35.197502610528076,
                "x": 0.06,
                "y": 0.0
              },
              {
                "heat_load": 0.0,
                "id": "n3",
                "index": 3,
                "temperature": 35.0,
                "x": 0.09,
                "y": 0.0
              },
              {
                "heat_load": 0.000013251410493221092,
                "id": "n4",
                "index": 4,
                "temperature": 103.139930248231,
                "x": 0.0,
                "y": 0.03
              },
              {
                "heat_load": 0.00789916824660909,
                "id": "n5",
                "index": 5,
                "temperature": 103.1398573231784,
                "x": 0.03,
                "y": 0.03
              },
              {
                "heat_load": 0.007885916836115869,
                "id": "n6",
                "index": 6,
                "temperature": 35.19750261052807,
                "x": 0.06,
                "y": 0.03
              },
              {
                "heat_load": 0.0,
                "id": "n7",
                "index": 7,
                "temperature": 35.0,
                "x": 0.09,
                "y": 0.03
              }
            ],
            "total_abs_heat_flow_rate": 0.0014234404536487746
          },
          "heat_cross_validation": {
            "absolute_error_c": 3.538502824085299e-12,
            "conductivities_w_mk": [
              363.42546260216625,
              0.23291567360498008,
              159.98103975414222
            ],
            "expected_max_temperature_c": 103.13993024822749,
            "fem_max_temperature_c": 103.13993024823102,
            "fixed_temperature_c": 35.0,
            "method": "layered_thermal_resistance_with_regional_generation_closed_form",
            "relative_error": 3.43077876392699e-14,
            "relative_error_tolerance": 1e-9,
            "schema_version": "kyuubiki.composite-heat-cross-validation/v1",
            "status": "pass",
            "total_heat_load_w": 0.03159667298643636
          },
          "heat_mesh_convergence": {
            "finest_pair_relative_change": 3.036583661774576e-12,
            "max_analytic_relative_error": 1.8903728771517393e-12,
            "method": "structured_quad_h_refinement",
            "refinement_levels": [
              1,
              2,
              4,
              8
            ],
            "relative_error_tolerance": 1e-8,
            "samples": [
              {
                "analytic_relative_error": 3.43077876392699e-14,
                "element_count": 3,
                "elements_per_layer": 1,
                "max_temperature_c": 103.13993024823102,
                "node_count": 8,
                "relative_change_from_previous": null
              },
              {
                "analytic_relative_error": 5.28257260276951e-13,
                "element_count": 6,
                "elements_per_layer": 2,
                "max_temperature_c": 103.13993024828196,
                "node_count": 14,
                "relative_change_from_previous": 4.939494726376813e-13
              },
              {
                "analytic_relative_error": 1.1462107846228369e-12,
                "element_count": 12,
                "elements_per_layer": 4,
                "max_temperature_c": 103.13993024810928,
                "node_count": 26,
                "relative_change_from_previous": 1.6744680448997876e-12
              },
              {
                "analytic_relative_error": 1.8903728771517393e-12,
                "element_count": 24,
                "elements_per_layer": 8,
                "max_temperature_c": 103.13993024842246,
                "node_count": 50,
                "relative_change_from_previous": 3.036583661774576e-12
              }
            ],
            "schema_version": "kyuubiki.composite-heat-mesh-convergence/v1",
            "status": "pass"
          },
          "heat_to_thermal_projection": {
            "mapped_node_count": 8,
            "maximum_coordinate_error_m": 0.0,
            "maximum_temperature_delta_c": 68.13993024823102,
            "minimum_temperature_delta_c": 0.0,
            "reference_temperature_c": 35.0,
            "schema_version": "kyuubiki.composite-heat-to-thermal-projection/v1"
          },
          "joule_heating_projection": {
            "assumptions": [
              "Steady scalar electrical conductivity is solved on a two-dimensional quad mesh.",
              "Joule heating uses the solved local sigma times electric-field magnitude squared.",
              "Element Joule power integrates both triangular subcell fields before thermal projection.",
              "Recovered terminal currents gate current continuity and electrical input-power balance.",
              "Contact and terminal impedance models require explicit study-level heat mappings."
            ],
            "boundary_voltage_span_v": 0.000033600000000000004,
            "current_balance_relative_error": 0.0,
            "distributed_total_heat_load_w": 0.000053005641972886375,
            "electrical_power_balance_relative_error": 1.2784042086502554e-16,
            "energy_balance_relative_error": 3.784076457604757e-14,
            "free_current_residual_relative_error": 0.0,
            "max_current_density_a_m2": 52584.96227468687,
            "max_free_current_residual_a": 0.0,
            "model": "solved_steady_current_density_sigma_e_squared",
            "parameter_source": "screening_reference_not_material_card",
            "regions": [
              {
                "coupling_temperature_c": 103.13983948162507,
                "current_density_magnitude_a_m2": 52584.96227468687,
                "distributed_heat_load_w": 0.00005300564197288437,
                "electric_field_magnitude_v_m": 0.00112,
                "electrical_conductivity_s_m": 46950859.17382756,
                "element_id": "conductor_left",
                "energy_balance_relative_error": 0.0,
                "joule_power_w": 0.00005300564197288437,
                "peak_current_density_magnitude_a_m2": 52584.96227468687,
                "peak_electric_field_magnitude_v_m": 0.00112,
                "rms_current_density_magnitude_a_m2": 52584.96227468687,
                "rms_electric_field_magnitude_v_m": 0.00112,
                "source_volume_m3": 9e-7,
                "volumetric_joule_heating_w_m3": 58.8951577476493
              }
            ],
            "schema_version": "kyuubiki.composite-current-to-heat-projection/v2",
            "source_power_balance_relative_error": 1.2784042086502554e-16,
            "status": "pass",
            "total_dissipated_power_w": 0.00005300564197288437,
            "total_electrical_input_power_w": 0.000053005641972884376,
            "total_extracted_current_a": 1.5775488682406065,
            "total_injected_current_a": 1.5775488682406065,
            "total_joule_loss_w": 0.00005300564197288437,
            "total_source_power_w": 0.000053005641972884376
          },
          "research": {
            "candidate_id": "copper_polyimide_aluminum",
            "candidate_label": "Copper / Polyimide / Aluminum",
            "coupling": "iterative_dielectric_and_conductor_joule_heating_with_temperature_dependent_electrical_thermal_feedback_and_expansion_projection",
            "materials": {
              "conductor": "copper",
              "dielectric": "polyimide",
              "substrate": "aluminum_6061"
            },
            "study": "material.composite_thermo_electric_panel.v1"
          },
          "schema_version": "kyuubiki.composite-thermo-electric-panel-result/v1",
          "thermal": {
            "elements": [
              {
                "area": 0.0009,
                "average_temperature_delta": 68.13989378570471,
                "gamma_xy": -3.6763582780134563e-19,
                "id": "conductor_left",
                "index": 0,
                "max_in_plane_shear": 20504151.81471693,
                "mechanical_strain_x": 0.00011929688328562564,
                "mechanical_strain_y": -0.0003728027602675807,
                "node_i": 0,
                "node_j": 1,
                "node_k": 5,
                "node_l": 4,
                "principal_stress_1": -2.2351741790771484e-8,
                "principal_stress_2": -41008303.629433885,
                "strain_energy_density": 25220.056000227058,
                "stress_x": -2.1221543041368328e-8,
                "stress_y": -41008303.629433885,
                "tau_xy": -1.5158245029548805e-8,
                "thermal_strain": 0.0011741645477824124,
                "total_strain_x": 0.0012934614310680377,
                "total_strain_y": 0.0008013617875148314,
                "von_mises": 41008303.62943388
              },
              {
                "area": 0.0009,
                "average_temperature_delta": 34.16867996685323,
                "gamma_xy": 1.5970100359690455e-17,
                "id": "dielectric_core",
                "index": 1,
                "max_in_plane_shear": 956696.0580792018,
                "mechanical_strain_x": 0.0002449141908682672,
                "mechanical_strain_y": -0.00076535684646337,
                "node_i": 1,
                "node_j": 2,
                "node_k": 6,
                "node_l": 5,
                "principal_stress_1": -3.14321368932724e-8,
                "principal_stress_2": -1913392.1161584351,
                "strain_energy_density": 2624.020955437619,
                "stress_x": -3.1327039727734196e-8,
                "stress_y": -1913392.1161584351,
                "tau_xy": 1.512666535240391e-8,
                "thermal_strain": 0.0015796205513727763,
                "total_strain_x": 0.0018245347422410432,
                "total_strain_y": 0.0008142637049094063,
                "von_mises": 1913392.1161584193
              },
              {
                "area": 0.0009,
                "average_temperature_delta": 0.09875130526403628,
                "gamma_xy": -6.277381759707978e-19,
                "id": "substrate_right",
                "index": 2,
                "max_in_plane_shear": 242415.50465707667,
                "mechanical_strain_x": -2.251755050515444e-6,
                "mechanical_strain_y": 7.036734532861659e-6,
                "node_i": 2,
                "node_j": 3,
                "node_k": 7,
                "node_l": 6,
                "principal_stress_1": 484831.0093141754,
                "principal_stress_2": 2.2060703486204147e-8,
                "strain_energy_density": 5.226830477306196,
                "stress_x": 2.2038667187492443e-8,
                "stress_y": 484831.0093141754,
                "tau_xy": -1.6389852438199643e-8,
                "thermal_strain": 2.33059984711892e-6,
                "total_strain_x": 7.884479660347568e-8,
                "total_strain_y": 9.36733437998058e-6,
                "von_mises": 484831.0093141644
              }
            ],
            "input": {
              "elements": [
                {
                  "id": "conductor_left",
                  "node_i": 0,
                  "node_j": 1,
                  "node_k": 5,
                  "node_l": 4,
                  "poisson_ratio": 0.32,
                  "thermal_expansion": 0.000017231675638871397,
                  "thickness": 0.001,
                  "youngs_modulus": 110000000000.0
                },
                {
                  "id": "dielectric_core",
                  "node_i": 1,
                  "node_j": 2,
                  "node_k": 6,
                  "node_l": 5,
                  "poisson_ratio": 0.32,
                  "thermal_expansion": 0.000046230072478806725,
                  "thickness": 0.001,
                  "youngs_modulus": 2500000000.0
                },
                {
                  "id": "substrate_right",
                  "node_i": 2,
                  "node_j": 3,
                  "node_k": 7,
                  "node_l": 6,
                  "poisson_ratio": 0.32,
                  "thermal_expansion": 0.000023600699159241272,
                  "thickness": 0.001,
                  "youngs_modulus": 68900000000.0
                }
              ],
              "nodes": [
                {
                  "fix_x": true,
                  "fix_y": true,
                  "id": "n0",
                  "load_x": 0.0,
                  "load_y": 0.0,
                  "temperature_delta": 68.13993024823102,
                  "x": 0.0,
                  "y": 0.0
                },
                {
                  "fix_x": false,
                  "fix_y": false,
                  "id": "n1",
                  "load_x": 0.0,
                  "load_y": 0.0,
                  "temperature_delta": 68.1398573231784,
                  "x": 0.03,
                  "y": 0.0
                },
                {
                  "fix_x": false,
                  "fix_y": false,
                  "id": "n2",
                  "load_x": 0.0,
                  "load_y": 0.0,
                  "temperature_delta": 0.19750261052807616,
                  "x": 0.06,
                  "y": 0.0
                },
                {
                  "fix_x": false,
                  "fix_y": false,
                  "id": "n3",
                  "load_x": 0.0,
                  "load_y": 0.0,
                  "temperature_delta": 0.0,
                  "x": 0.09,
                  "y": 0.0
                },
                {
                  "fix_x": true,
                  "fix_y": true,
                  "id": "n4",
                  "load_x": 0.0,
                  "load_y": 0.0,
                  "temperature_delta": 68.13993024823101,
                  "x": 0.0,
                  "y": 0.03
                },
                {
                  "fix_x": false,
                  "fix_y": false,
                  "id": "n5",
                  "load_x": 0.0,
                  "load_y": 0.0,
                  "temperature_delta": 68.13985732317839,
                  "x": 0.03,
                  "y": 0.03
                },
                {
                  "fix_x": false,
                  "fix_y": false,
                  "id": "n6",
                  "load_x": 0.0,
                  "load_y": 0.0,
                  "temperature_delta": 0.19750261052806903,
                  "x": 0.06,
                  "y": 0.03
                },
                {
                  "fix_x": false,
                  "fix_y": false,
                  "id": "n7",
                  "load_x": 0.0,
                  "load_y": 0.0,
                  "temperature_delta": 0.0,
                  "x": 0.09,
                  "y": 0.03
                }
              ]
            },
            "max_displacement": 0.00009354231064406456,
            "max_strain_energy_density": 25220.056000227058,
            "max_stress": 41008303.62943388,
            "max_temperature_delta": 68.13993024823102,
            "nodes": [
              {
                "displacement_magnitude": 0.0,
                "id": "n0",
                "index": 0,
                "temperature_delta": 68.13993024823102,
                "ux": 0.0,
                "uy": 0.0,
                "x": 0.0,
                "y": 0.0
              },
              {
                "displacement_magnitude": 0.000045647572436380326,
                "id": "n1",
                "index": 1,
                "temperature_delta": 68.1398573231784,
                "ux": 0.000038803842932041144,
                "uy": -0.00002404085362544495,
                "x": 0.03,
                "y": 0.0
              },
              {
                "displacement_magnitude": 0.0000935406859960856,
                "id": "n2",
                "index": 2,
                "temperature_delta": 0.19750261052807616,
                "ux": 0.00009353988519927248,
                "uy": -3.87057521836741e-7,
                "x": 0.06,
                "y": 0.0
              },
              {
                "displacement_magnitude": 0.00009354231064406456,
                "id": "n3",
                "index": 3,
                "temperature_delta": 0.0,
                "ux": 0.00009354225054317055,
                "uy": 1.0603749043834825e-7,
                "x": 0.09,
                "y": 0.0
              },
              {
                "displacement_magnitude": 0.0,
                "id": "n4",
                "index": 4,
                "temperature_delta": 68.13993024823101,
                "ux": 0.0,
                "uy": 0.0,
                "x": 0.0,
                "y": 0.03
              },
              {
                "displacement_magnitude": 0.00004564757243638031,
                "id": "n5",
                "index": 5,
                "temperature_delta": 68.13985732317839,
                "ux": 0.00003880384293204113,
                "uy": 0.000024040853625444944,
                "x": 0.03,
                "y": 0.03
              },
              {
                "displacement_magnitude": 0.00009354068599608555,
                "id": "n6",
                "index": 6,
                "temperature_delta": 0.19750261052806903,
                "ux": 0.00009353988519927244,
                "uy": 3.870575218377439e-7,
                "x": 0.06,
                "y": 0.03
              },
              {
                "displacement_magnitude": 0.00009354231064406451,
                "id": "n7",
                "index": 7,
                "temperature_delta": 0.0,
                "ux": 0.00009354225054317054,
                "uy": -1.060374904373018e-7,
                "x": 0.09,
                "y": 0.03
              }
            ],
            "total_strain_energy": 0.025064373407527787
          },
          "thermal_constraint_regularized_mesh_convergence": {
            "algebraic_validation": {
              "max_relative_residual": null,
              "method": "original_system_recomputed_l2_residual_over_max_rhs_l2_or_one",
              "qualification_effect": "algebraic_gate_does_not_override_discretization_gates",
              "relative_residual_tolerance": 1e-10,
              "required_series": [
                "uniform_full_edge_clamp",
                "uniform_regularized_restraint",
                "interface_graded_full_edge_clamp"
              ],
              "schema_version": "kyuubiki.composite-thermal-algebraic-validation/v1",
              "series": [],
              "status": "missing"
            },
            "convergence_tolerance": 0.02,
            "diagnostic_metrics": [
              "max_von_mises_stress_pa"
            ],
            "finest_pair_displacement_relative_change": 0.0019168269449893528,
            "finest_pair_peak_stress_relative_change": 0.3089819152628832,
            "finest_pair_strain_energy_relative_change": 0.2239902583798453,
            "method": "structured_quad_h_refinement_preserving_piecewise_linear_temperature_roller_edge_with_vertical_anchor",
            "pass_metrics": [
              "max_displacement_m",
              "total_strain_energy_j"
            ],
            "refinement_levels": [
              1,
              2,
              4,
              8
            ],
            "regime_assessment": {
              "diagnosis": "pass_metrics_lack_qualified_discretization_uncertainty",
              "gci_safety_factor": 1.25,
              "method": "four_level_constant_ratio_observed_order_and_fine_grid_gci",
              "metrics": [
                {
                  "coarse_triplet_observed_order": 0.5990891621795161,
                  "fine_grid_gci": null,
                  "fine_triplet_observed_order": 4.050178740062096,
                  "metric": "max_displacement_m",
                  "observed_order_relative_difference": 0.8520832781393911,
                  "qualification_role": "pass_metric",
                  "regime": "oscillatory",
                  "richardson_extrapolated_value": null,
                  "unit": "m"
                },
                {
                  "coarse_triplet_observed_order": 1.696721228018642,
                  "fine_grid_gci": 0.1656958266957147,
                  "fine_triplet_observed_order": 1.6678972169693842,
                  "metric": "total_strain_energy_j",
                  "observed_order_relative_difference": 0.01698806531873085,
                  "qualification_role": "pass_metric",
                  "regime": "asymptotic_converging",
                  "richardson_extrapolated_value": 0.0004948169183344443,
                  "unit": "J"
                },
                {
                  "coarse_triplet_observed_order": -7.002695094128993,
                  "fine_grid_gci": null,
                  "fine_triplet_observed_order": -0.6846242297874029,
                  "metric": "max_von_mises_stress_pa",
                  "observed_order_relative_difference": 0.90223417975725,
                  "qualification_role": "diagnostic_metric",
                  "regime": "monotonic_diverging",
                  "richardson_extrapolated_value": null,
                  "unit": "Pa"
                }
              ],
              "order_consistency_tolerance": 0.25,
              "qualification_effect": "gci_gates_require_asymptotic_pass_metric_evidence",
              "qualification_tolerance": 0.02,
              "refinement_ratio": 2.0,
              "schema_version": "kyuubiki.composite-thermal-convergence-regime/v1",
              "status": "fail"
            },
            "samples": [
              {
                "displacement_relative_change": null,
                "element_count": 3,
                "elements_per_original_element": 1,
                "max_displacement_m": 0.00009332334278113234,
                "max_von_mises_stress_pa": 2381876.5555914063,
                "node_count": 8,
                "peak_stress_relative_change": null,
                "strain_energy_relative_change": null,
                "total_strain_energy_j": 0.002954227725390648
              },
              {
                "displacement_relative_change": 0.04741658243313958,
                "element_count": 12,
                "elements_per_original_element": 2,
                "max_displacement_m": 0.00008889826880521463,
                "max_von_mises_stress_pa": 2389056.767463095,
                "node_count": 21,
                "peak_stress_relative_change": 0.0030054588779459116,
                "strain_energy_relative_change": 0.5740800933990432,
                "total_strain_energy_j": 0.0012582643968763415
              },
              {
                "displacement_relative_change": 0.03181569835580622,
                "element_count": 48,
                "elements_per_original_element": 4,
                "max_displacement_m": 0.0000918195726312082,
                "max_von_mises_stress_pa": 3309842.3981461963,
                "node_count": 65,
                "peak_stress_relative_change": 0.2781962159886593,
                "strain_energy_relative_change": 0.41579624715820424,
                "total_strain_energy_j": 0.0007350827827223775
              },
              {
                "displacement_relative_change": 0.0019168269449893528,
                "element_count": 192,
                "elements_per_original_element": 8,
                "max_displacement_m": 0.00009199591287583748,
                "max_von_mises_stress_pa": 4789805.75364443,
                "node_count": 225,
                "peak_stress_relative_change": 0.3089819152628832,
                "strain_energy_relative_change": 0.2239902583798453,
                "total_strain_energy_j": 0.0005704314002898165
              }
            ],
            "schema_version": "kyuubiki.composite-thermal-mesh-convergence/v1",
            "status": "fail"
          },
          "thermal_constraint_sensitivity": {
            "alternative_restraint": "roller_edge_with_vertical_anchor",
            "alternative_status": "fail",
            "diagnosis": "mixed_restraint_sensitivity_and_persistent_energy_nonconvergence",
            "displacement_change_ratio_alternative_to_primary": 0.7117037983986987,
            "peak_stress_change_ratio_alternative_to_primary": 1.1898406239615036,
            "primary_restraint": "full_edge_clamp",
            "primary_status": "fail",
            "qualification_effect": "diagnostic_only_does_not_override_primary_quality_gates",
            "schema_version": "kyuubiki.composite-thermal-constraint-sensitivity/v1",
            "strain_energy_change_ratio_alternative_to_primary": 1.697201256885248
          },
          "thermal_expansion_projection": {
            "coverage_fraction": 1.0,
            "declared_region_count": 3,
            "max_relative_change": 0.02733494397348272,
            "model": "regional_linear_temperature_dependent_thermal_expansion",
            "parameter_source": "screening_sensitivity_not_material_card",
            "schema_version": "kyuubiki.composite-thermal-expansion-projection/v1",
            "status": "pass",
            "updated_region_count": 3,
            "updates": [
              {
                "adjusted_thermal_expansion_1_k": 0.000017231675638871397,
                "element_id": "conductor_left",
                "mean_temperature_c": 103.1398937857047,
                "reference_thermal_expansion_1_k": 0.000017,
                "relative_change": 0.013627978757140986
              },
              {
                "adjusted_thermal_expansion_1_k": 0.000046230072478806725,
                "element_id": "dielectric_core",
                "mean_temperature_c": 69.16867996685323,
                "reference_thermal_expansion_1_k": 0.000045,
                "relative_change": 0.02733494397348272
              },
              {
                "adjusted_thermal_expansion_1_k": 0.000023600699159241272,
                "element_id": "substrate_right",
                "mean_temperature_c": 35.09875130526404,
                "reference_thermal_expansion_1_k": 0.0000236,
                "relative_change": 0.000029625391579290947
              }
            ]
          },
          "thermal_interface_grading_assessment": {
            "diagnosis": "graded_mesh_did_not_resolve_nonconvergence",
            "displacement_change_ratio_graded_to_uniform": 1.7009007138374106,
            "graded_mesh_convergence": {
              "algebraic_validation": {
                "max_relative_residual": null,
                "method": "original_system_recomputed_l2_residual_over_max_rhs_l2_or_one",
                "qualification_effect": "algebraic_gate_does_not_override_discretization_gates",
                "relative_residual_tolerance": 1e-10,
                "required_series": [
                  "uniform_full_edge_clamp",
                  "uniform_regularized_restraint",
                  "interface_graded_full_edge_clamp"
                ],
                "schema_version": "kyuubiki.composite-thermal-algebraic-validation/v1",
                "series": [],
                "status": "missing"
              },
              "convergence_tolerance": 0.02,
              "diagnostic_metrics": [
                "max_von_mises_stress_pa"
              ],
              "finest_pair_displacement_relative_change": 0.004581024193450665,
              "finest_pair_peak_stress_relative_change": 0.4149036906012139,
              "finest_pair_strain_energy_relative_change": 0.11943800380783172,
              "method": "cosine_graded_quad_h_refinement_at_clamp_interfaces_and_free_edges",
              "pass_metrics": [
                "max_displacement_m",
                "total_strain_energy_j"
              ],
              "refinement_levels": [
                1,
                2,
                4,
                8
              ],
              "regime_assessment": {
                "diagnosis": "pass_metrics_lack_qualified_discretization_uncertainty",
                "gci_safety_factor": 1.25,
                "method": "four_level_constant_ratio_observed_order_and_fine_grid_gci",
                "metrics": [
                  {
                    "coarse_triplet_observed_order": 1.9169524919849263,
                    "fine_grid_gci": null,
                    "fine_triplet_observed_order": 1.391945068009368,
                    "metric": "max_displacement_m",
                    "observed_order_relative_difference": 0.27387607474399867,
                    "qualification_role": "pass_metric",
                    "regime": "oscillatory",
                    "richardson_extrapolated_value": null,
                    "unit": "m"
                  },
                  {
                    "coarse_triplet_observed_order": 0.8565822395350929,
                    "fine_grid_gci": null,
                    "fine_triplet_observed_order": 1.7728928697387814,
                    "metric": "total_strain_energy_j",
                    "observed_order_relative_difference": 0.5168448956189315,
                    "qualification_role": "pass_metric",
                    "regime": "monotonic_pre_asymptotic",
                    "richardson_extrapolated_value": null,
                    "unit": "J"
                  },
                  {
                    "coarse_triplet_observed_order": -1.0562848860670475,
                    "fine_grid_gci": null,
                    "fine_triplet_observed_order": -0.5967594241805572,
                    "metric": "max_von_mises_stress_pa",
                    "observed_order_relative_difference": 0.4350393231483974,
                    "qualification_role": "diagnostic_metric",
                    "regime": "monotonic_diverging",
                    "richardson_extrapolated_value": null,
                    "unit": "Pa"
                  }
                ],
                "order_consistency_tolerance": 0.25,
                "qualification_effect": "gci_gates_require_asymptotic_pass_metric_evidence",
                "qualification_tolerance": 0.02,
                "refinement_ratio": 2.0,
                "schema_version": "kyuubiki.composite-thermal-convergence-regime/v1",
                "status": "fail"
              },
              "samples": [
                {
                  "displacement_relative_change": null,
                  "element_count": 3,
                  "elements_per_original_element": 1,
                  "max_displacement_m": 0.00009354231064406456,
                  "max_von_mises_stress_pa": 41008303.62943388,
                  "node_count": 8,
                  "peak_stress_relative_change": null,
                  "strain_energy_relative_change": null,
                  "total_strain_energy_j": 0.025064373407527787
                },
                {
                  "displacement_relative_change": 0.04393205556512693,
                  "element_count": 12,
                  "elements_per_original_element": 2,
                  "max_displacement_m": 0.00008943280465515915,
                  "max_von_mises_stress_pa": 71262584.01884352,
                  "node_count": 21,
                  "peak_stress_relative_change": 0.4245464966778315,
                  "strain_energy_relative_change": 0.3442001104638,
                  "total_strain_energy_j": 0.01643721331195079
                },
                {
                  "displacement_relative_change": 0.012022085247323237,
                  "element_count": 48,
                  "elements_per_original_element": 4,
                  "max_displacement_m": 0.00009052105651323909,
                  "max_von_mises_stress_pa": 134178462.10096696,
                  "node_count": 65,
                  "peak_stress_relative_change": 0.4688969980501068,
                  "strain_energy_relative_change": 0.2898562827645712,
                  "total_strain_energy_j": 0.011672783762340409
                },
                {
                  "displacement_relative_change": 0.004581024193450665,
                  "element_count": 192,
                  "elements_per_original_element": 8,
                  "max_displacement_m": 0.0000901063773633352,
                  "max_von_mises_stress_pa": 229327138.02081853,
                  "node_count": 225,
                  "peak_stress_relative_change": 0.4149036906012139,
                  "strain_energy_relative_change": 0.11943800380783172,
                  "total_strain_energy_j": 0.010278609770885998
                }
              ],
              "schema_version": "kyuubiki.composite-thermal-mesh-convergence/v1",
              "status": "fail"
            },
            "graded_stress_recovery": {
              "convergence_tolerance": 0.02,
              "diagnostic_metrics": [
                "max_stress_pa",
                "max_to_p95_ratio"
              ],
              "finest_pair_max_relative_change": 0.4149036906012139,
              "finest_pair_p95_relative_change": 0.3405391372207541,
              "finest_pair_rms_relative_change": 0.009221404157896443,
              "method": "interface_graded_mesh_element_area_weighted_von_mises_p95_and_rms",
              "pass_metrics": [
                "area_weighted_rms_stress_pa",
                "area_weighted_p95_stress_pa"
              ],
              "refinement_levels": [
                1,
                2,
                4,
                8
              ],
              "samples": [
                {
                  "element_count": 3,
                  "elements_per_original_element": 1,
                  "max_relative_change": null,
                  "p95_relative_change": null,
                  "rms_relative_change": null,
                  "statistics": {
                    "area_weighted_mean_stress_pa": 14468842.251635486,
                    "area_weighted_p95_stress_pa": 41008303.62943388,
                    "area_weighted_rms_stress_pa": 23703565.815165233,
                    "max_stress_pa": 41008303.62943388,
                    "max_to_p95_ratio": 1.0
                  }
                },
                {
                  "element_count": 12,
                  "elements_per_original_element": 2,
                  "max_relative_change": 0.4245464966778315,
                  "p95_relative_change": 0.4245464966778315,
                  "rms_relative_change": 0.19782379802405123,
                  "statistics": {
                    "area_weighted_mean_stress_pa": 14660835.22830181,
                    "area_weighted_p95_stress_pa": 71262584.01884352,
                    "area_weighted_rms_stress_pa": 29549076.321109716,
                    "max_stress_pa": 71262584.01884352,
                    "max_to_p95_ratio": 1.0
                  }
                },
                {
                  "element_count": 48,
                  "elements_per_original_element": 4,
                  "max_relative_change": 0.4688969980501068,
                  "p95_relative_change": 0.5156481581254178,
                  "rms_relative_change": 0.04085566379334269,
                  "statistics": {
                    "area_weighted_mean_stress_pa": 11132409.600342264,
                    "area_weighted_p95_stress_pa": 34516163.82626903,
                    "area_weighted_rms_stress_pa": 28341829.19353063,
                    "max_stress_pa": 134178462.10096696,
                    "max_to_p95_ratio": 3.887409469265773
                  }
                },
                {
                  "element_count": 192,
                  "elements_per_original_element": 8,
                  "max_relative_change": 0.4149036906012139,
                  "p95_relative_change": 0.3405391372207541,
                  "rms_relative_change": 0.009221404157896443,
                  "statistics": {
                    "area_weighted_mean_stress_pa": 10395506.88106256,
                    "area_weighted_p95_stress_pa": 52339973.11198025,
                    "area_weighted_rms_stress_pa": 28080477.73196302,
                    "max_stress_pa": 229327138.02081853,
                    "max_to_p95_ratio": 4.381491322706224
                  }
                }
              ],
              "schema_version": "kyuubiki.composite-thermal-stress-recovery/v1",
              "status": "fail"
            },
            "max_change_ratio_graded_to_uniform": 1.5977286751195876,
            "p95_change_ratio_graded_to_uniform": 1.14431878438708,
            "qualification_effect": "diagnostic_only_does_not_override_uniform_mesh_gates",
            "rms_change_ratio_graded_to_uniform": 0.571364094349091,
            "schema_version": "kyuubiki.composite-thermal-interface-grading-assessment/v1",
            "strain_energy_change_ratio_graded_to_uniform": 0.9049961888912084
          },
          "thermal_mesh_convergence": {
            "algebraic_validation": {
              "max_relative_residual": 2.8297288042116693e-14,
              "method": "original_system_recomputed_l2_residual_over_max_rhs_l2_or_one",
              "qualification_effect": "algebraic_gate_does_not_override_discretization_gates",
              "relative_residual_tolerance": 1e-10,
              "required_series": [
                "uniform_full_edge_clamp",
                "uniform_regularized_restraint",
                "interface_graded_full_edge_clamp"
              ],
              "schema_version": "kyuubiki.composite-thermal-algebraic-validation/v1",
              "series": [
                {
                  "label": "uniform_full_edge_clamp",
                  "max_relative_residual": 1.4225433131451763e-14,
                  "samples": [
                    {
                      "element_count": 3,
                      "elements_per_original_element": 1,
                      "matrix_non_zero_count": 112,
                      "node_count": 8,
                      "relative_residual": 2.0231506504811756e-16,
                      "residual_norm": 1.1597778913826924e-12,
                      "rhs_norm": 5732.533517001598,
                      "solver_iterations": 0
                    },
                    {
                      "element_count": 12,
                      "elements_per_original_element": 2,
                      "matrix_non_zero_count": 439,
                      "node_count": 21,
                      "relative_residual": 7.678420164715966e-16,
                      "residual_norm": 4.332170191264472e-12,
                      "rhs_norm": 5642.007207643768,
                      "solver_iterations": 0
                    },
                    {
                      "element_count": 48,
                      "elements_per_original_element": 4,
                      "matrix_non_zero_count": 1747,
                      "node_count": 65,
                      "relative_residual": 3.699024336150876e-15,
                      "residual_norm": 1.641393251147717e-11,
                      "rhs_norm": 4437.368078674807,
                      "solver_iterations": 0
                    },
                    {
                      "element_count": 192,
                      "elements_per_original_element": 8,
                      "matrix_non_zero_count": 6925,
                      "node_count": 225,
                      "relative_residual": 1.4225433131451763e-14,
                      "residual_norm": 4.6703868532541225e-11,
                      "rhs_norm": 3283.1245348362145,
                      "solver_iterations": 0
                    }
                  ],
                  "solver_path": "dense_direct",
                  "status": "pass"
                },
                {
                  "label": "uniform_regularized_restraint",
                  "max_relative_residual": 1.7312417611084222e-14,
                  "samples": [
                    {
                      "element_count": 3,
                      "elements_per_original_element": 1,
                      "matrix_non_zero_count": 121,
                      "node_count": 8,
                      "relative_residual": 3.490312722654448e-16,
                      "residual_norm": 2.2343229737044035e-12,
                      "rhs_norm": 6401.497949459265,
                      "solver_iterations": 0
                    },
                    {
                      "element_count": 12,
                      "elements_per_original_element": 2,
                      "matrix_non_zero_count": 462,
                      "node_count": 21,
                      "relative_residual": 1.0463557657511229e-15,
                      "residual_norm": 6.0888155809923045e-12,
                      "rhs_norm": 5819.068217798245,
                      "solver_iterations": 0
                    },
                    {
                      "element_count": 48,
                      "elements_per_original_element": 4,
                      "matrix_non_zero_count": 1799,
                      "node_count": 65,
                      "relative_residual": 3.780833422786565e-15,
                      "residual_norm": 1.69917077084535e-11,
                      "rhs_norm": 4494.169884884853,
                      "solver_iterations": 0
                    },
                    {
                      "element_count": 192,
                      "elements_per_original_element": 8,
                      "matrix_non_zero_count": 7030,
                      "node_count": 225,
                      "relative_residual": 1.7312417611084222e-14,
                      "residual_norm": 5.7172247017824986e-11,
                      "rhs_norm": 3302.383774593136,
                      "solver_iterations": 0
                    }
                  ],
                  "solver_path": "dense_direct",
                  "status": "pass"
                },
                {
                  "label": "interface_graded_full_edge_clamp",
                  "max_relative_residual": 2.8297288042116693e-14,
                  "samples": [
                    {
                      "element_count": 3,
                      "elements_per_original_element": 1,
                      "matrix_non_zero_count": 112,
                      "node_count": 8,
                      "relative_residual": 2.0231506504811756e-16,
                      "residual_norm": 1.1597778913826924e-12,
                      "rhs_norm": 5732.533517001598,
                      "solver_iterations": 0
                    },
                    {
                      "element_count": 12,
                      "elements_per_original_element": 2,
                      "matrix_non_zero_count": 444,
                      "node_count": 21,
                      "relative_residual": 5.840183363070224e-16,
                      "residual_norm": 3.295035662840343e-12,
                      "rhs_norm": 5642.007207643768,
                      "solver_iterations": 0
                    },
                    {
                      "element_count": 48,
                      "elements_per_original_element": 4,
                      "matrix_non_zero_count": 1748,
                      "node_count": 65,
                      "relative_residual": 5.333647191251257e-15,
                      "residual_norm": 2.6230055046283646e-11,
                      "rhs_norm": 4917.8459140133255,
                      "solver_iterations": 0
                    },
                    {
                      "element_count": 192,
                      "elements_per_original_element": 8,
                      "matrix_non_zero_count": 6948,
                      "node_count": 225,
                      "relative_residual": 2.8297288042116693e-14,
                      "residual_norm": 1.0501975208482931e-10,
                      "rhs_norm": 3711.300953240523,
                      "solver_iterations": 0
                    }
                  ],
                  "solver_path": "dense_direct",
                  "status": "pass"
                }
              ],
              "status": "pass"
            },
            "convergence_tolerance": 0.02,
            "diagnostic_metrics": [
              "max_von_mises_stress_pa"
            ],
            "finest_pair_displacement_relative_change": 0.0026932931218045016,
            "finest_pair_peak_stress_relative_change": 0.259683447547913,
            "finest_pair_strain_energy_relative_change": 0.13197625058970236,
            "method": "structured_quad_h_refinement_preserving_piecewise_linear_temperature_full_edge_clamp",
            "pass_metrics": [
              "max_displacement_m",
              "total_strain_energy_j"
            ],
            "refinement_levels": [
              1,
              2,
              4,
              8
            ],
            "regime_assessment": {
              "diagnosis": "pass_metrics_lack_qualified_discretization_uncertainty",
              "gci_safety_factor": 1.25,
              "method": "four_level_constant_ratio_observed_order_and_fine_grid_gci",
              "metrics": [
                {
                  "coarse_triplet_observed_order": 3.892059480810912,
                  "fine_grid_gci": null,
                  "fine_triplet_observed_order": 0.19223716718563744,
                  "metric": "max_displacement_m",
                  "observed_order_relative_difference": 0.9506078547531384,
                  "qualification_role": "pass_metric",
                  "regime": "oscillatory",
                  "richardson_extrapolated_value": null,
                  "unit": "m"
                },
                {
                  "coarse_triplet_observed_order": 1.0844023831175416,
                  "fine_grid_gci": 0.12735156886716226,
                  "fine_triplet_observed_order": 1.3175050922302105,
                  "metric": "total_strain_energy_j",
                  "observed_order_relative_difference": 0.1769273686207039,
                  "qualification_role": "pass_metric",
                  "regime": "asymptotic_converging",
                  "richardson_extrapolated_value": 0.009642535424380427,
                  "unit": "J"
                },
                {
                  "coarse_triplet_observed_order": 0.04380323572560174,
                  "fine_grid_gci": null,
                  "fine_triplet_observed_order": -0.2660074554857063,
                  "metric": "max_von_mises_stress_pa",
                  "observed_order_relative_difference": 1.1646692031455317,
                  "qualification_role": "diagnostic_metric",
                  "regime": "monotonic_diverging",
                  "richardson_extrapolated_value": null,
                  "unit": "Pa"
                }
              ],
              "order_consistency_tolerance": 0.25,
              "qualification_effect": "gci_gates_require_asymptotic_pass_metric_evidence",
              "qualification_tolerance": 0.02,
              "refinement_ratio": 2.0,
              "schema_version": "kyuubiki.composite-thermal-convergence-regime/v1",
              "status": "fail"
            },
            "samples": [
              {
                "displacement_relative_change": null,
                "element_count": 3,
                "elements_per_original_element": 1,
                "max_displacement_m": 0.00009354231064406456,
                "max_von_mises_stress_pa": 41008303.62943388,
                "node_count": 8,
                "peak_stress_relative_change": null,
                "strain_energy_relative_change": null,
                "total_strain_energy_j": 0.025064373407527787
              },
              {
                "displacement_relative_change": 0.043932055565091145,
                "element_count": 12,
                "elements_per_original_element": 2,
                "max_displacement_m": 0.0000894328046551625,
                "max_von_mises_stress_pa": 71262584.0188436,
                "node_count": 21,
                "peak_stress_relative_change": 0.42454649667783223,
                "strain_energy_relative_change": 0.3442001104638,
                "total_strain_energy_j": 0.01643721331195079
              },
              {
                "displacement_relative_change": 0.0030854892376283556,
                "element_count": 48,
                "elements_per_original_element": 4,
                "max_displacement_m": 0.00008970960266870871,
                "max_von_mises_stress_pa": 100612086.22729044,
                "node_count": 65,
                "peak_stress_relative_change": 0.2917095083600995,
                "strain_energy_relative_change": 0.24751528390880495,
                "total_strain_energy_j": 0.012368751792373702
              },
              {
                "displacement_relative_change": 0.0026932931218045016,
                "element_count": 192,
                "elements_per_original_element": 8,
                "max_displacement_m": 0.00008995186941991081,
                "max_von_mises_stress_pa": 135904142.48343045,
                "node_count": 225,
                "peak_stress_relative_change": 0.259683447547913,
                "strain_energy_relative_change": 0.13197625058970236,
                "total_strain_energy_j": 0.01073637030634156
              }
            ],
            "schema_version": "kyuubiki.composite-thermal-mesh-convergence/v1",
            "status": "fail"
          },
          "thermal_stress_recovery": {
            "convergence_tolerance": 0.02,
            "diagnostic_metrics": [
              "max_stress_pa",
              "max_to_p95_ratio"
            ],
            "finest_pair_max_relative_change": 0.259683447547913,
            "finest_pair_p95_relative_change": 0.2975911449388237,
            "finest_pair_rms_relative_change": 0.016139278350001406,
            "method": "uniform_mesh_element_area_weighted_von_mises_p95_and_rms",
            "pass_metrics": [
              "area_weighted_rms_stress_pa",
              "area_weighted_p95_stress_pa"
            ],
            "refinement_levels": [
              1,
              2,
              4,
              8
            ],
            "samples": [
              {
                "element_count": 3,
                "elements_per_original_element": 1,
                "max_relative_change": null,
                "p95_relative_change": null,
                "rms_relative_change": null,
                "statistics": {
                  "area_weighted_mean_stress_pa": 14468842.251635486,
                  "area_weighted_p95_stress_pa": 41008303.62943388,
                  "area_weighted_rms_stress_pa": 23703565.815165233,
                  "max_stress_pa": 41008303.62943388,
                  "max_to_p95_ratio": 1.0
                }
              },
              {
                "element_count": 12,
                "elements_per_original_element": 2,
                "max_relative_change": 0.42454649667783223,
                "p95_relative_change": 0.42454649667783223,
                "rms_relative_change": 0.1978237980240516,
                "statistics": {
                  "area_weighted_mean_stress_pa": 14660835.228301795,
                  "area_weighted_p95_stress_pa": 71262584.0188436,
                  "area_weighted_rms_stress_pa": 29549076.32110973,
                  "max_stress_pa": 71262584.0188436,
                  "max_to_p95_ratio": 1.0
                }
              },
              {
                "element_count": 48,
                "elements_per_original_element": 4,
                "max_relative_change": 0.2917095083600995,
                "p95_relative_change": 0.24526210479445504,
                "rms_relative_change": 0.021367653901368498,
                "statistics": {
                  "area_weighted_mean_stress_pa": 11597423.609529857,
                  "area_weighted_p95_stress_pa": 94420307.3299188,
                  "area_weighted_rms_stress_pa": 28917681.885175135,
                  "max_stress_pa": 100612086.22729044,
                  "max_to_p95_ratio": 1.0655767712737538
                }
              },
              {
                "element_count": 192,
                "elements_per_original_element": 8,
                "max_relative_change": 0.259683447547913,
                "p95_relative_change": 0.2975911449388237,
                "rms_relative_change": 0.016139278350001406,
                "statistics": {
                  "area_weighted_mean_stress_pa": 10653509.98859812,
                  "area_weighted_p95_stress_pa": 66321659.966132656,
                  "area_weighted_rms_stress_pa": 28450971.3679935,
                  "max_stress_pa": 135904142.48343045,
                  "max_to_p95_ratio": 2.049166781302372
                }
              }
            ],
            "schema_version": "kyuubiki.composite-thermal-stress-recovery/v1",
            "status": "fail"
          }
        },
        "status": "completed"
      },
      "requires_confirmation": false
    },
    {
      "index": 4,
      "action": "solve_composite_thermo_electric_panel",
      "risk": "normal",
      "status": "executed",
      "payload": {
        "electric_conduction_feedback": {
          "parameter_source": "screening_reference_not_material_card",
          "regions": [
            {
              "element_id": "conductor_left",
              "reference_resistivity_ohm_m": 2.82e-8,
              "reference_temperature_c": 35.0,
              "resistivity_temperature_coefficient_1_k": 0.00403
            }
          ]
        },
        "electric_conduction_model": {
          "contact_interfaces": [],
          "elements": [
            {
              "electrical_conductivity_s_m": 35460992.90780142,
              "id": "conductor_left",
              "node_i": 0,
              "node_j": 1,
              "node_k": 2,
              "node_l": 3,
              "thickness": 0.001
            }
          ],
          "nodes": [
            {
              "current_source_a": 0.0,
              "electric_potential_v": 0.0,
              "fix_electric_potential": true,
              "id": "n0",
              "x": 0.0,
              "y": 0.0
            },
            {
              "current_source_a": 0.0,
              "electric_potential_v": 0.000056399999999999995,
              "fix_electric_potential": true,
              "id": "n1",
              "x": 0.03,
              "y": 0.0
            },
            {
              "current_source_a": 0.0,
              "electric_potential_v": 0.000056399999999999995,
              "fix_electric_potential": true,
              "id": "n5",
              "x": 0.03,
              "y": 0.03
            },
            {
              "current_source_a": 0.0,
              "electric_potential_v": 0.0,
              "fix_electric_potential": true,
              "id": "n4",
              "x": 0.0,
              "y": 0.03
            }
          ],
          "terminals": []
        },
        "electrostatic_model": {
          "elements": [
            {
              "id": "conductor_left",
              "node_i": 0,
              "node_j": 1,
              "node_k": 5,
              "node_l": 4,
              "permittivity": 1.0,
              "thickness": 0.001
            },
            {
              "id": "dielectric_core",
              "node_i": 1,
              "node_j": 2,
              "node_k": 6,
              "node_l": 5,
              "permittivity": 9.8,
              "thickness": 0.001
            },
            {
              "id": "substrate_right",
              "node_i": 2,
              "node_j": 3,
              "node_k": 7,
              "node_l": 6,
              "permittivity": 4.2,
              "thickness": 0.001
            }
          ],
          "nodes": [
            {
              "charge_density": 0.0,
              "fix_potential": true,
              "id": "n0",
              "potential": 0.0,
              "x": 0.0,
              "y": 0.0
            },
            {
              "charge_density": 0.0,
              "fix_potential": false,
              "id": "n1",
              "potential": 0.0,
              "x": 0.03,
              "y": 0.0
            },
            {
              "charge_density": 0.0,
              "fix_potential": false,
              "id": "n2",
              "potential": 0.0,
              "x": 0.06,
              "y": 0.0
            },
            {
              "charge_density": 0.0,
              "fix_potential": true,
              "id": "n3",
              "potential": 7404,
              "x": 0.09,
              "y": 0.0
            },
            {
              "charge_density": 0.0,
              "fix_potential": true,
              "id": "n4",
              "potential": 0.0,
              "x": 0.0,
              "y": 0.03
            },
            {
              "charge_density": 0.0,
              "fix_potential": false,
              "id": "n5",
              "potential": 0.0,
              "x": 0.03,
              "y": 0.03
            },
            {
              "charge_density": 0.0,
              "fix_potential": false,
              "id": "n6",
              "potential": 0.0,
              "x": 0.06,
              "y": 0.03
            },
            {
              "charge_density": 0.0,
              "fix_potential": true,
              "id": "n7",
              "potential": 7404,
              "x": 0.09,
              "y": 0.03
            }
          ]
        },
        "electrothermal_feedback": {
          "conductivity_relative_change_tolerance": 1e-9,
          "loss_relative_change_tolerance": 1e-9,
          "loss_tangent_temperature_coefficient_1_k": 0.001,
          "max_iterations": 12,
          "parameter_source": "screening_sensitivity_not_material_card",
          "relative_permittivity_temperature_coefficient_1_k": 0.0001,
          "relaxation_factor": 0.8,
          "temperature_residual_tolerance_c": 1e-7,
          "thermal_conductivity_models": [
            {
              "element_id": "conductor_left",
              "reference_temperature_c": 35.0,
              "temperature_coefficient_1_k": -0.001
            },
            {
              "element_id": "dielectric_core",
              "reference_temperature_c": 35.0,
              "temperature_coefficient_1_k": -0.002
            },
            {
              "element_id": "substrate_right",
              "reference_temperature_c": 35.0,
              "temperature_coefficient_1_k": -0.0012
            }
          ]
        },
        "electrothermal_loss": {
          "frequency_hz": 10000000.0,
          "loss_tangent": 0.0002,
          "reference_temperature_c": 35.0,
          "relative_permittivity": 9.8,
          "source_element_id": "dielectric_core"
        },
        "heat_model": {
          "elements": [
            {
              "conductivity": 167.0,
              "id": "conductor_left",
              "node_i": 0,
              "node_j": 1,
              "node_k": 5,
              "node_l": 4,
              "thickness": 0.001
            },
            {
              "conductivity": 0.25,
              "id": "dielectric_core",
              "node_i": 1,
              "node_j": 2,
              "node_k": 6,
              "node_l": 5,
              "thickness": 0.001
            },
            {
              "conductivity": 160.0,
              "id": "substrate_right",
              "node_i": 2,
              "node_j": 3,
              "node_k": 7,
              "node_l": 6,
              "thickness": 0.001
            }
          ],
          "nodes": [
            {
              "fix_temperature": false,
              "heat_load": 0.0,
              "id": "n0",
              "temperature": 35.0,
              "x": 0.0,
              "y": 0.0
            },
            {
              "fix_temperature": false,
              "heat_load": 0.0,
              "id": "n1",
              "temperature": 35.0,
              "x": 0.03,
              "y": 0.0
            },
            {
              "fix_temperature": false,
              "heat_load": 0.0,
              "id": "n2",
              "temperature": 35.0,
              "x": 0.06,
              "y": 0.0
            },
            {
              "fix_temperature": true,
              "heat_load": 0.0,
              "id": "n3",
              "temperature": 35.0,
              "x": 0.09,
              "y": 0.0
            },
            {
              "fix_temperature": false,
              "heat_load": 0.0,
              "id": "n4",
              "temperature": 35.0,
              "x": 0.0,
              "y": 0.03
            },
            {
              "fix_temperature": false,
              "heat_load": 0.0,
              "id": "n5",
              "temperature": 35.0,
              "x": 0.03,
              "y": 0.03
            },
            {
              "fix_temperature": false,
              "heat_load": 0.0,
              "id": "n6",
              "temperature": 35.0,
              "x": 0.06,
              "y": 0.03
            },
            {
              "fix_temperature": true,
              "heat_load": 0.0,
              "id": "n7",
              "temperature": 35.0,
              "x": 0.09,
              "y": 0.03
            }
          ]
        },
        "research": {
          "candidate_id": "aluminum_alumina_aluminum",
          "candidate_label": "Aluminum / Alumina / Aluminum",
          "coupling": "iterative_dielectric_and_conductor_joule_heating_with_temperature_dependent_electrical_thermal_feedback_and_expansion_projection",
          "materials": {
            "conductor": "aluminum",
            "dielectric": "alumina_96",
            "substrate": "aluminum_6061"
          },
          "study": "material.composite_thermo_electric_panel.v1"
        },
        "thermal_expansion_feedback": {
          "parameter_source": "screening_sensitivity_not_material_card",
          "regions": [
            {
              "element_id": "conductor_left",
              "reference_temperature_c": 35.0,
              "temperature_coefficient_1_k": 0.0002
            },
            {
              "element_id": "dielectric_core",
              "reference_temperature_c": 35.0,
              "temperature_coefficient_1_k": 0.0008
            },
            {
              "element_id": "substrate_right",
              "reference_temperature_c": 35.0,
              "temperature_coefficient_1_k": 0.0003
            }
          ]
        },
        "thermal_model": {
          "elements": [
            {
              "id": "conductor_left",
              "node_i": 0,
              "node_j": 1,
              "node_k": 5,
              "node_l": 4,
              "poisson_ratio": 0.32,
              "thermal_expansion": 0.000017,
              "thickness": 0.001,
              "youngs_modulus": 110000000000.0
            },
            {
              "id": "dielectric_core",
              "node_i": 1,
              "node_j": 2,
              "node_k": 6,
              "node_l": 5,
              "poisson_ratio": 0.32,
              "thermal_expansion": 0.000045,
              "thickness": 0.001,
              "youngs_modulus": 2500000000.0
            },
            {
              "id": "substrate_right",
              "node_i": 2,
              "node_j": 3,
              "node_k": 7,
              "node_l": 6,
              "poisson_ratio": 0.32,
              "thermal_expansion": 0.0000236,
              "thickness": 0.001,
              "youngs_modulus": 68900000000.0
            }
          ],
          "nodes": [
            {
              "fix_x": true,
              "fix_y": true,
              "id": "n0",
              "load_x": 0.0,
              "load_y": 0.0,
              "temperature_delta": 0.0,
              "x": 0.0,
              "y": 0.0
            },
            {
              "fix_x": false,
              "fix_y": false,
              "id": "n1",
              "load_x": 0.0,
              "load_y": 0.0,
              "temperature_delta": 0.0,
              "x": 0.03,
              "y": 0.0
            },
            {
              "fix_x": false,
              "fix_y": false,
              "id": "n2",
              "load_x": 0.0,
              "load_y": 0.0,
              "temperature_delta": 0.0,
              "x": 0.06,
              "y": 0.0
            },
            {
              "fix_x": false,
              "fix_y": false,
              "id": "n3",
              "load_x": 0.0,
              "load_y": 0.0,
              "temperature_delta": 0.0,
              "x": 0.09,
              "y": 0.0
            },
            {
              "fix_x": true,
              "fix_y": true,
              "id": "n4",
              "load_x": 0.0,
              "load_y": 0.0,
              "temperature_delta": 0.0,
              "x": 0.0,
              "y": 0.03
            },
            {
              "fix_x": false,
              "fix_y": false,
              "id": "n5",
              "load_x": 0.0,
              "load_y": 0.0,
              "temperature_delta": 0.0,
              "x": 0.03,
              "y": 0.03
            },
            {
              "fix_x": false,
              "fix_y": false,
              "id": "n6",
              "load_x": 0.0,
              "load_y": 0.0,
              "temperature_delta": 0.0,
              "x": 0.06,
              "y": 0.03
            },
            {
              "fix_x": false,
              "fix_y": false,
              "id": "n7",
              "load_x": 0.0,
              "load_y": 0.0,
              "temperature_delta": 0.0,
              "x": 0.09,
              "y": 0.03
            }
          ]
        }
      },
      "result_preview": {
        "job": {
          "created_at": "2026-08-13T11:22:42.650347Z",
          "execution_started_at": null,
          "execution_timeout_ms": 120000,
          "has_result": false,
          "iteration": null,
          "job_id": "964a586dc1d23e06",
          "message": null,
          "model_version_id": null,
          "progress": 0.0,
          "project_id": "f88f1485d29e214a",
          "queue_timeout_ms": 1800000,
          "residual": null,
          "simulation_case_id": "5581d3f23e562b80",
          "status": "queued",
          "status_detail": {
            "active": true,
            "failure_class": null,
            "lifecycle": "active",
            "recoverable": false,
            "terminal": false,
            "timing": {
              "effective_deadline": "2026-08-13T11:52:42.650347Z",
              "effective_timeout_ms": 1800000,
              "execution_elapsed_ms": null,
              "execution_started_at": null,
              "execution_timeout_ms": 120000,
              "job_submission_deadline": "2026-08-13T11:52:42.650347Z",
              "phase": "queue",
              "queue_timeout_ms": 1800000,
              "queue_wait_ms": 0,
              "total_elapsed_ms": 0
            }
          },
          "updated_at": "2026-08-13T11:22:42.650347Z",
          "worker_id": null
        },
        "job_id": "964a586dc1d23e06",
        "progress": 0.0,
        "raw": {
          "job": {
            "created_at": "2026-08-13T11:22:42.650347Z",
            "execution_started_at": null,
            "execution_timeout_ms": 120000,
            "has_result": false,
            "iteration": null,
            "job_id": "964a586dc1d23e06",
            "message": null,
            "model_version_id": null,
            "progress": 0.0,
            "project_id": "f88f1485d29e214a",
            "queue_timeout_ms": 1800000,
            "residual": null,
            "simulation_case_id": "5581d3f23e562b80",
            "status": "queued",
            "status_detail": {
              "active": true,
              "failure_class": null,
              "lifecycle": "active",
              "recoverable": false,
              "terminal": false,
              "timing": {
                "effective_deadline": "2026-08-13T11:52:42.650347Z",
                "effective_timeout_ms": 1800000,
                "execution_elapsed_ms": null,
                "execution_started_at": null,
                "execution_timeout_ms": 120000,
                "job_submission_deadline": "2026-08-13T11:52:42.650347Z",
                "phase": "queue",
                "queue_timeout_ms": 1800000,
                "queue_wait_ms": 0,
                "total_elapsed_ms": 0
              }
            },
            "updated_at": "2026-08-13T11:22:42.650347Z",
            "worker_id": null
          }
        },
        "status": "queued"
      },
      "requires_confirmation": false
    },
    {
      "index": 5,
      "action": "job_wait",
      "risk": "normal",
      "status": "executed",
      "payload": {
        "interval_ms": 1000,
        "job_id": "964a586dc1d23e06",
        "max_total_timeout_ms": 3600000,
        "resume_policy": "server_deadline",
        "timeout_ms": 60000
      },
      "result_preview": {
        "job": {
          "created_at": "2026-08-13T11:22:42.650347Z",
          "execution_started_at": "2026-08-13T11:22:42.655229Z",
          "execution_timeout_ms": 120000,
          "iteration": 4,
          "job_id": "964a586dc1d23e06",
          "message": "collecting nodal and elemental responses",
          "model_version_id": null,
          "progress": 1.0,
          "project_id": "f88f1485d29e214a",
          "queue_timeout_ms": 1800000,
          "residual": 0.2,
          "simulation_case_id": "5581d3f23e562b80",
          "status": "completed",
          "status_detail": {
            "active": false,
            "failure_class": null,
            "lifecycle": "terminal",
            "recoverable": false,
            "terminal": true,
            "timing": {
              "effective_deadline": "2026-08-13T11:24:42.655229Z",
              "effective_timeout_ms": 120000,
              "execution_elapsed_ms": 6051,
              "execution_started_at": "2026-08-13T11:22:42.655229Z",
              "execution_timeout_ms": 120000,
              "job_submission_deadline": "2026-08-13T11:52:42.650347Z",
              "phase": "execution",
              "queue_timeout_ms": 1800000,
              "queue_wait_ms": 4,
              "total_elapsed_ms": 6056
            }
          },
          "updated_at": "2026-08-13T11:22:48.706396Z",
          "worker_id": "rust-agent-rpc@127.0.0.1:5001"
        },
        "job_id": "964a586dc1d23e06",
        "progress": 1.0,
        "raw": {
          "job": {
            "created_at": "2026-08-13T11:22:42.650347Z",
            "execution_started_at": "2026-08-13T11:22:42.655229Z",
            "execution_timeout_ms": 120000,
            "iteration": 4,
            "job_id": "964a586dc1d23e06",
            "message": "collecting nodal and elemental responses",
            "model_version_id": null,
            "progress": 1.0,
            "project_id": "f88f1485d29e214a",
            "queue_timeout_ms": 1800000,
            "residual": 0.2,
            "simulation_case_id": "5581d3f23e562b80",
            "status": "completed",
            "status_detail": {
              "active": false,
              "failure_class": null,
              "lifecycle": "terminal",
              "recoverable": false,
              "terminal": true,
              "timing": {
                "effective_deadline": "2026-08-13T11:24:42.655229Z",
                "effective_timeout_ms": 120000,
                "execution_elapsed_ms": 6051,
                "execution_started_at": "2026-08-13T11:22:42.655229Z",
                "execution_timeout_ms": 120000,
                "job_submission_deadline": "2026-08-13T11:52:42.650347Z",
                "phase": "execution",
                "queue_timeout_ms": 1800000,
                "queue_wait_ms": 4,
                "total_elapsed_ms": 6056
              }
            },
            "updated_at": "2026-08-13T11:22:48.706396Z",
            "worker_id": "rust-agent-rpc@127.0.0.1:5001"
          }
        },
        "result": null,
        "status": "completed",
        "wait": {
          "elapsed_ms": 6064,
          "policy": "server_deadline",
          "poll_attempts": 7,
          "resume_count": 0
        }
      },
      "requires_confirmation": false
    },
    {
      "index": 6,
      "action": "result_fetch",
      "risk": "normal",
      "status": "executed",
      "payload": {
        "job_id": "964a586dc1d23e06"
      },
      "result_preview": {
        "job": {
          "created_at": "2026-08-13T11:22:42.650347Z",
          "execution_started_at": "2026-08-13T11:22:42.655229Z",
          "execution_timeout_ms": 120000,
          "has_result": true,
          "iteration": 4,
          "job_id": "964a586dc1d23e06",
          "message": "collecting nodal and elemental responses",
          "model_version_id": null,
          "progress": 1.0,
          "project_id": "f88f1485d29e214a",
          "queue_timeout_ms": 1800000,
          "residual": 0.2,
          "simulation_case_id": "5581d3f23e562b80",
          "status": "completed",
          "status_detail": {
            "active": false,
            "failure_class": null,
            "lifecycle": "terminal",
            "recoverable": false,
            "terminal": true,
            "timing": {
              "effective_deadline": "2026-08-13T11:24:42.655229Z",
              "effective_timeout_ms": 120000,
              "execution_elapsed_ms": 6051,
              "execution_started_at": "2026-08-13T11:22:42.655229Z",
              "execution_timeout_ms": 120000,
              "job_submission_deadline": "2026-08-13T11:52:42.650347Z",
              "phase": "execution",
              "queue_timeout_ms": 1800000,
              "queue_wait_ms": 4,
              "total_elapsed_ms": 6056
            }
          },
          "updated_at": "2026-08-13T11:22:48.706396Z",
          "worker_id": "rust-agent-rpc@127.0.0.1:5001"
        },
        "job_id": "964a586dc1d23e06",
        "result": {
          "electric_conduction": {
            "contact_interfaces": [],
            "current_balance_relative_error": 0.0,
            "elements": [
              {
                "area_m2": 0.0009,
                "average_electric_potential_v": 0.0000282,
                "current_density_magnitude_a_m2": 66359.93892861596,
                "current_density_x_a_m2": -66359.93892861596,
                "current_density_y_a_m2": -0.0,
                "electric_field_magnitude_v_m": 0.00188,
                "electric_field_x_v_m": -0.00188,
                "electric_field_y_v_m": -0.0,
                "electric_potential_gradient_x_v_m": 0.00188,
                "electric_potential_gradient_y_v_m": 0.0,
                "id": "conductor_left",
                "index": 0,
                "joule_power_w": 0.00011228101666721822,
                "node_i": 0,
                "node_j": 1,
                "node_k": 2,
                "node_l": 3,
                "peak_current_density_magnitude_a_m2": 66359.93892861596,
                "peak_electric_field_magnitude_v_m": 0.00188,
                "rms_current_density_magnitude_a_m2": 66359.93892861596,
                "rms_electric_field_magnitude_v_m": 0.00188,
                "volumetric_joule_heating_w_m3": 124.756685185798
              }
            ],
            "free_current_residual_relative_error": 0.0,
            "input": {
              "contact_interfaces": [],
              "elements": [
                {
                  "electrical_conductivity_s_m": 35297839.85564679,
                  "id": "conductor_left",
                  "node_i": 0,
                  "node_j": 1,
                  "node_k": 2,
                  "node_l": 3,
                  "thickness": 0.001
                }
              ],
              "nodes": [
                {
                  "current_source_a": 0.0,
                  "electric_potential_v": 0.0,
                  "fix_electric_potential": true,
                  "id": "n0",
                  "x": 0.0,
                  "y": 0.0
                },
                {
                  "current_source_a": 0.0,
                  "electric_potential_v": 0.000056399999999999995,
                  "fix_electric_potential": true,
                  "id": "n1",
                  "x": 0.03,
                  "y": 0.0
                },
                {
                  "current_source_a": 0.0,
                  "electric_potential_v": 0.000056399999999999995,
                  "fix_electric_potential": true,
                  "id": "n5",
                  "x": 0.03,
                  "y": 0.03
                },
                {
                  "current_source_a": 0.0,
                  "electric_potential_v": 0.0,
                  "fix_electric_potential": true,
                  "id": "n4",
                  "x": 0.0,
                  "y": 0.03
                }
              ],
              "terminals": []
            },
            "max_current_density_a_m2": 66359.93892861596,
            "max_electric_field_v_m": 0.00188,
            "max_electric_potential_v": 0.000056399999999999995,
            "max_free_current_residual_a": 0.0,
            "nodes": [
              {
                "current_source_a": 0.0,
                "electric_potential_v": 0.0,
                "fix_electric_potential": true,
                "id": "n0",
                "index": 0,
                "net_injected_current_a": -0.9953990839292396,
                "reaction_current_a": -0.9953990839292396,
                "x": 0.0,
                "y": 0.0
              },
              {
                "current_source_a": 0.0,
                "electric_potential_v": 0.000056399999999999995,
                "fix_electric_potential": true,
                "id": "n1",
                "index": 1,
                "net_injected_current_a": 0.9953990839292396,
                "reaction_current_a": 0.9953990839292396,
                "x": 0.03,
                "y": 0.0
              },
              {
                "current_source_a": 0.0,
                "electric_potential_v": 0.000056399999999999995,
                "fix_electric_potential": true,
                "id": "n5",
                "index": 2,
                "net_injected_current_a": 0.9953990839292396,
                "reaction_current_a": 0.9953990839292396,
                "x": 0.03,
                "y": 0.03
              },
              {
                "current_source_a": 0.0,
                "electric_potential_v": 0.0,
                "fix_electric_potential": true,
                "id": "n4",
                "index": 3,
                "net_injected_current_a": -0.9953990839292396,
                "reaction_current_a": -0.9953990839292396,
                "x": 0.0,
                "y": 0.03
              }
            ],
            "power_balance_relative_error": 1.2070185645215683e-16,
            "source_power_balance_relative_error": 1.2070185645215683e-16,
            "terminals": [],
            "total_bulk_joule_power_w": 0.00011228101666721822,
            "total_contact_joule_power_w": -0.0,
            "total_dissipated_power_w": 0.00011228101666721822,
            "total_electrical_input_power_w": 0.0001122810166672182,
            "total_extracted_current_a": 1.990798167858479,
            "total_injected_current_a": 1.990798167858479,
            "total_joule_power_w": 0.00011228101666721822,
            "total_source_power_w": 0.0001122810166672182,
            "total_terminal_impedance_power_w": -0.0
          },
          "electrostatic": {
            "elements": [
              {
                "area": 0.0009,
                "average_potential": 2762.418181275992,
                "electric_energy_density": 16957676018.320358,
                "electric_field_magnitude": 184161.21208506616,
                "electric_field_x": -184161.21208506616,
                "electric_field_y": -0.0,
                "electric_flux_density_magnitude": 184161.21208506616,
                "electric_flux_density_x": -184161.21208506616,
                "electric_flux_density_y": -0.0,
                "id": "conductor_left",
                "index": 0,
                "node_i": 0,
                "node_j": 1,
                "node_k": 5,
                "node_l": 4,
                "potential_gradient_x": 184161.21208506616,
                "potential_gradient_y": 0.0,
                "stored_energy": 15261.908416488322
              },
              {
                "area": 0.0009,
                "average_potential": 5806.69956668647,
                "electric_energy_density": 1730275643.8529062,
                "electric_field_magnitude": 18790.880275632328,
                "electric_field_x": -18790.880275632328,
                "electric_field_y": 1.4551915228366852e-11,
                "electric_flux_density_magnitude": 184161.21208506625,
                "electric_flux_density_x": -184161.21208506625,
                "electric_flux_density_y": 1.4261696670434412e-10,
                "id": "dielectric_core",
                "index": 1,
                "node_i": 1,
                "node_j": 2,
                "node_k": 6,
                "node_l": 5,
                "potential_gradient_x": 18790.880275632328,
                "potential_gradient_y": -1.4551915228366852e-11,
                "stored_energy": 1557.2480794676155
              },
              {
                "area": 0.0009,
                "average_potential": 6746.281385410477,
                "electric_energy_density": 4037541909.123909,
                "electric_field_magnitude": 43847.90763930154,
                "electric_field_x": -43847.90763930154,
                "electric_field_y": 1.4551915228366852e-11,
                "electric_flux_density_magnitude": 184161.21208506648,
                "electric_flux_density_x": -184161.21208506648,
                "electric_flux_density_y": 6.111804395914078e-11,
                "id": "substrate_right",
                "index": 2,
                "node_i": 2,
                "node_j": 3,
                "node_k": 7,
                "node_l": 6,
                "potential_gradient_x": 43847.90763930154,
                "potential_gradient_y": -1.4551915228366852e-11,
                "stored_energy": 3633.787718211518
              }
            ],
            "input": {
              "elements": [
                {
                  "id": "conductor_left",
                  "node_i": 0,
                  "node_j": 1,
                  "node_k": 5,
                  "node_l": 4,
                  "permittivity": 1.0,
                  "thickness": 0.001
                },
                {
                  "id": "dielectric_core",
                  "node_i": 1,
                  "node_j": 2,
                  "node_k": 6,
                  "node_l": 5,
                  "permittivity": 9.800563325598064,
                  "thickness": 0.001
                },
                {
                  "id": "substrate_right",
                  "node_i": 2,
                  "node_j": 3,
                  "node_k": 7,
                  "node_l": 6,
                  "permittivity": 4.2,
                  "thickness": 0.001
                }
              ],
              "nodes": [
                {
                  "charge_density": 0.0,
                  "fix_potential": true,
                  "id": "n0",
                  "potential": 0.0,
                  "x": 0.0,
                  "y": 0.0
                },
                {
                  "charge_density": 0.0,
                  "fix_potential": false,
                  "id": "n1",
                  "potential": 0.0,
                  "x": 0.03,
                  "y": 0.0
                },
                {
                  "charge_density": 0.0,
                  "fix_potential": false,
                  "id": "n2",
                  "potential": 0.0,
                  "x": 0.06,
                  "y": 0.0
                },
                {
                  "charge_density": 0.0,
                  "fix_potential": true,
                  "id": "n3",
                  "potential": 7404.0,
                  "x": 0.09,
                  "y": 0.0
                },
                {
                  "charge_density": 0.0,
                  "fix_potential": true,
                  "id": "n4",
                  "potential": 0.0,
                  "x": 0.0,
                  "y": 0.03
                },
                {
                  "charge_density": 0.0,
                  "fix_potential": false,
                  "id": "n5",
                  "potential": 0.0,
                  "x": 0.03,
                  "y": 0.03
                },
                {
                  "charge_density": 0.0,
                  "fix_potential": false,
                  "id": "n6",
                  "potential": 0.0,
                  "x": 0.06,
                  "y": 0.03
                },
                {
                  "charge_density": 0.0,
                  "fix_potential": true,
                  "id": "n7",
                  "potential": 7404.0,
                  "x": 0.09,
                  "y": 0.03
                }
              ]
            },
            "max_electric_energy_density": 16957676018.320358,
            "max_electric_field": 184161.21208506616,
            "max_flux_density": 184161.21208506648,
            "max_potential": 7404.0,
            "nodes": [
              {
                "charge_density": 0.0,
                "id": "n0",
                "index": 0,
                "potential": 0.0,
                "x": 0.0,
                "y": 0.0
              },
              {
                "charge_density": 0.0,
                "id": "n1",
                "index": 1,
                "potential": 5524.836362551984,
                "x": 0.03,
                "y": 0.0
              },
              {
                "charge_density": 0.0,
                "id": "n2",
                "index": 2,
                "potential": 6088.562770820955,
                "x": 0.06,
                "y": 0.0
              },
              {
                "charge_density": 0.0,
                "id": "n3",
                "index": 3,
                "potential": 7404.0,
                "x": 0.09,
                "y": 0.0
              },
              {
                "charge_density": 0.0,
                "id": "n4",
                "index": 4,
                "potential": 0.0,
                "x": 0.0,
                "y": 0.03
              },
              {
                "charge_density": 0.0,
                "id": "n5",
                "index": 5,
                "potential": 5524.836362551984,
                "x": 0.03,
                "y": 0.03
              },
              {
                "charge_density": 0.0,
                "id": "n6",
                "index": 6,
                "potential": 6088.562770820954,
                "x": 0.06,
                "y": 0.03
              },
              {
                "charge_density": 0.0,
                "id": "n7",
                "index": 7,
                "potential": 7404.0,
                "x": 0.09,
                "y": 0.03
              }
            ],
            "total_stored_energy": 20452.944214167455
          },
          "electrostatic_mesh_convergence": {
            "finest_pair_relative_change": 2.3726777438820624e-14,
            "max_analytic_relative_error": 7.226666666666664,
            "method": "structured_quad_h_refinement",
            "refinement_levels": [
              1,
              2,
              4,
              8
            ],
            "relative_error_tolerance": 1e-8,
            "samples": [
              {
                "analytic_relative_error": 7.226666666666664,
                "element_count": 3,
                "elements_per_layer": 1,
                "max_electric_field_v_m": 184161.21208506616,
                "node_count": 8,
                "relative_change_from_previous": null
              },
              {
                "analytic_relative_error": 2.275170439338964e-15,
                "element_count": 6,
                "elements_per_layer": 2,
                "max_electric_field_v_m": 22385.884775332248,
                "node_count": 14,
                "relative_change_from_previous": 7.226666666666661
              },
              {
                "analytic_relative_error": 2.1126582651004668e-15,
                "element_count": 12,
                "elements_per_layer": 4,
                "max_electric_field_v_m": 22385.884775332244,
                "node_count": 26,
                "relative_change_from_previous": 1.6251217423849744e-16
              },
              {
                "analytic_relative_error": 2.583943570392109e-14,
                "element_count": 24,
                "elements_per_layer": 8,
                "max_electric_field_v_m": 22385.884775332775,
                "node_count": 50,
                "relative_change_from_previous": 2.3726777438820624e-14
              }
            ],
            "schema_version": "kyuubiki.composite-electrostatic-mesh-convergence/v1",
            "status": "fail"
          },
          "electrothermal_feedback_convergence": {
            "conductivity_relative_change_tolerance": 1e-9,
            "converged": true,
            "final_loss_relative_change": 5.888033825655295e-11,
            "final_max_conductivity_relative_change": 9.304707106599424e-11,
            "final_temperature_residual_c": 2.3135228843784716e-8,
            "iteration_count": 12,
            "iterations": [
              {
                "converged": false,
                "coupling_temperature_c": 35.0,
                "dielectric_mean_temperature_c": 35.57502226427082,
                "iteration": 1,
                "loss_relative_change": null,
                "loss_tangent": 0.0002,
                "max_conductivity_relative_change": null,
                "max_temperature_c": 36.14751130735174,
                "relative_permittivity": 9.8,
                "temperature_residual_c": 1.1473424450762906,
                "thermal_conductivity_updates": [
                  {
                    "conductivity_relative_change": null,
                    "conductivity_w_mk": 167.0,
                    "coupling_temperature_c": 35.0,
                    "element_id": "conductor_left",
                    "measured_mean_temperature_c": 36.14734244507629
                  },
                  {
                    "conductivity_relative_change": null,
                    "conductivity_w_mk": 0.25,
                    "coupling_temperature_c": 35.0,
                    "element_id": "dielectric_core",
                    "measured_mean_temperature_c": 35.57502226427082
                  },
                  {
                    "conductivity_relative_change": null,
                    "conductivity_w_mk": 160.0,
                    "coupling_temperature_c": 35.0,
                    "element_id": "substrate_right",
                    "measured_mean_temperature_c": 35.0014354728704
                  }
                ],
                "total_joule_loss_w": 0.00011280000000000002,
                "total_loss_w": 0.00034655131852670594
              },
              {
                "converged": false,
                "coupling_temperature_c": 35.460017811416655,
                "dielectric_mean_temperature_c": 35.57486130860869,
                "iteration": 2,
                "loss_relative_change": 0.0005873788706683556,
                "loss_tangent": 0.00020009200356228336,
                "max_conductivity_relative_change": 0.0009200356228332708,
                "max_temperature_c": 36.14719014288629,
                "relative_permittivity": 9.80045081745519,
                "temperature_residual_c": 0.2291477923098384,
                "thermal_conductivity_updates": [
                  {
                    "conductivity_relative_change": 0.0009178739560610608,
                    "conductivity_w_mk": 166.8467150493378,
                    "coupling_temperature_c": 35.91787395606103,
                    "element_id": "conductor_left",
                    "measured_mean_temperature_c": 36.14702174837087
                  },
                  {
                    "conductivity_relative_change": 0.0009200356228332708,
                    "conductivity_w_mk": 0.24976999109429168,
                    "coupling_temperature_c": 35.460017811416655,
                    "element_id": "dielectric_core",
                    "measured_mean_temperature_c": 35.57486130860869
                  },
                  {
                    "conductivity_relative_change": 1.3780539555696692e-6,
                    "conductivity_w_mk": 159.9997795113671,
                    "coupling_temperature_c": 35.00114837829632,
                    "element_id": "substrate_right",
                    "measured_mean_temperature_c": 35.001434631680965
                  }
                ],
                "total_joule_loss_w": 0.00011238428692155576,
                "total_loss_w": 0.00034669721834643396
              },
              {
                "converged": false,
                "coupling_temperature_c": 35.55189260917028,
                "dielectric_mean_temperature_c": 35.57482986243183,
                "iteration": 3,
                "loss_relative_change": 0.00011658459403257948,
                "loss_tangent": 0.00020011037852183408,
                "max_conductivity_relative_change": 0.0001839188073617473,
                "max_temperature_c": 36.14712739830709,
                "relative_permittivity": 9.800540854756989,
                "temperature_residual_c": 0.04576690685726703,
                "thermal_conductivity_updates": [
                  {
                    "conductivity_relative_change": 0.000183486651466544,
                    "conductivity_w_mk": 166.8161009042852,
                    "coupling_temperature_c": 36.1011921899089,
                    "element_id": "conductor_left",
                    "measured_mean_temperature_c": 36.14695909676617
                  },
                  {
                    "conductivity_relative_change": 0.0001839188073617473,
                    "conductivity_w_mk": 0.2497240536954149,
                    "coupling_temperature_c": 35.55189260917028,
                    "element_id": "dielectric_core",
                    "measured_mean_temperature_c": 35.57482986243183
                  },
                  {
                    "conductivity_relative_change": 2.748036280058436e-7,
                    "conductivity_w_mk": 159.99973554284722,
                    "coupling_temperature_c": 35.00137738100403,
                    "element_id": "substrate_right",
                    "measured_mean_temperature_c": 35.00143446481921
                  }
                ],
                "total_joule_loss_w": 0.00011230162733003252,
                "total_loss_w": 0.0003467263561070377
              },
              {
                "converged": false,
                "coupling_temperature_c": 35.57024241177952,
                "dielectric_mean_temperature_c": 35.57482360956628,
                "iteration": 4,
                "loss_relative_change": 0.000023256170681190168,
                "loss_tangent": 0.00020011404848235592,
                "max_conductivity_relative_change": 0.00003674015846228999,
                "max_temperature_c": 36.1471149220356,
                "relative_permittivity": 9.800558837563544,
                "temperature_residual_c": 0.0091409236517066,
                "thermal_conductivity_updates": [
                  {
                    "conductivity_relative_change": 0.00003665388846142769,
                    "conductivity_w_mk": 166.8099864455291,
                    "coupling_temperature_c": 36.13780571539471,
                    "element_id": "conductor_left",
                    "measured_mean_temperature_c": 36.14694663904642
                  },
                  {
                    "conductivity_relative_change": 0.00003674015846228999,
                    "conductivity_w_mk": 0.24971487879411025,
                    "coupling_temperature_c": 35.57024241177952,
                    "element_id": "dielectric_core",
                    "measured_mean_temperature_c": 35.57482360956628
                  },
                  {
                    "conductivity_relative_change": 5.480055305645448e-8,
                    "conductivity_w_mk": 159.99972677477322,
                    "coupling_temperature_c": 35.001423048056175,
                    "element_id": "substrate_right",
                    "measured_mean_temperature_c": 35.00143443153767
                  }
                ],
                "total_joule_loss_w": 0.00011228513257762924,
                "total_loss_w": 0.0003467321756263107
              },
              {
                "converged": false,
                "coupling_temperature_c": 35.573907370008925,
                "dielectric_mean_temperature_c": 35.57482236179029,
                "iteration": 5,
                "loss_relative_change": 4.643757060724433e-6,
                "loss_tangent": 0.0002001147814740018,
                "max_conductivity_relative_change": 7.3382856623379615e-6,
                "max_temperature_c": 36.14711243236541,
                "relative_permittivity": 9.80056242922261,
                "temperature_residual_c": 0.0018256987647475853,
                "thermal_conductivity_updates": [
                  {
                    "conductivity_relative_change": 7.321068875368925e-6,
                    "conductivity_w_mk": 166.80876521812922,
                    "coupling_temperature_c": 36.14511845431608,
                    "element_id": "conductor_left",
                    "measured_mean_temperature_c": 36.146944153080824
                  },
                  {
                    "conductivity_relative_change": 7.3382856623379615e-6,
                    "conductivity_w_mk": 0.24971304631499552,
                    "coupling_temperature_c": 35.573907370008925,
                    "element_id": "dielectric_core",
                    "measured_mean_temperature_c": 35.57482236179029
                  },
                  {
                    "conductivity_relative_change": 1.0928160963749052e-8,
                    "conductivity_w_mk": 159.99972502627045,
                    "coupling_temperature_c": 35.00143215484137,
                    "element_id": "substrate_right",
                    "measured_mean_temperature_c": 35.001434424892174
                  }
                ],
                "total_joule_loss_w": 0.0001122818386975244,
                "total_loss_w": 0.0003467333379415496
              },
              {
                "converged": false,
                "coupling_temperature_c": 35.57463936343402,
                "dielectric_mean_temperature_c": 35.57482211262203,
                "iteration": 6,
                "loss_relative_change": 9.27443585154033e-7,
                "loss_tangent": 0.0002001149278726868,
                "max_conductivity_relative_change": 1.4656691667545689e-6,
                "max_temperature_c": 36.14711193520355,
                "relative_permittivity": 9.800563146576163,
                "temperature_residual_c": 0.00036464333096830615,
                "thermal_conductivity_updates": [
                  {
                    "conductivity_relative_change": 1.4622334423468409e-6,
                    "conductivity_w_mk": 166.80852130477425,
                    "coupling_temperature_c": 36.14657901332787,
                    "element_id": "conductor_left",
                    "measured_mean_temperature_c": 36.14694365665884
                  },
                  {
                    "conductivity_relative_change": 1.4656691667545689e-6,
                    "conductivity_w_mk": 0.249712680318283,
                    "coupling_temperature_c": 35.57463936343402,
                    "element_id": "dielectric_core",
                    "measured_mean_temperature_c": 35.57482211262203
                  },
                  {
                    "conductivity_relative_change": 2.17925252666341e-9,
                    "conductivity_w_mk": 159.99972467759065,
                    "coupling_temperature_c": 35.00143397088201,
                    "element_id": "substrate_right",
                    "measured_mean_temperature_c": 35.00143442356496
                  }
                ],
                "total_joule_loss_w": 0.00011228118084046031,
                "total_loss_w": 0.0003467335700879326
              },
              {
                "converged": false,
                "coupling_temperature_c": 35.57478556278443,
                "dielectric_mean_temperature_c": 35.574822062852576,
                "iteration": 7,
                "loss_relative_change": 1.8523491133745972e-7,
                "loss_tangent": 0.0002001149571125569,
                "max_conductivity_relative_change": 2.927351351819328e-7,
                "max_temperature_c": 36.147111835899274,
                "relative_permittivity": 9.800563289851528,
                "temperature_residual_c": 0.00007282950969056401,
                "thermal_conductivity_updates": [
                  {
                    "conductivity_relative_change": 2.920495226900948e-7,
                    "conductivity_w_mk": 166.80847258842522,
                    "coupling_temperature_c": 36.14687072799265,
                    "element_id": "conductor_left",
                    "measured_mean_temperature_c": 36.14694355750234
                  },
                  {
                    "conductivity_relative_change": 2.927351351819328e-7,
                    "conductivity_w_mk": 0.24971260721860777,
                    "coupling_temperature_c": 35.57478556278443,
                    "element_id": "dielectric_core",
                    "measured_mean_temperature_c": 35.574822062852576
                  },
                  {
                    "conductivity_relative_change": 4.3457632332903905e-10,
                    "conductivity_w_mk": 159.99972460805856,
                    "coupling_temperature_c": 35.00143433302837,
                    "element_id": "substrate_right",
                    "measured_mean_temperature_c": 35.00143442329988
                  }
                ],
                "total_joule_loss_w": 0.00011228104944884764,
                "total_loss_w": 0.0003467336164539886
              },
              {
                "converged": false,
                "coupling_temperature_c": 35.57481476283895,
                "dielectric_mean_temperature_c": 35.57482205291643,
                "iteration": 8,
                "loss_relative_change": 3.6996582567464935e-8,
                "loss_tangent": 0.00020011496295256785,
                "max_conductivity_relative_change": 5.846732131533085e-8,
                "max_temperature_c": 36.14711181607383,
                "relative_permittivity": 9.800563318467583,
                "temperature_residual_c": 0.000014546106001489534,
                "thermal_conductivity_updates": [
                  {
                    "conductivity_relative_change": 5.8330505321158947e-8,
                    "conductivity_w_mk": 166.80846285840272,
                    "coupling_temperature_c": 36.1469289916004,
                    "element_id": "conductor_left",
                    "measured_mean_temperature_c": 36.146943537706406
                  },
                  {
                    "conductivity_relative_change": 5.846732131533085e-8,
                    "conductivity_w_mk": 0.24971259261858053,
                    "coupling_temperature_c": 35.57481476283895,
                    "element_id": "dielectric_core",
                    "measured_mean_temperature_c": 35.57482205291643
                  },
                  {
                    "conductivity_relative_change": 8.666078338475349e-11,
                    "conductivity_w_mk": 159.99972459419286,
                    "coupling_temperature_c": 35.001434405245575,
                    "element_id": "substrate_right",
                    "measured_mean_temperature_c": 35.001434423246934
                  }
                ],
                "total_joule_loss_w": 0.00011228102320629092,
                "total_loss_w": 0.0003467336257145713
              },
              {
                "converged": false,
                "coupling_temperature_c": 35.574820594900935,
                "dielectric_mean_temperature_c": 35.57482205092908,
                "iteration": 9,
                "loss_relative_change": 7.389265727147974e-9,
                "loss_tangent": 0.0002001149641189802,
                "max_conductivity_relative_change": 1.1677548854950474e-8,
                "max_temperature_c": 36.14711181210848,
                "relative_permittivity": 9.800563324183004,
                "temperature_residual_c": 2.905261752061961e-6,
                "thermal_conductivity_updates": [
                  {
                    "conductivity_relative_change": 1.1650246643171393e-8,
                    "conductivity_w_mk": 166.808460915043,
                    "coupling_temperature_c": 36.1469406284852,
                    "element_id": "conductor_left",
                    "measured_mean_temperature_c": 36.14694353374696
                  },
                  {
                    "conductivity_relative_change": 1.1677548854950474e-8,
                    "conductivity_w_mk": 0.24971258970254953,
                    "coupling_temperature_c": 35.574820594900935,
                    "element_id": "dielectric_core",
                    "measured_mean_temperature_c": 35.57482205092908
                  },
                  {
                    "conductivity_relative_change": 1.7281317258199887e-11,
                    "conductivity_w_mk": 159.99972459142785,
                    "coupling_temperature_c": 35.001434419646664,
                    "element_id": "substrate_right",
                    "measured_mean_temperature_c": 35.00143442323636
                  }
                ],
                "total_joule_loss_w": 0.00011228101796491408,
                "total_loss_w": 0.000346733627564167
              },
              {
                "converged": false,
                "coupling_temperature_c": 35.57482175972345,
                "dielectric_mean_temperature_c": 35.574822050530514,
                "iteration": 10,
                "loss_relative_change": 1.4758404783663131e-9,
                "loss_tangent": 0.0002001149643519447,
                "max_conductivity_relative_change": 2.332326370903538e-9,
                "max_temperature_c": 36.14711181131324,
                "relative_permittivity": 9.800563325324529,
                "temperature_residual_c": 5.802582805358725e-7,
                "thermal_conductivity_updates": [
                  {
                    "conductivity_relative_change": 2.3268782468326282e-9,
                    "conductivity_w_mk": 166.8084605269,
                    "coupling_temperature_c": 36.14694295269461,
                    "element_id": "conductor_left",
                    "measured_mean_temperature_c": 36.14694353295289
                  },
                  {
                    "conductivity_relative_change": 2.332326370903538e-9,
                    "conductivity_w_mk": 0.24971258912013827,
                    "coupling_temperature_c": 35.57482175972345,
                    "element_id": "dielectric_core",
                    "measured_mean_temperature_c": 35.574822050530514
                  },
                  {
                    "conductivity_relative_change": 3.446138200286493e-12,
                    "conductivity_w_mk": 159.99972459087647,
                    "coupling_temperature_c": 35.00143442251842,
                    "element_id": "substrate_right",
                    "measured_mean_temperature_c": 35.00143442323424
                  }
                ],
                "total_joule_loss_w": 0.0001122810169180655,
                "total_loss_w": 0.0003467336279335831
              },
              {
                "converged": false,
                "coupling_temperature_c": 35.5748219923691,
                "dielectric_mean_temperature_c": 35.57482205045663,
                "iteration": 11,
                "loss_relative_change": 2.947636708948843e-10,
                "loss_tangent": 0.00020011496439847383,
                "max_conductivity_relative_change": 4.658267847178674e-10,
                "max_temperature_c": 36.14711181116585,
                "relative_permittivity": 9.800563325552522,
                "temperature_residual_c": 1.1590450554876953e-7,
                "thermal_conductivity_updates": [
                  {
                    "conductivity_relative_change": 4.64739704359236e-10,
                    "conductivity_w_mk": 166.8084604493775,
                    "coupling_temperature_c": 36.14694341690123,
                    "element_id": "conductor_left",
                    "measured_mean_temperature_c": 36.146943532805736
                  },
                  {
                    "conductivity_relative_change": 4.658267847178674e-10,
                    "conductivity_w_mk": 0.24971258900381543,
                    "coupling_temperature_c": 35.5748219923691,
                    "element_id": "dielectric_core",
                    "measured_mean_temperature_c": 35.57482205045663
                  },
                  {
                    "conductivity_relative_change": 6.872736441729067e-13,
                    "conductivity_w_mk": 159.9997245907665,
                    "coupling_temperature_c": 35.00143442309108,
                    "element_id": "substrate_right",
                    "measured_mean_temperature_c": 35.001434423233825
                  }
                ],
                "total_joule_loss_w": 0.00011228101670898189,
                "total_loss_w": 0.0003467336280073659
              },
              {
                "converged": true,
                "coupling_temperature_c": 35.57482203883912,
                "dielectric_mean_temperature_c": 35.57482205043373,
                "iteration": 12,
                "loss_relative_change": 5.888033825655295e-11,
                "loss_tangent": 0.00020011496440776785,
                "max_conductivity_relative_change": 9.304707106599424e-11,
                "max_temperature_c": 36.147111811120126,
                "relative_permittivity": 9.800563325598064,
                "temperature_residual_c": 2.3135228843784716e-8,
                "thermal_conductivity_updates": [
                  {
                    "conductivity_relative_change": 9.283000021098882e-11,
                    "conductivity_w_mk": 166.80846043389266,
                    "coupling_temperature_c": 36.14694350962483,
                    "element_id": "conductor_left",
                    "measured_mean_temperature_c": 36.14694353276006
                  },
                  {
                    "conductivity_relative_change": 9.304707106599424e-11,
                    "conductivity_w_mk": 0.24971258898058044,
                    "coupling_temperature_c": 35.57482203883912,
                    "element_id": "dielectric_core",
                    "measured_mean_temperature_c": 35.57482205043373
                  },
                  {
                    "conductivity_relative_change": 1.3695734806349838e-13,
                    "conductivity_w_mk": 159.9997245907446,
                    "coupling_temperature_c": 35.001434423205275,
                    "element_id": "substrate_right",
                    "measured_mean_temperature_c": 35.00143442323373
                  }
                ],
                "total_joule_loss_w": 0.00011228101666721822,
                "total_loss_w": 0.00034673362802210264
              }
            ],
            "loss_relative_change_tolerance": 1e-9,
            "max_iterations": 12,
            "method": "relaxed_temperature_dependent_dielectric_and_conductivity_fixed_point",
            "parameter_source": "screening_sensitivity_not_material_card",
            "relaxation_factor": 0.8,
            "schema_version": "kyuubiki.composite-electrothermal-feedback-convergence/v1",
            "status": "pass",
            "temperature_residual_tolerance_c": 1e-7
          },
          "electrothermal_loss_projection": {
            "assumptions": [
              "The solved electrostatic field magnitude is interpreted as an RMS harmonic field.",
              "Relative permittivity and loss tangent are scalar, isotropic, and frequency-local screening values.",
              "Element dielectric loss is lumped consistently to its four thermal nodes."
            ],
            "distributed_total_heat_load_w": 0.00034673362802210264,
            "effective_conductivity_s_m": 1.0910865530515649e-6,
            "electric_field_rms_v_m": 18790.880275632328,
            "energy_balance_relative_error": 0.0,
            "frequency_hz": 10000000.0,
            "loss_tangent": 0.00020011496440776785,
            "model": "harmonic_dielectric_loss_sigma_eff_e_rms_squared",
            "relative_permittivity": 9.800563325598064,
            "schema_version": "kyuubiki.composite-electrothermal-loss-projection/v1",
            "source_element_id": "dielectric_core",
            "source_volume_m3": 9e-7,
            "target_element_count": 1,
            "target_node_count": 4,
            "total_loss_w": 0.00034673362802210264,
            "volumetric_loss_w_m3": 385.2595866912252
          },
          "heat": {
            "elements": [
              {
                "area": 0.0009,
                "average_temperature": 36.14694353276006,
                "heat_flow_rate": 1.6842152499713006e-6,
                "heat_flux_magnitude": 1.8713502777458897,
                "heat_flux_x": 1.8713502777458897,
                "heat_flux_y": -1.8963926371940563e-11,
                "id": "conductor_left",
                "index": 0,
                "node_i": 0,
                "node_j": 1,
                "node_k": 5,
                "node_l": 4,
                "temperature_gradient_x": -0.011218557337429049,
                "temperature_gradient_y": 1.1368683772161605e-13
              },
              {
                "area": 0.0009,
                "average_temperature": 35.57482205043373,
                "heat_flow_rate": 8.569434920289314e-6,
                "heat_flux_magnitude": 9.521594355877015,
                "heat_flux_x": 9.521594355877015,
                "heat_flux_y": -2.838903458047985e-14,
                "id": "dielectric_core",
                "index": 1,
                "node_i": 1,
                "node_j": 2,
                "node_k": 6,
                "node_l": 5,
                "temperature_gradient_x": -38.13021359775132,
                "temperature_gradient_y": 1.1368683772161605e-13
              },
              {
                "area": 0.0009,
                "average_temperature": 35.00143442323373,
                "heat_flow_rate": 0.000013770439340617752,
                "heat_flux_magnitude": 15.300488156241949,
                "heat_flux_x": 15.300488156241949,
                "heat_flux_y": -0.0,
                "id": "substrate_right",
                "index": 2,
                "node_i": 2,
                "node_j": 3,
                "node_k": 7,
                "node_l": 6,
                "temperature_gradient_x": -0.09562821558211,
                "temperature_gradient_y": 0.0
              }
            ],
            "input": {
              "elements": [
                {
                  "conductivity": 166.80846043389266,
                  "id": "conductor_left",
                  "node_i": 0,
                  "node_j": 1,
                  "node_k": 5,
                  "node_l": 4,
                  "thickness": 0.001
                },
                {
                  "conductivity": 0.24971258898058044,
                  "id": "dielectric_core",
                  "node_i": 1,
                  "node_j": 2,
                  "node_k": 6,
                  "node_l": 5,
                  "thickness": 0.001
                },
                {
                  "conductivity": 159.9997245907446,
                  "id": "substrate_right",
                  "node_i": 2,
                  "node_j": 3,
                  "node_k": 7,
                  "node_l": 6,
                  "thickness": 0.001
                }
              ],
              "nodes": [
                {
                  "fix_temperature": false,
                  "heat_load": 0.00002807025416680455,
                  "id": "n0",
                  "temperature": 35.0,
                  "x": 0.0,
                  "y": 0.0
                },
                {
                  "fix_temperature": false,
                  "heat_load": 0.0001147536611723302,
                  "id": "n1",
                  "temperature": 35.0,
                  "x": 0.03,
                  "y": 0.0
                },
                {
                  "fix_temperature": false,
                  "heat_load": 0.00008668340700552566,
                  "id": "n2",
                  "temperature": 35.0,
                  "x": 0.06,
                  "y": 0.0
                },
                {
                  "fix_temperature": true,
                  "heat_load": 0.0,
                  "id": "n3",
                  "temperature": 35.0,
                  "x": 0.09,
                  "y": 0.0
                },
                {
                  "fix_temperature": false,
                  "heat_load": 0.00002807025416680455,
                  "id": "n4",
                  "temperature": 35.0,
                  "x": 0.0,
                  "y": 0.03
                },
                {
                  "fix_temperature": false,
                  "heat_load": 0.0001147536611723302,
                  "id": "n5",
                  "temperature": 35.0,
                  "x": 0.03,
                  "y": 0.03
                },
                {
                  "fix_temperature": false,
                  "heat_load": 0.00008668340700552566,
                  "id": "n6",
                  "temperature": 35.0,
                  "x": 0.06,
                  "y": 0.03
                },
                {
                  "fix_temperature": true,
                  "heat_load": 0.0,
                  "id": "n7",
                  "temperature": 35.0,
                  "x": 0.09,
                  "y": 0.03
                }
              ]
            },
            "max_heat_flux": 15.300488156241949,
            "max_temperature": 36.147111811120126,
            "nodes": [
              {
                "heat_load": 0.00002807025416680455,
                "id": "n0",
                "index": 0,
                "temperature": 36.147111811120126,
                "x": 0.0,
                "y": 0.0
              },
              {
                "heat_load": 0.0001147536611723302,
                "id": "n1",
                "index": 1,
                "temperature": 36.1467752544,
                "x": 0.03,
                "y": 0.0
              },
              {
                "heat_load": 0.00008668340700552566,
                "id": "n2",
                "index": 2,
                "temperature": 35.002868846467464,
                "x": 0.06,
                "y": 0.0
              },
              {
                "heat_load": 0.0,
                "id": "n3",
                "index": 3,
                "temperature": 35.0,
                "x": 0.09,
                "y": 0.0
              },
              {
                "heat_load": 0.00002807025416680455,
                "id": "n4",
                "index": 4,
                "temperature": 36.147111811120126,
                "x": 0.0,
                "y": 0.03
              },
              {
                "heat_load": 0.0001147536611723302,
                "id": "n5",
                "index": 5,
                "temperature": 36.146775254400005,
                "x": 0.03,
                "y": 0.03
              },
              {
                "heat_load": 0.00008668340700552566,
                "id": "n6",
                "index": 6,
                "temperature": 35.002868846467464,
                "x": 0.06,
                "y": 0.03
              },
              {
                "heat_load": 0.0,
                "id": "n7",
                "index": 7,
                "temperature": 35.0,
                "x": 0.09,
                "y": 0.03
              }
            ],
            "total_abs_heat_flow_rate": 0.00002402408951087837
          },
          "heat_cross_validation": {
            "absolute_error_c": 7.865708084864309e-12,
            "conductivities_w_mk": [
              166.80846043389266,
              0.24971258898058044,
              159.9997245907446
            ],
            "expected_max_temperature_c": 36.14711181112799,
            "fem_max_temperature_c": 36.147111811120126,
            "fixed_temperature_c": 35.0,
            "method": "layered_thermal_resistance_with_regional_generation_closed_form",
            "relative_error": 2.1760267116120821e-13,
            "relative_error_tolerance": 1e-9,
            "schema_version": "kyuubiki.composite-heat-cross-validation/v1",
            "status": "pass",
            "total_heat_load_w": 0.00045901464468932086
          },
          "heat_mesh_convergence": {
            "finest_pair_relative_change": 3.650299551457666e-12,
            "max_analytic_relative_error": 4.020047179690938e-12,
            "method": "structured_quad_h_refinement",
            "refinement_levels": [
              1,
              2,
              4,
              8
            ],
            "relative_error_tolerance": 1e-8,
            "samples": [
              {
                "analytic_relative_error": 2.1760267116120821e-13,
                "element_count": 3,
                "elements_per_layer": 1,
                "max_temperature_c": 36.147111811120126,
                "node_count": 8,
                "relative_change_from_previous": null
              },
              {
                "analytic_relative_error": 1.1813839689962614e-13,
                "element_count": 6,
                "elements_per_layer": 2,
                "max_temperature_c": 36.14711181112372,
                "node_count": 14,
                "relative_change_from_previous": 9.946427426158207e-14
              },
              {
                "analytic_relative_error": 3.697476282332725e-13,
                "element_count": 12,
                "elements_per_layer": 4,
                "max_temperature_c": 36.14711181114136,
                "node_count": 26,
                "relative_change_from_previous": 4.878860251328986e-13
              },
              {
                "analytic_relative_error": 4.020047179690938e-12,
                "element_count": 24,
                "elements_per_layer": 8,
                "max_temperature_c": 36.147111811273305,
                "node_count": 50,
                "relative_change_from_previous": 3.650299551457666e-12
              }
            ],
            "schema_version": "kyuubiki.composite-heat-mesh-convergence/v1",
            "status": "pass"
          },
          "heat_to_thermal_projection": {
            "mapped_node_count": 8,
            "maximum_coordinate_error_m": 0.0,
            "maximum_temperature_delta_c": 1.1471118111201264,
            "minimum_temperature_delta_c": 0.0,
            "reference_temperature_c": 35.0,
            "schema_version": "kyuubiki.composite-heat-to-thermal-projection/v1"
          },
          "joule_heating_projection": {
            "assumptions": [
              "Steady scalar electrical conductivity is solved on a two-dimensional quad mesh.",
              "Joule heating uses the solved local sigma times electric-field magnitude squared.",
              "Element Joule power integrates both triangular subcell fields before thermal projection.",
              "Recovered terminal currents gate current continuity and electrical input-power balance.",
              "Contact and terminal impedance models require explicit study-level heat mappings."
            ],
            "boundary_voltage_span_v": 0.000056399999999999995,
            "current_balance_relative_error": 0.0,
            "distributed_total_heat_load_w": 0.00011228101666721816,
            "electrical_power_balance_relative_error": 1.2070185645215683e-16,
            "energy_balance_relative_error": 4.828074258086274e-16,
            "free_current_residual_relative_error": 0.0,
            "max_current_density_a_m2": 66359.93892861596,
            "max_free_current_residual_a": 0.0,
            "model": "solved_steady_current_density_sigma_e_squared",
            "parameter_source": "screening_reference_not_material_card",
            "regions": [
              {
                "coupling_temperature_c": 36.14694350962483,
                "current_density_magnitude_a_m2": 66359.93892861596,
                "distributed_heat_load_w": 0.00011228101666721822,
                "electric_field_magnitude_v_m": 0.00188,
                "electrical_conductivity_s_m": 35297839.85564679,
                "element_id": "conductor_left",
                "energy_balance_relative_error": 0.0,
                "joule_power_w": 0.00011228101666721822,
                "peak_current_density_magnitude_a_m2": 66359.93892861596,
                "peak_electric_field_magnitude_v_m": 0.00188,
                "rms_current_density_magnitude_a_m2": 66359.93892861596,
                "rms_electric_field_magnitude_v_m": 0.00188,
                "source_volume_m3": 9e-7,
                "volumetric_joule_heating_w_m3": 124.756685185798
              }
            ],
            "schema_version": "kyuubiki.composite-current-to-heat-projection/v2",
            "source_power_balance_relative_error": 1.2070185645215683e-16,
            "status": "pass",
            "total_dissipated_power_w": 0.00011228101666721822,
            "total_electrical_input_power_w": 0.0001122810166672182,
            "total_extracted_current_a": 1.990798167858479,
            "total_injected_current_a": 1.990798167858479,
            "total_joule_loss_w": 0.00011228101666721822,
            "total_source_power_w": 0.0001122810166672182
          },
          "research": {
            "candidate_id": "aluminum_alumina_aluminum",
            "candidate_label": "Aluminum / Alumina / Aluminum",
            "coupling": "iterative_dielectric_and_conductor_joule_heating_with_temperature_dependent_electrical_thermal_feedback_and_expansion_projection",
            "materials": {
              "conductor": "aluminum",
              "dielectric": "alumina_96",
              "substrate": "aluminum_6061"
            },
            "study": "material.composite_thermo_electric_panel.v1"
          },
          "schema_version": "kyuubiki.composite-thermo-electric-panel-result/v1",
          "thermal": {
            "elements": [
              {
                "area": 0.0009,
                "average_temperature_delta": 1.1469435327600637,
                "gamma_xy": -5.514537417020185e-21,
                "id": "conductor_left",
                "index": 0,
                "max_in_plane_shear": 341040.45297397126,
                "mechanical_strain_x": 1.9842353627576512e-6,
                "mechanical_strain_y": -6.200735508617659e-6,
                "node_i": 0,
                "node_j": 1,
                "node_k": 5,
                "node_l": 4,
                "principal_stress_1": 0.0,
                "principal_stress_2": -682080.9059479425,
                "strain_energy_density": 6.959400463825293,
                "stress_x": 1.578983857244667e-11,
                "stress_y": -682080.9059479425,
                "tau_xy": -2.5263741715914673e-10,
                "thermal_strain": 0.00001950251268711004,
                "total_strain_x": 0.000021486748049867693,
                "total_strain_y": 0.00001330177717849238,
                "von_mises": 682080.9059479425
              },
              {
                "area": 0.0009,
                "average_temperature_delta": 0.5748220504337329,
                "gamma_xy": 2.5895348620757284e-19,
                "id": "dielectric_core",
                "index": 1,
                "max_in_plane_shear": 15465.512874489468,
                "mechanical_strain_x": 3.959171295869158e-6,
                "mechanical_strain_y": -0.00001237241029959172,
                "node_i": 1,
                "node_j": 2,
                "node_k": 6,
                "node_l": 5,
                "principal_stress_1": -5.420588422566651e-10,
                "principal_stress_2": -30931.02574897948,
                "strain_energy_density": 0.6973120947017463,
                "stress_x": -5.408019711062985e-10,
                "stress_y": -30931.02574897948,
                "tau_xy": 2.449892141006178e-10,
                "thermal_strain": 0.000025878887403545912,
                "total_strain_x": 0.00002983805869941507,
                "total_strain_y": 0.000013506477103954193,
                "von_mises": 30931.02574897921
              },
              {
                "area": 0.0009,
                "average_temperature_delta": 0.001434423233732218,
                "gamma_xy": 5.6581451622550856e-21,
                "id": "substrate_right",
                "index": 2,
                "max_in_plane_shear": 3917.1277214678944,
                "mechanical_strain_x": -3.6385511491137376e-8,
                "mechanical_strain_y": 1.1370472340980953e-7,
                "node_i": 2,
                "node_j": 3,
                "node_k": 7,
                "node_l": 6,
                "principal_stress_1": 7834.255442935917,
                "principal_stress_2": 1.2823875294998288e-10,
                "strain_energy_density": 0.001360083688425354,
                "stress_x": 1.282924384011292e-10,
                "stress_y": 7834.255442935917,
                "tau_xy": 1.4790637850284028e-10,
                "thermal_strain": 3.385240288367604e-8,
                "total_strain_x": -2.533108607461333e-9,
                "total_strain_y": 1.4755712629348557e-7,
                "von_mises": 7834.255442935852
              }
            ],
            "input": {
              "elements": [
                {
                  "id": "conductor_left",
                  "node_i": 0,
                  "node_j": 1,
                  "node_k": 5,
                  "node_l": 4,
                  "poisson_ratio": 0.32,
                  "thermal_expansion": 0.000017003899608011385,
                  "thickness": 0.001,
                  "youngs_modulus": 110000000000.0
                },
                {
                  "id": "dielectric_core",
                  "node_i": 1,
                  "node_j": 2,
                  "node_k": 6,
                  "node_l": 5,
                  "poisson_ratio": 0.32,
                  "thermal_expansion": 0.000045020693593815614,
                  "thickness": 0.001,
                  "youngs_modulus": 2500000000.0
                },
                {
                  "id": "substrate_right",
                  "node_i": 2,
                  "node_j": 3,
                  "node_k": 7,
                  "node_l": 6,
                  "poisson_ratio": 0.32,
                  "thermal_expansion": 0.000023600010155716496,
                  "thickness": 0.001,
                  "youngs_modulus": 68900000000.0
                }
              ],
              "nodes": [
                {
                  "fix_x": true,
                  "fix_y": true,
                  "id": "n0",
                  "load_x": 0.0,
                  "load_y": 0.0,
                  "temperature_delta": 1.1471118111201264,
                  "x": 0.0,
                  "y": 0.0
                },
                {
                  "fix_x": false,
                  "fix_y": false,
                  "id": "n1",
                  "load_x": 0.0,
                  "load_y": 0.0,
                  "temperature_delta": 1.1467752543999978,
                  "x": 0.03,
                  "y": 0.0
                },
                {
                  "fix_x": false,
                  "fix_y": false,
                  "id": "n2",
                  "load_x": 0.0,
                  "load_y": 0.0,
                  "temperature_delta": 0.0028688464674644365,
                  "x": 0.06,
                  "y": 0.0
                },
                {
                  "fix_x": false,
                  "fix_y": false,
                  "id": "n3",
                  "load_x": 0.0,
                  "load_y": 0.0,
                  "temperature_delta": 0.0,
                  "x": 0.09,
                  "y": 0.0
                },
                {
                  "fix_x": true,
                  "fix_y": true,
                  "id": "n4",
                  "load_x": 0.0,
                  "load_y": 0.0,
                  "temperature_delta": 1.1471118111201264,
                  "x": 0.0,
                  "y": 0.03
                },
                {
                  "fix_x": false,
                  "fix_y": false,
                  "id": "n5",
                  "load_x": 0.0,
                  "load_y": 0.0,
                  "temperature_delta": 1.146775254400005,
                  "x": 0.03,
                  "y": 0.03
                },
                {
                  "fix_x": false,
                  "fix_y": false,
                  "id": "n6",
                  "load_x": 0.0,
                  "load_y": 0.0,
                  "temperature_delta": 0.0028688464674644365,
                  "x": 0.06,
                  "y": 0.03
                },
                {
                  "fix_x": false,
                  "fix_y": false,
                  "id": "n7",
                  "load_x": 0.0,
                  "load_y": 0.0,
                  "temperature_delta": 0.0,
                  "x": 0.09,
                  "y": 0.03
                }
              ]
            },
            "max_displacement": 1.5397564485721907e-6,
            "max_strain_energy_density": 6.959400463825293,
            "max_stress": 682080.9059479425,
            "max_temperature_delta": 1.1471118111201264,
            "nodes": [
              {
                "displacement_magnitude": 0.0,
                "id": "n0",
                "index": 0,
                "temperature_delta": 1.1471118111201264,
                "ux": 0.0,
                "uy": 0.0,
                "x": 0.0,
                "y": 0.0
              },
              {
                "displacement_magnitude": 7.581265435784967e-7,
                "id": "n1",
                "index": 1,
                "temperature_delta": 1.1467752543999978,
                "ux": 6.446024414960301e-7,
                "uy": -3.990533153547724e-7,
                "x": 0.03,
                "y": 0.0
              },
              {
                "displacement_magnitude": 1.5397564485721846e-6,
                "id": "n2",
                "index": 2,
                "temperature_delta": 0.0028688464674644365,
                "ux": 1.53974420247848e-6,
                "uy": -6.140997763851213e-9,
                "x": 0.06,
                "y": 0.0
              },
              {
                "displacement_magnitude": 1.5396691635715307e-6,
                "id": "n3",
                "index": 3,
                "temperature_delta": 0.0,
                "ux": 1.539668209220256e-6,
                "uy": 1.714283975046657e-9,
                "x": 0.09,
                "y": 0.0
              },
              {
                "displacement_magnitude": 0.0,
                "id": "n4",
                "index": 4,
                "temperature_delta": 1.1471118111201264,
                "ux": 0.0,
                "uy": 0.0,
                "x": 0.0,
                "y": 0.03
              },
              {
                "displacement_magnitude": 7.581265435784972e-7,
                "id": "n5",
                "index": 5,
                "temperature_delta": 1.146775254400005,
                "ux": 6.446024414960316e-7,
                "uy": 3.9905331535477067e-7,
                "x": 0.03,
                "y": 0.03
              },
              {
                "displacement_magnitude": 1.5397564485721907e-6,
                "id": "n6",
                "index": 6,
                "temperature_delta": 0.0028688464674644365,
                "ux": 1.5397442024784865e-6,
                "uy": 6.140997763857326e-9,
                "x": 0.06,
                "y": 0.03
              },
              {
                "displacement_magnitude": 1.5396691635715373e-6,
                "id": "n7",
                "index": 7,
                "temperature_delta": 0.0,
                "ux": 1.5396682092202625e-6,
                "uy": -1.7142839750527475e-9,
                "x": 0.09,
                "y": 0.03
              }
            ],
            "total_strain_energy": 6.892265377993918e-6
          },
          "thermal_constraint_regularized_mesh_convergence": {
            "algebraic_validation": {
              "max_relative_residual": null,
              "method": "original_system_recomputed_l2_residual_over_max_rhs_l2_or_one",
              "qualification_effect": "algebraic_gate_does_not_override_discretization_gates",
              "relative_residual_tolerance": 1e-10,
              "required_series": [
                "uniform_full_edge_clamp",
                "uniform_regularized_restraint",
                "interface_graded_full_edge_clamp"
              ],
              "schema_version": "kyuubiki.composite-thermal-algebraic-validation/v1",
              "series": [],
              "status": "missing"
            },
            "convergence_tolerance": 0.02,
            "diagnostic_metrics": [
              "max_von_mises_stress_pa"
            ],
            "finest_pair_displacement_relative_change": 0.0019376990664849545,
            "finest_pair_peak_stress_relative_change": 0.3093188968081892,
            "finest_pair_strain_energy_relative_change": 0.2250872877214238,
            "method": "structured_quad_h_refinement_preserving_piecewise_linear_temperature_roller_edge_with_vertical_anchor",
            "pass_metrics": [
              "max_displacement_m",
              "total_strain_energy_j"
            ],
            "refinement_levels": [
              1,
              2,
              4,
              8
            ],
            "regime_assessment": {
              "diagnosis": "pass_metrics_lack_qualified_discretization_uncertainty",
              "gci_safety_factor": 1.25,
              "method": "four_level_constant_ratio_observed_order_and_fine_grid_gci",
              "metrics": [
                {
                  "coarse_triplet_observed_order": 0.569200746111801,
                  "fine_grid_gci": null,
                  "fine_triplet_observed_order": 4.043758536597326,
                  "metric": "max_displacement_m",
                  "observed_order_relative_difference": 0.8592396798769388,
                  "qualification_role": "pass_metric",
                  "regime": "oscillatory",
                  "richardson_extrapolated_value": null,
                  "unit": "m"
                },
                {
                  "coarse_triplet_observed_order": 1.6972970789856996,
                  "fine_grid_gci": 0.16637868185995633,
                  "fine_triplet_observed_order": 1.670060879748778,
                  "metric": "total_strain_energy_j",
                  "observed_order_relative_difference": 0.016046807346889284,
                  "qualification_role": "pass_metric",
                  "regime": "asymptotic_converging",
                  "richardson_extrapolated_value": 1.3089455113301802e-7,
                  "unit": "J"
                },
                {
                  "coarse_triplet_observed_order": -7.072769318547718,
                  "fine_grid_gci": null,
                  "fine_triplet_observed_order": -0.6934083130463957,
                  "metric": "max_von_mises_stress_pa",
                  "observed_order_relative_difference": 0.9019608470436052,
                  "qualification_role": "diagnostic_metric",
                  "regime": "monotonic_diverging",
                  "richardson_extrapolated_value": null,
                  "unit": "Pa"
                }
              ],
              "order_consistency_tolerance": 0.25,
              "qualification_effect": "gci_gates_require_asymptotic_pass_metric_evidence",
              "qualification_tolerance": 0.02,
              "refinement_ratio": 2.0,
              "schema_version": "kyuubiki.composite-thermal-convergence-regime/v1",
              "status": "fail"
            },
            "samples": [
              {
                "displacement_relative_change": null,
                "element_count": 3,
                "elements_per_original_element": 1,
                "max_displacement_m": 1.536361632899544e-6,
                "max_von_mises_stress_pa": 38715.879093201045,
                "node_count": 8,
                "peak_stress_relative_change": null,
                "strain_energy_relative_change": null,
                "total_strain_energy_j": 7.870339093639088e-7
              },
              {
                "displacement_relative_change": 0.04678352544783629,
                "element_count": 12,
                "elements_per_original_element": 2,
                "max_displacement_m": 1.4644852193497088e-6,
                "max_von_mises_stress_pa": 38826.34572844859,
                "node_count": 21,
                "peak_stress_relative_change": 0.0028451463349178016,
                "strain_energy_relative_change": 0.5750882981894793,
                "total_strain_energy_j": 3.344199178104056e-7
              },
              {
                "displacement_relative_change": 0.032019997461866644,
                "element_count": 48,
                "elements_per_original_element": 4,
                "max_displacement_m": 1.5129292087746572e-6,
                "max_von_mises_stress_pa": 53697.57410587633,
                "node_count": 65,
                "peak_stress_relative_change": 0.27694413807420626,
                "strain_energy_relative_change": 0.4173481636627851,
                "total_strain_energy_j": 1.948503792199733e-7
              },
              {
                "displacement_relative_change": 0.0019376990664849545,
                "element_count": 192,
                "elements_per_original_element": 8,
                "max_displacement_m": 1.5158665018802664e-6,
                "max_von_mises_stress_pa": 77745.82778901342,
                "node_count": 225,
                "peak_stress_relative_change": 0.3093188968081892,
                "strain_energy_relative_change": 0.2250872877214238,
                "total_strain_energy_j": 1.5099203584985862e-7
              }
            ],
            "schema_version": "kyuubiki.composite-thermal-mesh-convergence/v1",
            "status": "fail"
          },
          "thermal_constraint_sensitivity": {
            "alternative_restraint": "roller_edge_with_vertical_anchor",
            "alternative_status": "fail",
            "diagnosis": "mixed_restraint_sensitivity_and_persistent_energy_nonconvergence",
            "displacement_change_ratio_alternative_to_primary": 0.7397267388243195,
            "peak_stress_change_ratio_alternative_to_primary": 1.1912481493772222,
            "primary_restraint": "full_edge_clamp",
            "primary_status": "fail",
            "qualification_effect": "diagnostic_only_does_not_override_primary_quality_gates",
            "schema_version": "kyuubiki.composite-thermal-constraint-sensitivity/v1",
            "strain_energy_change_ratio_alternative_to_primary": 1.7074344214821189
          },
          "thermal_expansion_projection": {
            "coverage_fraction": 1.0,
            "declared_region_count": 3,
            "max_relative_change": 0.0004598576403469113,
            "model": "regional_linear_temperature_dependent_thermal_expansion",
            "parameter_source": "screening_sensitivity_not_material_card",
            "schema_version": "kyuubiki.composite-thermal-expansion-projection/v1",
            "status": "pass",
            "updated_region_count": 3,
            "updates": [
              {
                "adjusted_thermal_expansion_1_k": 0.000017003899608011385,
                "element_id": "conductor_left",
                "mean_temperature_c": 36.14694353276006,
                "reference_thermal_expansion_1_k": 0.000017,
                "relative_change": 0.00022938870655207785
              },
              {
                "adjusted_thermal_expansion_1_k": 0.000045020693593815614,
                "element_id": "dielectric_core",
                "mean_temperature_c": 35.57482205043373,
                "reference_thermal_expansion_1_k": 0.000045,
                "relative_change": 0.0004598576403469113
              },
              {
                "adjusted_thermal_expansion_1_k": 0.000023600010155716496,
                "element_id": "substrate_right",
                "mean_temperature_c": 35.00143442323373,
                "reference_thermal_expansion_1_k": 0.0000236,
                "relative_change": 4.303269701135303e-7
              }
            ]
          },
          "thermal_interface_grading_assessment": {
            "diagnosis": "graded_mesh_did_not_resolve_nonconvergence",
            "displacement_change_ratio_graded_to_uniform": 1.7371964085602938,
            "graded_mesh_convergence": {
              "algebraic_validation": {
                "max_relative_residual": null,
                "method": "original_system_recomputed_l2_residual_over_max_rhs_l2_or_one",
                "qualification_effect": "algebraic_gate_does_not_override_discretization_gates",
                "relative_residual_tolerance": 1e-10,
                "required_series": [
                  "uniform_full_edge_clamp",
                  "uniform_regularized_restraint",
                  "interface_graded_full_edge_clamp"
                ],
                "schema_version": "kyuubiki.composite-thermal-algebraic-validation/v1",
                "series": [],
                "status": "missing"
              },
              "convergence_tolerance": 0.02,
              "diagnostic_metrics": [
                "max_von_mises_stress_pa"
              ],
              "finest_pair_displacement_relative_change": 0.004550550470188883,
              "finest_pair_peak_stress_relative_change": 0.41488338771930766,
              "finest_pair_strain_energy_relative_change": 0.11925566942927222,
              "method": "cosine_graded_quad_h_refinement_at_clamp_interfaces_and_free_edges",
              "pass_metrics": [
                "max_displacement_m",
                "total_strain_energy_j"
              ],
              "refinement_levels": [
                1,
                2,
                4,
                8
              ],
              "regime_assessment": {
                "diagnosis": "pass_metrics_lack_qualified_discretization_uncertainty",
                "gci_safety_factor": 1.25,
                "method": "four_level_constant_ratio_observed_order_and_fine_grid_gci",
                "metrics": [
                  {
                    "coarse_triplet_observed_order": 1.892083743043556,
                    "fine_grid_gci": null,
                    "fine_triplet_observed_order": 1.4031230584173544,
                    "metric": "max_displacement_m",
                    "observed_order_relative_difference": 0.25842444153115135,
                    "qualification_role": "pass_metric",
                    "regime": "oscillatory",
                    "richardson_extrapolated_value": null,
                    "unit": "m"
                  },
                  {
                    "coarse_triplet_observed_order": 0.8547202430599106,
                    "fine_grid_gci": null,
                    "fine_triplet_observed_order": 1.7731375809174912,
                    "metric": "total_strain_energy_j",
                    "observed_order_relative_difference": 0.5179616899114818,
                    "qualification_role": "pass_metric",
                    "regime": "monotonic_pre_asymptotic",
                    "richardson_extrapolated_value": null,
                    "unit": "J"
                  },
                  {
                    "coarse_triplet_observed_order": -1.0587743046819649,
                    "fine_grid_gci": null,
                    "fine_triplet_observed_order": -0.5966170287632134,
                    "metric": "max_von_mises_stress_pa",
                    "observed_order_relative_difference": 0.4365021646965397,
                    "qualification_role": "diagnostic_metric",
                    "regime": "monotonic_diverging",
                    "richardson_extrapolated_value": null,
                    "unit": "Pa"
                  }
                ],
                "order_consistency_tolerance": 0.25,
                "qualification_effect": "gci_gates_require_asymptotic_pass_metric_evidence",
                "qualification_tolerance": 0.02,
                "refinement_ratio": 2.0,
                "schema_version": "kyuubiki.composite-thermal-convergence-regime/v1",
                "status": "fail"
              },
              "samples": [
                {
                  "displacement_relative_change": null,
                  "element_count": 3,
                  "elements_per_original_element": 1,
                  "max_displacement_m": 1.5397564485721907e-6,
                  "max_von_mises_stress_pa": 682080.9059479425,
                  "node_count": 8,
                  "peak_stress_relative_change": null,
                  "strain_energy_relative_change": null,
                  "total_strain_energy_j": 6.892265377993918e-6
                },
                {
                  "displacement_relative_change": 0.04325865450593144,
                  "element_count": 12,
                  "elements_per_original_element": 2,
                  "max_displacement_m": 1.4731486563401263e-6,
                  "max_von_mises_stress_pa": 1183811.8262105277,
                  "node_count": 21,
                  "peak_stress_relative_change": 0.4238265821931043,
                  "strain_energy_relative_change": 0.3436912069804229,
                  "total_strain_energy_j": 4.523454371401808e-6
                },
                {
                  "displacement_relative_change": 0.012034999142984887,
                  "element_count": 48,
                  "elements_per_original_element": 4,
                  "max_displacement_m": 1.4910939710032605e-6,
                  "max_von_mises_stress_pa": 2228998.0830330774,
                  "node_count": 65,
                  "peak_stress_relative_change": 0.46890406267210755,
                  "strain_energy_relative_change": 0.2895768018504592,
                  "total_strain_energy_j": 3.213566921214793e-6
                },
                {
                  "displacement_relative_change": 0.004550550470188883,
                  "element_count": 192,
                  "elements_per_original_element": 8,
                  "max_displacement_m": 1.4843086726324158e-6,
                  "max_von_mises_stress_pa": 3809493.759448726,
                  "node_count": 225,
                  "peak_stress_relative_change": 0.41488338771930766,
                  "strain_energy_relative_change": 0.11925566942927222,
                  "total_strain_energy_j": 2.8303308467695575e-6
                }
              ],
              "schema_version": "kyuubiki.composite-thermal-mesh-convergence/v1",
              "status": "fail"
            },
            "graded_stress_recovery": {
              "convergence_tolerance": 0.02,
              "diagnostic_metrics": [
                "max_stress_pa",
                "max_to_p95_ratio"
              ],
              "finest_pair_max_relative_change": 0.41488338771930766,
              "finest_pair_p95_relative_change": 0.34052656839303025,
              "finest_pair_rms_relative_change": 0.009216138906170577,
              "method": "interface_graded_mesh_element_area_weighted_von_mises_p95_and_rms",
              "pass_metrics": [
                "area_weighted_rms_stress_pa",
                "area_weighted_p95_stress_pa"
              ],
              "refinement_levels": [
                1,
                2,
                4,
                8
              ],
              "samples": [
                {
                  "element_count": 3,
                  "elements_per_original_element": 1,
                  "max_relative_change": null,
                  "p95_relative_change": null,
                  "rms_relative_change": null,
                  "statistics": {
                    "area_weighted_mean_stress_pa": 240282.0623799525,
                    "area_weighted_p95_stress_pa": 682080.9059479425,
                    "area_weighted_rms_stress_pa": 394230.24836212787,
                    "max_stress_pa": 682080.9059479425,
                    "max_to_p95_ratio": 1.0
                  }
                },
                {
                  "element_count": 12,
                  "elements_per_original_element": 2,
                  "max_relative_change": 0.4238265821931043,
                  "p95_relative_change": 0.4238265821931043,
                  "rms_relative_change": 0.1968016954010764,
                  "statistics": {
                    "area_weighted_mean_stress_pa": 243246.1938723397,
                    "area_weighted_p95_stress_pa": 1183811.8262105277,
                    "area_weighted_rms_stress_pa": 490825.5484415974,
                    "max_stress_pa": 1183811.8262105277,
                    "max_to_p95_ratio": 1.0
                  }
                },
                {
                  "element_count": 48,
                  "elements_per_original_element": 4,
                  "max_relative_change": 0.46890406267210755,
                  "p95_relative_change": 0.5157309681289673,
                  "rms_relative_change": 0.04085756489914894,
                  "statistics": {
                    "area_weighted_mean_stress_pa": 184670.13984034356,
                    "area_weighted_p95_stress_pa": 573283.4069964514,
                    "area_weighted_rms_stress_pa": 470771.6117419845,
                    "max_stress_pa": 2228998.0830330774,
                    "max_to_p95_ratio": 3.8881259353227273
                  }
                },
                {
                  "element_count": 192,
                  "elements_per_original_element": 8,
                  "max_relative_change": 0.41488338771930766,
                  "p95_relative_change": 0.34052656839303025,
                  "rms_relative_change": 0.009216138906170577,
                  "statistics": {
                    "area_weighted_mean_stress_pa": 172440.48989687706,
                    "area_weighted_p95_stress_pa": 869304.7809363676,
                    "area_weighted_rms_stress_pa": 466432.9151750885,
                    "max_stress_pa": 3809493.759448726,
                    "max_to_p95_ratio": 4.382230309771617
                  }
                }
              ],
              "schema_version": "kyuubiki.composite-thermal-stress-recovery/v1",
              "status": "fail"
            },
            "max_change_ratio_graded_to_uniform": 1.5977978485241162,
            "p95_change_ratio_graded_to_uniform": 1.1439785709767762,
            "qualification_effect": "diagnostic_only_does_not_override_uniform_mesh_gates",
            "rms_change_ratio_graded_to_uniform": 0.5711220061599577,
            "schema_version": "kyuubiki.composite-thermal-interface-grading-assessment/v1",
            "strain_energy_change_ratio_graded_to_uniform": 0.9046323184294676
          },
          "thermal_mesh_convergence": {
            "algebraic_validation": {
              "max_relative_residual": 2.1685729886507063e-14,
              "method": "original_system_recomputed_l2_residual_over_max_rhs_l2_or_one",
              "qualification_effect": "algebraic_gate_does_not_override_discretization_gates",
              "relative_residual_tolerance": 1e-10,
              "required_series": [
                "uniform_full_edge_clamp",
                "uniform_regularized_restraint",
                "interface_graded_full_edge_clamp"
              ],
              "schema_version": "kyuubiki.composite-thermal-algebraic-validation/v1",
              "series": [
                {
                  "label": "uniform_full_edge_clamp",
                  "max_relative_residual": 1.5093603348794912e-14,
                  "samples": [
                    {
                      "element_count": 3,
                      "elements_per_original_element": 1,
                      "matrix_non_zero_count": 112,
                      "node_count": 8,
                      "relative_residual": 2.6285823053477415e-16,
                      "residual_norm": 2.5025309174904644e-14,
                      "rhs_norm": 95.20458660925964,
                      "solver_iterations": 0
                    },
                    {
                      "element_count": 12,
                      "elements_per_original_element": 2,
                      "matrix_non_zero_count": 439,
                      "node_count": 21,
                      "relative_residual": 6.963810926208146e-16,
                      "residual_norm": 6.526458662707868e-14,
                      "rhs_norm": 93.71964190104138,
                      "solver_iterations": 0
                    },
                    {
                      "element_count": 48,
                      "elements_per_original_element": 4,
                      "matrix_non_zero_count": 1747,
                      "node_count": 65,
                      "relative_residual": 3.9797779646561006e-15,
                      "residual_norm": 2.9336567108840684e-13,
                      "rhs_norm": 73.7140799546482,
                      "solver_iterations": 0
                    },
                    {
                      "element_count": 192,
                      "elements_per_original_element": 8,
                      "matrix_non_zero_count": 6925,
                      "node_count": 225,
                      "relative_residual": 1.5093603348794912e-14,
                      "residual_norm": 8.232240982835538e-13,
                      "rhs_norm": 54.541256932479335,
                      "solver_iterations": 0
                    }
                  ],
                  "solver_path": "dense_direct",
                  "status": "pass"
                },
                {
                  "label": "uniform_regularized_restraint",
                  "max_relative_residual": 1.6640218415084085e-14,
                  "samples": [
                    {
                      "element_count": 3,
                      "elements_per_original_element": 1,
                      "matrix_non_zero_count": 121,
                      "node_count": 8,
                      "relative_residual": 2.547848366841993e-16,
                      "residual_norm": 2.7088229600155536e-14,
                      "rhs_norm": 106.3180601824074,
                      "solver_iterations": 0
                    },
                    {
                      "element_count": 12,
                      "elements_per_original_element": 2,
                      "matrix_non_zero_count": 462,
                      "node_count": 21,
                      "relative_residual": 1.0803376702446028e-15,
                      "residual_norm": 1.044264148961941e-13,
                      "rhs_norm": 96.6609031346195,
                      "solver_iterations": 0
                    },
                    {
                      "element_count": 48,
                      "elements_per_original_element": 4,
                      "matrix_non_zero_count": 1799,
                      "node_count": 65,
                      "relative_residual": 4.227485245349507e-15,
                      "residual_norm": 3.156140417727697e-13,
                      "rhs_norm": 74.65763295565952,
                      "solver_iterations": 0
                    },
                    {
                      "element_count": 192,
                      "elements_per_original_element": 8,
                      "matrix_non_zero_count": 7030,
                      "node_count": 225,
                      "relative_residual": 1.6640218415084085e-14,
                      "residual_norm": 9.129019625465576e-13,
                      "rhs_norm": 54.861176684978304,
                      "solver_iterations": 0
                    }
                  ],
                  "solver_path": "dense_direct",
                  "status": "pass"
                },
                {
                  "label": "interface_graded_full_edge_clamp",
                  "max_relative_residual": 2.1685729886507063e-14,
                  "samples": [
                    {
                      "element_count": 3,
                      "elements_per_original_element": 1,
                      "matrix_non_zero_count": 112,
                      "node_count": 8,
                      "relative_residual": 2.6285823053477415e-16,
                      "residual_norm": 2.5025309174904644e-14,
                      "rhs_norm": 95.20458660925964,
                      "solver_iterations": 0
                    },
                    {
                      "element_count": 12,
                      "elements_per_original_element": 2,
                      "matrix_non_zero_count": 444,
                      "node_count": 21,
                      "relative_residual": 8.277276486610201e-16,
                      "residual_norm": 7.75743388241018e-14,
                      "rhs_norm": 93.71964190104138,
                      "solver_iterations": 0
                    },
                    {
                      "element_count": 48,
                      "elements_per_original_element": 4,
                      "matrix_non_zero_count": 1748,
                      "node_count": 65,
                      "relative_residual": 5.490139785112006e-15,
                      "residual_norm": 4.485364533957954e-13,
                      "rhs_norm": 81.69854884426128,
                      "solver_iterations": 0
                    },
                    {
                      "element_count": 192,
                      "elements_per_original_element": 8,
                      "matrix_non_zero_count": 6948,
                      "node_count": 225,
                      "relative_residual": 2.1685729886507063e-14,
                      "residual_norm": 1.337050566019964e-12,
                      "rhs_norm": 61.655778847078665,
                      "solver_iterations": 0
                    }
                  ],
                  "solver_path": "dense_direct",
                  "status": "pass"
                }
              ],
              "status": "pass"
            },
            "convergence_tolerance": 0.02,
            "diagnostic_metrics": [
              "max_von_mises_stress_pa"
            ],
            "finest_pair_displacement_relative_change": 0.0026194795520905804,
            "finest_pair_peak_stress_relative_change": 0.2596594982916862,
            "finest_pair_strain_energy_relative_change": 0.13182777908743304,
            "method": "structured_quad_h_refinement_preserving_piecewise_linear_temperature_full_edge_clamp",
            "pass_metrics": [
              "max_displacement_m",
              "total_strain_energy_j"
            ],
            "refinement_levels": [
              1,
              2,
              4,
              8
            ],
            "regime_assessment": {
              "diagnosis": "pass_metrics_lack_qualified_discretization_uncertainty",
              "gci_safety_factor": 1.25,
              "method": "four_level_constant_ratio_observed_order_and_fine_grid_gci",
              "metrics": [
                {
                  "coarse_triplet_observed_order": 3.814298958963136,
                  "fine_grid_gci": null,
                  "fine_triplet_observed_order": 0.2867232722163633,
                  "metric": "max_displacement_m",
                  "observed_order_relative_difference": 0.9248293656839356,
                  "qualification_role": "pass_metric",
                  "regime": "oscillatory",
                  "richardson_extrapolated_value": null,
                  "unit": "m"
                },
                {
                  "coarse_triplet_observed_order": 1.0831686799017273,
                  "fine_grid_gci": 0.1273427349597822,
                  "fine_triplet_observed_order": 1.316445171820028,
                  "metric": "total_strain_energy_j",
                  "observed_order_relative_difference": 0.17720182876723117,
                  "qualification_role": "pass_metric",
                  "regime": "asymptotic_converging",
                  "richardson_extrapolated_value": 2.6552828659081263e-6,
                  "unit": "J"
                },
                {
                  "coarse_triplet_observed_order": 0.04118842936122424,
                  "fine_grid_gci": null,
                  "fine_triplet_observed_order": -0.26570992964330803,
                  "metric": "max_von_mises_stress_pa",
                  "observed_order_relative_difference": 1.1550127592766897,
                  "qualification_role": "diagnostic_metric",
                  "regime": "monotonic_diverging",
                  "richardson_extrapolated_value": null,
                  "unit": "Pa"
                }
              ],
              "order_consistency_tolerance": 0.25,
              "qualification_effect": "gci_gates_require_asymptotic_pass_metric_evidence",
              "qualification_tolerance": 0.02,
              "refinement_ratio": 2.0,
              "schema_version": "kyuubiki.composite-thermal-convergence-regime/v1",
              "status": "fail"
            },
            "samples": [
              {
                "displacement_relative_change": null,
                "element_count": 3,
                "elements_per_original_element": 1,
                "max_displacement_m": 1.5397564485721907e-6,
                "max_von_mises_stress_pa": 682080.9059479425,
                "node_count": 8,
                "peak_stress_relative_change": null,
                "strain_energy_relative_change": null,
                "total_strain_energy_j": 6.892265377993918e-6
              },
              {
                "displacement_relative_change": 0.04325865450589376,
                "element_count": 12,
                "elements_per_original_element": 2,
                "max_displacement_m": 1.4731486563401843e-6,
                "max_von_mises_stress_pa": 1183811.8262105277,
                "node_count": 21,
                "peak_stress_relative_change": 0.4238265821931043,
                "strain_energy_relative_change": 0.3436912069804229,
                "total_strain_energy_j": 4.523454371401808e-6
              },
              {
                "displacement_relative_change": 0.00320380766556401,
                "element_count": 48,
                "elements_per_original_element": 4,
                "max_displacement_m": 1.4778835108610918e-6,
                "max_von_mises_stress_pa": 1671421.051338914,
                "node_count": 65,
                "peak_stress_relative_change": 0.29173332760035564,
                "strain_energy_relative_change": 0.24716896295092877,
                "total_strain_energy_j": 3.4053968454665774e-6
              },
              {
                "displacement_relative_change": 0.0026194795520905804,
                "element_count": 192,
                "elements_per_original_element": 8,
                "max_displacement_m": 1.4817649638849927e-6,
                "max_von_mises_stress_pa": 2257638.272500504,
                "node_count": 225,
                "peak_stress_relative_change": 0.2596594982916862,
                "strain_energy_relative_change": 0.13182777908743304,
                "total_strain_energy_j": 2.956470942417368e-6
              }
            ],
            "schema_version": "kyuubiki.composite-thermal-mesh-convergence/v1",
            "status": "fail"
          },
          "thermal_stress_recovery": {
            "convergence_tolerance": 0.02,
            "diagnostic_metrics": [
              "max_stress_pa",
              "max_to_p95_ratio"
            ],
            "finest_pair_max_relative_change": 0.2596594982916862,
            "finest_pair_p95_relative_change": 0.2976686600888639,
            "finest_pair_rms_relative_change": 0.016136900358886458,
            "method": "uniform_mesh_element_area_weighted_von_mises_p95_and_rms",
            "pass_metrics": [
              "area_weighted_rms_stress_pa",
              "area_weighted_p95_stress_pa"
            ],
            "refinement_levels": [
              1,
              2,
              4,
              8
            ],
            "samples": [
              {
                "element_count": 3,
                "elements_per_original_element": 1,
                "max_relative_change": null,
                "p95_relative_change": null,
                "rms_relative_change": null,
                "statistics": {
                  "area_weighted_mean_stress_pa": 240282.0623799525,
                  "area_weighted_p95_stress_pa": 682080.9059479425,
                  "area_weighted_rms_stress_pa": 394230.24836212787,
                  "max_stress_pa": 682080.9059479425,
                  "max_to_p95_ratio": 1.0
                }
              },
              {
                "element_count": 12,
                "elements_per_original_element": 2,
                "max_relative_change": 0.4238265821931043,
                "p95_relative_change": 0.4238265821931043,
                "rms_relative_change": 0.19680169540107667,
                "statistics": {
                  "area_weighted_mean_stress_pa": 243246.1938723396,
                  "area_weighted_p95_stress_pa": 1183811.8262105277,
                  "area_weighted_rms_stress_pa": 490825.5484415975,
                  "max_stress_pa": 1183811.8262105277,
                  "max_to_p95_ratio": 1.0
                }
              },
              {
                "element_count": 48,
                "elements_per_original_element": 4,
                "max_relative_change": 0.29173332760035564,
                "p95_relative_change": 0.2452205433923292,
                "rms_relative_change": 0.021365686486930623,
                "statistics": {
                  "area_weighted_mean_stress_pa": 192385.42815566107,
                  "area_weighted_p95_stress_pa": 1568420.835844059,
                  "area_weighted_rms_stress_pa": 480338.7236538186,
                  "max_stress_pa": 1671421.051338914,
                  "max_to_p95_ratio": 1.0656712874127463
                }
              },
              {
                "element_count": 192,
                "elements_per_original_element": 8,
                "max_relative_change": 0.2596594982916862,
                "p95_relative_change": 0.2976686600888639,
                "rms_relative_change": 0.016136900358886458,
                "statistics": {
                  "area_weighted_mean_stress_pa": 176715.18702289413,
                  "area_weighted_p95_stress_pa": 1101551.107182902,
                  "area_weighted_rms_stress_pa": 472587.5455317022,
                  "max_stress_pa": 2257638.272500504,
                  "max_to_p95_ratio": 2.049508422967474
                }
              }
            ],
            "schema_version": "kyuubiki.composite-thermal-stress-recovery/v1",
            "status": "fail"
          }
        },
        "status": "completed"
      },
      "requires_confirmation": false
    },
    {
      "index": 7,
      "action": "solve_composite_thermo_electric_panel",
      "risk": "normal",
      "status": "executed",
      "payload": {
        "electric_conduction_feedback": {
          "parameter_source": "screening_reference_not_material_card",
          "regions": [
            {
              "element_id": "conductor_left",
              "reference_resistivity_ohm_m": 1.68e-8,
              "reference_temperature_c": 35.0,
              "resistivity_temperature_coefficient_1_k": 0.00393
            }
          ]
        },
        "electric_conduction_model": {
          "contact_interfaces": [],
          "elements": [
            {
              "electrical_conductivity_s_m": 59523809.523809515,
              "id": "conductor_left",
              "node_i": 0,
              "node_j": 1,
              "node_k": 2,
              "node_l": 3,
              "thickness": 0.001
            }
          ],
          "nodes": [
            {
              "current_source_a": 0.0,
              "electric_potential_v": 0.0,
              "fix_electric_potential": true,
              "id": "n0",
              "x": 0.0,
              "y": 0.0
            },
            {
              "current_source_a": 0.0,
              "electric_potential_v": 0.000033600000000000004,
              "fix_electric_potential": true,
              "id": "n1",
              "x": 0.03,
              "y": 0.0
            },
            {
              "current_source_a": 0.0,
              "electric_potential_v": 0.000033600000000000004,
              "fix_electric_potential": true,
              "id": "n5",
              "x": 0.03,
              "y": 0.03
            },
            {
              "current_source_a": 0.0,
              "electric_potential_v": 0.0,
              "fix_electric_potential": true,
              "id": "n4",
              "x": 0.0,
              "y": 0.03
            }
          ],
          "terminals": []
        },
        "electrostatic_model": {
          "elements": [
            {
              "id": "conductor_left",
              "node_i": 0,
              "node_j": 1,
              "node_k": 5,
              "node_l": 4,
              "permittivity": 1.0,
              "thickness": 0.001
            },
            {
              "id": "dielectric_core",
              "node_i": 1,
              "node_j": 2,
              "node_k": 6,
              "node_l": 5,
              "permittivity": 2.1,
              "thickness": 0.001
            },
            {
              "id": "substrate_right",
              "node_i": 2,
              "node_j": 3,
              "node_k": 7,
              "node_l": 6,
              "permittivity": 4.2,
              "thickness": 0.001
            }
          ],
          "nodes": [
            {
              "charge_density": 0.0,
              "fix_potential": true,
              "id": "n0",
              "potential": 0.0,
              "x": 0.0,
              "y": 0.0
            },
            {
              "charge_density": 0.0,
              "fix_potential": false,
              "id": "n1",
              "potential": 0.0,
              "x": 0.03,
              "y": 0.0
            },
            {
              "charge_density": 0.0,
              "fix_potential": false,
              "id": "n2",
              "potential": 0.0,
              "x": 0.06,
              "y": 0.0
            },
            {
              "charge_density": 0.0,
              "fix_potential": true,
              "id": "n3",
              "potential": 7404,
              "x": 0.09,
              "y": 0.0
            },
            {
              "charge_density": 0.0,
              "fix_potential": true,
              "id": "n4",
              "potential": 0.0,
              "x": 0.0,
              "y": 0.03
            },
            {
              "charge_density": 0.0,
              "fix_potential": false,
              "id": "n5",
              "potential": 0.0,
              "x": 0.03,
              "y": 0.03
            },
            {
              "charge_density": 0.0,
              "fix_potential": false,
              "id": "n6",
              "potential": 0.0,
              "x": 0.06,
              "y": 0.03
            },
            {
              "charge_density": 0.0,
              "fix_potential": true,
              "id": "n7",
              "potential": 7404,
              "x": 0.09,
              "y": 0.03
            }
          ]
        },
        "electrothermal_feedback": {
          "conductivity_relative_change_tolerance": 1e-9,
          "loss_relative_change_tolerance": 1e-9,
          "loss_tangent_temperature_coefficient_1_k": 0.001,
          "max_iterations": 12,
          "parameter_source": "screening_sensitivity_not_material_card",
          "relative_permittivity_temperature_coefficient_1_k": 0.0001,
          "relaxation_factor": 0.8,
          "temperature_residual_tolerance_c": 1e-7,
          "thermal_conductivity_models": [
            {
              "element_id": "conductor_left",
              "reference_temperature_c": 35.0,
              "temperature_coefficient_1_k": -0.001
            },
            {
              "element_id": "dielectric_core",
              "reference_temperature_c": 35.0,
              "temperature_coefficient_1_k": -0.002
            },
            {
              "element_id": "substrate_right",
              "reference_temperature_c": 35.0,
              "temperature_coefficient_1_k": -0.0012
            }
          ]
        },
        "electrothermal_loss": {
          "frequency_hz": 10000000.0,
          "loss_tangent": 0.0002,
          "reference_temperature_c": 35.0,
          "relative_permittivity": 2.1,
          "source_element_id": "dielectric_core"
        },
        "heat_model": {
          "elements": [
            {
              "conductivity": 390.0,
              "id": "conductor_left",
              "node_i": 0,
              "node_j": 1,
              "node_k": 5,
              "node_l": 4,
              "thickness": 0.001
            },
            {
              "conductivity": 0.25,
              "id": "dielectric_core",
              "node_i": 1,
              "node_j": 2,
              "node_k": 6,
              "node_l": 5,
              "thickness": 0.001
            },
            {
              "conductivity": 160.0,
              "id": "substrate_right",
              "node_i": 2,
              "node_j": 3,
              "node_k": 7,
              "node_l": 6,
              "thickness": 0.001
            }
          ],
          "nodes": [
            {
              "fix_temperature": false,
              "heat_load": 0.0,
              "id": "n0",
              "temperature": 35.0,
              "x": 0.0,
              "y": 0.0
            },
            {
              "fix_temperature": false,
              "heat_load": 0.0,
              "id": "n1",
              "temperature": 35.0,
              "x": 0.03,
              "y": 0.0
            },
            {
              "fix_temperature": false,
              "heat_load": 0.0,
              "id": "n2",
              "temperature": 35.0,
              "x": 0.06,
              "y": 0.0
            },
            {
              "fix_temperature": true,
              "heat_load": 0.0,
              "id": "n3",
              "temperature": 35.0,
              "x": 0.09,
              "y": 0.0
            },
            {
              "fix_temperature": false,
              "heat_load": 0.0,
              "id": "n4",
              "temperature": 35.0,
              "x": 0.0,
              "y": 0.03
            },
            {
              "fix_temperature": false,
              "heat_load": 0.0,
              "id": "n5",
              "temperature": 35.0,
              "x": 0.03,
              "y": 0.03
            },
            {
              "fix_temperature": false,
              "heat_load": 0.0,
              "id": "n6",
              "temperature": 35.0,
              "x": 0.06,
              "y": 0.03
            },
            {
              "fix_temperature": true,
              "heat_load": 0.0,
              "id": "n7",
              "temperature": 35.0,
              "x": 0.09,
              "y": 0.03
            }
          ]
        },
        "research": {
          "candidate_id": "copper_ptfe_glass_epoxy",
          "candidate_label": "Copper / PTFE / Glass epoxy",
          "coupling": "iterative_dielectric_and_conductor_joule_heating_with_temperature_dependent_electrical_thermal_feedback_and_expansion_projection",
          "materials": {
            "conductor": "copper",
            "dielectric": "ptfe",
            "substrate": "glass_epoxy"
          },
          "study": "material.composite_thermo_electric_panel.v1"
        },
        "thermal_expansion_feedback": {
          "parameter_source": "screening_sensitivity_not_material_card",
          "regions": [
            {
              "element_id": "conductor_left",
              "reference_temperature_c": 35.0,
              "temperature_coefficient_1_k": 0.0002
            },
            {
              "element_id": "dielectric_core",
              "reference_temperature_c": 35.0,
              "temperature_coefficient_1_k": 0.0008
            },
            {
              "element_id": "substrate_right",
              "reference_temperature_c": 35.0,
              "temperature_coefficient_1_k": 0.0003
            }
          ]
        },
        "thermal_model": {
          "elements": [
            {
              "id": "conductor_left",
              "node_i": 0,
              "node_j": 1,
              "node_k": 5,
              "node_l": 4,
              "poisson_ratio": 0.32,
              "thermal_expansion": 0.000017,
              "thickness": 0.001,
              "youngs_modulus": 110000000000.0
            },
            {
              "id": "dielectric_core",
              "node_i": 1,
              "node_j": 2,
              "node_k": 6,
              "node_l": 5,
              "poisson_ratio": 0.32,
              "thermal_expansion": 0.000045,
              "thickness": 0.001,
              "youngs_modulus": 2500000000.0
            },
            {
              "id": "substrate_right",
              "node_i": 2,
              "node_j": 3,
              "node_k": 7,
              "node_l": 6,
              "poisson_ratio": 0.32,
              "thermal_expansion": 0.000014,
              "thickness": 0.001,
              "youngs_modulus": 22000000000.0
            }
          ],
          "nodes": [
            {
              "fix_x": true,
              "fix_y": true,
              "id": "n0",
              "load_x": 0.0,
              "load_y": 0.0,
              "temperature_delta": 0.0,
              "x": 0.0,
              "y": 0.0
            },
            {
              "fix_x": false,
              "fix_y": false,
              "id": "n1",
              "load_x": 0.0,
              "load_y": 0.0,
              "temperature_delta": 0.0,
              "x": 0.03,
              "y": 0.0
            },
            {
              "fix_x": false,
              "fix_y": false,
              "id": "n2",
              "load_x": 0.0,
              "load_y": 0.0,
              "temperature_delta": 0.0,
              "x": 0.06,
              "y": 0.0
            },
            {
              "fix_x": false,
              "fix_y": false,
              "id": "n3",
              "load_x": 0.0,
              "load_y": 0.0,
              "temperature_delta": 0.0,
              "x": 0.09,
              "y": 0.0
            },
            {
              "fix_x": true,
              "fix_y": true,
              "id": "n4",
              "load_x": 0.0,
              "load_y": 0.0,
              "temperature_delta": 0.0,
              "x": 0.0,
              "y": 0.03
            },
            {
              "fix_x": false,
              "fix_y": false,
              "id": "n5",
              "load_x": 0.0,
              "load_y": 0.0,
              "temperature_delta": 0.0,
              "x": 0.03,
              "y": 0.03
            },
            {
              "fix_x": false,
              "fix_y": false,
              "id": "n6",
              "load_x": 0.0,
              "load_y": 0.0,
              "temperature_delta": 0.0,
              "x": 0.06,
              "y": 0.03
            },
            {
              "fix_x": false,
              "fix_y": false,
              "id": "n7",
              "load_x": 0.0,
              "load_y": 0.0,
              "temperature_delta": 0.0,
              "x": 0.09,
              "y": 0.03
            }
          ]
        }
      },
      "result_preview": {
        "job": {
          "created_at": "2026-08-13T11:22:48.735650Z",
          "execution_started_at": null,
          "execution_timeout_ms": 120000,
          "has_result": false,
          "iteration": null,
          "job_id": "9c35f47ec2b327ca",
          "message": null,
          "model_version_id": null,
          "progress": 0.0,
          "project_id": "782d15a46df43ec4",
          "queue_timeout_ms": 1800000,
          "residual": null,
          "simulation_case_id": "e663c68baed27540",
          "status": "queued",
          "status_detail": {
            "active": true,
            "failure_class": null,
            "lifecycle": "active",
            "recoverable": false,
            "terminal": false,
            "timing": {
              "effective_deadline": "2026-08-13T11:52:48.735650Z",
              "effective_timeout_ms": 1800000,
              "execution_elapsed_ms": null,
              "execution_started_at": null,
              "execution_timeout_ms": 120000,
              "job_submission_deadline": "2026-08-13T11:52:48.735650Z",
              "phase": "queue",
              "queue_timeout_ms": 1800000,
              "queue_wait_ms": 0,
              "total_elapsed_ms": 0
            }
          },
          "updated_at": "2026-08-13T11:22:48.735650Z",
          "worker_id": null
        },
        "job_id": "9c35f47ec2b327ca",
        "progress": 0.0,
        "raw": {
          "job": {
            "created_at": "2026-08-13T11:22:48.735650Z",
            "execution_started_at": null,
            "execution_timeout_ms": 120000,
            "has_result": false,
            "iteration": null,
            "job_id": "9c35f47ec2b327ca",
            "message": null,
            "model_version_id": null,
            "progress": 0.0,
            "project_id": "782d15a46df43ec4",
            "queue_timeout_ms": 1800000,
            "residual": null,
            "simulation_case_id": "e663c68baed27540",
            "status": "queued",
            "status_detail": {
              "active": true,
              "failure_class": null,
              "lifecycle": "active",
              "recoverable": false,
              "terminal": false,
              "timing": {
                "effective_deadline": "2026-08-13T11:52:48.735650Z",
                "effective_timeout_ms": 1800000,
                "execution_elapsed_ms": null,
                "execution_started_at": null,
                "execution_timeout_ms": 120000,
                "job_submission_deadline": "2026-08-13T11:52:48.735650Z",
                "phase": "queue",
                "queue_timeout_ms": 1800000,
                "queue_wait_ms": 0,
                "total_elapsed_ms": 0
              }
            },
            "updated_at": "2026-08-13T11:22:48.735650Z",
            "worker_id": null
          }
        },
        "status": "queued"
      },
      "requires_confirmation": false
    },
    {
      "index": 8,
      "action": "job_wait",
      "risk": "normal",
      "status": "executed",
      "payload": {
        "interval_ms": 1000,
        "job_id": "9c35f47ec2b327ca",
        "max_total_timeout_ms": 3600000,
        "resume_policy": "server_deadline",
        "timeout_ms": 60000
      },
      "result_preview": {
        "job": {
          "created_at": "2026-08-13T11:22:48.735650Z",
          "execution_started_at": "2026-08-13T11:22:48.738592Z",
          "execution_timeout_ms": 120000,
          "iteration": 4,
          "job_id": "9c35f47ec2b327ca",
          "message": "collecting nodal and elemental responses",
          "model_version_id": null,
          "progress": 1.0,
          "project_id": "782d15a46df43ec4",
          "queue_timeout_ms": 1800000,
          "residual": 0.2,
          "simulation_case_id": "e663c68baed27540",
          "status": "completed",
          "status_detail": {
            "active": false,
            "failure_class": null,
            "lifecycle": "terminal",
            "recoverable": false,
            "terminal": true,
            "timing": {
              "effective_deadline": "2026-08-13T11:24:48.738592Z",
              "effective_timeout_ms": 120000,
              "execution_elapsed_ms": 6048,
              "execution_started_at": "2026-08-13T11:22:48.738592Z",
              "execution_timeout_ms": 120000,
              "job_submission_deadline": "2026-08-13T11:52:48.735650Z",
              "phase": "execution",
              "queue_timeout_ms": 1800000,
              "queue_wait_ms": 2,
              "total_elapsed_ms": 6050
            }
          },
          "updated_at": "2026-08-13T11:22:54.786649Z",
          "worker_id": "rust-agent-rpc@127.0.0.1:5002"
        },
        "job_id": "9c35f47ec2b327ca",
        "progress": 1.0,
        "raw": {
          "job": {
            "created_at": "2026-08-13T11:22:48.735650Z",
            "execution_started_at": "2026-08-13T11:22:48.738592Z",
            "execution_timeout_ms": 120000,
            "iteration": 4,
            "job_id": "9c35f47ec2b327ca",
            "message": "collecting nodal and elemental responses",
            "model_version_id": null,
            "progress": 1.0,
            "project_id": "782d15a46df43ec4",
            "queue_timeout_ms": 1800000,
            "residual": 0.2,
            "simulation_case_id": "e663c68baed27540",
            "status": "completed",
            "status_detail": {
              "active": false,
              "failure_class": null,
              "lifecycle": "terminal",
              "recoverable": false,
              "terminal": true,
              "timing": {
                "effective_deadline": "2026-08-13T11:24:48.738592Z",
                "effective_timeout_ms": 120000,
                "execution_elapsed_ms": 6048,
                "execution_started_at": "2026-08-13T11:22:48.738592Z",
                "execution_timeout_ms": 120000,
                "job_submission_deadline": "2026-08-13T11:52:48.735650Z",
                "phase": "execution",
                "queue_timeout_ms": 1800000,
                "queue_wait_ms": 2,
                "total_elapsed_ms": 6050
              }
            },
            "updated_at": "2026-08-13T11:22:54.786649Z",
            "worker_id": "rust-agent-rpc@127.0.0.1:5002"
          }
        },
        "result": null,
        "status": "completed",
        "wait": {
          "elapsed_ms": 6073,
          "policy": "server_deadline",
          "poll_attempts": 7,
          "resume_count": 0
        }
      },
      "requires_confirmation": false
    },
    {
      "index": 9,
      "action": "result_fetch",
      "risk": "normal",
      "status": "executed",
      "payload": {
        "job_id": "9c35f47ec2b327ca"
      },
      "result_preview": {
        "job": {
          "created_at": "2026-08-13T11:22:48.735650Z",
          "execution_started_at": "2026-08-13T11:22:48.738592Z",
          "execution_timeout_ms": 120000,
          "has_result": true,
          "iteration": 4,
          "job_id": "9c35f47ec2b327ca",
          "message": "collecting nodal and elemental responses",
          "model_version_id": null,
          "progress": 1.0,
          "project_id": "782d15a46df43ec4",
          "queue_timeout_ms": 1800000,
          "residual": 0.2,
          "simulation_case_id": "e663c68baed27540",
          "status": "completed",
          "status_detail": {
            "active": false,
            "failure_class": null,
            "lifecycle": "terminal",
            "recoverable": false,
            "terminal": true,
            "timing": {
              "effective_deadline": "2026-08-13T11:24:48.738592Z",
              "effective_timeout_ms": 120000,
              "execution_elapsed_ms": 6048,
              "execution_started_at": "2026-08-13T11:22:48.738592Z",
              "execution_timeout_ms": 120000,
              "job_submission_deadline": "2026-08-13T11:52:48.735650Z",
              "phase": "execution",
              "queue_timeout_ms": 1800000,
              "queue_wait_ms": 2,
              "total_elapsed_ms": 6050
            }
          },
          "updated_at": "2026-08-13T11:22:54.786649Z",
          "worker_id": "rust-agent-rpc@127.0.0.1:5002"
        },
        "job_id": "9c35f47ec2b327ca",
        "result": {
          "electric_conduction": {
            "contact_interfaces": [],
            "current_balance_relative_error": 0.0,
            "elements": [
              {
                "area_m2": 0.0009,
                "average_electric_potential_v": 0.000016800000000000002,
                "current_density_magnitude_a_m2": 66080.53479665091,
                "current_density_x_a_m2": -66080.53479665091,
                "current_density_y_a_m2": -0.0,
                "electric_field_magnitude_v_m": 0.00112,
                "electric_field_x_v_m": -0.00112,
                "electric_field_y_v_m": -0.0,
                "electric_potential_gradient_x_v_m": 0.00112,
                "electric_potential_gradient_y_v_m": 0.0,
                "id": "conductor_left",
                "index": 0,
                "joule_power_w": 0.00006660917907502414,
                "node_i": 0,
                "node_j": 1,
                "node_k": 2,
                "node_l": 3,
                "peak_current_density_magnitude_a_m2": 66080.53479665091,
                "peak_electric_field_magnitude_v_m": 0.00112,
                "rms_current_density_magnitude_a_m2": 66080.53479665091,
                "rms_electric_field_magnitude_v_m": 0.00112,
                "volumetric_joule_heating_w_m3": 74.01019897224903
              }
            ],
            "free_current_residual_relative_error": 0.0,
            "input": {
              "contact_interfaces": [],
              "elements": [
                {
                  "electrical_conductivity_s_m": 59000477.49700974,
                  "id": "conductor_left",
                  "node_i": 0,
                  "node_j": 1,
                  "node_k": 2,
                  "node_l": 3,
                  "thickness": 0.001
                }
              ],
              "nodes": [
                {
                  "current_source_a": 0.0,
                  "electric_potential_v": 0.0,
                  "fix_electric_potential": true,
                  "id": "n0",
                  "x": 0.0,
                  "y": 0.0
                },
                {
                  "current_source_a": 0.0,
                  "electric_potential_v": 0.000033600000000000004,
                  "fix_electric_potential": true,
                  "id": "n1",
                  "x": 0.03,
                  "y": 0.0
                },
                {
                  "current_source_a": 0.0,
                  "electric_potential_v": 0.000033600000000000004,
                  "fix_electric_potential": true,
                  "id": "n5",
                  "x": 0.03,
                  "y": 0.03
                },
                {
                  "current_source_a": 0.0,
                  "electric_potential_v": 0.0,
                  "fix_electric_potential": true,
                  "id": "n4",
                  "x": 0.0,
                  "y": 0.03
                }
              ],
              "terminals": []
            },
            "max_current_density_a_m2": 66080.53479665091,
            "max_electric_field_v_m": 0.00112,
            "max_electric_potential_v": 0.000033600000000000004,
            "max_free_current_residual_a": 0.0,
            "nodes": [
              {
                "current_source_a": 0.0,
                "electric_potential_v": 0.0,
                "fix_electric_potential": true,
                "id": "n0",
                "index": 0,
                "net_injected_current_a": -0.991208021949764,
                "reaction_current_a": -0.991208021949764,
                "x": 0.0,
                "y": 0.0
              },
              {
                "current_source_a": 0.0,
                "electric_potential_v": 0.000033600000000000004,
                "fix_electric_potential": true,
                "id": "n1",
                "index": 1,
                "net_injected_current_a": 0.991208021949764,
                "reaction_current_a": 0.991208021949764,
                "x": 0.03,
                "y": 0.0
              },
              {
                "current_source_a": 0.0,
                "electric_potential_v": 0.000033600000000000004,
                "fix_electric_potential": true,
                "id": "n5",
                "index": 2,
                "net_injected_current_a": 0.991208021949764,
                "reaction_current_a": 0.991208021949764,
                "x": 0.03,
                "y": 0.03
              },
              {
                "current_source_a": 0.0,
                "electric_potential_v": 0.0,
                "fix_electric_potential": true,
                "id": "n4",
                "index": 3,
                "net_injected_current_a": -0.991208021949764,
                "reaction_current_a": -0.991208021949764,
                "x": 0.0,
                "y": 0.03
              }
            ],
            "power_balance_relative_error": 0.0,
            "source_power_balance_relative_error": 0.0,
            "terminals": [],
            "total_bulk_joule_power_w": 0.00006660917907502414,
            "total_contact_joule_power_w": -0.0,
            "total_dissipated_power_w": 0.00006660917907502414,
            "total_electrical_input_power_w": 0.00006660917907502414,
            "total_extracted_current_a": 1.9824160438995275,
            "total_injected_current_a": 1.9824160438995275,
            "total_joule_power_w": 0.00006660917907502414,
            "total_source_power_w": 0.00006660917907502414,
            "total_terminal_impedance_power_w": -0.0
          },
          "electrostatic": {
            "elements": [
              {
                "area": 0.0009,
                "average_potential": 2159.567885090004,
                "electric_energy_density": 10363852111.804695,
                "electric_field_magnitude": 143971.19233933362,
                "electric_field_x": -143971.19233933362,
                "electric_field_y": -1.4551915228366852e-11,
                "electric_flux_density_magnitude": 143971.19233933362,
                "electric_flux_density_x": -143971.19233933362,
                "electric_flux_density_y": -1.4551915228366852e-11,
                "id": "conductor_left",
                "index": 0,
                "node_i": 0,
                "node_j": 1,
                "node_k": 5,
                "node_l": 4,
                "potential_gradient_x": 143971.19233933362,
                "potential_gradient_y": 1.4551915228366852e-11,
                "stored_energy": 9327.466900624227
              },
              {
                "area": 0.0009,
                "average_potential": 5347.3850553066695,
                "electric_energy_density": 4934609186.725104,
                "electric_field_magnitude": 68549.95234177752,
                "electric_field_x": -68549.95234177752,
                "electric_field_y": -1.4551915228366852e-11,
                "electric_flux_density_magnitude": 143971.19233933368,
                "electric_flux_density_x": -143971.19233933368,
                "electric_flux_density_y": -3.0562480566044946e-11,
                "id": "dielectric_core",
                "index": 1,
                "node_i": 1,
                "node_j": 2,
                "node_k": 6,
                "node_l": 5,
                "potential_gradient_x": 68549.95234177752,
                "potential_gradient_y": 1.4551915228366852e-11,
                "stored_energy": 4441.148268052594
              },
              {
                "area": 0.0009,
                "average_potential": 6889.8171702166655,
                "electric_energy_density": 2467583836.1439686,
                "electric_field_magnitude": 34278.855318888905,
                "electric_field_x": -34278.855318888905,
                "electric_field_y": -0.0,
                "electric_flux_density_magnitude": 143971.1923393334,
                "electric_flux_density_x": -143971.1923393334,
                "electric_flux_density_y": -0.0,
                "id": "substrate_right",
                "index": 2,
                "node_i": 2,
                "node_j": 3,
                "node_k": 7,
                "node_l": 6,
                "potential_gradient_x": 34278.855318888905,
                "potential_gradient_y": 0.0,
                "stored_energy": 2220.8254525295715
              }
            ],
            "input": {
              "elements": [
                {
                  "id": "conductor_left",
                  "node_i": 0,
                  "node_j": 1,
                  "node_k": 5,
                  "node_l": 4,
                  "permittivity": 1.0,
                  "thickness": 0.001
                },
                {
                  "id": "dielectric_core",
                  "node_i": 1,
                  "node_j": 2,
                  "node_k": 6,
                  "node_l": 5,
                  "permittivity": 2.100237672252778,
                  "thickness": 0.001
                },
                {
                  "id": "substrate_right",
                  "node_i": 2,
                  "node_j": 3,
                  "node_k": 7,
                  "node_l": 6,
                  "permittivity": 4.2,
                  "thickness": 0.001
                }
              ],
              "nodes": [
                {
                  "charge_density": 0.0,
                  "fix_potential": true,
                  "id": "n0",
                  "potential": 0.0,
                  "x": 0.0,
                  "y": 0.0
                },
                {
                  "charge_density": 0.0,
                  "fix_potential": false,
                  "id": "n1",
                  "potential": 0.0,
                  "x": 0.03,
                  "y": 0.0
                },
                {
                  "charge_density": 0.0,
                  "fix_potential": false,
                  "id": "n2",
                  "potential": 0.0,
                  "x": 0.06,
                  "y": 0.0
                },
                {
                  "charge_density": 0.0,
                  "fix_potential": true,
                  "id": "n3",
                  "potential": 7404.0,
                  "x": 0.09,
                  "y": 0.0
                },
                {
                  "charge_density": 0.0,
                  "fix_potential": true,
                  "id": "n4",
                  "potential": 0.0,
                  "x": 0.0,
                  "y": 0.03
                },
                {
                  "charge_density": 0.0,
                  "fix_potential": false,
                  "id": "n5",
                  "potential": 0.0,
                  "x": 0.03,
                  "y": 0.03
                },
                {
                  "charge_density": 0.0,
                  "fix_potential": false,
                  "id": "n6",
                  "potential": 0.0,
                  "x": 0.06,
                  "y": 0.03
                },
                {
                  "charge_density": 0.0,
                  "fix_potential": true,
                  "id": "n7",
                  "potential": 7404.0,
                  "x": 0.09,
                  "y": 0.03
                }
              ]
            },
            "max_electric_energy_density": 10363852111.804695,
            "max_electric_field": 143971.19233933362,
            "max_flux_density": 143971.19233933368,
            "max_potential": 7404.0,
            "nodes": [
              {
                "charge_density": 0.0,
                "id": "n0",
                "index": 0,
                "potential": 0.0,
                "x": 0.0,
                "y": 0.0
              },
              {
                "charge_density": 0.0,
                "id": "n1",
                "index": 1,
                "potential": 4319.135770180007,
                "x": 0.03,
                "y": 0.0
              },
              {
                "charge_density": 0.0,
                "id": "n2",
                "index": 2,
                "potential": 6375.634340433333,
                "x": 0.06,
                "y": 0.0
              },
              {
                "charge_density": 0.0,
                "id": "n3",
                "index": 3,
                "potential": 7404.0,
                "x": 0.09,
                "y": 0.0
              },
              {
                "charge_density": 0.0,
                "id": "n4",
                "index": 4,
                "potential": 0.0,
                "x": 0.0,
                "y": 0.03
              },
              {
                "charge_density": 0.0,
                "id": "n5",
                "index": 5,
                "potential": 4319.135770180008,
                "x": 0.03,
                "y": 0.03
              },
              {
                "charge_density": 0.0,
                "id": "n6",
                "index": 6,
                "potential": 6375.634340433333,
                "x": 0.06,
                "y": 0.03
              },
              {
                "charge_density": 0.0,
                "id": "n7",
                "index": 7,
                "potential": 7404.0,
                "x": 0.09,
                "y": 0.03
              }
            ],
            "total_stored_energy": 15989.440621206391
          },
          "electrostatic_mesh_convergence": {
            "finest_pair_relative_change": 5.40482718105738e-15,
            "max_analytic_relative_error": 7.226666666666669,
            "method": "structured_quad_h_refinement",
            "refinement_levels": [
              1,
              2,
              4,
              8
            ],
            "relative_error_tolerance": 1e-8,
            "samples": [
              {
                "analytic_relative_error": 7.226666666666669,
                "element_count": 3,
                "elements_per_layer": 1,
                "max_electric_field_v_m": 143971.19233933362,
                "node_count": 8,
                "relative_change_from_previous": null
              },
              {
                "analytic_relative_error": 8.315118740088278e-16,
                "element_count": 6,
                "elements_per_layer": 2,
                "max_electric_field_v_m": 17500.550122285265,
                "node_count": 14,
                "relative_change_from_previous": 7.22666666666667
              },
              {
                "analytic_relative_error": 6.859972960572829e-15,
                "element_count": 12,
                "elements_per_layer": 4,
                "max_electric_field_v_m": 17500.5501222854,
                "node_count": 26,
                "relative_change_from_previous": 7.691484834581656e-15
              },
              {
                "analytic_relative_error": 1.4551457795154485e-15,
                "element_count": 24,
                "elements_per_layer": 8,
                "max_electric_field_v_m": 17500.550122285305,
                "node_count": 50,
                "relative_change_from_previous": 5.40482718105738e-15
              }
            ],
            "schema_version": "kyuubiki.composite-electrostatic-mesh-convergence/v1",
            "status": "fail"
          },
          "electrothermal_feedback_convergence": {
            "conductivity_relative_change_tolerance": 1e-9,
            "converged": true,
            "final_loss_relative_change": 4.075715233844102e-11,
            "final_max_conductivity_relative_change": 2.0214656669846111e-10,
            "final_temperature_residual_c": 5.07352737599831e-8,
            "iteration_count": 12,
            "iterations": [
              {
                "converged": false,
                "coupling_temperature_c": 35.0,
                "dielectric_mean_temperature_c": 36.1293356017742,
                "iteration": 1,
                "loss_relative_change": null,
                "loss_tangent": 0.0002,
                "max_conductivity_relative_change": null,
                "max_temperature_c": 37.25216024185556,
                "relative_permittivity": 2.1,
                "temperature_residual_c": 2.2521171649324856,
                "thermal_conductivity_updates": [
                  {
                    "conductivity_relative_change": null,
                    "conductivity_w_mk": 390.0,
                    "coupling_temperature_c": 35.0,
                    "element_id": "conductor_left",
                    "measured_mean_temperature_c": 37.252117164932486
                  },
                  {
                    "conductivity_relative_change": null,
                    "conductivity_w_mk": 0.25,
                    "coupling_temperature_c": 35.0,
                    "element_id": "dielectric_core",
                    "measured_mean_temperature_c": 36.1293356017742
                  },
                  {
                    "conductivity_relative_change": null,
                    "conductivity_w_mk": 160.0,
                    "coupling_temperature_c": 35.0,
                    "element_id": "substrate_right",
                    "measured_mean_temperature_c": 35.00329855776949
                  }
                ],
                "total_joule_loss_w": 0.0000672,
                "total_loss_w": 0.0009883384862362538
              },
              {
                "converged": false,
                "coupling_temperature_c": 35.90346848141936,
                "dielectric_mean_temperature_c": 36.13127848881997,
                "iteration": 2,
                "loss_relative_change": 0.000360704246964726,
                "loss_tangent": 0.00020018069369628387,
                "max_conductivity_relative_change": 0.0018069369628387344,
                "max_temperature_c": 37.256043164114345,
                "relative_permittivity": 2.100189728381098,
                "temperature_residual_c": 0.4543065809088205,
                "thermal_conductivity_updates": [
                  {
                    "conductivity_relative_change": 0.0018016937319459477,
                    "conductivity_w_mk": 389.2973394445411,
                    "coupling_temperature_c": 36.80169373194599,
                    "element_id": "conductor_left",
                    "measured_mean_temperature_c": 37.25600031285481
                  },
                  {
                    "conductivity_relative_change": 0.0018069369628387344,
                    "conductivity_w_mk": 0.24954826575929032,
                    "coupling_temperature_c": 35.90346848141936,
                    "element_id": "dielectric_core",
                    "measured_mean_temperature_c": 36.13127848881997
                  },
                  {
                    "conductivity_relative_change": 3.16661545873842e-6,
                    "conductivity_w_mk": 159.9994933415266,
                    "coupling_temperature_c": 35.00263884621559,
                    "element_id": "substrate_right",
                    "measured_mean_temperature_c": 35.00329975802234
                  }
                ],
                "total_joule_loss_w": 0.00006672752532299773,
                "total_loss_w": 0.000989191698128076
              },
              {
                "converged": false,
                "coupling_temperature_c": 36.08571648733985,
                "dielectric_mean_temperature_c": 36.13167286518498,
                "iteration": 3,
                "loss_relative_change": 0.00007348699623963912,
                "loss_tangent": 0.000200217143297468,
                "max_conductivity_relative_change": 0.0003651558253990741,
                "max_temperature_c": 37.25683133747022,
                "relative_permittivity": 2.1002280004623413,
                "temperature_residual_c": 0.0916495346416113,
                "thermal_conductivity_updates": [
                  {
                    "conductivity_relative_change": 0.0003641012636916788,
                    "conductivity_w_mk": 389.1555957912975,
                    "coupling_temperature_c": 37.16513899667304,
                    "element_id": "conductor_left",
                    "measured_mean_temperature_c": 37.256788531314655
                  },
                  {
                    "conductivity_relative_change": 0.0003651558253990741,
                    "conductivity_w_mk": 0.24945714175633008,
                    "coupling_temperature_c": 36.08571648733985,
                    "element_id": "dielectric_core",
                    "measured_mean_temperature_c": 36.13167286518498
                  },
                  {
                    "conductivity_relative_change": 6.344773436391098e-7,
                    "conductivity_w_mk": 159.99939182547308,
                    "coupling_temperature_c": 35.00316757566099,
                    "element_id": "substrate_right",
                    "measured_mean_temperature_c": 35.00330000260543
                  }
                ],
                "total_joule_loss_w": 0.00006663301988322602,
                "total_loss_w": 0.0009893637998998508
              },
              {
                "converged": false,
                "coupling_temperature_c": 36.12248158961596,
                "dielectric_mean_temperature_c": 36.13175252220992,
                "iteration": 4,
                "loss_relative_change": 0.000014853578750839172,
                "loss_tangent": 0.0002002244963179232,
                "max_conductivity_relative_change": 0.00007369021792135812,
                "max_temperature_c": 37.25699053448297,
                "relative_permittivity": 2.1002357211338194,
                "temperature_residual_c": 0.018489113023271383,
                "thermal_conductivity_updates": [
                  {
                    "conductivity_relative_change": 0.00007347871935392879,
                    "conductivity_w_mk": 389.12700113648935,
                    "coupling_temperature_c": 37.23845862438633,
                    "element_id": "conductor_left",
                    "measured_mean_temperature_c": 37.2569477374096
                  },
                  {
                    "conductivity_relative_change": 0.00007369021792135812,
                    "conductivity_w_mk": 0.249438759205192,
                    "coupling_temperature_c": 36.12248158961596,
                    "element_id": "dielectric_core",
                    "measured_mean_temperature_c": 36.13175252220992
                  },
                  {
                    "conductivity_relative_change": 1.271303498678818e-7,
                    "conductivity_w_mk": 159.99937148469442,
                    "coupling_temperature_c": 35.00327351721654,
                    "element_id": "substrate_right",
                    "measured_mean_temperature_c": 35.00330005204181
                  }
                ],
                "total_joule_loss_w": 0.00006661398726857701,
                "total_loss_w": 0.0009893985178464231
              },
              {
                "converged": false,
                "coupling_temperature_c": 36.12989833569113,
                "dielectric_mean_temperature_c": 36.13176859560068,
                "iteration": 5,
                "loss_relative_change": 2.997583451139827e-6,
                "loss_tangent": 0.00020022597966713824,
                "max_conductivity_relative_change": 0.000014866867720880756,
                "max_temperature_c": 37.25702265764892,
                "relative_permittivity": 2.1002372786504955,
                "temperature_residual_c": 0.0037299476021317446,
                "thermal_conductivity_updates": [
                  {
                    "conductivity_relative_change": 0.000014824474391212818,
                    "conductivity_w_mk": 389.1212325332261,
                    "coupling_temperature_c": 37.25324991480495,
                    "element_id": "conductor_left",
                    "measured_mean_temperature_c": 37.25697986240708
                  },
                  {
                    "conductivity_relative_change": 0.000014866867720880756,
                    "conductivity_w_mk": 0.24943505083215445,
                    "coupling_temperature_c": 36.12989833569113,
                    "element_id": "dielectric_core",
                    "measured_mean_temperature_c": 36.13176859560068
                  },
                  {
                    "conductivity_relative_change": 2.5473532318110066e-8,
                    "conductivity_w_mk": 159.99936740894526,
                    "coupling_temperature_c": 35.00329474507676,
                    "element_id": "substrate_right",
                    "measured_mean_temperature_c": 35.003300062018056
                  }
                ],
                "total_joule_loss_w": 0.00006661014900162719,
                "total_loss_w": 0.0009894055215989826
              },
              {
                "converged": false,
                "coupling_temperature_c": 36.131394543618775,
                "dielectric_mean_temperature_c": 36.131771838281374,
                "iteration": 6,
                "loss_relative_change": 6.047484446959789e-7,
                "loss_tangent": 0.0002002262789087238,
                "max_conductivity_relative_change": 2.9991934226429307e-6,
                "max_temperature_c": 37.25702913824628,
                "relative_permittivity": 2.10023759285416,
                "temperature_residual_c": 0.0007524704872494681,
                "thermal_conductivity_updates": [
                  {
                    "conductivity_relative_change": 2.99069686922672e-6,
                    "conductivity_w_mk": 389.1200687895742,
                    "coupling_temperature_c": 37.256233872886654,
                    "element_id": "conductor_left",
                    "measured_mean_temperature_c": 37.2569863433739
                  },
                  {
                    "conductivity_relative_change": 2.9991934226429307e-6,
                    "conductivity_w_mk": 0.24943430272819064,
                    "coupling_temperature_c": 36.131394543618775,
                    "element_id": "dielectric_core",
                    "measured_mean_temperature_c": 36.131771838281374
                  },
                  {
                    "conductivity_relative_change": 5.104283859167391e-9,
                    "conductivity_w_mk": 159.99936659226307,
                    "coupling_temperature_c": 35.003298998629795,
                    "element_id": "substrate_right",
                    "measured_mean_temperature_c": 35.00330006403061
                  }
                ],
                "total_joule_loss_w": 0.00006660937473283063,
                "total_loss_w": 0.0009894069344916134
              },
              {
                "converged": false,
                "coupling_temperature_c": 36.13169637934885,
                "dielectric_mean_temperature_c": 36.13177249244299,
                "iteration": 7,
                "loss_relative_change": 1.2199744166843352e-7,
                "loss_tangent": 0.0002002263392758698,
                "max_conductivity_relative_change": 6.050405392827911e-7,
                "max_temperature_c": 37.25703044560851,
                "relative_permittivity": 2.1002376562396634,
                "temperature_residual_c": 0.00015180153420857323,
                "thermal_conductivity_updates": [
                  {
                    "conductivity_relative_change": 6.033376606600766e-7,
                    "conductivity_w_mk": 389.11983401878217,
                    "coupling_temperature_c": 37.256835849276456,
                    "element_id": "conductor_left",
                    "measured_mean_temperature_c": 37.256987650810665
                  },
                  {
                    "conductivity_relative_change": 6.050405392827911e-7,
                    "conductivity_w_mk": 0.2494341518103256,
                    "coupling_temperature_c": 36.13169637934885,
                    "element_id": "dielectric_core",
                    "measured_mean_temperature_c": 36.13177249244299
                  },
                  {
                    "conductivity_relative_change": 1.0227887503910455e-9,
                    "conductivity_w_mk": 159.99936642861752,
                    "coupling_temperature_c": 35.00329985095045,
                    "element_id": "substrate_right",
                    "measured_mean_temperature_c": 35.00330006443659
                  }
                ],
                "total_joule_loss_w": 0.00006660921853592324,
                "total_loss_w": 0.0009894072195198089
              },
              {
                "converged": false,
                "coupling_temperature_c": 36.13175726982416,
                "dielectric_mean_temperature_c": 36.13177262440055,
                "iteration": 8,
                "loss_relative_change": 2.4610542353291848e-8,
                "loss_tangent": 0.00020022635145396485,
                "max_conductivity_relative_change": 1.220572140715452e-7,
                "max_temperature_c": 37.25703070932979,
                "relative_permittivity": 2.100237669026663,
                "temperature_residual_c": 0.00003062404316267475,
                "thermal_conductivity_updates": [
                  {
                    "conductivity_relative_change": 1.2171592015081626e-7,
                    "conductivity_w_mk": 389.1197866567035,
                    "coupling_temperature_c": 37.25695729050382,
                    "element_id": "conductor_left",
                    "measured_mean_temperature_c": 37.25698791454698
                  },
                  {
                    "conductivity_relative_change": 1.220572140715452e-7,
                    "conductivity_w_mk": 0.2494341213650879,
                    "coupling_temperature_c": 36.13175726982416,
                    "element_id": "dielectric_core",
                    "measured_mean_temperature_c": 36.13177262440055
                  },
                  {
                    "conductivity_relative_change": 2.0494762663038063e-10,
                    "conductivity_w_mk": 159.99936639582603,
                    "coupling_temperature_c": 35.003300021739356,
                    "element_id": "substrate_right",
                    "measured_mean_temperature_c": 35.00330006451846
                  }
                ],
                "total_joule_loss_w": 0.00006660918702523444,
                "total_loss_w": 0.000989407277019635
              },
              {
                "converged": false,
                "coupling_temperature_c": 36.13176955348527,
                "dielectric_mean_temperature_c": 36.131772651031085,
                "iteration": 9,
                "loss_relative_change": 4.964668740407028e-9,
                "loss_tangent": 0.00020022635391069707,
                "max_conductivity_relative_change": 2.4623056823725164e-8,
                "max_temperature_c": 37.25703076255173,
                "relative_permittivity": 2.1002376716062323,
                "temperature_residual_c": 6.178033601145216e-6,
                "thermal_conductivity_updates": [
                  {
                    "conductivity_relative_change": 2.4554653362922012e-8,
                    "conductivity_w_mk": 389.1197771020021,
                    "coupling_temperature_c": 37.25698178973835,
                    "element_id": "conductor_left",
                    "measured_mean_temperature_c": 37.25698796777195
                  },
                  {
                    "conductivity_relative_change": 2.4623056823725164e-8,
                    "conductivity_w_mk": 0.24943411522325737,
                    "coupling_temperature_c": 36.13176955348527,
                    "element_id": "dielectric_core",
                    "measured_mean_temperature_c": 36.131772651031085
                  },
                  {
                    "conductivity_relative_change": 4.106811167225585e-11,
                    "conductivity_w_mk": 159.99936638925516,
                    "coupling_temperature_c": 35.00330005596264,
                    "element_id": "substrate_right",
                    "measured_mean_temperature_c": 35.003300064535
                  }
                ],
                "total_joule_loss_w": 0.0000666091806683544,
                "total_loss_w": 0.000989407288619287
              },
              {
                "converged": false,
                "coupling_temperature_c": 36.13177203152192,
                "dielectric_mean_temperature_c": 36.13177265640789,
                "iteration": 10,
                "loss_relative_change": 1.0015241454582136e-9,
                "loss_tangent": 0.00020022635440630437,
                "max_conductivity_relative_change": 4.967317045899651e-9,
                "max_temperature_c": 37.25703077329745,
                "relative_permittivity": 2.1002376721266196,
                "temperature_residual_c": 1.2463530509876364e-6,
                "thermal_conductivity_updates": [
                  {
                    "conductivity_relative_change": 4.953607031056969e-9,
                    "conductivity_w_mk": 389.1197751744556,
                    "coupling_temperature_c": 37.25698673216523,
                    "element_id": "conductor_left",
                    "measured_mean_temperature_c": 37.25698797851828
                  },
                  {
                    "conductivity_relative_change": 4.967317045899651e-9,
                    "conductivity_w_mk": 0.24943411398423904,
                    "coupling_temperature_c": 36.13177203152192,
                    "element_id": "dielectric_core",
                    "measured_mean_temperature_c": 36.13177265640789
                  },
                  {
                    "conductivity_relative_change": 8.229360918711423e-12,
                    "conductivity_w_mk": 159.9993663879385,
                    "coupling_temperature_c": 35.00330006282053,
                    "element_id": "substrate_right",
                    "measured_mean_temperature_c": 35.00330006453834
                  }
                ],
                "total_joule_loss_w": 0.00006660917938593018,
                "total_loss_w": 0.0009894072909593372
              },
              {
                "converged": false,
                "coupling_temperature_c": 36.1317725314307,
                "dielectric_mean_temperature_c": 36.13177265748633,
                "iteration": 11,
                "loss_relative_change": 2.020368969831827e-10,
                "loss_tangent": 0.00020022635450628613,
                "max_conductivity_relative_change": 1.002085827500622e-9,
                "max_temperature_c": 37.25703077545271,
                "relative_permittivity": 2.1002376722316005,
                "temperature_residual_c": 2.514260089014897e-7,
                "thermal_conductivity_updates": [
                  {
                    "conductivity_relative_change": 9.99338032290033e-10,
                    "conductivity_w_mk": 389.1197747855934,
                    "coupling_temperature_c": 37.25698772924767,
                    "element_id": "conductor_left",
                    "measured_mean_temperature_c": 37.25698798067368
                  },
                  {
                    "conductivity_relative_change": 1.002085827500622e-9,
                    "conductivity_w_mk": 0.24943411373428465,
                    "coupling_temperature_c": 36.1317725314307,
                    "element_id": "dielectric_core",
                    "measured_mean_temperature_c": 36.13177265748633
                  },
                  {
                    "conductivity_relative_change": 1.6491762205613485e-12,
                    "conductivity_w_mk": 159.9993663876746,
                    "coupling_temperature_c": 35.003300064194775,
                    "element_id": "substrate_right",
                    "measured_mean_temperature_c": 35.003300064539005
                  }
                ],
                "total_joule_loss_w": 0.00006660917912721463,
                "total_loss_w": 0.000989407291431407
              },
              {
                "converged": true,
                "coupling_temperature_c": 36.1317726322752,
                "dielectric_mean_temperature_c": 36.13177265771152,
                "iteration": 12,
                "loss_relative_change": 4.075715233844102e-11,
                "loss_tangent": 0.00020022635452645503,
                "max_conductivity_relative_change": 2.0214656669846111e-10,
                "max_temperature_c": 37.25703077590277,
                "relative_permittivity": 2.100237672252778,
                "temperature_residual_c": 5.07352737599831e-8,
                "thermal_conductivity_updates": [
                  {
                    "conductivity_relative_change": 2.015957282285619e-10,
                    "conductivity_w_mk": 389.1197747071485,
                    "coupling_temperature_c": 37.25698793038848,
                    "element_id": "conductor_left",
                    "measured_mean_temperature_c": 37.25698798112375
                  },
                  {
                    "conductivity_relative_change": 2.0214656669846111e-10,
                    "conductivity_w_mk": 0.2494341136838624,
                    "coupling_temperature_c": 36.1317726322752,
                    "element_id": "dielectric_core",
                    "measured_mean_temperature_c": 36.13177265771152
                  },
                  {
                    "conductivity_relative_change": 3.304036805524739e-13,
                    "conductivity_w_mk": 159.99936638762173,
                    "coupling_temperature_c": 35.00330006447016,
                    "element_id": "substrate_right",
                    "measured_mean_temperature_c": 35.003300064539154
                  }
                ],
                "total_joule_loss_w": 0.00006660917907502414,
                "total_loss_w": 0.0009894072915266378
              }
            ],
            "loss_relative_change_tolerance": 1e-9,
            "max_iterations": 12,
            "method": "relaxed_temperature_dependent_dielectric_and_conductivity_fixed_point",
            "parameter_source": "screening_sensitivity_not_material_card",
            "relaxation_factor": 0.8,
            "schema_version": "kyuubiki.composite-electrothermal-feedback-convergence/v1",
            "status": "pass",
            "temperature_residual_tolerance_c": 1e-7
          },
          "electrothermal_loss_projection": {
            "assumptions": [
              "The solved electrostatic field magnitude is interpreted as an RMS harmonic field.",
              "Relative permittivity and loss tangent are scalar, isotropic, and frequency-local screening values.",
              "Element dielectric loss is lumped consistently to its four thermal nodes."
            ],
            "distributed_total_heat_load_w": 0.0009894072915266378,
            "effective_conductivity_s_m": 2.339474322230873e-7,
            "electric_field_rms_v_m": 68549.95234177752,
            "energy_balance_relative_error": 0.0,
            "frequency_hz": 10000000.0,
            "loss_tangent": 0.00020022635452645503,
            "model": "harmonic_dielectric_loss_sigma_eff_e_rms_squared",
            "relative_permittivity": 2.100237672252778,
            "schema_version": "kyuubiki.composite-electrothermal-loss-projection/v1",
            "source_element_id": "dielectric_core",
            "source_volume_m3": 9e-7,
            "target_element_count": 1,
            "target_node_count": 4,
            "total_loss_w": 0.0009894072915266378,
            "volumetric_loss_w_m3": 1099.3414350295975
          },
          "heat": {
            "elements": [
              {
                "area": 0.0009,
                "average_temperature": 37.25698798112375,
                "heat_flow_rate": 9.991376861620262e-7,
                "heat_flux_magnitude": 1.1101529846244738,
                "heat_flux_x": 1.1101529846244738,
                "heat_flux_y": 8.847559336280675e-11,
                "id": "conductor_left",
                "index": 0,
                "node_i": 0,
                "node_j": 1,
                "node_k": 5,
                "node_l": 4,
                "temperature_gradient_x": -0.0028529852677365852,
                "temperature_gradient_y": -2.273736754432321e-13
              },
              {
                "area": 0.0009,
                "average_temperature": 36.13177265771152,
                "heat_flow_rate": 0.000016839384745263348,
                "heat_flux_magnitude": 18.71042749473705,
                "heat_flux_x": 18.71042749473705,
                "heat_flux_y": 2.8357375604612392e-14,
                "id": "dielectric_core",
                "index": 1,
                "node_i": 1,
                "node_j": 2,
                "node_k": 6,
                "node_l": 5,
                "temperature_gradient_x": -75.01150190888086,
                "temperature_gradient_y": -1.1368683772161605e-13
              },
              {
                "area": 0.0009,
                "average_temperature": 35.003300064539154,
                "heat_flow_rate": 0.00003168049411817551,
                "heat_flux_magnitude": 35.20054902019501,
                "heat_flux_x": 35.20054902019501,
                "heat_flux_y": -0.0,
                "id": "substrate_right",
                "index": 2,
                "node_i": 2,
                "node_j": 3,
                "node_k": 7,
                "node_l": 6,
                "temperature_gradient_x": -0.2200043026102776,
                "temperature_gradient_y": 0.0
              }
            ],
            "input": {
              "elements": [
                {
                  "conductivity": 389.1197747071485,
                  "id": "conductor_left",
                  "node_i": 0,
                  "node_j": 1,
                  "node_k": 5,
                  "node_l": 4,
                  "thickness": 0.001
                },
                {
                  "conductivity": 0.2494341136838624,
                  "id": "dielectric_core",
                  "node_i": 1,
                  "node_j": 2,
                  "node_k": 6,
                  "node_l": 5,
                  "thickness": 0.001
                },
                {
                  "conductivity": 159.99936638762173,
                  "id": "substrate_right",
                  "node_i": 2,
                  "node_j": 3,
                  "node_k": 7,
                  "node_l": 6,
                  "thickness": 0.001
                }
              ],
              "nodes": [
                {
                  "fix_temperature": false,
                  "heat_load": 0.000016652294768756034,
                  "id": "n0",
                  "temperature": 35.0,
                  "x": 0.0,
                  "y": 0.0
                },
                {
                  "fix_temperature": false,
                  "heat_load": 0.0002640041176504155,
                  "id": "n1",
                  "temperature": 35.0,
                  "x": 0.03,
                  "y": 0.0
                },
                {
                  "fix_temperature": false,
                  "heat_load": 0.00024735182288165944,
                  "id": "n2",
                  "temperature": 35.0,
                  "x": 0.06,
                  "y": 0.0
                },
                {
                  "fix_temperature": true,
                  "heat_load": 0.0,
                  "id": "n3",
                  "temperature": 35.0,
                  "x": 0.09,
                  "y": 0.0
                },
                {
                  "fix_temperature": false,
                  "heat_load": 0.000016652294768756034,
                  "id": "n4",
                  "temperature": 35.0,
                  "x": 0.0,
                  "y": 0.03
                },
                {
                  "fix_temperature": false,
                  "heat_load": 0.0002640041176504155,
                  "id": "n5",
                  "temperature": 35.0,
                  "x": 0.03,
                  "y": 0.03
                },
                {
                  "fix_temperature": false,
                  "heat_load": 0.00024735182288165944,
                  "id": "n6",
                  "temperature": 35.0,
                  "x": 0.06,
                  "y": 0.03
                },
                {
                  "fix_temperature": true,
                  "heat_load": 0.0,
                  "id": "n7",
                  "temperature": 35.0,
                  "x": 0.09,
                  "y": 0.03
                }
              ]
            },
            "max_heat_flux": 35.20054902019501,
            "max_temperature": 37.25703077590277,
            "nodes": [
              {
                "heat_load": 0.000016652294768756034,
                "id": "n0",
                "index": 0,
                "temperature": 37.25703077590277,
                "x": 0.0,
                "y": 0.0
              },
              {
                "heat_load": 0.0002640041176504155,
                "id": "n1",
                "index": 1,
                "temperature": 37.25694518634474,
                "x": 0.03,
                "y": 0.0
              },
              {
                "heat_load": 0.00024735182288165944,
                "id": "n2",
                "index": 2,
                "temperature": 35.00660012907831,
                "x": 0.06,
                "y": 0.0
              },
              {
                "heat_load": 0.0,
                "id": "n3",
                "index": 3,
                "temperature": 35.0,
                "x": 0.09,
                "y": 0.0
              },
              {
                "heat_load": 0.000016652294768756034,
                "id": "n4",
                "index": 4,
                "temperature": 37.25703077590276,
                "x": 0.0,
                "y": 0.03
              },
              {
                "heat_load": 0.0002640041176504155,
                "id": "n5",
                "index": 5,
                "temperature": 37.25694518634473,
                "x": 0.03,
                "y": 0.03
              },
              {
                "heat_load": 0.00024735182288165944,
                "id": "n6",
                "index": 6,
                "temperature": 35.00660012907831,
                "x": 0.06,
                "y": 0.03
              },
              {
                "heat_load": 0.0,
                "id": "n7",
                "index": 7,
                "temperature": 35.0,
                "x": 0.09,
                "y": 0.03
              }
            ],
            "total_abs_heat_flow_rate": 0.00004951901654960088
          },
          "heat_cross_validation": {
            "absolute_error_c": 1.5141665699047735e-11,
            "conductivities_w_mk": [
              389.1197747071485,
              0.2494341136838624,
              159.99936638762173
            ],
            "expected_max_temperature_c": 37.25703077588763,
            "fem_max_temperature_c": 37.25703077590277,
            "fixed_temperature_c": 35.0,
            "method": "layered_thermal_resistance_with_regional_generation_closed_form",
            "relative_error": 4.0641096146736596e-13,
            "relative_error_tolerance": 1e-9,
            "schema_version": "kyuubiki.composite-heat-cross-validation/v1",
            "status": "pass",
            "total_heat_load_w": 0.001056016470601662
          },
          "heat_mesh_convergence": {
            "finest_pair_relative_change": 2.2599767876510717e-11,
            "max_analytic_relative_error": 2.0219279082031288e-11,
            "method": "structured_quad_h_refinement",
            "refinement_levels": [
              1,
              2,
              4,
              8
            ],
            "relative_error_tolerance": 1e-8,
            "samples": [
              {
                "analytic_relative_error": 4.0641096146736596e-13,
                "element_count": 3,
                "elements_per_layer": 1,
                "max_temperature_c": 37.25703077590277,
                "node_count": 8,
                "relative_change_from_previous": null
              },
              {
                "analytic_relative_error": 4.310130328091259e-13,
                "element_count": 6,
                "elements_per_layer": 2,
                "max_temperature_c": 37.25703077587157,
                "node_count": 14,
                "relative_change_from_previous": 8.374239942764917e-13
              },
              {
                "analytic_relative_error": 2.3804887944794283e-12,
                "element_count": 12,
                "elements_per_layer": 4,
                "max_temperature_c": 37.25703077579894,
                "node_count": 26,
                "relative_change_from_previous": 1.9494757616703026e-12
              },
              {
                "analytic_relative_error": 2.0219279082031288e-11,
                "element_count": 24,
                "elements_per_layer": 8,
                "max_temperature_c": 37.25703077664094,
                "node_count": 50,
                "relative_change_from_previous": 2.2599767876510717e-11
              }
            ],
            "schema_version": "kyuubiki.composite-heat-mesh-convergence/v1",
            "status": "pass"
          },
          "heat_to_thermal_projection": {
            "mapped_node_count": 8,
            "maximum_coordinate_error_m": 0.0,
            "maximum_temperature_delta_c": 2.25703077590277,
            "minimum_temperature_delta_c": 0.0,
            "reference_temperature_c": 35.0,
            "schema_version": "kyuubiki.composite-heat-to-thermal-projection/v1"
          },
          "joule_heating_projection": {
            "assumptions": [
              "Steady scalar electrical conductivity is solved on a two-dimensional quad mesh.",
              "Joule heating uses the solved local sigma times electric-field magnitude squared.",
              "Element Joule power integrates both triangular subcell fields before thermal projection.",
              "Recovered terminal currents gate current continuity and electrical input-power balance.",
              "Contact and terminal impedance models require explicit study-level heat mappings."
            ],
            "boundary_voltage_span_v": 0.000033600000000000004,
            "current_balance_relative_error": 0.0,
            "distributed_total_heat_load_w": 0.00006660917907502393,
            "electrical_power_balance_relative_error": 0.0,
            "energy_balance_relative_error": 3.0519503492463426e-15,
            "free_current_residual_relative_error": 0.0,
            "max_current_density_a_m2": 66080.53479665091,
            "max_free_current_residual_a": 0.0,
            "model": "solved_steady_current_density_sigma_e_squared",
            "parameter_source": "screening_reference_not_material_card",
            "regions": [
              {
                "coupling_temperature_c": 37.25698793038848,
                "current_density_magnitude_a_m2": 66080.53479665091,
                "distributed_heat_load_w": 0.00006660917907502414,
                "electric_field_magnitude_v_m": 0.00112,
                "electrical_conductivity_s_m": 59000477.49700974,
                "element_id": "conductor_left",
                "energy_balance_relative_error": 0.0,
                "joule_power_w": 0.00006660917907502414,
                "peak_current_density_magnitude_a_m2": 66080.53479665091,
                "peak_electric_field_magnitude_v_m": 0.00112,
                "rms_current_density_magnitude_a_m2": 66080.53479665091,
                "rms_electric_field_magnitude_v_m": 0.00112,
                "source_volume_m3": 9e-7,
                "volumetric_joule_heating_w_m3": 74.01019897224903
              }
            ],
            "schema_version": "kyuubiki.composite-current-to-heat-projection/v2",
            "source_power_balance_relative_error": 0.0,
            "status": "pass",
            "total_dissipated_power_w": 0.00006660917907502414,
            "total_electrical_input_power_w": 0.00006660917907502414,
            "total_extracted_current_a": 1.9824160438995275,
            "total_injected_current_a": 1.9824160438995275,
            "total_joule_loss_w": 0.00006660917907502414,
            "total_source_power_w": 0.00006660917907502414
          },
          "research": {
            "candidate_id": "copper_ptfe_glass_epoxy",
            "candidate_label": "Copper / PTFE / Glass epoxy",
            "coupling": "iterative_dielectric_and_conductor_joule_heating_with_temperature_dependent_electrical_thermal_feedback_and_expansion_projection",
            "materials": {
              "conductor": "copper",
              "dielectric": "ptfe",
              "substrate": "glass_epoxy"
            },
            "study": "material.composite_thermo_electric_panel.v1"
          },
          "schema_version": "kyuubiki.composite-thermo-electric-panel-result/v1",
          "thermal": {
            "elements": [
              {
                "area": 0.0009,
                "average_temperature_delta": 2.25698798112375,
                "gamma_xy": -1.79222466053156e-20,
                "id": "conductor_left",
                "index": 0,
                "max_in_plane_shear": 671395.9297612603,
                "mechanical_strain_x": 3.906303591338256e-6,
                "mechanical_strain_y": -0.000012207198722931992,
                "node_i": 0,
                "node_j": 1,
                "node_k": 5,
                "node_l": 4,
                "principal_stress_1": 2.0954757928848267e-9,
                "principal_stress_2": -1342791.8595225185,
                "strain_energy_density": 26.954035582923744,
                "stress_x": 2.1789977229976407e-9,
                "stress_y": -1342791.8595225185,
                "tau_xy": -7.263325743325467e-10,
                "thermal_strain": 0.00003838611526124334,
                "total_strain_x": 0.00004229241885258159,
                "total_strain_y": 0.00002617891653831134,
                "von_mises": 1342791.8595225196
              },
              {
                "area": 0.0009,
                "average_temperature_delta": 1.1317726577115204,
                "gamma_xy": 1.2269845752869911e-19,
                "id": "dielectric_core",
                "index": 1,
                "max_in_plane_shear": 29715.475537702787,
                "mechanical_strain_x": 7.607161737651869e-6,
                "mechanical_strain_y": -0.000023772380430162272,
                "node_i": 1,
                "node_j": 2,
                "node_k": 6,
                "node_l": 5,
                "principal_stress_1": -1.6007106751203534e-10,
                "principal_stress_2": -59430.951075405734,
                "strain_energy_density": 2.6852047291013563,
                "stress_x": -1.6184584536757835e-10,
                "stress_y": -59430.951075405734,
                "tau_xy": 1.1743692438257209e-10,
                "thermal_strain": 0.000050975882333573194,
                "total_strain_x": 0.00005858304407122507,
                "total_strain_y": 0.00002720350190341092,
                "von_mises": 59430.951075405654
              },
              {
                "area": 0.0009,
                "average_temperature_delta": 0.0033000645391538797,
                "gamma_xy": -4.078459964671178e-21,
                "id": "substrate_right",
                "index": 2,
                "max_in_plane_shear": 7154.566749397529,
                "mechanical_strain_x": -2.081328508915582e-7,
                "mechanical_strain_y": 6.504151590361451e-7,
                "node_i": 2,
                "node_j": 3,
                "node_k": 7,
                "node_l": 6,
                "principal_stress_1": 14309.13349879526,
                "principal_stress_2": 2.0190782379359007e-10,
                "strain_energy_density": 0.014016448262836642,
                "stress_x": 2.028007391648619e-10,
                "stress_y": 14309.13349879526,
                "tau_xy": -3.4046839421838136e-11,
                "thermal_strain": 4.6200949287943356e-8,
                "total_strain_x": -1.6193190160361482e-7,
                "total_strain_y": 6.966161083240885e-7,
                "von_mises": 14309.133498795158
              }
            ],
            "input": {
              "elements": [
                {
                  "id": "conductor_left",
                  "node_i": 0,
                  "node_j": 1,
                  "node_k": 5,
                  "node_l": 4,
                  "poisson_ratio": 0.32,
                  "thermal_expansion": 0.000017007673759135823,
                  "thickness": 0.001,
                  "youngs_modulus": 110000000000.0
                },
                {
                  "id": "dielectric_core",
                  "node_i": 1,
                  "node_j": 2,
                  "node_k": 6,
                  "node_l": 5,
                  "poisson_ratio": 0.32,
                  "thermal_expansion": 0.00004504074381567762,
                  "thickness": 0.001,
                  "youngs_modulus": 2500000000.0
                },
                {
                  "id": "substrate_right",
                  "node_i": 2,
                  "node_j": 3,
                  "node_k": 7,
                  "node_l": 6,
                  "poisson_ratio": 0.32,
                  "thermal_expansion": 0.000014000013860271065,
                  "thickness": 0.001,
                  "youngs_modulus": 22000000000.0
                }
              ],
              "nodes": [
                {
                  "fix_x": true,
                  "fix_y": true,
                  "id": "n0",
                  "load_x": 0.0,
                  "load_y": 0.0,
                  "temperature_delta": 2.25703077590277,
                  "x": 0.0,
                  "y": 0.0
                },
                {
                  "fix_x": false,
                  "fix_y": false,
                  "id": "n1",
                  "load_x": 0.0,
                  "load_y": 0.0,
                  "temperature_delta": 2.256945186344737,
                  "x": 0.03,
                  "y": 0.0
                },
                {
                  "fix_x": false,
                  "fix_y": false,
                  "id": "n2",
                  "load_x": 0.0,
                  "load_y": 0.0,
                  "temperature_delta": 0.006600129078307759,
                  "x": 0.06,
                  "y": 0.0
                },
                {
                  "fix_x": false,
                  "fix_y": false,
                  "id": "n3",
                  "load_x": 0.0,
                  "load_y": 0.0,
                  "temperature_delta": 0.0,
                  "x": 0.09,
                  "y": 0.0
                },
                {
                  "fix_x": true,
                  "fix_y": true,
                  "id": "n4",
                  "load_x": 0.0,
                  "load_y": 0.0,
                  "temperature_delta": 2.257030775902763,
                  "x": 0.0,
                  "y": 0.03
                },
                {
                  "fix_x": false,
                  "fix_y": false,
                  "id": "n5",
                  "load_x": 0.0,
                  "load_y": 0.0,
                  "temperature_delta": 2.25694518634473,
                  "x": 0.03,
                  "y": 0.03
                },
                {
                  "fix_x": false,
                  "fix_y": false,
                  "id": "n6",
                  "load_x": 0.0,
                  "load_y": 0.0,
                  "temperature_delta": 0.006600129078307759,
                  "x": 0.06,
                  "y": 0.03
                },
                {
                  "fix_x": false,
                  "fix_y": false,
                  "id": "n7",
                  "load_x": 0.0,
                  "load_y": 0.0,
                  "temperature_delta": 0.0,
                  "x": 0.09,
                  "y": 0.03
                }
              ]
            },
            "max_displacement": 3.026419983369202e-6,
            "max_strain_energy_density": 26.954035582923744,
            "max_stress": 1342791.8595225196,
            "max_temperature_delta": 2.25703077590277,
            "nodes": [
              {
                "displacement_magnitude": 0.0,
                "id": "n0",
                "index": 0,
                "temperature_delta": 2.25703077590277,
                "ux": 0.0,
                "uy": 0.0,
                "x": 0.0,
                "y": 0.0
              },
              {
                "displacement_magnitude": 1.4921748983178428e-6,
                "id": "n1",
                "index": 1,
                "temperature_delta": 2.256945186344737,
                "ux": 1.2687725655774488e-6,
                "uy": -7.853674961493398e-7,
                "x": 0.03,
                "y": 0.0
              },
              {
                "displacement_magnitude": 3.026419983369202e-6,
                "id": "n2",
                "index": 2,
                "temperature_delta": 0.006600129078307759,
                "ux": 3.0262638877142064e-6,
                "uy": -3.0737560952976016e-8,
                "x": 0.06,
                "y": 0.0
              },
              {
                "displacement_magnitude": 3.021421950889072e-6,
                "id": "n3",
                "index": 3,
                "temperature_delta": 0.0,
                "ux": 3.0214059306660984e-6,
                "uy": 9.839077703289378e-9,
                "x": 0.09,
                "y": 0.0
              },
              {
                "displacement_magnitude": 0.0,
                "id": "n4",
                "index": 4,
                "temperature_delta": 2.257030775902763,
                "ux": 0.0,
                "uy": 0.0,
                "x": 0.0,
                "y": 0.03
              },
              {
                "displacement_magnitude": 1.4921748983178416e-6,
                "id": "n5",
                "index": 5,
                "temperature_delta": 2.25694518634473,
                "ux": 1.2687725655774466e-6,
                "uy": 7.853674961493408e-7,
                "x": 0.03,
                "y": 0.03
              },
              {
                "displacement_magnitude": 3.0264199833691896e-6,
                "id": "n6",
                "index": 6,
                "temperature_delta": 0.006600129078307759,
                "ux": 3.0262638877141937e-6,
                "uy": 3.0737560952998733e-8,
                "x": 0.06,
                "y": 0.03
              },
              {
                "displacement_magnitude": 3.0214219508890574e-6,
                "id": "n7",
                "index": 7,
                "temperature_delta": 0.0,
                "ux": 3.0214059306660844e-6,
                "uy": -9.839077703240054e-9,
                "x": 0.09,
                "y": 0.03
              }
            ],
            "total_strain_energy": 0.00002668793108425914
          },
          "thermal_constraint_regularized_mesh_convergence": {
            "algebraic_validation": {
              "max_relative_residual": null,
              "method": "original_system_recomputed_l2_residual_over_max_rhs_l2_or_one",
              "qualification_effect": "algebraic_gate_does_not_override_discretization_gates",
              "relative_residual_tolerance": 1e-10,
              "required_series": [
                "uniform_full_edge_clamp",
                "uniform_regularized_restraint",
                "interface_graded_full_edge_clamp"
              ],
              "schema_version": "kyuubiki.composite-thermal-algebraic-validation/v1",
              "series": [],
              "status": "missing"
            },
            "convergence_tolerance": 0.02,
            "diagnostic_metrics": [
              "max_von_mises_stress_pa"
            ],
            "finest_pair_displacement_relative_change": 0.001657644876935918,
            "finest_pair_peak_stress_relative_change": 0.30902974955525986,
            "finest_pair_strain_energy_relative_change": 0.2270228334278112,
            "method": "structured_quad_h_refinement_preserving_piecewise_linear_temperature_roller_edge_with_vertical_anchor",
            "pass_metrics": [
              "max_displacement_m",
              "total_strain_energy_j"
            ],
            "refinement_levels": [
              1,
              2,
              4,
              8
            ],
            "regime_assessment": {
              "diagnosis": "pass_metrics_lack_qualified_discretization_uncertainty",
              "gci_safety_factor": 1.25,
              "method": "four_level_constant_ratio_observed_order_and_fine_grid_gci",
              "metrics": [
                {
                  "coarse_triplet_observed_order": 0.5573975849791392,
                  "fine_grid_gci": null,
                  "fine_triplet_observed_order": 4.09083004235428,
                  "metric": "max_displacement_m",
                  "observed_order_relative_difference": 0.8637446241451879,
                  "qualification_role": "pass_metric",
                  "regime": "oscillatory",
                  "richardson_extrapolated_value": null,
                  "unit": "m"
                },
                {
                  "coarse_triplet_observed_order": 1.6913175565249348,
                  "fine_grid_gci": 0.16733679942861118,
                  "fine_triplet_observed_order": 1.6753296422927717,
                  "metric": "total_strain_energy_j",
                  "observed_order_relative_difference": 0.009452934589653787,
                  "qualification_role": "pass_metric",
                  "regime": "asymptotic_converging",
                  "richardson_extrapolated_value": 5.00043266651222e-7,
                  "unit": "J"
                },
                {
                  "coarse_triplet_observed_order": -3.9603482724396177,
                  "fine_grid_gci": null,
                  "fine_triplet_observed_order": -0.6799238684638939,
                  "metric": "max_von_mises_stress_pa",
                  "observed_order_relative_difference": 0.8283171525101621,
                  "qualification_role": "diagnostic_metric",
                  "regime": "monotonic_diverging",
                  "richardson_extrapolated_value": null,
                  "unit": "Pa"
                }
              ],
              "order_consistency_tolerance": 0.25,
              "qualification_effect": "gci_gates_require_asymptotic_pass_metric_evidence",
              "qualification_tolerance": 0.02,
              "refinement_ratio": 2.0,
              "schema_version": "kyuubiki.composite-thermal-convergence-regime/v1",
              "status": "fail"
            },
            "samples": [
              {
                "displacement_relative_change": null,
                "element_count": 3,
                "elements_per_original_element": 1,
                "max_displacement_m": 3.022833226119673e-6,
                "max_von_mises_stress_pa": 74369.40431497536,
                "node_count": 8,
                "peak_stress_relative_change": null,
                "strain_energy_relative_change": null,
                "total_strain_energy_j": 3.037454077138098e-6
              },
              {
                "displacement_relative_change": 0.04108765817750705,
                "element_count": 12,
                "elements_per_original_element": 2,
                "max_displacement_m": 2.898632087797257e-6,
                "max_von_mises_stress_pa": 76266.90105424936,
                "node_count": 21,
                "peak_stress_relative_change": 0.02487968847618838,
                "strain_energy_relative_change": 0.5758099519800518,
                "total_strain_energy_j": 1.288457790839597e-6
              },
              {
                "displacement_relative_change": 0.02829271006121388,
                "element_count": 48,
                "elements_per_original_element": 4,
                "max_displacement_m": 2.9830300933317687e-6,
                "max_von_mises_stress_pa": 105803.78397557556,
                "node_count": 65,
                "peak_stress_relative_change": 0.2791666026627619,
                "strain_energy_relative_change": 0.4203212768545101,
                "total_strain_energy_j": 7.468915670207563e-7
              },
              {
                "displacement_relative_change": 0.001657644876935918,
                "element_count": 192,
                "elements_per_original_element": 8,
                "max_displacement_m": 2.9879831082234864e-6,
                "max_von_mises_stress_pa": 153123.5012035256,
                "node_count": 225,
                "peak_stress_relative_change": 0.30902974955525986,
                "strain_energy_relative_change": 0.2270228334278112,
                "total_strain_energy_j": 5.773301272123663e-7
              }
            ],
            "schema_version": "kyuubiki.composite-thermal-mesh-convergence/v1",
            "status": "fail"
          },
          "thermal_constraint_sensitivity": {
            "alternative_restraint": "roller_edge_with_vertical_anchor",
            "alternative_status": "fail",
            "diagnosis": "mixed_restraint_sensitivity_and_persistent_energy_nonconvergence",
            "displacement_change_ratio_alternative_to_primary": 0.40993475738699,
            "peak_stress_change_ratio_alternative_to_primary": 1.1901165358052683,
            "primary_restraint": "full_edge_clamp",
            "primary_status": "fail",
            "qualification_effect": "diagnostic_only_does_not_override_primary_quality_gates",
            "schema_version": "kyuubiki.composite-thermal-constraint-sensitivity/v1",
            "strain_energy_change_ratio_alternative_to_primary": 1.721448255507985
          },
          "thermal_expansion_projection": {
            "coverage_fraction": 1.0,
            "declared_region_count": 3,
            "max_relative_change": 0.0009054181261692416,
            "model": "regional_linear_temperature_dependent_thermal_expansion",
            "parameter_source": "screening_sensitivity_not_material_card",
            "schema_version": "kyuubiki.composite-thermal-expansion-projection/v1",
            "status": "pass",
            "updated_region_count": 3,
            "updates": [
              {
                "adjusted_thermal_expansion_1_k": 0.000017007673759135823,
                "element_id": "conductor_left",
                "mean_temperature_c": 37.25698798112375,
                "reference_thermal_expansion_1_k": 0.000017,
                "relative_change": 0.00045139759622486654
              },
              {
                "adjusted_thermal_expansion_1_k": 0.00004504074381567762,
                "element_id": "dielectric_core",
                "mean_temperature_c": 36.13177265771152,
                "reference_thermal_expansion_1_k": 0.000045,
                "relative_change": 0.0009054181261692416
              },
              {
                "adjusted_thermal_expansion_1_k": 0.000014000013860271065,
                "element_id": "substrate_right",
                "mean_temperature_c": 35.003300064539154,
                "reference_thermal_expansion_1_k": 0.000014,
                "relative_change": 9.900193617729488e-7
              }
            ]
          },
          "thermal_interface_grading_assessment": {
            "diagnosis": "graded_mesh_did_not_resolve_nonconvergence",
            "displacement_change_ratio_graded_to_uniform": 1.1205855699625689,
            "graded_mesh_convergence": {
              "algebraic_validation": {
                "max_relative_residual": null,
                "method": "original_system_recomputed_l2_residual_over_max_rhs_l2_or_one",
                "qualification_effect": "algebraic_gate_does_not_override_discretization_gates",
                "relative_residual_tolerance": 1e-10,
                "required_series": [
                  "uniform_full_edge_clamp",
                  "uniform_regularized_restraint",
                  "interface_graded_full_edge_clamp"
                ],
                "schema_version": "kyuubiki.composite-thermal-algebraic-validation/v1",
                "series": [],
                "status": "missing"
              },
              "convergence_tolerance": 0.02,
              "diagnostic_metrics": [
                "max_von_mises_stress_pa"
              ],
              "finest_pair_displacement_relative_change": 0.004531289176494991,
              "finest_pair_peak_stress_relative_change": 0.4148901853318715,
              "finest_pair_strain_energy_relative_change": 0.1193292195827721,
              "method": "cosine_graded_quad_h_refinement_at_clamp_interfaces_and_free_edges",
              "pass_metrics": [
                "max_displacement_m",
                "total_strain_energy_j"
              ],
              "refinement_levels": [
                1,
                2,
                4,
                8
              ],
              "regime_assessment": {
                "diagnosis": "pass_metrics_lack_qualified_discretization_uncertainty",
                "gci_safety_factor": 1.25,
                "method": "four_level_constant_ratio_observed_order_and_fine_grid_gci",
                "metrics": [
                  {
                    "coarse_triplet_observed_order": 2.0562116547195353,
                    "fine_grid_gci": null,
                    "fine_triplet_observed_order": 1.0300561351665145,
                    "metric": "max_displacement_m",
                    "observed_order_relative_difference": 0.49905150435157286,
                    "qualification_role": "pass_metric",
                    "regime": "oscillatory",
                    "richardson_extrapolated_value": null,
                    "unit": "m"
                  },
                  {
                    "coarse_triplet_observed_order": 0.8547038964909857,
                    "fine_grid_gci": null,
                    "fine_triplet_observed_order": 1.7729995311359297,
                    "metric": "total_strain_energy_j",
                    "observed_order_relative_difference": 0.5179333770362635,
                    "qualification_role": "pass_metric",
                    "regime": "monotonic_pre_asymptotic",
                    "richardson_extrapolated_value": null,
                    "unit": "J"
                  },
                  {
                    "coarse_triplet_observed_order": -1.05938643074624,
                    "fine_grid_gci": null,
                    "fine_triplet_observed_order": -0.5966547103901915,
                    "metric": "max_von_mises_stress_pa",
                    "observed_order_relative_difference": 0.4367921911460549,
                    "qualification_role": "diagnostic_metric",
                    "regime": "monotonic_diverging",
                    "richardson_extrapolated_value": null,
                    "unit": "Pa"
                  }
                ],
                "order_consistency_tolerance": 0.25,
                "qualification_effect": "gci_gates_require_asymptotic_pass_metric_evidence",
                "qualification_tolerance": 0.02,
                "refinement_ratio": 2.0,
                "schema_version": "kyuubiki.composite-thermal-convergence-regime/v1",
                "status": "fail"
              },
              "samples": [
                {
                  "displacement_relative_change": null,
                  "element_count": 3,
                  "elements_per_original_element": 1,
                  "max_displacement_m": 3.026419983369202e-6,
                  "max_von_mises_stress_pa": 1342791.8595225196,
                  "node_count": 8,
                  "peak_stress_relative_change": null,
                  "strain_energy_relative_change": null,
                  "total_strain_energy_j": 0.00002668793108425914
                },
                {
                  "displacement_relative_change": 0.03739109851104853,
                  "element_count": 12,
                  "elements_per_original_element": 2,
                  "max_displacement_m": 2.913258815635238e-6,
                  "max_von_mises_stress_pa": 2329813.2876567384,
                  "node_count": 21,
                  "peak_stress_relative_change": 0.4236482954936434,
                  "strain_energy_relative_change": 0.34377211713178774,
                  "total_strain_energy_j": 0.00001751336451355613
                },
                {
                  "displacement_relative_change": 0.009253362429276263,
                  "element_count": 48,
                  "elements_per_original_element": 4,
                  "max_displacement_m": 2.940468032047474e-6,
                  "max_von_mises_stress_pa": 4386810.361595025,
                  "node_count": 65,
                  "peak_stress_relative_change": 0.4689049455947696,
                  "strain_energy_relative_change": 0.28968396692669385,
                  "total_strain_energy_j": 0.000012440023607036002
                },
                {
                  "displacement_relative_change": 0.004531289176494991,
                  "element_count": 192,
                  "elements_per_original_element": 8,
                  "max_displacement_m": 2.927143921080028e-6,
                  "max_von_mises_stress_pa": 7497413.736057741,
                  "node_count": 225,
                  "peak_stress_relative_change": 0.4148901853318715,
                  "strain_energy_relative_change": 0.1193292195827721,
                  "total_strain_energy_j": 0.000010955565298417134
                }
              ],
              "schema_version": "kyuubiki.composite-thermal-mesh-convergence/v1",
              "status": "fail"
            },
            "graded_stress_recovery": {
              "convergence_tolerance": 0.02,
              "diagnostic_metrics": [
                "max_stress_pa",
                "max_to_p95_ratio"
              ],
              "finest_pair_max_relative_change": 0.4148901853318715,
              "finest_pair_p95_relative_change": 0.3405230352186856,
              "finest_pair_rms_relative_change": 0.009225980550887185,
              "method": "interface_graded_mesh_element_area_weighted_von_mises_p95_and_rms",
              "pass_metrics": [
                "area_weighted_rms_stress_pa",
                "area_weighted_p95_stress_pa"
              ],
              "refinement_levels": [
                1,
                2,
                4,
                8
              ],
              "samples": [
                {
                  "element_count": 3,
                  "elements_per_original_element": 1,
                  "max_relative_change": null,
                  "p95_relative_change": null,
                  "rms_relative_change": null,
                  "statistics": {
                    "area_weighted_mean_stress_pa": 472177.3146989068,
                    "area_weighted_p95_stress_pa": 1342791.8595225196,
                    "area_weighted_rms_stress_pa": 776064.1655703391,
                    "max_stress_pa": 1342791.8595225196,
                    "max_to_p95_ratio": 1.0
                  }
                },
                {
                  "element_count": 12,
                  "elements_per_original_element": 2,
                  "max_relative_change": 0.4236482954936434,
                  "p95_relative_change": 0.4236482954936434,
                  "rms_relative_change": 0.1965825158113805,
                  "statistics": {
                    "area_weighted_mean_stress_pa": 477768.3646542003,
                    "area_weighted_p95_stress_pa": 2329813.2876567384,
                    "area_weighted_rms_stress_pa": 965953.7921982058,
                    "max_stress_pa": 2329813.2876567384,
                    "max_to_p95_ratio": 1.0
                  }
                },
                {
                  "element_count": 48,
                  "elements_per_original_element": 4,
                  "max_relative_change": 0.4689049455947696,
                  "p95_relative_change": 0.5157122539668824,
                  "rms_relative_change": 0.040871498251722226,
                  "statistics": {
                    "area_weighted_mean_stress_pa": 362171.3156237607,
                    "area_weighted_p95_stress_pa": 1128300.0257572895,
                    "area_weighted_rms_stress_pa": 926473.8134691324,
                    "max_stress_pa": 4386810.361595025,
                    "max_to_p95_ratio": 3.887982151423507
                  }
                },
                {
                  "element_count": 192,
                  "elements_per_original_element": 8,
                  "max_relative_change": 0.4148901853318715,
                  "p95_relative_change": 0.3405230352186856,
                  "rms_relative_change": 0.009225980550887185,
                  "statistics": {
                    "area_weighted_mean_stress_pa": 337901.34802922147,
                    "area_weighted_p95_stress_pa": 1710901.344569994,
                    "area_weighted_rms_stress_pa": 917926.18408516,
                    "max_stress_pa": 7497413.736057741,
                    "max_to_p95_ratio": 4.382142640692171
                  }
                }
              ],
              "schema_version": "kyuubiki.composite-thermal-stress-recovery/v1",
              "status": "fail"
            },
            "max_change_ratio_graded_to_uniform": 1.5977997937654174,
            "p95_change_ratio_graded_to_uniform": 1.1440293190332722,
            "qualification_effect": "diagnostic_only_does_not_override_uniform_mesh_gates",
            "rms_change_ratio_graded_to_uniform": 0.5713572196650821,
            "schema_version": "kyuubiki.composite-thermal-interface-grading-assessment/v1",
            "strain_energy_change_ratio_graded_to_uniform": 0.9048388383682628
          },
          "thermal_mesh_convergence": {
            "algebraic_validation": {
              "max_relative_residual": 2.6074587599080107e-14,
              "method": "original_system_recomputed_l2_residual_over_max_rhs_l2_or_one",
              "qualification_effect": "algebraic_gate_does_not_override_discretization_gates",
              "relative_residual_tolerance": 1e-10,
              "required_series": [
                "uniform_full_edge_clamp",
                "uniform_regularized_restraint",
                "interface_graded_full_edge_clamp"
              ],
              "schema_version": "kyuubiki.composite-thermal-algebraic-validation/v1",
              "series": [
                {
                  "label": "uniform_full_edge_clamp",
                  "max_relative_residual": 1.0058084702010292e-14,
                  "samples": [
                    {
                      "element_count": 3,
                      "elements_per_original_element": 1,
                      "matrix_non_zero_count": 112,
                      "node_count": 8,
                      "relative_residual": 2.2124795194553735e-16,
                      "residual_norm": 4.1460139815574513e-14,
                      "rhs_norm": 187.39219708474585,
                      "solver_iterations": 0
                    },
                    {
                      "element_count": 12,
                      "elements_per_original_element": 2,
                      "matrix_non_zero_count": 440,
                      "node_count": 21,
                      "relative_residual": 6.134588766459646e-16,
                      "residual_norm": 1.1316563826847653e-13,
                      "rhs_norm": 184.471433337472,
                      "solver_iterations": 0
                    },
                    {
                      "element_count": 48,
                      "elements_per_original_element": 4,
                      "matrix_non_zero_count": 1746,
                      "node_count": 65,
                      "relative_residual": 2.516709476836437e-15,
                      "residual_norm": 3.651593219869614e-13,
                      "rhs_norm": 145.0939511881901,
                      "solver_iterations": 0
                    },
                    {
                      "element_count": 192,
                      "elements_per_original_element": 8,
                      "matrix_non_zero_count": 6925,
                      "node_count": 225,
                      "relative_residual": 1.0058084702010292e-14,
                      "residual_norm": 1.0797895879614433e-12,
                      "rhs_norm": 107.35538822273269,
                      "solver_iterations": 0
                    }
                  ],
                  "solver_path": "dense_direct",
                  "status": "pass"
                },
                {
                  "label": "uniform_regularized_restraint",
                  "max_relative_residual": 1.1240635682890664e-14,
                  "samples": [
                    {
                      "element_count": 3,
                      "elements_per_original_element": 1,
                      "matrix_non_zero_count": 121,
                      "node_count": 8,
                      "relative_residual": 2.310903607783743e-16,
                      "residual_norm": 4.8358948972012933e-14,
                      "rhs_norm": 209.2642410922161,
                      "solver_iterations": 0
                    },
                    {
                      "element_count": 12,
                      "elements_per_original_element": 2,
                      "matrix_non_zero_count": 463,
                      "node_count": 21,
                      "relative_residual": 5.44090920017776e-16,
                      "residual_norm": 1.0351844003296777e-13,
                      "rhs_norm": 190.2594515445796,
                      "solver_iterations": 0
                    },
                    {
                      "element_count": 48,
                      "elements_per_original_element": 4,
                      "matrix_non_zero_count": 1798,
                      "node_count": 65,
                      "relative_residual": 3.077065372273551e-15,
                      "residual_norm": 4.521767760131807e-13,
                      "rhs_norm": 146.9506563258618,
                      "solver_iterations": 0
                    },
                    {
                      "element_count": 192,
                      "elements_per_original_element": 8,
                      "matrix_non_zero_count": 7030,
                      "node_count": 225,
                      "relative_residual": 1.1240635682890664e-14,
                      "residual_norm": 1.2138189910225076e-12,
                      "rhs_norm": 107.98490630472595,
                      "solver_iterations": 0
                    }
                  ],
                  "solver_path": "dense_direct",
                  "status": "pass"
                },
                {
                  "label": "interface_graded_full_edge_clamp",
                  "max_relative_residual": 2.6074587599080107e-14,
                  "samples": [
                    {
                      "element_count": 3,
                      "elements_per_original_element": 1,
                      "matrix_non_zero_count": 112,
                      "node_count": 8,
                      "relative_residual": 2.2124795194553735e-16,
                      "residual_norm": 4.1460139815574513e-14,
                      "rhs_norm": 187.39219708474585,
                      "solver_iterations": 0
                    },
                    {
                      "element_count": 12,
                      "elements_per_original_element": 2,
                      "matrix_non_zero_count": 444,
                      "node_count": 21,
                      "relative_residual": 6.344077096383462e-16,
                      "residual_norm": 1.1703009951732851e-13,
                      "rhs_norm": 184.471433337472,
                      "solver_iterations": 0
                    },
                    {
                      "element_count": 48,
                      "elements_per_original_element": 4,
                      "matrix_non_zero_count": 1749,
                      "node_count": 65,
                      "relative_residual": 5.151684672357247e-15,
                      "residual_norm": 8.284405619840227e-13,
                      "rhs_norm": 160.80964085966752,
                      "solver_iterations": 0
                    },
                    {
                      "element_count": 192,
                      "elements_per_original_element": 8,
                      "matrix_non_zero_count": 6951,
                      "node_count": 225,
                      "relative_residual": 2.6074587599080107e-14,
                      "residual_norm": 3.1643848340352274e-12,
                      "rhs_norm": 121.35896002231938,
                      "solver_iterations": 0
                    }
                  ],
                  "solver_path": "dense_direct",
                  "status": "pass"
                }
              ],
              "status": "pass"
            },
            "convergence_tolerance": 0.02,
            "diagnostic_metrics": [
              "max_von_mises_stress_pa"
            ],
            "finest_pair_displacement_relative_change": 0.004043679749192514,
            "finest_pair_peak_stress_relative_change": 0.25966343652738266,
            "finest_pair_strain_energy_relative_change": 0.131878976147801,
            "method": "structured_quad_h_refinement_preserving_piecewise_linear_temperature_full_edge_clamp",
            "pass_metrics": [
              "max_displacement_m",
              "total_strain_energy_j"
            ],
            "refinement_levels": [
              1,
              2,
              4,
              8
            ],
            "regime_assessment": {
              "diagnosis": "pass_metrics_lack_qualified_discretization_uncertainty",
              "gci_safety_factor": 1.25,
              "method": "four_level_constant_ratio_observed_order_and_fine_grid_gci",
              "metrics": [
                {
                  "coarse_triplet_observed_order": 7.235250046541648,
                  "fine_grid_gci": null,
                  "fine_triplet_observed_order": -3.976791149723134,
                  "metric": "max_displacement_m",
                  "observed_order_relative_difference": 1.5496411491160538,
                  "qualification_role": "pass_metric",
                  "regime": "oscillatory",
                  "richardson_extrapolated_value": null,
                  "unit": "m"
                },
                {
                  "coarse_triplet_observed_order": 1.082847438215682,
                  "fine_grid_gci": 0.12731799742811337,
                  "fine_triplet_observed_order": 1.316999160547909,
                  "metric": "total_strain_energy_j",
                  "observed_order_relative_difference": 0.1777918538951941,
                  "qualification_role": "pass_metric",
                  "regime": "asymptotic_converging",
                  "richardson_extrapolated_value": 0.000010278061211122416,
                  "unit": "J"
                },
                {
                  "coarse_triplet_observed_order": 0.040579375738425454,
                  "fine_grid_gci": null,
                  "fine_triplet_observed_order": -0.26573803851787514,
                  "metric": "max_von_mises_stress_pa",
                  "observed_order_relative_difference": 1.1527044301401204,
                  "qualification_role": "diagnostic_metric",
                  "regime": "monotonic_diverging",
                  "richardson_extrapolated_value": null,
                  "unit": "Pa"
                }
              ],
              "order_consistency_tolerance": 0.25,
              "qualification_effect": "gci_gates_require_asymptotic_pass_metric_evidence",
              "qualification_tolerance": 0.02,
              "refinement_ratio": 2.0,
              "schema_version": "kyuubiki.composite-thermal-convergence-regime/v1",
              "status": "fail"
            },
            "samples": [
              {
                "displacement_relative_change": null,
                "element_count": 3,
                "elements_per_original_element": 1,
                "max_displacement_m": 3.026419983369202e-6,
                "max_von_mises_stress_pa": 1342791.8595225196,
                "node_count": 8,
                "peak_stress_relative_change": null,
                "strain_energy_relative_change": null,
                "total_strain_energy_j": 0.00002668793108425914
              },
              {
                "displacement_relative_change": 0.037391098511073015,
                "element_count": 12,
                "elements_per_original_element": 2,
                "max_displacement_m": 2.913258815635164e-6,
                "max_von_mises_stress_pa": 2329813.2876567403,
                "node_count": 21,
                "peak_stress_relative_change": 0.4236482954936439,
                "strain_energy_relative_change": 0.343772117131788,
                "total_strain_energy_j": 0.000017513364513556122
              },
              {
                "displacement_relative_change": 0.0002578048366965977,
                "element_count": 48,
                "elements_per_original_element": 4,
                "max_displacement_m": 2.9125077634219443e-6,
                "max_von_mises_stress_pa": 3289459.0988252754,
                "node_count": 65,
                "peak_stress_relative_change": 0.2917336201295957,
                "strain_energy_relative_change": 0.24731269480242443,
                "total_strain_energy_j": 0.000013182087140651406
              },
              {
                "displacement_relative_change": 0.004043679749192514,
                "element_count": 192,
                "elements_per_original_element": 8,
                "max_displacement_m": 2.924332828861912e-6,
                "max_von_mises_stress_pa": 4443194.164821149,
                "node_count": 225,
                "peak_stress_relative_change": 0.25966343652738266,
                "strain_energy_relative_change": 0.131878976147801,
                "total_strain_energy_j": 0.000011443646985051204
              }
            ],
            "schema_version": "kyuubiki.composite-thermal-mesh-convergence/v1",
            "status": "fail"
          },
          "thermal_stress_recovery": {
            "convergence_tolerance": 0.02,
            "diagnostic_metrics": [
              "max_stress_pa",
              "max_to_p95_ratio"
            ],
            "finest_pair_max_relative_change": 0.25966343652738266,
            "finest_pair_p95_relative_change": 0.2976523674292145,
            "finest_pair_rms_relative_change": 0.016147482228885224,
            "method": "uniform_mesh_element_area_weighted_von_mises_p95_and_rms",
            "pass_metrics": [
              "area_weighted_rms_stress_pa",
              "area_weighted_p95_stress_pa"
            ],
            "refinement_levels": [
              1,
              2,
              4,
              8
            ],
            "samples": [
              {
                "element_count": 3,
                "elements_per_original_element": 1,
                "max_relative_change": null,
                "p95_relative_change": null,
                "rms_relative_change": null,
                "statistics": {
                  "area_weighted_mean_stress_pa": 472177.3146989068,
                  "area_weighted_p95_stress_pa": 1342791.8595225196,
                  "area_weighted_rms_stress_pa": 776064.1655703391,
                  "max_stress_pa": 1342791.8595225196,
                  "max_to_p95_ratio": 1.0
                }
              },
              {
                "element_count": 12,
                "elements_per_original_element": 2,
                "max_relative_change": 0.4236482954936439,
                "p95_relative_change": 0.4236482954936439,
                "rms_relative_change": 0.1965825158113807,
                "statistics": {
                  "area_weighted_mean_stress_pa": 477768.3646542004,
                  "area_weighted_p95_stress_pa": 2329813.2876567403,
                  "area_weighted_rms_stress_pa": 965953.792198206,
                  "max_stress_pa": 2329813.2876567403,
                  "max_to_p95_ratio": 1.0
                }
              },
              {
                "element_count": 48,
                "elements_per_original_element": 4,
                "max_relative_change": 0.2917336201295957,
                "p95_relative_change": 0.2452222685313708,
                "rms_relative_change": 0.021380226760140293,
                "statistics": {
                  "area_weighted_mean_stress_pa": 377203.01343486144,
                  "area_weighted_p95_stress_pa": 3086754.140352608,
                  "area_weighted_rms_stress_pa": 945301.481081191,
                  "max_stress_pa": 3289459.0988252754,
                  "max_to_p95_ratio": 1.065669291837254
                }
              },
              {
                "element_count": 192,
                "elements_per_original_element": 8,
                "max_relative_change": 0.25966343652738266,
                "p95_relative_change": 0.2976523674292145,
                "rms_relative_change": 0.016147482228885224,
                "statistics": {
                  "area_weighted_mean_stress_pa": 346226.70467620046,
                  "area_weighted_p95_stress_pa": 2167974.4628047245,
                  "area_weighted_rms_stress_pa": 930037.2422144936,
                  "max_stress_pa": 4443194.164821149,
                  "max_to_p95_ratio": 2.0494679439502974
                }
              }
            ],
            "schema_version": "kyuubiki.composite-thermal-stress-recovery/v1",
            "status": "fail"
          }
        },
        "status": "completed"
      },
      "requires_confirmation": false
    }
  ]
}
