{
  "schema_version": "kyuubiki.headless-execution-run/v1",
  "workflow_id": "template.material_composite_thermo_electric_panel_screening",
  "mode": "execute:service",
  "status": "ok",
  "executed_step_count": 9,
  "warning_count": 0,
  "blocked_by_confirmation": null,
  "validation": {
    "ok": true,
    "issue_count": 0,
    "issues": [],
    "warning_count": 0,
    "warnings": [],
    "summary": {
      "schema_version": "kyuubiki.headless-execution-batch/v1",
      "workflow_id": "template.material_composite_thermo_electric_panel_screening",
      "template_id": "material_composite_thermo_electric_panel_screening",
      "exported_at": "1970-01-01T00:00:00.000Z",
      "language": "en",
      "step_count": 9,
      "warning_count": 0,
      "actions": [
        "solve_composite_thermo_electric_panel",
        "job_wait",
        "result_fetch",
        "solve_composite_thermo_electric_panel",
        "job_wait",
        "result_fetch",
        "solve_composite_thermo_electric_panel",
        "job_wait",
        "result_fetch"
      ]
    },
    "policy": {
      "required_engines": [
        "service"
      ],
      "engine_counts": {
        "browser": 0,
        "service": 9
      },
      "risk_counts": {
        "sensitive": 0,
        "normal": 9,
        "destructive": 0
      },
      "recommended_runtime": "service_only",
      "needs_desktop_browser": false,
      "safe_for_service_only": true,
      "notes": []
    }
  },
  "execution_summary": {
    "schema_version": "kyuubiki.headless-execution-summary/v1",
    "job_count": 3,
    "job_ids": [
      "2e066aa5b6545a2c",
      "9cf696f3715f1fb9",
      "b7160b871cedbb7a"
    ],
    "jobs": [
      {
        "job_id": "2e066aa5b6545a2c",
        "status": "completed",
        "worker_id": "rust-agent-rpc@127.0.0.1:5002",
        "phase": "execution",
        "created_at": "2026-08-13T11:21:56.639672Z",
        "execution_started_at": "2026-08-13T11:21:56.646274Z",
        "updated_at": "2026-08-13T11:22:02.692474Z",
        "queue_wait_ms": 6,
        "execution_elapsed_ms": 6046,
        "total_elapsed_ms": 6052,
        "effective_timeout_ms": 120000,
        "effective_deadline": "2026-08-13T11:23:56.646274Z"
      },
      {
        "job_id": "9cf696f3715f1fb9",
        "status": "completed",
        "worker_id": "rust-agent-rpc@127.0.0.1:5001",
        "phase": "execution",
        "created_at": "2026-08-13T11:22:03.716729Z",
        "execution_started_at": "2026-08-13T11:22:03.721247Z",
        "updated_at": "2026-08-13T11:22:09.763019Z",
        "queue_wait_ms": 4,
        "execution_elapsed_ms": 6041,
        "total_elapsed_ms": 6046,
        "effective_timeout_ms": 120000,
        "effective_deadline": "2026-08-13T11:24:03.721247Z"
      },
      {
        "job_id": "b7160b871cedbb7a",
        "status": "completed",
        "worker_id": "rust-agent-rpc@127.0.0.1:5002",
        "phase": "execution",
        "created_at": "2026-08-13T11:22:09.789650Z",
        "execution_started_at": "2026-08-13T11:22:09.792841Z",
        "updated_at": "2026-08-13T11:22:15.837892Z",
        "queue_wait_ms": 3,
        "execution_elapsed_ms": 6045,
        "total_elapsed_ms": 6048,
        "effective_timeout_ms": 120000,
        "effective_deadline": "2026-08-13T11:24:09.792841Z"
      }
    ],
    "failure": null
  },
  "steps": [
    {
      "index": 1,
      "action": "solve_composite_thermo_electric_panel",
      "risk": "normal",
      "status": "executed",
      "payload": {
        "electric_conduction_feedback": {
          "parameter_source": "screening_reference_not_material_card",
          "regions": [
            {
              "element_id": "conductor_left",
              "reference_resistivity_ohm_m": 1.68e-8,
              "reference_temperature_c": 35.0,
              "resistivity_temperature_coefficient_1_k": 0.00393
            }
          ]
        },
        "electric_conduction_model": {
          "contact_interfaces": [],
          "elements": [
            {
              "electrical_conductivity_s_m": 59523809.523809515,
              "id": "conductor_left",
              "node_i": 0,
              "node_j": 1,
              "node_k": 2,
              "node_l": 3,
              "thickness": 0.001
            }
          ],
          "nodes": [
            {
              "current_source_a": 0.0,
              "electric_potential_v": 0.0,
              "fix_electric_potential": true,
              "id": "n0",
              "x": 0.0,
              "y": 0.0
            },
            {
              "current_source_a": 0.0,
              "electric_potential_v": 0.000033600000000000004,
              "fix_electric_potential": true,
              "id": "n1",
              "x": 0.03,
              "y": 0.0
            },
            {
              "current_source_a": 0.0,
              "electric_potential_v": 0.000033600000000000004,
              "fix_electric_potential": true,
              "id": "n5",
              "x": 0.03,
              "y": 0.03
            },
            {
              "current_source_a": 0.0,
              "electric_potential_v": 0.0,
              "fix_electric_potential": true,
              "id": "n4",
              "x": 0.0,
              "y": 0.03
            }
          ],
          "terminals": []
        },
        "electrostatic_model": {
          "elements": [
            {
              "id": "conductor_left",
              "node_i": 0,
              "node_j": 1,
              "node_k": 5,
              "node_l": 4,
              "permittivity": 1.0,
              "thickness": 0.001
            },
            {
              "id": "dielectric_core",
              "node_i": 1,
              "node_j": 2,
              "node_k": 6,
              "node_l": 5,
              "permittivity": 3.4,
              "thickness": 0.001
            },
            {
              "id": "substrate_right",
              "node_i": 2,
              "node_j": 3,
              "node_k": 7,
              "node_l": 6,
              "permittivity": 4.2,
              "thickness": 0.001
            }
          ],
          "nodes": [
            {
              "charge_density": 0.0,
              "fix_potential": true,
              "id": "n0",
              "potential": 0.0,
              "x": 0.0,
              "y": 0.0
            },
            {
              "charge_density": 0.0,
              "fix_potential": false,
              "id": "n1",
              "potential": 0.0,
              "x": 0.03,
              "y": 0.0
            },
            {
              "charge_density": 0.0,
              "fix_potential": false,
              "id": "n2",
              "potential": 0.0,
              "x": 0.06,
              "y": 0.0
            },
            {
              "charge_density": 0.0,
              "fix_potential": true,
              "id": "n3",
              "potential": 4381,
              "x": 0.09,
              "y": 0.0
            },
            {
              "charge_density": 0.0,
              "fix_potential": true,
              "id": "n4",
              "potential": 0.0,
              "x": 0.0,
              "y": 0.03
            },
            {
              "charge_density": 0.0,
              "fix_potential": false,
              "id": "n5",
              "potential": 0.0,
              "x": 0.03,
              "y": 0.03
            },
            {
              "charge_density": 0.0,
              "fix_potential": false,
              "id": "n6",
              "potential": 0.0,
              "x": 0.06,
              "y": 0.03
            },
            {
              "charge_density": 0.0,
              "fix_potential": true,
              "id": "n7",
              "potential": 4381,
              "x": 0.09,
              "y": 0.03
            }
          ]
        },
        "electrothermal_feedback": {
          "conductivity_relative_change_tolerance": 1e-9,
          "loss_relative_change_tolerance": 1e-9,
          "loss_tangent_temperature_coefficient_1_k": 0.001,
          "max_iterations": 12,
          "parameter_source": "screening_sensitivity_not_material_card",
          "relative_permittivity_temperature_coefficient_1_k": 0.0001,
          "relaxation_factor": 0.8,
          "temperature_residual_tolerance_c": 1e-7,
          "thermal_conductivity_models": [
            {
              "element_id": "conductor_left",
              "reference_temperature_c": 35.0,
              "temperature_coefficient_1_k": -0.001
            },
            {
              "element_id": "dielectric_core",
              "reference_temperature_c": 35.0,
              "temperature_coefficient_1_k": -0.002
            },
            {
              "element_id": "substrate_right",
              "reference_temperature_c": 35.0,
              "temperature_coefficient_1_k": -0.0012
            }
          ]
        },
        "electrothermal_loss": {
          "frequency_hz": 10000000.0,
          "loss_tangent": 0.008,
          "reference_temperature_c": 35.0,
          "relative_permittivity": 3.4,
          "source_element_id": "dielectric_core"
        },
        "heat_model": {
          "elements": [
            {
              "conductivity": 390.0,
              "id": "conductor_left",
              "node_i": 0,
              "node_j": 1,
              "node_k": 5,
              "node_l": 4,
              "thickness": 0.001
            },
            {
              "conductivity": 0.25,
              "id": "dielectric_core",
              "node_i": 1,
              "node_j": 2,
              "node_k": 6,
              "node_l": 5,
              "thickness": 0.001
            },
            {
              "conductivity": 160.0,
              "id": "substrate_right",
              "node_i": 2,
              "node_j": 3,
              "node_k": 7,
              "node_l": 6,
              "thickness": 0.001
            }
          ],
          "nodes": [
            {
              "fix_temperature": false,
              "heat_load": 0.0,
              "id": "n0",
              "temperature": 35.0,
              "x": 0.0,
              "y": 0.0
            },
            {
              "fix_temperature": false,
              "heat_load": 0.0,
              "id": "n1",
              "temperature": 35.0,
              "x": 0.03,
              "y": 0.0
            },
            {
              "fix_temperature": false,
              "heat_load": 0.0,
              "id": "n2",
              "temperature": 35.0,
              "x": 0.06,
              "y": 0.0
            },
            {
              "fix_temperature": true,
              "heat_load": 0.0,
              "id": "n3",
              "temperature": 35.0,
              "x": 0.09,
              "y": 0.0
            },
            {
              "fix_temperature": false,
              "heat_load": 0.0,
              "id": "n4",
              "temperature": 35.0,
              "x": 0.0,
              "y": 0.03
            },
            {
              "fix_temperature": false,
              "heat_load": 0.0,
              "id": "n5",
              "temperature": 35.0,
              "x": 0.03,
              "y": 0.03
            },
            {
              "fix_temperature": false,
              "heat_load": 0.0,
              "id": "n6",
              "temperature": 35.0,
              "x": 0.06,
              "y": 0.03
            },
            {
              "fix_temperature": true,
              "heat_load": 0.0,
              "id": "n7",
              "temperature": 35.0,
              "x": 0.09,
              "y": 0.03
            }
          ]
        },
        "research": {
          "candidate_id": "copper_polyimide_aluminum",
          "candidate_label": "Copper / Polyimide / Aluminum",
          "coupling": "iterative_dielectric_and_conductor_joule_heating_with_temperature_dependent_electrical_thermal_feedback_and_expansion_projection",
          "materials": {
            "conductor": "copper",
            "dielectric": "polyimide",
            "substrate": "aluminum_6061"
          },
          "study": "material.composite_thermo_electric_panel.v1"
        },
        "thermal_expansion_feedback": {
          "parameter_source": "screening_sensitivity_not_material_card",
          "regions": [
            {
              "element_id": "conductor_left",
              "reference_temperature_c": 35.0,
              "temperature_coefficient_1_k": 0.0002
            },
            {
              "element_id": "dielectric_core",
              "reference_temperature_c": 35.0,
              "temperature_coefficient_1_k": 0.0008
            },
            {
              "element_id": "substrate_right",
              "reference_temperature_c": 35.0,
              "temperature_coefficient_1_k": 0.0003
            }
          ]
        },
        "thermal_model": {
          "elements": [
            {
              "id": "conductor_left",
              "node_i": 0,
              "node_j": 1,
              "node_k": 5,
              "node_l": 4,
              "poisson_ratio": 0.32,
              "thermal_expansion": 0.000017,
              "thickness": 0.001,
              "youngs_modulus": 110000000000.0
            },
            {
              "id": "dielectric_core",
              "node_i": 1,
              "node_j": 2,
              "node_k": 6,
              "node_l": 5,
              "poisson_ratio": 0.32,
              "thermal_expansion": 0.000045,
              "thickness": 0.001,
              "youngs_modulus": 2500000000.0
            },
            {
              "id": "substrate_right",
              "node_i": 2,
              "node_j": 3,
              "node_k": 7,
              "node_l": 6,
              "poisson_ratio": 0.32,
              "thermal_expansion": 0.0000236,
              "thickness": 0.001,
              "youngs_modulus": 68900000000.0
            }
          ],
          "nodes": [
            {
              "fix_x": true,
              "fix_y": true,
              "id": "n0",
              "load_x": 0.0,
              "load_y": 0.0,
              "temperature_delta": 0.0,
              "x": 0.0,
              "y": 0.0
            },
            {
              "fix_x": false,
              "fix_y": false,
              "id": "n1",
              "load_x": 0.0,
              "load_y": 0.0,
              "temperature_delta": 0.0,
              "x": 0.03,
              "y": 0.0
            },
            {
              "fix_x": false,
              "fix_y": false,
              "id": "n2",
              "load_x": 0.0,
              "load_y": 0.0,
              "temperature_delta": 0.0,
              "x": 0.06,
              "y": 0.0
            },
            {
              "fix_x": false,
              "fix_y": false,
              "id": "n3",
              "load_x": 0.0,
              "load_y": 0.0,
              "temperature_delta": 0.0,
              "x": 0.09,
              "y": 0.0
            },
            {
              "fix_x": true,
              "fix_y": true,
              "id": "n4",
              "load_x": 0.0,
              "load_y": 0.0,
              "temperature_delta": 0.0,
              "x": 0.0,
              "y": 0.03
            },
            {
              "fix_x": false,
              "fix_y": false,
              "id": "n5",
              "load_x": 0.0,
              "load_y": 0.0,
              "temperature_delta": 0.0,
              "x": 0.03,
              "y": 0.03
            },
            {
              "fix_x": false,
              "fix_y": false,
              "id": "n6",
              "load_x": 0.0,
              "load_y": 0.0,
              "temperature_delta": 0.0,
              "x": 0.06,
              "y": 0.03
            },
            {
              "fix_x": false,
              "fix_y": false,
              "id": "n7",
              "load_x": 0.0,
              "load_y": 0.0,
              "temperature_delta": 0.0,
              "x": 0.09,
              "y": 0.03
            }
          ]
        }
      },
      "result_preview": {
        "job": {
          "created_at": "2026-08-13T11:21:56.639672Z",
          "execution_started_at": null,
          "execution_timeout_ms": 120000,
          "has_result": false,
          "iteration": null,
          "job_id": "2e066aa5b6545a2c",
          "message": null,
          "model_version_id": null,
          "progress": 0.0,
          "project_id": "59780f6683ad54f0",
          "queue_timeout_ms": 1800000,
          "residual": null,
          "simulation_case_id": "a1454c3e824c8285",
          "status": "queued",
          "status_detail": {
            "active": true,
            "failure_class": null,
            "lifecycle": "active",
            "recoverable": false,
            "terminal": false,
            "timing": {
              "effective_deadline": "2026-08-13T11:51:56.639672Z",
              "effective_timeout_ms": 1800000,
              "execution_elapsed_ms": null,
              "execution_started_at": null,
              "execution_timeout_ms": 120000,
              "job_submission_deadline": "2026-08-13T11:51:56.639672Z",
              "phase": "queue",
              "queue_timeout_ms": 1800000,
              "queue_wait_ms": 0,
              "total_elapsed_ms": 0
            }
          },
          "updated_at": "2026-08-13T11:21:56.639672Z",
          "worker_id": null
        },
        "job_id": "2e066aa5b6545a2c",
        "progress": 0.0,
        "raw": {
          "job": {
            "created_at": "2026-08-13T11:21:56.639672Z",
            "execution_started_at": null,
            "execution_timeout_ms": 120000,
            "has_result": false,
            "iteration": null,
            "job_id": "2e066aa5b6545a2c",
            "message": null,
            "model_version_id": null,
            "progress": 0.0,
            "project_id": "59780f6683ad54f0",
            "queue_timeout_ms": 1800000,
            "residual": null,
            "simulation_case_id": "a1454c3e824c8285",
            "status": "queued",
            "status_detail": {
              "active": true,
              "failure_class": null,
              "lifecycle": "active",
              "recoverable": false,
              "terminal": false,
              "timing": {
                "effective_deadline": "2026-08-13T11:51:56.639672Z",
                "effective_timeout_ms": 1800000,
                "execution_elapsed_ms": null,
                "execution_started_at": null,
                "execution_timeout_ms": 120000,
                "job_submission_deadline": "2026-08-13T11:51:56.639672Z",
                "phase": "queue",
                "queue_timeout_ms": 1800000,
                "queue_wait_ms": 0,
                "total_elapsed_ms": 0
              }
            },
            "updated_at": "2026-08-13T11:21:56.639672Z",
            "worker_id": null
          }
        },
        "status": "queued"
      },
      "requires_confirmation": false
    },
    {
      "index": 2,
      "action": "job_wait",
      "risk": "normal",
      "status": "executed",
      "payload": {
        "interval_ms": 1000,
        "job_id": "2e066aa5b6545a2c",
        "max_total_timeout_ms": 3600000,
        "resume_policy": "server_deadline",
        "timeout_ms": 60000
      },
      "result_preview": {
        "job": {
          "created_at": "2026-08-13T11:21:56.639672Z",
          "execution_started_at": "2026-08-13T11:21:56.646274Z",
          "execution_timeout_ms": 120000,
          "iteration": 4,
          "job_id": "2e066aa5b6545a2c",
          "message": "collecting nodal and elemental responses",
          "model_version_id": null,
          "progress": 1.0,
          "project_id": "59780f6683ad54f0",
          "queue_timeout_ms": 1800000,
          "residual": 0.2,
          "simulation_case_id": "a1454c3e824c8285",
          "status": "completed",
          "status_detail": {
            "active": false,
            "failure_class": null,
            "lifecycle": "terminal",
            "recoverable": false,
            "terminal": true,
            "timing": {
              "effective_deadline": "2026-08-13T11:23:56.646274Z",
              "effective_timeout_ms": 120000,
              "execution_elapsed_ms": 6046,
              "execution_started_at": "2026-08-13T11:21:56.646274Z",
              "execution_timeout_ms": 120000,
              "job_submission_deadline": "2026-08-13T11:51:56.639672Z",
              "phase": "execution",
              "queue_timeout_ms": 1800000,
              "queue_wait_ms": 6,
              "total_elapsed_ms": 6052
            }
          },
          "updated_at": "2026-08-13T11:22:02.692474Z",
          "worker_id": "rust-agent-rpc@127.0.0.1:5002"
        },
        "job_id": "2e066aa5b6545a2c",
        "progress": 1.0,
        "raw": {
          "job": {
            "created_at": "2026-08-13T11:21:56.639672Z",
            "execution_started_at": "2026-08-13T11:21:56.646274Z",
            "execution_timeout_ms": 120000,
            "iteration": 4,
            "job_id": "2e066aa5b6545a2c",
            "message": "collecting nodal and elemental responses",
            "model_version_id": null,
            "progress": 1.0,
            "project_id": "59780f6683ad54f0",
            "queue_timeout_ms": 1800000,
            "residual": 0.2,
            "simulation_case_id": "a1454c3e824c8285",
            "status": "completed",
            "status_detail": {
              "active": false,
              "failure_class": null,
              "lifecycle": "terminal",
              "recoverable": false,
              "terminal": true,
              "timing": {
                "effective_deadline": "2026-08-13T11:23:56.646274Z",
                "effective_timeout_ms": 120000,
                "execution_elapsed_ms": 6046,
                "execution_started_at": "2026-08-13T11:21:56.646274Z",
                "execution_timeout_ms": 120000,
                "job_submission_deadline": "2026-08-13T11:51:56.639672Z",
                "phase": "execution",
                "queue_timeout_ms": 1800000,
                "queue_wait_ms": 6,
                "total_elapsed_ms": 6052
              }
            },
            "updated_at": "2026-08-13T11:22:02.692474Z",
            "worker_id": "rust-agent-rpc@127.0.0.1:5002"
          }
        },
        "result": null,
        "status": "completed",
        "wait": {
          "elapsed_ms": 7056,
          "policy": "server_deadline",
          "poll_attempts": 8,
          "resume_count": 0
        }
      },
      "requires_confirmation": false
    },
    {
      "index": 3,
      "action": "result_fetch",
      "risk": "normal",
      "status": "executed",
      "payload": {
        "job_id": "2e066aa5b6545a2c"
      },
      "result_preview": {
        "job": {
          "created_at": "2026-08-13T11:21:56.639672Z",
          "execution_started_at": "2026-08-13T11:21:56.646274Z",
          "execution_timeout_ms": 120000,
          "has_result": true,
          "iteration": 4,
          "job_id": "2e066aa5b6545a2c",
          "message": "collecting nodal and elemental responses",
          "model_version_id": null,
          "progress": 1.0,
          "project_id": "59780f6683ad54f0",
          "queue_timeout_ms": 1800000,
          "residual": 0.2,
          "simulation_case_id": "a1454c3e824c8285",
          "status": "completed",
          "status_detail": {
            "active": false,
            "failure_class": null,
            "lifecycle": "terminal",
            "recoverable": false,
            "terminal": true,
            "timing": {
              "effective_deadline": "2026-08-13T11:23:56.646274Z",
              "effective_timeout_ms": 120000,
              "execution_elapsed_ms": 6046,
              "execution_started_at": "2026-08-13T11:21:56.646274Z",
              "execution_timeout_ms": 120000,
              "job_submission_deadline": "2026-08-13T11:51:56.639672Z",
              "phase": "execution",
              "queue_timeout_ms": 1800000,
              "queue_wait_ms": 6,
              "total_elapsed_ms": 6052
            }
          },
          "updated_at": "2026-08-13T11:22:02.692474Z",
          "worker_id": "rust-agent-rpc@127.0.0.1:5002"
        },
        "job_id": "2e066aa5b6545a2c",
        "result": {
          "electric_conduction": {
            "contact_interfaces": [],
            "current_balance_relative_error": 0.0,
            "elements": [
              {
                "area_m2": 0.0009,
                "average_electric_potential_v": 0.000016800000000000002,
                "current_density_magnitude_a_m2": 61262.07463373885,
                "current_density_x_a_m2": -61262.07463373885,
                "current_density_y_a_m2": -0.0,
                "electric_field_magnitude_v_m": 0.00112,
                "electric_field_x_v_m": -0.00112,
                "electric_field_y_v_m": -0.0,
                "electric_potential_gradient_x_v_m": 0.00112,
                "electric_potential_gradient_y_v_m": 0.0,
                "id": "conductor_left",
                "index": 0,
                "joule_power_w": 0.00006175217123080876,
                "node_i": 0,
                "node_j": 1,
                "node_k": 2,
                "node_l": 3,
                "peak_current_density_magnitude_a_m2": 61262.07463373885,
                "peak_electric_field_magnitude_v_m": 0.00112,
                "rms_current_density_magnitude_a_m2": 61262.07463373885,
                "rms_electric_field_magnitude_v_m": 0.00112,
                "volumetric_joule_heating_w_m3": 68.6135235897875
              }
            ],
            "free_current_residual_relative_error": 0.0,
            "input": {
              "contact_interfaces": [],
              "elements": [
                {
                  "electrical_conductivity_s_m": 54698280.922981106,
                  "id": "conductor_left",
                  "node_i": 0,
                  "node_j": 1,
                  "node_k": 2,
                  "node_l": 3,
                  "thickness": 0.001
                }
              ],
              "nodes": [
                {
                  "current_source_a": 0.0,
                  "electric_potential_v": 0.0,
                  "fix_electric_potential": true,
                  "id": "n0",
                  "x": 0.0,
                  "y": 0.0
                },
                {
                  "current_source_a": 0.0,
                  "electric_potential_v": 0.000033600000000000004,
                  "fix_electric_potential": true,
                  "id": "n1",
                  "x": 0.03,
                  "y": 0.0
                },
                {
                  "current_source_a": 0.0,
                  "electric_potential_v": 0.000033600000000000004,
                  "fix_electric_potential": true,
                  "id": "n5",
                  "x": 0.03,
                  "y": 0.03
                },
                {
                  "current_source_a": 0.0,
                  "electric_potential_v": 0.0,
                  "fix_electric_potential": true,
                  "id": "n4",
                  "x": 0.0,
                  "y": 0.03
                }
              ],
              "terminals": []
            },
            "max_current_density_a_m2": 61262.07463373885,
            "max_electric_field_v_m": 0.00112,
            "max_electric_potential_v": 0.000033600000000000004,
            "max_free_current_residual_a": 0.0,
            "nodes": [
              {
                "current_source_a": 0.0,
                "electric_potential_v": 0.0,
                "fix_electric_potential": true,
                "id": "n0",
                "index": 0,
                "net_injected_current_a": -0.9189311195060827,
                "reaction_current_a": -0.9189311195060827,
                "x": 0.0,
                "y": 0.0
              },
              {
                "current_source_a": 0.0,
                "electric_potential_v": 0.000033600000000000004,
                "fix_electric_potential": true,
                "id": "n1",
                "index": 1,
                "net_injected_current_a": 0.9189311195060827,
                "reaction_current_a": 0.9189311195060827,
                "x": 0.03,
                "y": 0.0
              },
              {
                "current_source_a": 0.0,
                "electric_potential_v": 0.000033600000000000004,
                "fix_electric_potential": true,
                "id": "n5",
                "index": 2,
                "net_injected_current_a": 0.9189311195060827,
                "reaction_current_a": 0.9189311195060827,
                "x": 0.03,
                "y": 0.03
              },
              {
                "current_source_a": 0.0,
                "electric_potential_v": 0.0,
                "fix_electric_potential": true,
                "id": "n4",
                "index": 3,
                "net_injected_current_a": -0.9189311195060827,
                "reaction_current_a": -0.9189311195060827,
                "x": 0.0,
                "y": 0.03
              }
            ],
            "power_balance_relative_error": 2.1946640718775751e-16,
            "source_power_balance_relative_error": 2.1946640718775751e-16,
            "terminals": [],
            "total_bulk_joule_power_w": 0.00006175217123080876,
            "total_contact_joule_power_w": -0.0,
            "total_dissipated_power_w": 0.00006175217123080876,
            "total_electrical_input_power_w": 0.00006175217123080878,
            "total_extracted_current_a": 1.8378622390121655,
            "total_injected_current_a": 1.8378622390121655,
            "total_joule_power_w": 0.00006175217123080876,
            "total_source_power_w": 0.00006175217123080878,
            "total_terminal_impedance_power_w": -0.0
          },
          "electrostatic": {
            "elements": [
              {
                "area": 0.0009,
                "average_potential": 1429.9402955523235,
                "electric_energy_density": 4543842775.209482,
                "electric_field_magnitude": 95329.3530368216,
                "electric_field_x": -95329.3530368216,
                "electric_field_y": -0.0,
                "electric_flux_density_magnitude": 95329.3530368216,
                "electric_flux_density_x": -95329.3530368216,
                "electric_flux_density_y": -0.0,
                "id": "conductor_left",
                "index": 0,
                "node_i": 0,
                "node_j": 1,
                "node_k": 5,
                "node_l": 4,
                "potential_gradient_x": 95329.3530368216,
                "potential_gradient_y": 0.0,
                "stored_energy": 4089.458497688534
              },
              {
                "area": 0.0009,
                "average_potential": 3279.978320420817,
                "electric_energy_density": 1334921491.598276,
                "electric_field_magnitude": 28006.515287744645,
                "electric_field_x": -28006.515287744645,
                "electric_field_y": 7.275957614183426e-12,
                "electric_flux_density_magnitude": 95329.35303682165,
                "electric_flux_density_x": -95329.35303682165,
                "electric_flux_density_y": 2.4766106206256933e-11,
                "id": "dielectric_core",
                "index": 1,
                "node_i": 1,
                "node_j": 2,
                "node_k": 6,
                "node_l": 5,
                "potential_gradient_x": 28006.515287744645,
                "potential_gradient_y": -7.275957614183426e-12,
                "stored_energy": 1201.4293424384482
              },
              {
                "area": 0.0009,
                "average_potential": 4040.5380248684937,
                "electric_energy_density": 1081867327.4308352,
                "electric_field_magnitude": 22697.465008767107,
                "electric_field_x": -22697.465008767107,
                "electric_field_y": 7.275957614183426e-12,
                "electric_flux_density_magnitude": 95329.35303682183,
                "electric_flux_density_x": -95329.35303682183,
                "electric_flux_density_y": 3.055902197957039e-11,
                "id": "substrate_right",
                "index": 2,
                "node_i": 2,
                "node_j": 3,
                "node_k": 7,
                "node_l": 6,
                "potential_gradient_x": 22697.465008767107,
                "potential_gradient_y": -7.275957614183426e-12,
                "stored_energy": 973.6805946877516
              }
            ],
            "input": {
              "elements": [
                {
                  "id": "conductor_left",
                  "node_i": 0,
                  "node_j": 1,
                  "node_k": 5,
                  "node_l": 4,
                  "permittivity": 1.0,
                  "thickness": 0.001
                },
                {
                  "id": "dielectric_core",
                  "node_i": 1,
                  "node_j": 2,
                  "node_k": 6,
                  "node_l": 5,
                  "permittivity": 3.403827718564357,
                  "thickness": 0.001
                },
                {
                  "id": "substrate_right",
                  "node_i": 2,
                  "node_j": 3,
                  "node_k": 7,
                  "node_l": 6,
                  "permittivity": 4.2,
                  "thickness": 0.001
                }
              ],
              "nodes": [
                {
                  "charge_density": 0.0,
                  "fix_potential": true,
                  "id": "n0",
                  "potential": 0.0,
                  "x": 0.0,
                  "y": 0.0
                },
                {
                  "charge_density": 0.0,
                  "fix_potential": false,
                  "id": "n1",
                  "potential": 0.0,
                  "x": 0.03,
                  "y": 0.0
                },
                {
                  "charge_density": 0.0,
                  "fix_potential": false,
                  "id": "n2",
                  "potential": 0.0,
                  "x": 0.06,
                  "y": 0.0
                },
                {
                  "charge_density": 0.0,
                  "fix_potential": true,
                  "id": "n3",
                  "potential": 4381.0,
                  "x": 0.09,
                  "y": 0.0
                },
                {
                  "charge_density": 0.0,
                  "fix_potential": true,
                  "id": "n4",
                  "potential": 0.0,
                  "x": 0.0,
                  "y": 0.03
                },
                {
                  "charge_density": 0.0,
                  "fix_potential": false,
                  "id": "n5",
                  "potential": 0.0,
                  "x": 0.03,
                  "y": 0.03
                },
                {
                  "charge_density": 0.0,
                  "fix_potential": false,
                  "id": "n6",
                  "potential": 0.0,
                  "x": 0.06,
                  "y": 0.03
                },
                {
                  "charge_density": 0.0,
                  "fix_potential": true,
                  "id": "n7",
                  "potential": 4381.0,
                  "x": 0.09,
                  "y": 0.03
                }
              ]
            },
            "max_electric_energy_density": 4543842775.209482,
            "max_electric_field": 95329.3530368216,
            "max_flux_density": 95329.35303682183,
            "max_potential": 4381.0,
            "nodes": [
              {
                "charge_density": 0.0,
                "id": "n0",
                "index": 0,
                "potential": 0.0,
                "x": 0.0,
                "y": 0.0
              },
              {
                "charge_density": 0.0,
                "id": "n1",
                "index": 1,
                "potential": 2859.8805911046475,
                "x": 0.03,
                "y": 0.0
              },
              {
                "charge_density": 0.0,
                "id": "n2",
                "index": 2,
                "potential": 3700.076049736987,
                "x": 0.06,
                "y": 0.0
              },
              {
                "charge_density": 0.0,
                "id": "n3",
                "index": 3,
                "potential": 4381.0,
                "x": 0.09,
                "y": 0.0
              },
              {
                "charge_density": 0.0,
                "id": "n4",
                "index": 4,
                "potential": 0.0,
                "x": 0.0,
                "y": 0.03
              },
              {
                "charge_density": 0.0,
                "id": "n5",
                "index": 5,
                "potential": 2859.8805911046475,
                "x": 0.03,
                "y": 0.03
              },
              {
                "charge_density": 0.0,
                "id": "n6",
                "index": 6,
                "potential": 3700.0760497369865,
                "x": 0.06,
                "y": 0.03
              },
              {
                "charge_density": 0.0,
                "id": "n7",
                "index": 7,
                "potential": 4381.0,
                "x": 0.09,
                "y": 0.03
              }
            ],
            "total_stored_energy": 6264.568434814734
          },
          "electrostatic_mesh_convergence": {
            "finest_pair_relative_change": 1.4861212693930586e-15,
            "max_analytic_relative_error": 3.867777777777776,
            "method": "structured_quad_h_refinement",
            "refinement_levels": [
              1,
              2,
              4,
              8
            ],
            "relative_error_tolerance": 1e-8,
            "samples": [
              {
                "analytic_relative_error": 3.867777777777776,
                "element_count": 3,
                "elements_per_layer": 1,
                "max_electric_field_v_m": 95329.3530368216,
                "node_count": 8,
                "relative_change_from_previous": null
              },
              {
                "analytic_relative_error": 3.715303173482646e-16,
                "element_count": 6,
                "elements_per_layer": 2,
                "max_electric_field_v_m": 19583.75205047693,
                "node_count": 14,
                "relative_change_from_previous": 3.867777777777776
              },
              {
                "analytic_relative_error": 3.715303173482647e-15,
                "element_count": 12,
                "elements_per_layer": 4,
                "max_electric_field_v_m": 19583.75205047701,
                "node_count": 26,
                "relative_change_from_previous": 4.0868334908309115e-15
              },
              {
                "analytic_relative_error": 2.229181904089588e-15,
                "element_count": 24,
                "elements_per_layer": 8,
                "max_electric_field_v_m": 19583.752050476985,
                "node_count": 50,
                "relative_change_from_previous": 1.4861212693930586e-15
              }
            ],
            "schema_version": "kyuubiki.composite-electrostatic-mesh-convergence/v1",
            "status": "fail"
          },
          "electrothermal_feedback_convergence": {
            "conductivity_relative_change_tolerance": 1e-9,
            "converged": false,
            "final_loss_relative_change": 2.641153724709766e-9,
            "final_max_conductivity_relative_change": 6.133334489213861e-9,
            "final_temperature_residual_c": 1.6899603494380244e-6,
            "iteration_count": 12,
            "iterations": [
              {
                "converged": false,
                "coupling_temperature_c": 35.0,
                "dielectric_mean_temperature_c": 45.90328615668909,
                "iteration": 1,
                "loss_relative_change": null,
                "loss_tangent": 0.008,
                "max_conductivity_relative_change": null,
                "max_temperature_c": 56.739353584263505,
                "relative_permittivity": 3.4,
                "temperature_residual_c": 21.73931050734043,
                "thermal_conductivity_updates": [
                  {
                    "conductivity_relative_change": null,
                    "conductivity_w_mk": 390.0,
                    "coupling_temperature_c": 35.0,
                    "element_id": "conductor_left",
                    "measured_mean_temperature_c": 56.739310507340434
                  },
                  {
                    "conductivity_relative_change": null,
                    "conductivity_w_mk": 0.25,
                    "coupling_temperature_c": 35.0,
                    "element_id": "dielectric_core",
                    "measured_mean_temperature_c": 45.90328615668909
                  },
                  {
                    "conductivity_relative_change": null,
                    "conductivity_w_mk": 160.0,
                    "coupling_temperature_c": 35.0,
                    "element_id": "substrate_right",
                    "measured_mean_temperature_c": 35.03365244148041
                  }
                ],
                "total_joule_loss_w": 0.0000672,
                "total_loss_w": 0.010701581273729851
              },
              {
                "converged": false,
                "coupling_temperature_c": 43.72262892535127,
                "dielectric_mean_temperature_c": 46.17655252940624,
                "iteration": 2,
                "loss_relative_change": 0.007730538142266599,
                "loss_tangent": 0.00806978103140281,
                "max_conductivity_relative_change": 0.0174452578507025,
                "max_temperature_c": 57.285359751026846,
                "relative_permittivity": 3.402965693834619,
                "temperature_residual_c": 4.89387031045716,
                "thermal_conductivity_updates": [
                  {
                    "conductivity_relative_change": 0.017391448405872395,
                    "conductivity_w_mk": 383.21733512170977,
                    "coupling_temperature_c": 52.39144840587235,
                    "element_id": "conductor_left",
                    "measured_mean_temperature_c": 57.28531871632951
                  },
                  {
                    "conductivity_relative_change": 0.0174452578507025,
                    "conductivity_w_mk": 0.24563868553732435,
                    "coupling_temperature_c": 43.72262892535127,
                    "element_id": "dielectric_core",
                    "measured_mean_temperature_c": 46.17655252940624
                  },
                  {
                    "conductivity_relative_change": 0.00003230634382127562,
                    "conductivity_w_mk": 159.9948309849886,
                    "coupling_temperature_c": 35.02692195318433,
                    "element_id": "substrate_right",
                    "measured_mean_temperature_c": 35.03391368859014
                  }
                ],
                "total_joule_loss_w": 0.0000629008294376816,
                "total_loss_w": 0.010789128918674463
              },
              {
                "converged": false,
                "coupling_temperature_c": 45.68576780859525,
                "dielectric_mean_temperature_c": 46.239534513388605,
                "iteration": 3,
                "loss_relative_change": 0.0017321766081129675,
                "loss_tangent": 0.008085486142468762,
                "max_conductivity_relative_change": 0.003995988821853782,
                "max_temperature_c": 57.41120493239016,
                "relative_permittivity": 3.4036331610549224,
                "temperature_residual_c": 1.1046196642232786,
                "thermal_conductivity_updates": [
                  {
                    "conductivity_relative_change": 0.003984390571417296,
                    "conductivity_w_mk": 381.6904475848472,
                    "coupling_temperature_c": 56.30654465423808,
                    "element_id": "conductor_left",
                    "measured_mean_temperature_c": 57.41116431846136
                  },
                  {
                    "conductivity_relative_change": 0.003995988821853782,
                    "conductivity_w_mk": 0.24465711609570237,
                    "coupling_temperature_c": 45.68576780859525,
                    "element_id": "dielectric_core",
                    "measured_mean_temperature_c": 46.239534513388605
                  },
                  {
                    "conductivity_relative_change": 6.712282838906397e-6,
                    "conductivity_w_mk": 159.99375705443026,
                    "coupling_temperature_c": 35.032515341508976,
                    "element_id": "substrate_right",
                    "measured_mean_temperature_c": 35.03397266112232
                  }
                ],
                "total_joule_loss_w": 0.00006200779464696354,
                "total_loss_w": 0.010808819585545408
              },
              {
                "converged": false,
                "coupling_temperature_c": 46.12878117242993,
                "dielectric_mean_temperature_c": 46.253823612471486,
                "iteration": 4,
                "loss_relative_change": 0.0003904738079584859,
                "loss_tangent": 0.00808903024937944,
                "max_conductivity_relative_change": 0.000905376003168008,
                "max_temperature_c": 57.439756318293746,
                "relative_permittivity": 3.403783785598626,
                "temperature_residual_c": 0.249475411895844,
                "thermal_conductivity_updates": [
                  {
                    "conductivity_relative_change": 0.0009029341379078046,
                    "conductivity_w_mk": 381.3458062496095,
                    "coupling_temperature_c": 57.190240385616704,
                    "element_id": "conductor_left",
                    "measured_mean_temperature_c": 57.43971579751255
                  },
                  {
                    "conductivity_relative_change": 0.000905376003168008,
                    "conductivity_w_mk": 0.24443560941378503,
                    "coupling_temperature_c": 46.12878117242993,
                    "element_id": "dielectric_core",
                    "measured_mean_temperature_c": 46.253823612471486
                  },
                  {
                    "conductivity_relative_change": 1.3990814187177198e-6,
                    "conductivity_w_mk": 159.99353321013766,
                    "coupling_temperature_c": 35.03368119719965,
                    "element_id": "substrate_right",
                    "measured_mean_temperature_c": 35.03398597410581
                  }
                ],
                "total_joule_loss_w": 0.00006180971990643655,
                "total_loss_w": 0.01081326243364874
              },
              {
                "converged": false,
                "coupling_temperature_c": 46.228815124463175,
                "dielectric_mean_temperature_c": 46.257054023742384,
                "iteration": 5,
                "loss_relative_change": 0.00008814811602470925,
                "loss_tangent": 0.008089830520995706,
                "max_conductivity_relative_change": 0.00020462229761272245,
                "max_temperature_c": 57.44621108745484,
                "relative_permittivity": 3.403817797142317,
                "temperature_residual_c": 0.05634987248593859,
                "thermal_conductivity_updates": [
                  {
                    "conductivity_relative_change": 0.00020410956993867043,
                    "conductivity_w_mk": 381.267969921098,
                    "coupling_temperature_c": 57.38982071513338,
                    "element_id": "conductor_left",
                    "measured_mean_temperature_c": 57.44617058761932
                  },
                  {
                    "conductivity_relative_change": 0.00020462229761272245,
                    "conductivity_w_mk": 0.2443855924377684,
                    "coupling_temperature_c": 46.228815124463175,
                    "element_id": "dielectric_core",
                    "measured_mean_temperature_c": 46.257054023742384
                  },
                  {
                    "conductivity_relative_change": 2.925976559224551e-7,
                    "conductivity_w_mk": 159.99348639640488,
                    "coupling_temperature_c": 35.03392501872458,
                    "element_id": "substrate_right",
                    "measured_mean_temperature_c": 35.03398897985049
                  }
                ],
                "total_joule_loss_w": 0.00006176516029848823,
                "total_loss_w": 0.010814265610378656
              },
              {
                "converged": false,
                "coupling_temperature_c": 46.25140624388654,
                "dielectric_mean_temperature_c": 46.25778375743238,
                "iteration": 6,
                "loss_relative_change": 0.00001990563266806992,
                "loss_tangent": 0.008090011249951094,
                "max_conductivity_relative_change": 0.00004622023581265136,
                "max_temperature_c": 57.44766918806337,
                "relative_permittivity": 3.403825478122921,
                "temperature_residual_c": 0.01272807983213653,
                "thermal_conductivity_updates": [
                  {
                    "conductivity_relative_change": 0.00004611234512898011,
                    "conductivity_w_mk": 381.25038876088234,
                    "coupling_temperature_c": 57.43490061312213,
                    "element_id": "conductor_left",
                    "measured_mean_temperature_c": 57.44762869295427
                  },
                  {
                    "conductivity_relative_change": 0.00004622023581265136,
                    "conductivity_w_mk": 0.24437429687805673,
                    "coupling_temperature_c": 46.25140624388654,
                    "element_id": "dielectric_core",
                    "measured_mean_temperature_c": 46.25778375743238
                  },
                  {
                    "conductivity_relative_change": 6.140518061284847e-8,
                    "conductivity_w_mk": 159.99347657197595,
                    "coupling_temperature_c": 35.033976187625306,
                    "element_id": "substrate_right",
                    "measured_mean_temperature_c": 35.033989658509796
                  }
                ],
                "total_joule_loss_w": 0.00006175510435938295,
                "total_loss_w": 0.010814492160591167
              },
              {
                "converged": false,
                "coupling_temperature_c": 46.25650825472321,
                "dielectric_mean_temperature_c": 46.25794857092724,
                "iteration": 7,
                "loss_relative_change": 4.495428880969106e-6,
                "loss_tangent": 0.008090052066037785,
                "max_conductivity_relative_change": 0.000010438926887613471,
                "max_temperature_c": 57.44799850644307,
                "relative_permittivity": 3.4038272128066054,
                "temperature_residual_c": 0.0028749354134589566,
                "thermal_conductivity_updates": [
                  {
                    "conductivity_relative_change": 0.000010416149136313204,
                    "conductivity_w_mk": 381.24641759997473,
                    "coupling_temperature_c": 57.44508307698784,
                    "element_id": "conductor_left",
                    "measured_mean_temperature_c": 57.4479580124013
                  },
                  {
                    "conductivity_relative_change": 0.000010438926887613471,
                    "conductivity_w_mk": 0.2443717458726384,
                    "coupling_temperature_c": 46.25650825472321,
                    "element_id": "dielectric_core",
                    "measured_mean_temperature_c": 46.25794857092724
                  },
                  {
                    "conductivity_relative_change": 1.293257648884314e-8,
                    "conductivity_w_mk": 159.99347450284807,
                    "coupling_temperature_c": 35.0339869643329,
                    "element_id": "substrate_right",
                    "measured_mean_temperature_c": 35.033989811747475
                  }
                ],
                "total_joule_loss_w": 0.00006175283341810646,
                "total_loss_w": 0.010814543324928516
              },
              {
                "converged": false,
                "coupling_temperature_c": 46.25766050768643,
                "dielectric_mean_temperature_c": 46.2579857932414,
                "iteration": 8,
                "loss_relative_change": 1.015251503540123e-6,
                "loss_tangent": 0.008090061284061492,
                "max_conductivity_relative_change": 2.3575822138338377e-6,
                "max_temperature_c": 57.44807288138699,
                "relative_permittivity": 3.4038276045726135,
                "temperature_residual_c": 0.0006493622677012922,
                "thermal_conductivity_updates": [
                  {
                    "conductivity_relative_change": 2.3527561376363193e-6,
                    "conductivity_w_mk": 381.2455206201258,
                    "coupling_temperature_c": 57.44738302531861,
                    "element_id": "conductor_left",
                    "measured_mean_temperature_c": 57.44803238758631
                  },
                  {
                    "conductivity_relative_change": 2.3575822138338377e-6,
                    "conductivity_w_mk": 0.24437116974615675,
                    "coupling_temperature_c": 46.25766050768643,
                    "element_id": "dielectric_core",
                    "measured_mean_temperature_c": 46.2579857932414
                  },
                  {
                    "conductivity_relative_change": 2.733629434649591e-9,
                    "conductivity_w_mk": 159.9934740654852,
                    "coupling_temperature_c": 35.03398924226456,
                    "element_id": "substrate_right",
                    "measured_mean_temperature_c": 35.0339898463486
                  }
                ],
                "total_joule_loss_w": 0.00006175232049586909,
                "total_loss_w": 0.01081455488002678
              },
              {
                "converged": false,
                "coupling_temperature_c": 46.25792073613041,
                "dielectric_mean_temperature_c": 46.25799419964799,
                "iteration": 9,
                "loss_relative_change": 2.292861806302091e-7,
                "loss_tangent": 0.008090063365889043,
                "max_conductivity_relative_change": 5.324450593546592e-7,
                "max_temperature_c": 57.44808967846502,
                "relative_permittivity": 3.403827693050284,
                "temperature_residual_c": 0.00014666958600884072,
                "thermal_conductivity_updates": [
                  {
                    "conductivity_relative_change": 5.314187749534871e-7,
                    "conductivity_w_mk": 381.24531801909825,
                    "coupling_temperature_c": 57.44790251513277,
                    "element_id": "conductor_left",
                    "measured_mean_temperature_c": 57.448049184718776
                  },
                  {
                    "conductivity_relative_change": 5.324450593546592e-7,
                    "conductivity_w_mk": 0.2443710396319348,
                    "coupling_temperature_c": 46.25792073613041,
                    "element_id": "dielectric_core",
                    "measured_mean_temperature_c": 46.25799419964799
                  },
                  {
                    "conductivity_relative_change": 5.799442990794315e-10,
                    "conductivity_w_mk": 159.9934739726979,
                    "coupling_temperature_c": 35.03398972553179,
                    "element_id": "substrate_right",
                    "measured_mean_temperature_c": 35.03398985416172
                  }
                ],
                "total_joule_loss_w": 0.00006175220464319486,
                "total_loss_w": 0.010814557489666391
              },
              {
                "converged": false,
                "coupling_temperature_c": 46.25797950694447,
                "dielectric_mean_temperature_c": 46.25799609814305,
                "iteration": 10,
                "loss_relative_change": 5.178245315012552e-8,
                "loss_tangent": 0.008090063836055556,
                "max_conductivity_relative_change": 1.20249138640205e-7,
                "max_temperature_c": 57.44809347190208,
                "relative_permittivity": 3.403827713032361,
                "temperature_residual_c": 0.00003312736657790083,
                "thermal_conductivity_updates": [
                  {
                    "conductivity_relative_change": 1.2003009277922514e-7,
                    "conductivity_w_mk": 381.24527225818736,
                    "coupling_temperature_c": 57.44801985080157,
                    "element_id": "conductor_left",
                    "measured_mean_temperature_c": 57.44805297816815
                  },
                  {
                    "conductivity_relative_change": 1.20249138640205e-7,
                    "conductivity_w_mk": 0.24437101024652777,
                    "coupling_temperature_c": 46.25797950694447,
                    "element_id": "dielectric_core",
                    "measured_mean_temperature_c": 46.25799609814305
                  },
                  {
                    "conductivity_relative_change": 1.2348972599896723e-10,
                    "conductivity_w_mk": 159.99347395294035,
                    "coupling_temperature_c": 35.03398982843573,
                    "element_id": "substrate_right",
                    "measured_mean_temperature_c": 35.03398985592594
                  }
                ],
                "total_joule_loss_w": 0.00006175217847594504,
                "total_loss_w": 0.01081455807903564
              },
              {
                "converged": false,
                "coupling_temperature_c": 46.25799277990334,
                "dielectric_mean_temperature_c": 46.2579965269261,
                "iteration": 11,
                "loss_relative_change": 1.1694635825004722e-8,
                "loss_tangent": 0.008090063942239226,
                "max_conductivity_relative_change": 2.7157392534502508e-8,
                "max_temperature_c": 57.4480943286658,
                "relative_permittivity": 3.403827717545167,
                "temperature_residual_c": 7.482239809064595e-6,
                "thermal_conductivity_updates": [
                  {
                    "conductivity_relative_change": 2.7110469570089765e-8,
                    "conductivity_w_mk": 381.245261922449,
                    "coupling_temperature_c": 57.44804635269483,
                    "element_id": "conductor_left",
                    "measured_mean_temperature_c": 57.44805383493464
                  },
                  {
                    "conductivity_relative_change": 2.7157392534502508e-8,
                    "conductivity_w_mk": 0.24437100361004832,
                    "coupling_temperature_c": 46.25799277990334,
                    "element_id": "dielectric_core",
                    "measured_mean_temperature_c": 46.2579965269261
                  },
                  {
                    "conductivity_relative_change": 2.639169947943868e-11,
                    "conductivity_w_mk": 159.99347394871785,
                    "coupling_temperature_c": 35.03398985042789,
                    "element_id": "substrate_right",
                    "measured_mean_temperature_c": 35.03398985632436
                  }
                ],
                "total_joule_loss_w": 0.00006175217256571069,
                "total_loss_w": 0.010814558212140364
              },
              {
                "converged": false,
                "coupling_temperature_c": 46.25799577752155,
                "dielectric_mean_temperature_c": 46.25799662377259,
                "iteration": 12,
                "loss_relative_change": 2.641153724709766e-9,
                "loss_tangent": 0.008090063966220173,
                "max_conductivity_relative_change": 6.133334489213861e-9,
                "max_temperature_c": 57.44809452217756,
                "relative_permittivity": 3.403827718564357,
                "temperature_residual_c": 1.6899603494380244e-6,
                "thermal_conductivity_updates": [
                  {
                    "conductivity_relative_change": 6.123246792272374e-9,
                    "conductivity_w_mk": 381.2452595879902,
                    "coupling_temperature_c": 57.44805233848667,
                    "element_id": "conductor_left",
                    "measured_mean_temperature_c": 57.448054028447025
                  },
                  {
                    "conductivity_relative_change": 6.133334489213861e-9,
                    "conductivity_w_mk": 0.2443710021112392,
                    "coupling_temperature_c": 46.25799577752155,
                    "element_id": "dielectric_core",
                    "measured_mean_temperature_c": 46.25799662377259
                  },
                  {
                    "conductivity_relative_change": 5.6609472378166495e-12,
                    "conductivity_w_mk": 159.9934739478121,
                    "coupling_temperature_c": 35.033989855145066,
                    "element_id": "substrate_right",
                    "measured_mean_temperature_c": 35.03398985641435
                  }
                ],
                "total_joule_loss_w": 0.00006175217123080876,
                "total_loss_w": 0.010814558242201271
              }
            ],
            "loss_relative_change_tolerance": 1e-9,
            "max_iterations": 12,
            "method": "relaxed_temperature_dependent_dielectric_and_conductivity_fixed_point",
            "parameter_source": "screening_sensitivity_not_material_card",
            "relaxation_factor": 0.8,
            "schema_version": "kyuubiki.composite-electrothermal-feedback-convergence/v1",
            "status": "fail",
            "temperature_residual_tolerance_c": 1e-7
          },
          "electrothermal_loss_projection": {
            "assumptions": [
              "The solved electrostatic field magnitude is interpreted as an RMS harmonic field.",
              "Relative permittivity and loss tangent are scalar, isotropic, and frequency-local screening values.",
              "Element dielectric loss is lumped consistently to its four thermal nodes."
            ],
            "distributed_total_heat_load_w": 0.010814558242201271,
            "effective_conductivity_s_m": 0.00001531962463731787,
            "electric_field_rms_v_m": 28006.515287744645,
            "energy_balance_relative_error": 0.0,
            "frequency_hz": 10000000.0,
            "loss_tangent": 0.008090063966220173,
            "model": "harmonic_dielectric_loss_sigma_eff_e_rms_squared",
            "relative_permittivity": 3.403827718564357,
            "schema_version": "kyuubiki.composite-electrothermal-loss-projection/v1",
            "source_element_id": "dielectric_core",
            "source_volume_m3": 9e-7,
            "target_element_count": 1,
            "target_node_count": 4,
            "total_loss_w": 0.010814558242201271,
            "volumetric_loss_w_m3": 12016.17582466808
          },
          "heat": {
            "elements": [
              {
                "area": 0.0009,
                "average_temperature": 57.448054028447025,
                "heat_flow_rate": 9.262825686557303e-7,
                "heat_flux_magnitude": 1.0292028540619227,
                "heat_flux_x": 1.0292028540619227,
                "heat_flux_y": -1.3002770387674568e-10,
                "id": "conductor_left",
                "index": 0,
                "node_i": 0,
                "node_j": 1,
                "node_k": 5,
                "node_l": 4,
                "temperature_gradient_x": -0.002699582035916137,
                "temperature_gradient_y": 3.410605131648482e-13
              },
              {
                "area": 0.0009,
                "average_temperature": 46.25799662377259,
                "heat_flow_rate": 0.00016407093877014435,
                "heat_flux_magnitude": 182.30104307793815,
                "heat_flux_x": 182.30104307793815,
                "heat_flux_y": -2.778176646088914e-14,
                "id": "dielectric_core",
                "index": 1,
                "node_i": 1,
                "node_j": 2,
                "node_k": 6,
                "node_l": 5,
                "temperature_gradient_x": -746.0011273962594,
                "temperature_gradient_y": 1.1368683772161605e-13
              },
              {
                "area": 0.0009,
                "average_temperature": 35.03398985641435,
                "heat_flow_rate": 0.000326289312403139,
                "heat_flux_magnitude": 362.5436804479323,
                "heat_flux_x": 362.5436804479323,
                "heat_flux_y": 1.818915210922252e-11,
                "id": "substrate_right",
                "index": 2,
                "node_i": 2,
                "node_j": 3,
                "node_k": 7,
                "node_l": 6,
                "temperature_gradient_x": -2.265990427623251,
                "temperature_gradient_y": -1.1368683772161605e-13
              }
            ],
            "input": {
              "elements": [
                {
                  "conductivity": 381.2452595879902,
                  "id": "conductor_left",
                  "node_i": 0,
                  "node_j": 1,
                  "node_k": 5,
                  "node_l": 4,
                  "thickness": 0.001
                },
                {
                  "conductivity": 0.2443710021112392,
                  "id": "dielectric_core",
                  "node_i": 1,
                  "node_j": 2,
                  "node_k": 6,
                  "node_l": 5,
                  "thickness": 0.001
                },
                {
                  "conductivity": 159.9934739478121,
                  "id": "substrate_right",
                  "node_i": 2,
                  "node_j": 3,
                  "node_k": 7,
                  "node_l": 6,
                  "thickness": 0.001
                }
              ],
              "nodes": [
                {
                  "fix_temperature": false,
                  "heat_load": 0.00001543804280770219,
                  "id": "n0",
                  "temperature": 35.0,
                  "x": 0.0,
                  "y": 0.0
                },
                {
                  "fix_temperature": false,
                  "heat_load": 0.00271907760335802,
                  "id": "n1",
                  "temperature": 35.0,
                  "x": 0.03,
                  "y": 0.0
                },
                {
                  "fix_temperature": false,
                  "heat_load": 0.002703639560550318,
                  "id": "n2",
                  "temperature": 35.0,
                  "x": 0.06,
                  "y": 0.0
                },
                {
                  "fix_temperature": true,
                  "heat_load": 0.0,
                  "id": "n3",
                  "temperature": 35.0,
                  "x": 0.09,
                  "y": 0.0
                },
                {
                  "fix_temperature": false,
                  "heat_load": 0.00001543804280770219,
                  "id": "n4",
                  "temperature": 35.0,
                  "x": 0.0,
                  "y": 0.03
                },
                {
                  "fix_temperature": false,
                  "heat_load": 0.00271907760335802,
                  "id": "n5",
                  "temperature": 35.0,
                  "x": 0.03,
                  "y": 0.03
                },
                {
                  "fix_temperature": false,
                  "heat_load": 0.002703639560550318,
                  "id": "n6",
                  "temperature": 35.0,
                  "x": 0.06,
                  "y": 0.03
                },
                {
                  "fix_temperature": true,
                  "heat_load": 0.0,
                  "id": "n7",
                  "temperature": 35.0,
                  "x": 0.09,
                  "y": 0.03
                }
              ]
            },
            "max_heat_flux": 362.5436804479323,
            "max_temperature": 57.44809452217756,
            "nodes": [
              {
                "heat_load": 0.00001543804280770219,
                "id": "n0",
                "index": 0,
                "temperature": 57.44809452217755,
                "x": 0.0,
                "y": 0.0
              },
              {
                "heat_load": 0.00271907760335802,
                "id": "n1",
                "index": 1,
                "temperature": 57.44801353471647,
                "x": 0.03,
                "y": 0.0
              },
              {
                "heat_load": 0.002703639560550318,
                "id": "n2",
                "index": 2,
                "temperature": 35.0679797128287,
                "x": 0.06,
                "y": 0.0
              },
              {
                "heat_load": 0.0,
                "id": "n3",
                "index": 3,
                "temperature": 35.0,
                "x": 0.09,
                "y": 0.0
              },
              {
                "heat_load": 0.00001543804280770219,
                "id": "n4",
                "index": 4,
                "temperature": 57.44809452217756,
                "x": 0.0,
                "y": 0.03
              },
              {
                "heat_load": 0.00271907760335802,
                "id": "n5",
                "index": 5,
                "temperature": 57.44801353471649,
                "x": 0.03,
                "y": 0.03
              },
              {
                "heat_load": 0.002703639560550318,
                "id": "n6",
                "index": 6,
                "temperature": 35.067979712828695,
                "x": 0.06,
                "y": 0.03
              },
              {
                "heat_load": 0.0,
                "id": "n7",
                "index": 7,
                "temperature": 35.0,
                "x": 0.09,
                "y": 0.03
              }
            ],
            "total_abs_heat_flow_rate": 0.0004912865337419391
          },
          "heat_cross_validation": {
            "absolute_error_c": 2.747668759184307e-11,
            "conductivities_w_mk": [
              381.2452595879902,
              0.2443710021112392,
              159.9934739478121
            ],
            "expected_max_temperature_c": 57.448094522150086,
            "fem_max_temperature_c": 57.44809452217756,
            "fixed_temperature_c": 35.0,
            "method": "layered_thermal_resistance_with_regional_generation_closed_form",
            "relative_error": 4.782871881198598e-13,
            "relative_error_tolerance": 1e-9,
            "schema_version": "kyuubiki.composite-heat-cross-validation/v1",
            "status": "pass",
            "total_heat_load_w": 0.01087631041343208
          },
          "heat_mesh_convergence": {
            "finest_pair_relative_change": 4.696292871195001e-12,
            "max_analytic_relative_error": 1.415838919018789e-11,
            "method": "structured_quad_h_refinement",
            "refinement_levels": [
              1,
              2,
              4,
              8
            ],
            "relative_error_tolerance": 1e-8,
            "samples": [
              {
                "analytic_relative_error": 4.782871881198598e-13,
                "element_count": 3,
                "elements_per_layer": 1,
                "max_temperature_c": 57.44809452217756,
                "node_count": 8,
                "relative_change_from_previous": null
              },
              {
                "analytic_relative_error": 9.315901476386818e-13,
                "element_count": 6,
                "elements_per_layer": 2,
                "max_temperature_c": 57.44809452209657,
                "node_count": 14,
                "relative_change_from_previous": 1.4098773357585414e-12
              },
              {
                "analytic_relative_error": 9.462096318992888e-12,
                "element_count": 12,
                "elements_per_layer": 4,
                "max_temperature_c": 57.448094522693665,
                "node_count": 26,
                "relative_change_from_previous": 1.0393686466631569e-11
              },
              {
                "analytic_relative_error": 1.415838919018789e-11,
                "element_count": 24,
                "elements_per_layer": 8,
                "max_temperature_c": 57.44809452296346,
                "node_count": 50,
                "relative_change_from_previous": 4.696292871195001e-12
              }
            ],
            "schema_version": "kyuubiki.composite-heat-mesh-convergence/v1",
            "status": "pass"
          },
          "heat_to_thermal_projection": {
            "mapped_node_count": 8,
            "maximum_coordinate_error_m": 0.0,
            "maximum_temperature_delta_c": 22.448094522177563,
            "minimum_temperature_delta_c": 0.0,
            "reference_temperature_c": 35.0,
            "schema_version": "kyuubiki.composite-heat-to-thermal-projection/v1"
          },
          "joule_heating_projection": {
            "assumptions": [
              "Steady scalar electrical conductivity is solved on a two-dimensional quad mesh.",
              "Joule heating uses the solved local sigma times electric-field magnitude squared.",
              "Element Joule power integrates both triangular subcell fields before thermal projection.",
              "Recovered terminal currents gate current continuity and electrical input-power balance.",
              "Contact and terminal impedance models require explicit study-level heat mappings."
            ],
            "boundary_voltage_span_v": 0.000033600000000000004,
            "current_balance_relative_error": 0.0,
            "distributed_total_heat_load_w": 0.00006175217123080903,
            "electrical_power_balance_relative_error": 2.1946640718775751e-16,
            "energy_balance_relative_error": 4.389328143755152e-15,
            "free_current_residual_relative_error": 0.0,
            "max_current_density_a_m2": 61262.07463373885,
            "max_free_current_residual_a": 0.0,
            "model": "solved_steady_current_density_sigma_e_squared",
            "parameter_source": "screening_reference_not_material_card",
            "regions": [
              {
                "coupling_temperature_c": 57.44805233848667,
                "current_density_magnitude_a_m2": 61262.07463373885,
                "distributed_heat_load_w": 0.00006175217123080876,
                "electric_field_magnitude_v_m": 0.00112,
                "electrical_conductivity_s_m": 54698280.922981106,
                "element_id": "conductor_left",
                "energy_balance_relative_error": 0.0,
                "joule_power_w": 0.00006175217123080876,
                "peak_current_density_magnitude_a_m2": 61262.07463373885,
                "peak_electric_field_magnitude_v_m": 0.00112,
                "rms_current_density_magnitude_a_m2": 61262.07463373885,
                "rms_electric_field_magnitude_v_m": 0.00112,
                "source_volume_m3": 9e-7,
                "volumetric_joule_heating_w_m3": 68.6135235897875
              }
            ],
            "schema_version": "kyuubiki.composite-current-to-heat-projection/v2",
            "source_power_balance_relative_error": 2.1946640718775751e-16,
            "status": "pass",
            "total_dissipated_power_w": 0.00006175217123080876,
            "total_electrical_input_power_w": 0.00006175217123080878,
            "total_extracted_current_a": 1.8378622390121655,
            "total_injected_current_a": 1.8378622390121655,
            "total_joule_loss_w": 0.00006175217123080876,
            "total_source_power_w": 0.00006175217123080878
          },
          "research": {
            "candidate_id": "copper_polyimide_aluminum",
            "candidate_label": "Copper / Polyimide / Aluminum",
            "coupling": "iterative_dielectric_and_conductor_joule_heating_with_temperature_dependent_electrical_thermal_feedback_and_expansion_projection",
            "materials": {
              "conductor": "copper",
              "dielectric": "polyimide",
              "substrate": "aluminum_6061"
            },
            "study": "material.composite_thermo_electric_panel.v1"
          },
          "schema_version": "kyuubiki.composite-thermo-electric-panel-result/v1",
          "thermal": {
            "elements": [
              {
                "area": 0.0009,
                "average_temperature_delta": 22.448054028447014,
                "gamma_xy": -2.941086622410765e-20,
                "id": "conductor_left",
                "index": 0,
                "max_in_plane_shear": 6699552.21186418,
                "mechanical_strain_x": 0.00003897921286902793,
                "mechanical_strain_y": -0.00012181004021571237,
                "node_i": 0,
                "node_j": 1,
                "node_k": 5,
                "node_l": 4,
                "principal_stress_1": -1.862645149230957e-9,
                "principal_stress_2": -13399104.423728362,
                "strain_energy_density": 2687.9445035402737,
                "stress_x": -2.779011588750614e-9,
                "stress_y": -13399104.423728362,
                "tau_xy": -1.0105496686365871e-9,
                "thermal_strain": 0.00038333022992445705,
                "total_strain_x": 0.00042230944279348504,
                "total_strain_y": 0.00026152018970874476,
                "von_mises": 13399104.42372836
              },
              {
                "area": 0.0009,
                "average_temperature_delta": 11.257996623772588,
                "gamma_xy": 5.036610840878435e-18,
                "id": "dielectric_core",
                "index": 1,
                "max_in_plane_shear": 306823.444307884,
                "mechanical_strain_x": 0.00007854680174281537,
                "mechanical_strain_y": -0.00024545875544631016,
                "node_i": 1,
                "node_j": 2,
                "node_k": 6,
                "node_l": 5,
                "principal_stress_1": -1.0710209608078005e-8,
                "principal_stress_2": -613646.8886157788,
                "strain_energy_density": 272.63779275329466,
                "stress_x": -1.0737090229263735e-8,
                "stress_y": -613646.8886157788,
                "tau_xy": 4.768531248878895e-9,
                "thermal_strain": 0.000511172577637078,
                "total_strain_x": 0.0005897193793798933,
                "total_strain_y": 0.0002657138221907679,
                "von_mises": 613646.8886157734
              },
              {
                "area": 0.0009,
                "average_temperature_delta": 0.03398985641434926,
                "gamma_xy": 4.4805616513289e-20,
                "id": "substrate_right",
                "index": 2,
                "max_in_plane_shear": 77780.44312552041,
                "mechanical_strain_x": -7.224888766375551e-7,
                "mechanical_strain_y": 2.25777773949269e-6,
                "node_i": 2,
                "node_j": 3,
                "node_k": 7,
                "node_l": 6,
                "principal_stress_1": 155560.88625104894,
                "principal_stress_2": 8.119968697428703e-9,
                "strain_energy_density": 0.5395390462835493,
                "stress_x": 8.118937620969923e-9,
                "stress_y": 155560.88625104894,
                "tau_xy": 1.164500594717942e-9,
                "thermal_strain": 8.021687909758431e-7,
                "total_strain_x": 7.967991433828807e-8,
                "total_strain_y": 3.059946530468533e-6,
                "von_mises": 155560.8862510449
              }
            ],
            "input": {
              "elements": [
                {
                  "id": "conductor_left",
                  "node_i": 0,
                  "node_j": 1,
                  "node_k": 5,
                  "node_l": 4,
                  "poisson_ratio": 0.32,
                  "thermal_expansion": 0.000017076323383696717,
                  "thickness": 0.001,
                  "youngs_modulus": 110000000000.0
                },
                {
                  "id": "dielectric_core",
                  "node_i": 1,
                  "node_j": 2,
                  "node_k": 6,
                  "node_l": 5,
                  "poisson_ratio": 0.32,
                  "thermal_expansion": 0.00004540528787845581,
                  "thickness": 0.001,
                  "youngs_modulus": 2500000000.0
                },
                {
                  "id": "substrate_right",
                  "node_i": 2,
                  "node_j": 3,
                  "node_k": 7,
                  "node_l": 6,
                  "poisson_ratio": 0.32,
                  "thermal_expansion": 0.000023600240648183416,
                  "thickness": 0.001,
                  "youngs_modulus": 68900000000.0
                }
              ],
              "nodes": [
                {
                  "fix_x": true,
                  "fix_y": true,
                  "id": "n0",
                  "load_x": 0.0,
                  "load_y": 0.0,
                  "temperature_delta": 22.448094522177556,
                  "x": 0.0,
                  "y": 0.0
                },
                {
                  "fix_x": false,
                  "fix_y": false,
                  "id": "n1",
                  "load_x": 0.0,
                  "load_y": 0.0,
                  "temperature_delta": 22.448013534716473,
                  "x": 0.03,
                  "y": 0.0
                },
                {
                  "fix_x": false,
                  "fix_y": false,
                  "id": "n2",
                  "load_x": 0.0,
                  "load_y": 0.0,
                  "temperature_delta": 0.06797971282870208,
                  "x": 0.06,
                  "y": 0.0
                },
                {
                  "fix_x": false,
                  "fix_y": false,
                  "id": "n3",
                  "load_x": 0.0,
                  "load_y": 0.0,
                  "temperature_delta": 0.0,
                  "x": 0.09,
                  "y": 0.0
                },
                {
                  "fix_x": true,
                  "fix_y": true,
                  "id": "n4",
                  "load_x": 0.0,
                  "load_y": 0.0,
                  "temperature_delta": 22.448094522177563,
                  "x": 0.0,
                  "y": 0.03
                },
                {
                  "fix_x": false,
                  "fix_y": false,
                  "id": "n5",
                  "load_x": 0.0,
                  "load_y": 0.0,
                  "temperature_delta": 22.448013534716488,
                  "x": 0.03,
                  "y": 0.03
                },
                {
                  "fix_x": false,
                  "fix_y": false,
                  "id": "n6",
                  "load_x": 0.0,
                  "load_y": 0.0,
                  "temperature_delta": 0.06797971282869497,
                  "x": 0.06,
                  "y": 0.03
                },
                {
                  "fix_x": false,
                  "fix_y": false,
                  "id": "n7",
                  "load_x": 0.0,
                  "load_y": 0.0,
                  "temperature_delta": 0.0,
                  "x": 0.09,
                  "y": 0.03
                }
              ]
            },
            "max_displacement": 0.00003036327411064016,
            "max_strain_energy_density": 2687.9445035402737,
            "max_stress": 13399104.42372836,
            "max_temperature_delta": 22.448094522177563,
            "nodes": [
              {
                "displacement_magnitude": 0.0,
                "id": "n0",
                "index": 0,
                "temperature_delta": 22.448094522177556,
                "ux": 0.0,
                "uy": 0.0,
                "x": 0.0,
                "y": 0.0
              },
              {
                "displacement_magnitude": 0.000014901820948731651,
                "id": "n1",
                "index": 1,
                "temperature_delta": 22.448013534716473,
                "ux": 0.000012669283283804551,
                "uy": -7.845605691262345e-6,
                "x": 0.03,
                "y": 0.0
              },
              {
                "displacement_magnitude": 0.00003036112532691643,
                "id": "n2",
                "index": 2,
                "temperature_delta": 0.06797971282870208,
                "ux": 0.000030360864665201344,
                "uy": -1.2580897446055338e-7,
                "x": 0.06,
                "y": 0.0
              },
              {
                "displacement_magnitude": 0.000030363274110640145,
                "id": "n3",
                "index": 3,
                "temperature_delta": 0.0,
                "ux": 0.00003036325506263149,
                "uy": 3.4010578546752684e-8,
                "x": 0.09,
                "y": 0.0
              },
              {
                "displacement_magnitude": 0.0,
                "id": "n4",
                "index": 4,
                "temperature_delta": 22.448094522177563,
                "ux": 0.0,
                "uy": 0.0,
                "x": 0.0,
                "y": 0.03
              },
              {
                "displacement_magnitude": 0.000014901820948731651,
                "id": "n5",
                "index": 5,
                "temperature_delta": 22.448013534716488,
                "ux": 0.000012669283283804551,
                "uy": 7.845605691262342e-6,
                "x": 0.03,
                "y": 0.03
              },
              {
                "displacement_magnitude": 0.00003036112532691645,
                "id": "n6",
                "index": 6,
                "temperature_delta": 0.06797971282869497,
                "ux": 0.000030360864665201364,
                "uy": 1.25808974460829e-7,
                "x": 0.06,
                "y": 0.03
              },
              {
                "displacement_magnitude": 0.00003036327411064016,
                "id": "n7",
                "index": 7,
                "temperature_delta": 0.0,
                "ux": 0.00003036325506263151,
                "uy": -3.401057854651769e-8,
                "x": 0.09,
                "y": 0.03
              }
            ],
            "total_strain_energy": 0.002665009651805867
          },
          "thermal_constraint_regularized_mesh_convergence": {
            "algebraic_validation": {
              "max_relative_residual": null,
              "method": "original_system_recomputed_l2_residual_over_max_rhs_l2_or_one",
              "qualification_effect": "algebraic_gate_does_not_override_discretization_gates",
              "relative_residual_tolerance": 1e-10,
              "required_series": [
                "uniform_full_edge_clamp",
                "uniform_regularized_restraint",
                "interface_graded_full_edge_clamp"
              ],
              "schema_version": "kyuubiki.composite-thermal-algebraic-validation/v1",
              "series": [],
              "status": "missing"
            },
            "convergence_tolerance": 0.02,
            "diagnostic_metrics": [
              "max_von_mises_stress_pa"
            ],
            "finest_pair_displacement_relative_change": 0.0019283862302189993,
            "finest_pair_peak_stress_relative_change": 0.30919967904178536,
            "finest_pair_strain_energy_relative_change": 0.2246708322811904,
            "method": "structured_quad_h_refinement_preserving_piecewise_linear_temperature_roller_edge_with_vertical_anchor",
            "pass_metrics": [
              "max_displacement_m",
              "total_strain_energy_j"
            ],
            "refinement_levels": [
              1,
              2,
              4,
              8
            ],
            "regime_assessment": {
              "diagnosis": "pass_metrics_lack_qualified_discretization_uncertainty",
              "gci_safety_factor": 1.25,
              "method": "four_level_constant_ratio_observed_order_and_fine_grid_gci",
              "metrics": [
                {
                  "coarse_triplet_observed_order": 0.5832930083749445,
                  "fine_grid_gci": null,
                  "fine_triplet_observed_order": 4.0432565878236595,
                  "metric": "max_displacement_m",
                  "observed_order_relative_difference": 0.855736831015983,
                  "qualification_role": "pass_metric",
                  "regime": "oscillatory",
                  "richardson_extrapolated_value": null,
                  "unit": "m"
                },
                {
                  "coarse_triplet_observed_order": 1.697292307004896,
                  "fine_grid_gci": 0.16611815218363257,
                  "fine_triplet_observed_order": 1.669247670135254,
                  "metric": "total_strain_energy_j",
                  "observed_order_relative_difference": 0.016523162659666125,
                  "qualification_role": "pass_metric",
                  "regime": "asymptotic_converging",
                  "richardson_extrapolated_value": 0.00005127270710422151,
                  "unit": "J"
                },
                {
                  "coarse_triplet_observed_order": -7.2026625806288544,
                  "fine_grid_gci": null,
                  "fine_triplet_observed_order": -0.69019222763337,
                  "metric": "max_von_mises_stress_pa",
                  "observed_order_relative_difference": 0.904175404594184,
                  "qualification_role": "diagnostic_metric",
                  "regime": "monotonic_diverging",
                  "richardson_extrapolated_value": null,
                  "unit": "Pa"
                }
              ],
              "order_consistency_tolerance": 0.25,
              "qualification_effect": "gci_gates_require_asymptotic_pass_metric_evidence",
              "qualification_tolerance": 0.02,
              "refinement_ratio": 2.0,
              "schema_version": "kyuubiki.composite-thermal-convergence-regime/v1",
              "status": "fail"
            },
            "samples": [
              {
                "displacement_relative_change": null,
                "element_count": 3,
                "elements_per_original_element": 1,
                "max_displacement_m": 0.000030293441386345564,
                "max_von_mises_stress_pa": 766624.2145616896,
                "node_count": 8,
                "peak_stress_relative_change": null,
                "strain_energy_relative_change": null,
                "total_strain_energy_j": 0.0003074896101983671
              },
              {
                "displacement_relative_change": 0.04698113339961259,
                "element_count": 12,
                "elements_per_original_element": 2,
                "max_displacement_m": 0.00002887022117544032,
                "max_von_mises_stress_pa": 768627.4074639825,
                "node_count": 21,
                "peak_stress_relative_change": 0.002606194994922416,
                "strain_energy_relative_change": 0.5747433546379077,
                "total_strain_energy_j": 0.00013076200011665498
              },
              {
                "displacement_relative_change": 0.03185472284758652,
                "element_count": 48,
                "elements_per_original_element": 4,
                "max_displacement_m": 0.00002982013325557475,
                "max_von_mises_stress_pa": 1063707.7358894683,
                "node_count": 65,
                "peak_stress_relative_change": 0.2774073351819152,
                "strain_energy_relative_change": 0.41676088709207865,
                "total_strain_energy_j": 0.00007626551295010336
              },
              {
                "displacement_relative_change": 0.0019283862302189993,
                "element_count": 192,
                "elements_per_original_element": 8,
                "max_displacement_m": 0.00002987774909552049,
                "max_von_mises_stress_pa": 1539819.4002197203,
                "node_count": 225,
                "peak_stress_relative_change": 0.30919967904178536,
                "strain_energy_relative_change": 0.2246708322811904,
                "total_strain_energy_j": 0.000059130876681251734
              }
            ],
            "schema_version": "kyuubiki.composite-thermal-mesh-convergence/v1",
            "status": "fail"
          },
          "thermal_constraint_sensitivity": {
            "alternative_restraint": "roller_edge_with_vertical_anchor",
            "alternative_status": "fail",
            "diagnosis": "mixed_restraint_sensitivity_and_persistent_energy_nonconvergence",
            "displacement_change_ratio_alternative_to_primary": 0.7164948571619021,
            "peak_stress_change_ratio_alternative_to_primary": 1.1907423271070463,
            "primary_restraint": "full_edge_clamp",
            "primary_status": "fail",
            "qualification_effect": "diagnostic_only_does_not_override_primary_quality_gates",
            "schema_version": "kyuubiki.composite-thermal-constraint-sensitivity/v1",
            "strain_energy_change_ratio_alternative_to_primary": 1.7037210578896098
          },
          "thermal_expansion_projection": {
            "coverage_fraction": 1.0,
            "declared_region_count": 3,
            "max_relative_change": 0.009006397299017962,
            "model": "regional_linear_temperature_dependent_thermal_expansion",
            "parameter_source": "screening_sensitivity_not_material_card",
            "schema_version": "kyuubiki.composite-thermal-expansion-projection/v1",
            "status": "pass",
            "updated_region_count": 3,
            "updates": [
              {
                "adjusted_thermal_expansion_1_k": 0.000017076323383696717,
                "element_id": "conductor_left",
                "mean_temperature_c": 57.448054028447025,
                "reference_thermal_expansion_1_k": 0.000017,
                "relative_change": 0.0044896108056892365
              },
              {
                "adjusted_thermal_expansion_1_k": 0.00004540528787845581,
                "element_id": "dielectric_core",
                "mean_temperature_c": 46.25799662377259,
                "reference_thermal_expansion_1_k": 0.000045,
                "relative_change": 0.009006397299017962
              },
              {
                "adjusted_thermal_expansion_1_k": 0.000023600240648183416,
                "element_id": "substrate_right",
                "mean_temperature_c": 35.03398985641435,
                "reference_thermal_expansion_1_k": 0.0000236,
                "relative_change": 0.000010196956924342307
              }
            ]
          },
          "thermal_interface_grading_assessment": {
            "diagnosis": "graded_mesh_did_not_resolve_nonconvergence",
            "displacement_change_ratio_graded_to_uniform": 1.6932540685594348,
            "graded_mesh_convergence": {
              "algebraic_validation": {
                "max_relative_residual": null,
                "method": "original_system_recomputed_l2_residual_over_max_rhs_l2_or_one",
                "qualification_effect": "algebraic_gate_does_not_override_discretization_gates",
                "relative_residual_tolerance": 1e-10,
                "required_series": [
                  "uniform_full_edge_clamp",
                  "uniform_regularized_restraint",
                  "interface_graded_full_edge_clamp"
                ],
                "schema_version": "kyuubiki.composite-thermal-algebraic-validation/v1",
                "series": [],
                "status": "missing"
              },
              "convergence_tolerance": 0.02,
              "diagnostic_metrics": [
                "max_von_mises_stress_pa"
              ],
              "finest_pair_displacement_relative_change": 0.004557252292090749,
              "finest_pair_peak_stress_relative_change": 0.4148951451794072,
              "finest_pair_strain_energy_relative_change": 0.11930997252037227,
              "method": "cosine_graded_quad_h_refinement_at_clamp_interfaces_and_free_edges",
              "pass_metrics": [
                "max_displacement_m",
                "total_strain_energy_j"
              ],
              "refinement_levels": [
                1,
                2,
                4,
                8
              ],
              "regime_assessment": {
                "diagnosis": "pass_metrics_lack_qualified_discretization_uncertainty",
                "gci_safety_factor": 1.25,
                "method": "four_level_constant_ratio_observed_order_and_fine_grid_gci",
                "metrics": [
                  {
                    "coarse_triplet_observed_order": 1.9100297326154456,
                    "fine_grid_gci": null,
                    "fine_triplet_observed_order": 1.39273464577299,
                    "metric": "max_displacement_m",
                    "observed_order_relative_difference": 0.27083090802681475,
                    "qualification_role": "pass_metric",
                    "regime": "oscillatory",
                    "richardson_extrapolated_value": null,
                    "unit": "m"
                  },
                  {
                    "coarse_triplet_observed_order": 0.855272075759883,
                    "fine_grid_gci": null,
                    "fine_triplet_observed_order": 1.773027372201322,
                    "metric": "total_strain_energy_j",
                    "observed_order_relative_difference": 0.5176204895821713,
                    "qualification_role": "pass_metric",
                    "regime": "monotonic_pre_asymptotic",
                    "richardson_extrapolated_value": null,
                    "unit": "J"
                  },
                  {
                    "coarse_triplet_observed_order": -1.0579203703111055,
                    "fine_grid_gci": null,
                    "fine_triplet_observed_order": -0.5966888319219809,
                    "metric": "max_von_mises_stress_pa",
                    "observed_order_relative_difference": 0.4359794473505497,
                    "qualification_role": "diagnostic_metric",
                    "regime": "monotonic_diverging",
                    "richardson_extrapolated_value": null,
                    "unit": "Pa"
                  }
                ],
                "order_consistency_tolerance": 0.25,
                "qualification_effect": "gci_gates_require_asymptotic_pass_metric_evidence",
                "qualification_tolerance": 0.02,
                "refinement_ratio": 2.0,
                "schema_version": "kyuubiki.composite-thermal-convergence-regime/v1",
                "status": "fail"
              },
              "samples": [
                {
                  "displacement_relative_change": null,
                  "element_count": 3,
                  "elements_per_original_element": 1,
                  "max_displacement_m": 0.00003036327411064016,
                  "max_von_mises_stress_pa": 13399104.42372836,
                  "node_count": 8,
                  "peak_stress_relative_change": null,
                  "strain_energy_relative_change": null,
                  "total_strain_energy_j": 0.002665009651805867
                },
                {
                  "displacement_relative_change": 0.04353432609810437,
                  "element_count": 12,
                  "elements_per_original_element": 2,
                  "max_displacement_m": 0.000029041429434101423,
                  "max_von_mises_stress_pa": 23265422.101136327,
                  "node_count": 21,
                  "peak_stress_relative_change": 0.4240764527941265,
                  "strain_energy_relative_change": 0.34383820952664024,
                  "total_strain_energy_j": 0.0017486775047577227
                },
                {
                  "displacement_relative_change": 0.011966247368536244,
                  "element_count": 48,
                  "elements_per_original_element": 4,
                  "max_displacement_m": 0.000029393155200168416,
                  "max_von_mises_stress_pa": 43806387.89289037,
                  "node_count": 65,
                  "peak_stress_relative_change": 0.4689034357723837,
                  "strain_energy_relative_change": 0.2896547470416434,
                  "total_strain_energy_j": 0.0012421647644597124
                },
                {
                  "displacement_relative_change": 0.004557252292090749,
                  "element_count": 192,
                  "elements_per_original_element": 8,
                  "max_displacement_m": 0.00002925920317626067,
                  "max_von_mises_stress_pa": 74869294.84856601,
                  "node_count": 225,
                  "peak_stress_relative_change": 0.4148951451794072,
                  "strain_energy_relative_change": 0.11930997252037227,
                  "total_strain_energy_j": 0.0010939621205462494
                }
              ],
              "schema_version": "kyuubiki.composite-thermal-mesh-convergence/v1",
              "status": "fail"
            },
            "graded_stress_recovery": {
              "convergence_tolerance": 0.02,
              "diagnostic_metrics": [
                "max_stress_pa",
                "max_to_p95_ratio"
              ],
              "finest_pair_max_relative_change": 0.4148951451794072,
              "finest_pair_p95_relative_change": 0.34052744974513055,
              "finest_pair_rms_relative_change": 0.009216344055053343,
              "method": "interface_graded_mesh_element_area_weighted_von_mises_p95_and_rms",
              "pass_metrics": [
                "area_weighted_rms_stress_pa",
                "area_weighted_p95_stress_pa"
              ],
              "refinement_levels": [
                1,
                2,
                4,
                8
              ],
              "samples": [
                {
                  "element_count": 3,
                  "elements_per_original_element": 1,
                  "max_relative_change": null,
                  "p95_relative_change": null,
                  "rms_relative_change": null,
                  "statistics": {
                    "area_weighted_mean_stress_pa": 4722770.73286506,
                    "area_weighted_p95_stress_pa": 13399104.42372836,
                    "area_weighted_rms_stress_pa": 7744605.887351874,
                    "max_stress_pa": 13399104.42372836,
                    "max_to_p95_ratio": 1.0
                  }
                },
                {
                  "element_count": 12,
                  "elements_per_original_element": 2,
                  "max_relative_change": 0.4240764527941265,
                  "p95_relative_change": 0.4240764527941265,
                  "rms_relative_change": 0.19715458289203233,
                  "statistics": {
                    "area_weighted_mean_stress_pa": 4782435.734097851,
                    "area_weighted_p95_stress_pa": 23265422.101136327,
                    "area_weighted_rms_stress_pa": 9646447.151993109,
                    "max_stress_pa": 23265422.101136327,
                    "max_to_p95_ratio": 1.0
                  }
                },
                {
                  "element_count": 48,
                  "elements_per_original_element": 4,
                  "max_relative_change": 0.4689034357723837,
                  "p95_relative_change": 0.5156920929794696,
                  "rms_relative_change": 0.04085444587304995,
                  "statistics": {
                    "area_weighted_mean_stress_pa": 3631011.5440842127,
                    "area_weighted_p95_stress_pa": 11267627.883750524,
                    "area_weighted_rms_stress_pa": 9252346.89895477,
                    "max_stress_pa": 43806387.89289037,
                    "max_to_p95_ratio": 3.887809248303739
                  }
                },
                {
                  "element_count": 192,
                  "elements_per_original_element": 8,
                  "max_relative_change": 0.4148951451794072,
                  "p95_relative_change": 0.34052744974513055,
                  "rms_relative_change": 0.009216344055053343,
                  "statistics": {
                    "area_weighted_mean_stress_pa": 3390598.101075006,
                    "area_weighted_p95_stress_pa": 17085817.869744346,
                    "area_weighted_rms_stress_pa": 9167074.086617297,
                    "max_stress_pa": 74869294.84856601,
                    "max_to_p95_ratio": 4.381955573876563
                  }
                }
              ],
              "schema_version": "kyuubiki.composite-thermal-stress-recovery/v1",
              "status": "fail"
            },
            "max_change_ratio_graded_to_uniform": 1.5977804770281778,
            "p95_change_ratio_graded_to_uniform": 1.1441144748056544,
            "qualification_effect": "diagnostic_only_does_not_override_uniform_mesh_gates",
            "rms_change_ratio_graded_to_uniform": 0.5711303262218596,
            "schema_version": "kyuubiki.composite-thermal-interface-grading-assessment/v1",
            "strain_energy_change_ratio_graded_to_uniform": 0.904749898040979
          },
          "thermal_mesh_convergence": {
            "algebraic_validation": {
              "max_relative_residual": 2.5369993414513502e-14,
              "method": "original_system_recomputed_l2_residual_over_max_rhs_l2_or_one",
              "qualification_effect": "algebraic_gate_does_not_override_discretization_gates",
              "relative_residual_tolerance": 1e-10,
              "required_series": [
                "uniform_full_edge_clamp",
                "uniform_regularized_restraint",
                "interface_graded_full_edge_clamp"
              ],
              "schema_version": "kyuubiki.composite-thermal-algebraic-validation/v1",
              "series": [
                {
                  "label": "uniform_full_edge_clamp",
                  "max_relative_residual": 1.49981272682168e-14,
                  "samples": [
                    {
                      "element_count": 3,
                      "elements_per_original_element": 1,
                      "matrix_non_zero_count": 112,
                      "node_count": 8,
                      "relative_residual": 2.4748064182132454e-16,
                      "residual_norm": 4.631320464571036e-13,
                      "rhs_norm": 1871.3869620213547,
                      "solver_iterations": 0
                    },
                    {
                      "element_count": 12,
                      "elements_per_original_element": 2,
                      "matrix_non_zero_count": 439,
                      "node_count": 21,
                      "relative_residual": 7.848365342699444e-16,
                      "residual_norm": 1.4457433827058544e-12,
                      "rhs_norm": 1842.0949071269804,
                      "solver_iterations": 0
                    },
                    {
                      "element_count": 48,
                      "elements_per_original_element": 4,
                      "matrix_non_zero_count": 1747,
                      "node_count": 65,
                      "relative_residual": 3.61824670153591e-15,
                      "residual_norm": 5.24230807105892e-12,
                      "rhs_norm": 1448.8531334343818,
                      "solver_iterations": 0
                    },
                    {
                      "element_count": 192,
                      "elements_per_original_element": 8,
                      "matrix_non_zero_count": 6925,
                      "node_count": 225,
                      "relative_residual": 1.49981272682168e-14,
                      "residual_norm": 1.607802721914697e-11,
                      "rhs_norm": 1072.002319464153,
                      "solver_iterations": 0
                    }
                  ],
                  "solver_path": "dense_direct",
                  "status": "pass"
                },
                {
                  "label": "uniform_regularized_restraint",
                  "max_relative_residual": 1.715088907429656e-14,
                  "samples": [
                    {
                      "element_count": 3,
                      "elements_per_original_element": 1,
                      "matrix_non_zero_count": 121,
                      "node_count": 8,
                      "relative_residual": 3.2965107248604766e-16,
                      "residual_norm": 6.889036837754872e-13,
                      "rhs_norm": 2089.7965796991143,
                      "solver_iterations": 0
                    },
                    {
                      "element_count": 12,
                      "elements_per_original_element": 2,
                      "matrix_non_zero_count": 462,
                      "node_count": 21,
                      "relative_residual": 9.001812879923783e-16,
                      "residual_norm": 1.7102506487308798e-12,
                      "rhs_norm": 1899.8958004838692,
                      "solver_iterations": 0
                    },
                    {
                      "element_count": 48,
                      "elements_per_original_element": 4,
                      "matrix_non_zero_count": 1799,
                      "node_count": 65,
                      "relative_residual": 4.2180330248782116e-15,
                      "residual_norm": 6.189520498979615e-12,
                      "rhs_norm": 1467.3949830343793,
                      "solver_iterations": 0
                    },
                    {
                      "element_count": 192,
                      "elements_per_original_element": 8,
                      "matrix_non_zero_count": 7030,
                      "node_count": 225,
                      "relative_residual": 1.715088907429656e-14,
                      "residual_norm": 1.8493614774326477e-11,
                      "rhs_norm": 1078.2889851490097,
                      "solver_iterations": 0
                    }
                  ],
                  "solver_path": "dense_direct",
                  "status": "pass"
                },
                {
                  "label": "interface_graded_full_edge_clamp",
                  "max_relative_residual": 2.5369993414513502e-14,
                  "samples": [
                    {
                      "element_count": 3,
                      "elements_per_original_element": 1,
                      "matrix_non_zero_count": 112,
                      "node_count": 8,
                      "relative_residual": 2.4748064182132454e-16,
                      "residual_norm": 4.631320464571036e-13,
                      "rhs_norm": 1871.3869620213547,
                      "solver_iterations": 0
                    },
                    {
                      "element_count": 12,
                      "elements_per_original_element": 2,
                      "matrix_non_zero_count": 444,
                      "node_count": 21,
                      "relative_residual": 8.030714426786226e-16,
                      "residual_norm": 1.4793338146174072e-12,
                      "rhs_norm": 1842.0949071269804,
                      "solver_iterations": 0
                    },
                    {
                      "element_count": 48,
                      "elements_per_original_element": 4,
                      "matrix_non_zero_count": 1748,
                      "node_count": 65,
                      "relative_residual": 4.947982471442824e-15,
                      "residual_norm": 7.945325320538467e-12,
                      "rhs_norm": 1605.7707088484535,
                      "solver_iterations": 0
                    },
                    {
                      "element_count": 192,
                      "elements_per_original_element": 8,
                      "matrix_non_zero_count": 6948,
                      "node_count": 225,
                      "relative_residual": 2.5369993414513502e-14,
                      "residual_norm": 3.0744102385918024e-11,
                      "rhs_norm": 1211.8293404179656,
                      "solver_iterations": 0
                    }
                  ],
                  "solver_path": "dense_direct",
                  "status": "pass"
                }
              ],
              "status": "pass"
            },
            "convergence_tolerance": 0.02,
            "diagnostic_metrics": [
              "max_von_mises_stress_pa"
            ],
            "finest_pair_displacement_relative_change": 0.0026914167086383614,
            "finest_pair_peak_stress_relative_change": 0.25966967999953244,
            "finest_pair_strain_energy_relative_change": 0.13187066699726596,
            "method": "structured_quad_h_refinement_preserving_piecewise_linear_temperature_full_edge_clamp",
            "pass_metrics": [
              "max_displacement_m",
              "total_strain_energy_j"
            ],
            "refinement_levels": [
              1,
              2,
              4,
              8
            ],
            "regime_assessment": {
              "diagnosis": "pass_metrics_lack_qualified_discretization_uncertainty",
              "gci_safety_factor": 1.25,
              "method": "four_level_constant_ratio_observed_order_and_fine_grid_gci",
              "metrics": [
                {
                  "coarse_triplet_observed_order": 3.887702629673054,
                  "fine_grid_gci": null,
                  "fine_triplet_observed_order": 0.1839103476134685,
                  "metric": "max_displacement_m",
                  "observed_order_relative_difference": 0.9526943377279514,
                  "qualification_role": "pass_metric",
                  "regime": "oscillatory",
                  "richardson_extrapolated_value": null,
                  "unit": "m"
                },
                {
                  "coarse_triplet_observed_order": 1.0835317362145995,
                  "fine_grid_gci": 0.1273466059722603,
                  "fine_triplet_observed_order": 1.31674245351582,
                  "metric": "total_strain_energy_j",
                  "observed_order_relative_difference": 0.17711186927901285,
                  "qualification_role": "pass_metric",
                  "regime": "asymptotic_converging",
                  "richardson_extrapolated_value": 0.0010262904851002115,
                  "unit": "J"
                },
                {
                  "coarse_triplet_observed_order": 0.04207548796525765,
                  "fine_grid_gci": null,
                  "fine_triplet_observed_order": -0.265812373430814,
                  "metric": "max_von_mises_stress_pa",
                  "observed_order_relative_difference": 1.1582901782268205,
                  "qualification_role": "diagnostic_metric",
                  "regime": "monotonic_diverging",
                  "richardson_extrapolated_value": null,
                  "unit": "Pa"
                }
              ],
              "order_consistency_tolerance": 0.25,
              "qualification_effect": "gci_gates_require_asymptotic_pass_metric_evidence",
              "qualification_tolerance": 0.02,
              "refinement_ratio": 2.0,
              "schema_version": "kyuubiki.composite-thermal-convergence-regime/v1",
              "status": "fail"
            },
            "samples": [
              {
                "displacement_relative_change": null,
                "element_count": 3,
                "elements_per_original_element": 1,
                "max_displacement_m": 0.00003036327411064016,
                "max_von_mises_stress_pa": 13399104.42372836,
                "node_count": 8,
                "peak_stress_relative_change": null,
                "strain_energy_relative_change": null,
                "total_strain_energy_j": 0.002665009651805867
              },
              {
                "displacement_relative_change": 0.043534326098067774,
                "element_count": 12,
                "elements_per_original_element": 2,
                "max_displacement_m": 0.000029041429434102534,
                "max_von_mises_stress_pa": 23265422.101136323,
                "node_count": 21,
                "peak_stress_relative_change": 0.4240764527941264,
                "strain_energy_relative_change": 0.3438382095266403,
                "total_strain_energy_j": 0.0017486775047577223
              },
              {
                "displacement_relative_change": 0.0030655889260819335,
                "element_count": 48,
                "elements_per_original_element": 4,
                "max_displacement_m": 0.000029130732284402255,
                "max_von_mises_stress_pa": 32848148.992287517,
                "node_count": 65,
                "peak_stress_relative_change": 0.2917280633804097,
                "strain_energy_relative_change": 0.24726784608944613,
                "total_strain_energy_j": 0.0013162857846512133
              },
              {
                "displacement_relative_change": 0.0026914167086383614,
                "element_count": 192,
                "elements_per_original_element": 8,
                "max_displacement_m": 0.000029209346808450933,
                "max_von_mises_stress_pa": 44369584.90673024,
                "node_count": 225,
                "peak_stress_relative_change": 0.25966967999953244,
                "strain_energy_relative_change": 0.13187066699726596,
                "total_strain_energy_j": 0.0011427063002702382
              }
            ],
            "schema_version": "kyuubiki.composite-thermal-mesh-convergence/v1",
            "status": "fail"
          },
          "thermal_stress_recovery": {
            "convergence_tolerance": 0.02,
            "diagnostic_metrics": [
              "max_stress_pa",
              "max_to_p95_ratio"
            ],
            "finest_pair_max_relative_change": 0.25966967999953244,
            "finest_pair_p95_relative_change": 0.2976340718029762,
            "finest_pair_rms_relative_change": 0.016137024479196,
            "method": "uniform_mesh_element_area_weighted_von_mises_p95_and_rms",
            "pass_metrics": [
              "area_weighted_rms_stress_pa",
              "area_weighted_p95_stress_pa"
            ],
            "refinement_levels": [
              1,
              2,
              4,
              8
            ],
            "samples": [
              {
                "element_count": 3,
                "elements_per_original_element": 1,
                "max_relative_change": null,
                "p95_relative_change": null,
                "rms_relative_change": null,
                "statistics": {
                  "area_weighted_mean_stress_pa": 4722770.73286506,
                  "area_weighted_p95_stress_pa": 13399104.42372836,
                  "area_weighted_rms_stress_pa": 7744605.887351874,
                  "max_stress_pa": 13399104.42372836,
                  "max_to_p95_ratio": 1.0
                }
              },
              {
                "element_count": 12,
                "elements_per_original_element": 2,
                "max_relative_change": 0.4240764527941264,
                "p95_relative_change": 0.4240764527941264,
                "rms_relative_change": 0.19715458289203233,
                "statistics": {
                  "area_weighted_mean_stress_pa": 4782435.734097848,
                  "area_weighted_p95_stress_pa": 23265422.101136323,
                  "area_weighted_rms_stress_pa": 9646447.151993109,
                  "max_stress_pa": 23265422.101136323,
                  "max_to_p95_ratio": 1.0
                }
              },
              {
                "element_count": 48,
                "elements_per_original_element": 4,
                "max_relative_change": 0.2917280633804097,
                "p95_relative_change": 0.24523497707924835,
                "rms_relative_change": 0.02136275050419319,
                "statistics": {
                  "area_weighted_mean_stress_pa": 3782706.756955253,
                  "area_weighted_p95_stress_pa": 30824722.124913745,
                  "area_weighted_rms_stress_pa": 9440372.508233195,
                  "max_stress_pa": 32848148.992287517,
                  "max_to_p95_ratio": 1.0656429880916385
                }
              },
              {
                "element_count": 192,
                "elements_per_original_element": 8,
                "max_relative_change": 0.25966967999953244,
                "p95_relative_change": 0.2976340718029762,
                "rms_relative_change": 0.016137024479196,
                "statistics": {
                  "area_weighted_mean_stress_pa": 3474684.2874914333,
                  "area_weighted_p95_stress_pa": 21650234.56668038,
                  "area_weighted_rms_stress_pa": 9288032.985975107,
                  "max_stress_pa": 44369584.90673024,
                  "max_to_p95_ratio": 2.0493812558971
                }
              }
            ],
            "schema_version": "kyuubiki.composite-thermal-stress-recovery/v1",
            "status": "fail"
          }
        },
        "status": "completed"
      },
      "requires_confirmation": false
    },
    {
      "index": 4,
      "action": "solve_composite_thermo_electric_panel",
      "risk": "normal",
      "status": "executed",
      "payload": {
        "electric_conduction_feedback": {
          "parameter_source": "screening_reference_not_material_card",
          "regions": [
            {
              "element_id": "conductor_left",
              "reference_resistivity_ohm_m": 2.82e-8,
              "reference_temperature_c": 35.0,
              "resistivity_temperature_coefficient_1_k": 0.00403
            }
          ]
        },
        "electric_conduction_model": {
          "contact_interfaces": [],
          "elements": [
            {
              "electrical_conductivity_s_m": 35460992.90780142,
              "id": "conductor_left",
              "node_i": 0,
              "node_j": 1,
              "node_k": 2,
              "node_l": 3,
              "thickness": 0.001
            }
          ],
          "nodes": [
            {
              "current_source_a": 0.0,
              "electric_potential_v": 0.0,
              "fix_electric_potential": true,
              "id": "n0",
              "x": 0.0,
              "y": 0.0
            },
            {
              "current_source_a": 0.0,
              "electric_potential_v": 0.000056399999999999995,
              "fix_electric_potential": true,
              "id": "n1",
              "x": 0.03,
              "y": 0.0
            },
            {
              "current_source_a": 0.0,
              "electric_potential_v": 0.000056399999999999995,
              "fix_electric_potential": true,
              "id": "n5",
              "x": 0.03,
              "y": 0.03
            },
            {
              "current_source_a": 0.0,
              "electric_potential_v": 0.0,
              "fix_electric_potential": true,
              "id": "n4",
              "x": 0.0,
              "y": 0.03
            }
          ],
          "terminals": []
        },
        "electrostatic_model": {
          "elements": [
            {
              "id": "conductor_left",
              "node_i": 0,
              "node_j": 1,
              "node_k": 5,
              "node_l": 4,
              "permittivity": 1.0,
              "thickness": 0.001
            },
            {
              "id": "dielectric_core",
              "node_i": 1,
              "node_j": 2,
              "node_k": 6,
              "node_l": 5,
              "permittivity": 9.8,
              "thickness": 0.001
            },
            {
              "id": "substrate_right",
              "node_i": 2,
              "node_j": 3,
              "node_k": 7,
              "node_l": 6,
              "permittivity": 4.2,
              "thickness": 0.001
            }
          ],
          "nodes": [
            {
              "charge_density": 0.0,
              "fix_potential": true,
              "id": "n0",
              "potential": 0.0,
              "x": 0.0,
              "y": 0.0
            },
            {
              "charge_density": 0.0,
              "fix_potential": false,
              "id": "n1",
              "potential": 0.0,
              "x": 0.03,
              "y": 0.0
            },
            {
              "charge_density": 0.0,
              "fix_potential": false,
              "id": "n2",
              "potential": 0.0,
              "x": 0.06,
              "y": 0.0
            },
            {
              "charge_density": 0.0,
              "fix_potential": true,
              "id": "n3",
              "potential": 4381,
              "x": 0.09,
              "y": 0.0
            },
            {
              "charge_density": 0.0,
              "fix_potential": true,
              "id": "n4",
              "potential": 0.0,
              "x": 0.0,
              "y": 0.03
            },
            {
              "charge_density": 0.0,
              "fix_potential": false,
              "id": "n5",
              "potential": 0.0,
              "x": 0.03,
              "y": 0.03
            },
            {
              "charge_density": 0.0,
              "fix_potential": false,
              "id": "n6",
              "potential": 0.0,
              "x": 0.06,
              "y": 0.03
            },
            {
              "charge_density": 0.0,
              "fix_potential": true,
              "id": "n7",
              "potential": 4381,
              "x": 0.09,
              "y": 0.03
            }
          ]
        },
        "electrothermal_feedback": {
          "conductivity_relative_change_tolerance": 1e-9,
          "loss_relative_change_tolerance": 1e-9,
          "loss_tangent_temperature_coefficient_1_k": 0.001,
          "max_iterations": 12,
          "parameter_source": "screening_sensitivity_not_material_card",
          "relative_permittivity_temperature_coefficient_1_k": 0.0001,
          "relaxation_factor": 0.8,
          "temperature_residual_tolerance_c": 1e-7,
          "thermal_conductivity_models": [
            {
              "element_id": "conductor_left",
              "reference_temperature_c": 35.0,
              "temperature_coefficient_1_k": -0.001
            },
            {
              "element_id": "dielectric_core",
              "reference_temperature_c": 35.0,
              "temperature_coefficient_1_k": -0.002
            },
            {
              "element_id": "substrate_right",
              "reference_temperature_c": 35.0,
              "temperature_coefficient_1_k": -0.0012
            }
          ]
        },
        "electrothermal_loss": {
          "frequency_hz": 10000000.0,
          "loss_tangent": 0.0002,
          "reference_temperature_c": 35.0,
          "relative_permittivity": 9.8,
          "source_element_id": "dielectric_core"
        },
        "heat_model": {
          "elements": [
            {
              "conductivity": 167.0,
              "id": "conductor_left",
              "node_i": 0,
              "node_j": 1,
              "node_k": 5,
              "node_l": 4,
              "thickness": 0.001
            },
            {
              "conductivity": 0.25,
              "id": "dielectric_core",
              "node_i": 1,
              "node_j": 2,
              "node_k": 6,
              "node_l": 5,
              "thickness": 0.001
            },
            {
              "conductivity": 160.0,
              "id": "substrate_right",
              "node_i": 2,
              "node_j": 3,
              "node_k": 7,
              "node_l": 6,
              "thickness": 0.001
            }
          ],
          "nodes": [
            {
              "fix_temperature": false,
              "heat_load": 0.0,
              "id": "n0",
              "temperature": 35.0,
              "x": 0.0,
              "y": 0.0
            },
            {
              "fix_temperature": false,
              "heat_load": 0.0,
              "id": "n1",
              "temperature": 35.0,
              "x": 0.03,
              "y": 0.0
            },
            {
              "fix_temperature": false,
              "heat_load": 0.0,
              "id": "n2",
              "temperature": 35.0,
              "x": 0.06,
              "y": 0.0
            },
            {
              "fix_temperature": true,
              "heat_load": 0.0,
              "id": "n3",
              "temperature": 35.0,
              "x": 0.09,
              "y": 0.0
            },
            {
              "fix_temperature": false,
              "heat_load": 0.0,
              "id": "n4",
              "temperature": 35.0,
              "x": 0.0,
              "y": 0.03
            },
            {
              "fix_temperature": false,
              "heat_load": 0.0,
              "id": "n5",
              "temperature": 35.0,
              "x": 0.03,
              "y": 0.03
            },
            {
              "fix_temperature": false,
              "heat_load": 0.0,
              "id": "n6",
              "temperature": 35.0,
              "x": 0.06,
              "y": 0.03
            },
            {
              "fix_temperature": true,
              "heat_load": 0.0,
              "id": "n7",
              "temperature": 35.0,
              "x": 0.09,
              "y": 0.03
            }
          ]
        },
        "research": {
          "candidate_id": "aluminum_alumina_aluminum",
          "candidate_label": "Aluminum / Alumina / Aluminum",
          "coupling": "iterative_dielectric_and_conductor_joule_heating_with_temperature_dependent_electrical_thermal_feedback_and_expansion_projection",
          "materials": {
            "conductor": "aluminum",
            "dielectric": "alumina_96",
            "substrate": "aluminum_6061"
          },
          "study": "material.composite_thermo_electric_panel.v1"
        },
        "thermal_expansion_feedback": {
          "parameter_source": "screening_sensitivity_not_material_card",
          "regions": [
            {
              "element_id": "conductor_left",
              "reference_temperature_c": 35.0,
              "temperature_coefficient_1_k": 0.0002
            },
            {
              "element_id": "dielectric_core",
              "reference_temperature_c": 35.0,
              "temperature_coefficient_1_k": 0.0008
            },
            {
              "element_id": "substrate_right",
              "reference_temperature_c": 35.0,
              "temperature_coefficient_1_k": 0.0003
            }
          ]
        },
        "thermal_model": {
          "elements": [
            {
              "id": "conductor_left",
              "node_i": 0,
              "node_j": 1,
              "node_k": 5,
              "node_l": 4,
              "poisson_ratio": 0.32,
              "thermal_expansion": 0.000017,
              "thickness": 0.001,
              "youngs_modulus": 110000000000.0
            },
            {
              "id": "dielectric_core",
              "node_i": 1,
              "node_j": 2,
              "node_k": 6,
              "node_l": 5,
              "poisson_ratio": 0.32,
              "thermal_expansion": 0.000045,
              "thickness": 0.001,
              "youngs_modulus": 2500000000.0
            },
            {
              "id": "substrate_right",
              "node_i": 2,
              "node_j": 3,
              "node_k": 7,
              "node_l": 6,
              "poisson_ratio": 0.32,
              "thermal_expansion": 0.0000236,
              "thickness": 0.001,
              "youngs_modulus": 68900000000.0
            }
          ],
          "nodes": [
            {
              "fix_x": true,
              "fix_y": true,
              "id": "n0",
              "load_x": 0.0,
              "load_y": 0.0,
              "temperature_delta": 0.0,
              "x": 0.0,
              "y": 0.0
            },
            {
              "fix_x": false,
              "fix_y": false,
              "id": "n1",
              "load_x": 0.0,
              "load_y": 0.0,
              "temperature_delta": 0.0,
              "x": 0.03,
              "y": 0.0
            },
            {
              "fix_x": false,
              "fix_y": false,
              "id": "n2",
              "load_x": 0.0,
              "load_y": 0.0,
              "temperature_delta": 0.0,
              "x": 0.06,
              "y": 0.0
            },
            {
              "fix_x": false,
              "fix_y": false,
              "id": "n3",
              "load_x": 0.0,
              "load_y": 0.0,
              "temperature_delta": 0.0,
              "x": 0.09,
              "y": 0.0
            },
            {
              "fix_x": true,
              "fix_y": true,
              "id": "n4",
              "load_x": 0.0,
              "load_y": 0.0,
              "temperature_delta": 0.0,
              "x": 0.0,
              "y": 0.03
            },
            {
              "fix_x": false,
              "fix_y": false,
              "id": "n5",
              "load_x": 0.0,
              "load_y": 0.0,
              "temperature_delta": 0.0,
              "x": 0.03,
              "y": 0.03
            },
            {
              "fix_x": false,
              "fix_y": false,
              "id": "n6",
              "load_x": 0.0,
              "load_y": 0.0,
              "temperature_delta": 0.0,
              "x": 0.06,
              "y": 0.03
            },
            {
              "fix_x": false,
              "fix_y": false,
              "id": "n7",
              "load_x": 0.0,
              "load_y": 0.0,
              "temperature_delta": 0.0,
              "x": 0.09,
              "y": 0.03
            }
          ]
        }
      },
      "result_preview": {
        "job": {
          "created_at": "2026-08-13T11:22:03.716729Z",
          "execution_started_at": null,
          "execution_timeout_ms": 120000,
          "has_result": false,
          "iteration": null,
          "job_id": "9cf696f3715f1fb9",
          "message": null,
          "model_version_id": null,
          "progress": 0.0,
          "project_id": "77cc0dfd8064d8dc",
          "queue_timeout_ms": 1800000,
          "residual": null,
          "simulation_case_id": "96951cc1e6d6a4a1",
          "status": "queued",
          "status_detail": {
            "active": true,
            "failure_class": null,
            "lifecycle": "active",
            "recoverable": false,
            "terminal": false,
            "timing": {
              "effective_deadline": "2026-08-13T11:52:03.716729Z",
              "effective_timeout_ms": 1800000,
              "execution_elapsed_ms": null,
              "execution_started_at": null,
              "execution_timeout_ms": 120000,
              "job_submission_deadline": "2026-08-13T11:52:03.716729Z",
              "phase": "queue",
              "queue_timeout_ms": 1800000,
              "queue_wait_ms": 0,
              "total_elapsed_ms": 0
            }
          },
          "updated_at": "2026-08-13T11:22:03.716729Z",
          "worker_id": null
        },
        "job_id": "9cf696f3715f1fb9",
        "progress": 0.0,
        "raw": {
          "job": {
            "created_at": "2026-08-13T11:22:03.716729Z",
            "execution_started_at": null,
            "execution_timeout_ms": 120000,
            "has_result": false,
            "iteration": null,
            "job_id": "9cf696f3715f1fb9",
            "message": null,
            "model_version_id": null,
            "progress": 0.0,
            "project_id": "77cc0dfd8064d8dc",
            "queue_timeout_ms": 1800000,
            "residual": null,
            "simulation_case_id": "96951cc1e6d6a4a1",
            "status": "queued",
            "status_detail": {
              "active": true,
              "failure_class": null,
              "lifecycle": "active",
              "recoverable": false,
              "terminal": false,
              "timing": {
                "effective_deadline": "2026-08-13T11:52:03.716729Z",
                "effective_timeout_ms": 1800000,
                "execution_elapsed_ms": null,
                "execution_started_at": null,
                "execution_timeout_ms": 120000,
                "job_submission_deadline": "2026-08-13T11:52:03.716729Z",
                "phase": "queue",
                "queue_timeout_ms": 1800000,
                "queue_wait_ms": 0,
                "total_elapsed_ms": 0
              }
            },
            "updated_at": "2026-08-13T11:22:03.716729Z",
            "worker_id": null
          }
        },
        "status": "queued"
      },
      "requires_confirmation": false
    },
    {
      "index": 5,
      "action": "job_wait",
      "risk": "normal",
      "status": "executed",
      "payload": {
        "interval_ms": 1000,
        "job_id": "9cf696f3715f1fb9",
        "max_total_timeout_ms": 3600000,
        "resume_policy": "server_deadline",
        "timeout_ms": 60000
      },
      "result_preview": {
        "job": {
          "created_at": "2026-08-13T11:22:03.716729Z",
          "execution_started_at": "2026-08-13T11:22:03.721247Z",
          "execution_timeout_ms": 120000,
          "iteration": 4,
          "job_id": "9cf696f3715f1fb9",
          "message": "collecting nodal and elemental responses",
          "model_version_id": null,
          "progress": 1.0,
          "project_id": "77cc0dfd8064d8dc",
          "queue_timeout_ms": 1800000,
          "residual": 0.2,
          "simulation_case_id": "96951cc1e6d6a4a1",
          "status": "completed",
          "status_detail": {
            "active": false,
            "failure_class": null,
            "lifecycle": "terminal",
            "recoverable": false,
            "terminal": true,
            "timing": {
              "effective_deadline": "2026-08-13T11:24:03.721247Z",
              "effective_timeout_ms": 120000,
              "execution_elapsed_ms": 6041,
              "execution_started_at": "2026-08-13T11:22:03.721247Z",
              "execution_timeout_ms": 120000,
              "job_submission_deadline": "2026-08-13T11:52:03.716729Z",
              "phase": "execution",
              "queue_timeout_ms": 1800000,
              "queue_wait_ms": 4,
              "total_elapsed_ms": 6046
            }
          },
          "updated_at": "2026-08-13T11:22:09.763019Z",
          "worker_id": "rust-agent-rpc@127.0.0.1:5001"
        },
        "job_id": "9cf696f3715f1fb9",
        "progress": 1.0,
        "raw": {
          "job": {
            "created_at": "2026-08-13T11:22:03.716729Z",
            "execution_started_at": "2026-08-13T11:22:03.721247Z",
            "execution_timeout_ms": 120000,
            "iteration": 4,
            "job_id": "9cf696f3715f1fb9",
            "message": "collecting nodal and elemental responses",
            "model_version_id": null,
            "progress": 1.0,
            "project_id": "77cc0dfd8064d8dc",
            "queue_timeout_ms": 1800000,
            "residual": 0.2,
            "simulation_case_id": "96951cc1e6d6a4a1",
            "status": "completed",
            "status_detail": {
              "active": false,
              "failure_class": null,
              "lifecycle": "terminal",
              "recoverable": false,
              "terminal": true,
              "timing": {
                "effective_deadline": "2026-08-13T11:24:03.721247Z",
                "effective_timeout_ms": 120000,
                "execution_elapsed_ms": 6041,
                "execution_started_at": "2026-08-13T11:22:03.721247Z",
                "execution_timeout_ms": 120000,
                "job_submission_deadline": "2026-08-13T11:52:03.716729Z",
                "phase": "execution",
                "queue_timeout_ms": 1800000,
                "queue_wait_ms": 4,
                "total_elapsed_ms": 6046
              }
            },
            "updated_at": "2026-08-13T11:22:09.763019Z",
            "worker_id": "rust-agent-rpc@127.0.0.1:5001"
          }
        },
        "result": null,
        "status": "completed",
        "wait": {
          "elapsed_ms": 6054,
          "policy": "server_deadline",
          "poll_attempts": 7,
          "resume_count": 0
        }
      },
      "requires_confirmation": false
    },
    {
      "index": 6,
      "action": "result_fetch",
      "risk": "normal",
      "status": "executed",
      "payload": {
        "job_id": "9cf696f3715f1fb9"
      },
      "result_preview": {
        "job": {
          "created_at": "2026-08-13T11:22:03.716729Z",
          "execution_started_at": "2026-08-13T11:22:03.721247Z",
          "execution_timeout_ms": 120000,
          "has_result": true,
          "iteration": 4,
          "job_id": "9cf696f3715f1fb9",
          "message": "collecting nodal and elemental responses",
          "model_version_id": null,
          "progress": 1.0,
          "project_id": "77cc0dfd8064d8dc",
          "queue_timeout_ms": 1800000,
          "residual": 0.2,
          "simulation_case_id": "96951cc1e6d6a4a1",
          "status": "completed",
          "status_detail": {
            "active": false,
            "failure_class": null,
            "lifecycle": "terminal",
            "recoverable": false,
            "terminal": true,
            "timing": {
              "effective_deadline": "2026-08-13T11:24:03.721247Z",
              "effective_timeout_ms": 120000,
              "execution_elapsed_ms": 6041,
              "execution_started_at": "2026-08-13T11:22:03.721247Z",
              "execution_timeout_ms": 120000,
              "job_submission_deadline": "2026-08-13T11:52:03.716729Z",
              "phase": "execution",
              "queue_timeout_ms": 1800000,
              "queue_wait_ms": 4,
              "total_elapsed_ms": 6046
            }
          },
          "updated_at": "2026-08-13T11:22:09.763019Z",
          "worker_id": "rust-agent-rpc@127.0.0.1:5001"
        },
        "job_id": "9cf696f3715f1fb9",
        "result": {
          "electric_conduction": {
            "contact_interfaces": [],
            "current_balance_relative_error": 0.0,
            "elements": [
              {
                "area_m2": 0.0009,
                "average_electric_potential_v": 0.0000282,
                "current_density_magnitude_a_m2": 66480.51901315515,
                "current_density_x_a_m2": -66480.51901315515,
                "current_density_y_a_m2": -0.0,
                "electric_field_magnitude_v_m": 0.00188,
                "electric_field_x_v_m": -0.00188,
                "electric_field_y_v_m": -0.0,
                "electric_potential_gradient_x_v_m": 0.00188,
                "electric_potential_gradient_y_v_m": 0.0,
                "id": "conductor_left",
                "index": 0,
                "joule_power_w": 0.00011248503817025852,
                "node_i": 0,
                "node_j": 1,
                "node_k": 2,
                "node_l": 3,
                "peak_current_density_magnitude_a_m2": 66480.51901315515,
                "peak_electric_field_magnitude_v_m": 0.00188,
                "rms_current_density_magnitude_a_m2": 66480.51901315515,
                "rms_electric_field_magnitude_v_m": 0.00188,
                "volumetric_joule_heating_w_m3": 124.98337574473167
              }
            ],
            "free_current_residual_relative_error": 0.0,
            "input": {
              "contact_interfaces": [],
              "elements": [
                {
                  "electrical_conductivity_s_m": 35361978.19848678,
                  "id": "conductor_left",
                  "node_i": 0,
                  "node_j": 1,
                  "node_k": 2,
                  "node_l": 3,
                  "thickness": 0.001
                }
              ],
              "nodes": [
                {
                  "current_source_a": 0.0,
                  "electric_potential_v": 0.0,
                  "fix_electric_potential": true,
                  "id": "n0",
                  "x": 0.0,
                  "y": 0.0
                },
                {
                  "current_source_a": 0.0,
                  "electric_potential_v": 0.000056399999999999995,
                  "fix_electric_potential": true,
                  "id": "n1",
                  "x": 0.03,
                  "y": 0.0
                },
                {
                  "current_source_a": 0.0,
                  "electric_potential_v": 0.000056399999999999995,
                  "fix_electric_potential": true,
                  "id": "n5",
                  "x": 0.03,
                  "y": 0.03
                },
                {
                  "current_source_a": 0.0,
                  "electric_potential_v": 0.0,
                  "fix_electric_potential": true,
                  "id": "n4",
                  "x": 0.0,
                  "y": 0.03
                }
              ],
              "terminals": []
            },
            "max_current_density_a_m2": 66480.51901315515,
            "max_electric_field_v_m": 0.00188,
            "max_electric_potential_v": 0.000056399999999999995,
            "max_free_current_residual_a": 0.0,
            "nodes": [
              {
                "current_source_a": 0.0,
                "electric_potential_v": 0.0,
                "fix_electric_potential": true,
                "id": "n0",
                "index": 0,
                "net_injected_current_a": -0.9972077851973272,
                "reaction_current_a": -0.9972077851973272,
                "x": 0.0,
                "y": 0.0
              },
              {
                "current_source_a": 0.0,
                "electric_potential_v": 0.000056399999999999995,
                "fix_electric_potential": true,
                "id": "n1",
                "index": 1,
                "net_injected_current_a": 0.9972077851973272,
                "reaction_current_a": 0.9972077851973272,
                "x": 0.03,
                "y": 0.0
              },
              {
                "current_source_a": 0.0,
                "electric_potential_v": 0.000056399999999999995,
                "fix_electric_potential": true,
                "id": "n5",
                "index": 2,
                "net_injected_current_a": 0.9972077851973272,
                "reaction_current_a": 0.9972077851973272,
                "x": 0.03,
                "y": 0.03
              },
              {
                "current_source_a": 0.0,
                "electric_potential_v": 0.0,
                "fix_electric_potential": true,
                "id": "n4",
                "index": 3,
                "net_injected_current_a": -0.9972077851973272,
                "reaction_current_a": -0.9972077851973272,
                "x": 0.0,
                "y": 0.03
              }
            ],
            "power_balance_relative_error": 0.0,
            "source_power_balance_relative_error": 0.0,
            "terminals": [],
            "total_bulk_joule_power_w": 0.00011248503817025852,
            "total_contact_joule_power_w": -0.0,
            "total_dissipated_power_w": 0.00011248503817025852,
            "total_electrical_input_power_w": 0.00011248503817025852,
            "total_extracted_current_a": 1.994415570394655,
            "total_injected_current_a": 1.994415570394655,
            "total_joule_power_w": 0.00011248503817025852,
            "total_source_power_w": 0.00011248503817025852,
            "total_terminal_impedance_power_w": -0.0
          },
          "electrostatic": {
            "elements": [
              {
                "area": 0.0009,
                "average_potential": 1634.5398645224718,
                "electric_energy_density": 5937156819.362535,
                "electric_field_magnitude": 108969.32430149813,
                "electric_field_x": -108969.32430149813,
                "electric_field_y": -0.0,
                "electric_flux_density_magnitude": 108969.32430149813,
                "electric_flux_density_x": -108969.32430149813,
                "electric_flux_density_y": -0.0,
                "id": "conductor_left",
                "index": 0,
                "node_i": 0,
                "node_j": 1,
                "node_k": 5,
                "node_l": 4,
                "potential_gradient_x": 108969.32430149813,
                "potential_gradient_y": 0.0,
                "stored_energy": 5343.441137426282
              },
              {
                "area": 0.0009,
                "average_potential": 3435.8637063028345,
                "electric_energy_density": 605811243.5369607,
                "electric_field_magnitude": 11118.931817192724,
                "electric_field_x": -11118.931817192724,
                "electric_field_y": 7.275957614183426e-12,
                "electric_flux_density_magnitude": 108969.32430149829,
                "electric_flux_density_x": -108969.32430149829,
                "electric_flux_density_y": 7.130686633386404e-11,
                "id": "dielectric_core",
                "index": 1,
                "node_i": 1,
                "node_j": 2,
                "node_k": 6,
                "node_l": 5,
                "potential_gradient_x": 11118.931817192724,
                "potential_gradient_y": -7.275957614183426e-12,
                "stored_energy": 545.2301191832647
              },
              {
                "area": 0.0009,
                "average_potential": 3991.8238417803623,
                "electric_energy_density": 1413608766.5148978,
                "electric_field_magnitude": 25945.07721464249,
                "electric_field_x": -25945.07721464249,
                "electric_field_y": 7.275957614183426e-12,
                "electric_flux_density_magnitude": 108969.32430149846,
                "electric_flux_density_x": -108969.32430149846,
                "electric_flux_density_y": 3.055902197957039e-11,
                "id": "substrate_right",
                "index": 2,
                "node_i": 2,
                "node_j": 3,
                "node_k": 7,
                "node_l": 6,
                "potential_gradient_x": 25945.07721464249,
                "potential_gradient_y": -7.275957614183426e-12,
                "stored_energy": 1272.247889863408
              }
            ],
            "input": {
              "elements": [
                {
                  "id": "conductor_left",
                  "node_i": 0,
                  "node_j": 1,
                  "node_k": 5,
                  "node_l": 4,
                  "permittivity": 1.0,
                  "thickness": 0.001
                },
                {
                  "id": "dielectric_core",
                  "node_i": 1,
                  "node_j": 2,
                  "node_k": 6,
                  "node_l": 5,
                  "permittivity": 9.800341084294065,
                  "thickness": 0.001
                },
                {
                  "id": "substrate_right",
                  "node_i": 2,
                  "node_j": 3,
                  "node_k": 7,
                  "node_l": 6,
                  "permittivity": 4.2,
                  "thickness": 0.001
                }
              ],
              "nodes": [
                {
                  "charge_density": 0.0,
                  "fix_potential": true,
                  "id": "n0",
                  "potential": 0.0,
                  "x": 0.0,
                  "y": 0.0
                },
                {
                  "charge_density": 0.0,
                  "fix_potential": false,
                  "id": "n1",
                  "potential": 0.0,
                  "x": 0.03,
                  "y": 0.0
                },
                {
                  "charge_density": 0.0,
                  "fix_potential": false,
                  "id": "n2",
                  "potential": 0.0,
                  "x": 0.06,
                  "y": 0.0
                },
                {
                  "charge_density": 0.0,
                  "fix_potential": true,
                  "id": "n3",
                  "potential": 4381.0,
                  "x": 0.09,
                  "y": 0.0
                },
                {
                  "charge_density": 0.0,
                  "fix_potential": true,
                  "id": "n4",
                  "potential": 0.0,
                  "x": 0.0,
                  "y": 0.03
                },
                {
                  "charge_density": 0.0,
                  "fix_potential": false,
                  "id": "n5",
                  "potential": 0.0,
                  "x": 0.03,
                  "y": 0.03
                },
                {
                  "charge_density": 0.0,
                  "fix_potential": false,
                  "id": "n6",
                  "potential": 0.0,
                  "x": 0.06,
                  "y": 0.03
                },
                {
                  "charge_density": 0.0,
                  "fix_potential": true,
                  "id": "n7",
                  "potential": 4381.0,
                  "x": 0.09,
                  "y": 0.03
                }
              ]
            },
            "max_electric_energy_density": 5937156819.362535,
            "max_electric_field": 108969.32430149813,
            "max_flux_density": 108969.32430149846,
            "max_potential": 4381.0,
            "nodes": [
              {
                "charge_density": 0.0,
                "id": "n0",
                "index": 0,
                "potential": 0.0,
                "x": 0.0,
                "y": 0.0
              },
              {
                "charge_density": 0.0,
                "id": "n1",
                "index": 1,
                "potential": 3269.0797290449436,
                "x": 0.03,
                "y": 0.0
              },
              {
                "charge_density": 0.0,
                "id": "n2",
                "index": 2,
                "potential": 3602.6476835607255,
                "x": 0.06,
                "y": 0.0
              },
              {
                "charge_density": 0.0,
                "id": "n3",
                "index": 3,
                "potential": 4381.0,
                "x": 0.09,
                "y": 0.0
              },
              {
                "charge_density": 0.0,
                "id": "n4",
                "index": 4,
                "potential": 0.0,
                "x": 0.0,
                "y": 0.03
              },
              {
                "charge_density": 0.0,
                "id": "n5",
                "index": 5,
                "potential": 3269.0797290449436,
                "x": 0.03,
                "y": 0.03
              },
              {
                "charge_density": 0.0,
                "id": "n6",
                "index": 6,
                "potential": 3602.647683560725,
                "x": 0.06,
                "y": 0.03
              },
              {
                "charge_density": 0.0,
                "id": "n7",
                "index": 7,
                "potential": 4381.0,
                "x": 0.09,
                "y": 0.03
              }
            ],
            "total_stored_energy": 7160.919146472955
          },
          "electrostatic_mesh_convergence": {
            "finest_pair_relative_change": 6.451744456672563e-14,
            "max_analytic_relative_error": 3.8677777777777753,
            "method": "structured_quad_h_refinement",
            "refinement_levels": [
              1,
              2,
              4,
              8
            ],
            "relative_error_tolerance": 1e-8,
            "samples": [
              {
                "analytic_relative_error": 3.8677777777777753,
                "element_count": 3,
                "elements_per_layer": 1,
                "max_electric_field_v_m": 108969.32430149813,
                "node_count": 8,
                "relative_change_from_previous": null
              },
              {
                "analytic_relative_error": 1.1375871837961698e-15,
                "element_count": 6,
                "elements_per_layer": 2,
                "max_electric_field_v_m": 22385.84612448037,
                "node_count": 14,
                "relative_change_from_previous": 3.867777777777774
              },
              {
                "analytic_relative_error": 4.8753736448407285e-16,
                "element_count": 12,
                "elements_per_layer": 4,
                "max_electric_field_v_m": 22385.84612448035,
                "node_count": 26,
                "relative_change_from_previous": 6.50049819312097e-16
              },
              {
                "analytic_relative_error": 6.50049819312097e-14,
                "element_count": 24,
                "elements_per_layer": 8,
                "max_electric_field_v_m": 22385.846124481795,
                "node_count": 50,
                "relative_change_from_previous": 6.451744456672563e-14
              }
            ],
            "schema_version": "kyuubiki.composite-electrostatic-mesh-convergence/v1",
            "status": "fail"
          },
          "electrothermal_feedback_convergence": {
            "conductivity_relative_change_tolerance": 1e-9,
            "converged": true,
            "final_loss_relative_change": 4.656866290831321e-10,
            "final_max_conductivity_relative_change": 2.7541855745446666e-10,
            "final_temperature_residual_c": 6.840983246547695e-8,
            "iteration_count": 11,
            "iterations": [
              {
                "converged": false,
                "coupling_temperature_c": 35.0,
                "dielectric_mean_temperature_c": 35.348396979512174,
                "iteration": 1,
                "loss_relative_change": null,
                "loss_tangent": 0.0002,
                "max_conductivity_relative_change": null,
                "max_temperature_c": 35.69566834829879,
                "relative_permittivity": 9.8,
                "temperature_residual_c": 0.695499486023337,
                "thermal_conductivity_updates": [
                  {
                    "conductivity_relative_change": null,
                    "conductivity_w_mk": 167.0,
                    "coupling_temperature_c": 35.0,
                    "element_id": "conductor_left",
                    "measured_mean_temperature_c": 35.69549948602334
                  },
                  {
                    "conductivity_relative_change": null,
                    "conductivity_w_mk": 0.25,
                    "coupling_temperature_c": 35.0,
                    "element_id": "dielectric_core",
                    "measured_mean_temperature_c": 35.348396979512174
                  },
                  {
                    "conductivity_relative_change": null,
                    "conductivity_w_mk": 160.0,
                    "coupling_temperature_c": 35.0,
                    "element_id": "substrate_right",
                    "measured_mean_temperature_c": 35.000731667638235
                  }
                ],
                "total_joule_loss_w": 0.00011280000000000002,
                "total_loss_w": 0.00012133364423244132
              },
              {
                "converged": false,
                "coupling_temperature_c": 35.27871758360974,
                "dielectric_mean_temperature_c": 35.348115054673,
                "iteration": 2,
                "loss_relative_change": 0.0009456743327028084,
                "loss_tangent": 0.0002000557435167219,
                "max_conductivity_relative_change": 0.000557435167219511,
                "max_temperature_c": 35.695105313443705,
                "relative_permittivity": 9.80027314323194,
                "temperature_residual_c": 0.13853714634382897,
                "thermal_conductivity_updates": [
                  {
                    "conductivity_relative_change": 0.0005563995888187451,
                    "conductivity_w_mk": 166.90708126866727,
                    "coupling_temperature_c": 35.55639958881867,
                    "element_id": "conductor_left",
                    "measured_mean_temperature_c": 35.6949367351625
                  },
                  {
                    "conductivity_relative_change": 0.000557435167219511,
                    "conductivity_w_mk": 0.24986064120819512,
                    "coupling_temperature_c": 35.27871758360974,
                    "element_id": "dielectric_core",
                    "measured_mean_temperature_c": 35.348115054673
                  },
                  {
                    "conductivity_relative_change": 7.024009327949443e-7,
                    "conductivity_w_mk": 159.99988761585075,
                    "coupling_temperature_c": 35.00058533411059,
                    "element_id": "substrate_right",
                    "measured_mean_temperature_c": 35.00073097623236
                  }
                ],
                "total_joule_loss_w": 0.00011254763552374443,
                "total_loss_w": 0.00012136459453092412
              },
              {
                "converged": false,
                "coupling_temperature_c": 35.33423556046035,
                "dielectric_mean_temperature_c": 35.348059130883236,
                "iteration": 3,
                "loss_relative_change": 0.00018797243996868096,
                "loss_tangent": 0.00020006684711209208,
                "max_conductivity_relative_change": 0.0001110978835685154,
                "max_temperature_c": 35.694993627656785,
                "relative_permittivity": 9.800327550849252,
                "temperature_residual_c": 0.027595799886732664,
                "thermal_conductivity_updates": [
                  {
                    "conductivity_relative_change": 0.00011089141701380418,
                    "conductivity_w_mk": 166.88857270591575,
                    "coupling_temperature_c": 35.667229305893734,
                    "element_id": "conductor_left",
                    "measured_mean_temperature_c": 35.69482510578047
                  },
                  {
                    "conductivity_relative_change": 0.0001110978835685154,
                    "conductivity_w_mk": 0.24983288221976985,
                    "coupling_temperature_c": 35.33423556046035,
                    "element_id": "dielectric_core",
                    "measured_mean_temperature_c": 35.348059130883236
                  },
                  {
                    "conductivity_relative_change": 1.3981653503551969e-7,
                    "conductivity_w_mk": 159.99986524522086,
                    "coupling_temperature_c": 35.00070184780801,
                    "element_id": "substrate_right",
                    "measured_mean_temperature_c": 35.000730838931155
                  }
                ],
                "total_joule_loss_w": 0.00011249750163138896,
                "total_loss_w": 0.00012137075937065772
              },
              {
                "converged": false,
                "coupling_temperature_c": 35.34529441679866,
                "dielectric_mean_temperature_c": 35.34804800040635,
                "iteration": 4,
                "loss_relative_change": 0.0000374272884726952,
                "loss_tangent": 0.00020006905888335976,
                "max_conductivity_relative_change": 0.00002213250761874928,
                "max_temperature_c": 35.694971398910916,
                "relative_permittivity": 9.800338388528465,
                "temperature_residual_c": 0.005496942460510468,
                "thermal_conductivity_updates": [
                  {
                    "conductivity_relative_change": 0.000022091379925449217,
                    "conductivity_w_mk": 166.8848859070509,
                    "coupling_temperature_c": 35.68930594580312,
                    "element_id": "conductor_left",
                    "measured_mean_temperature_c": 35.69480288826363
                  },
                  {
                    "conductivity_relative_change": 0.00002213250761874928,
                    "conductivity_w_mk": 0.24982735279160068,
                    "coupling_temperature_c": 35.34529441679866,
                    "element_id": "dielectric_core",
                    "measured_mean_temperature_c": 35.34804800040635
                  },
                  {
                    "conductivity_relative_change": 2.783150171773655e-8,
                    "conductivity_w_mk": 159.99986079218434,
                    "coupling_temperature_c": 35.00072504070653,
                    "element_id": "substrate_right",
                    "measured_mean_temperature_c": 35.000730811598174
                  }
                ],
                "total_joule_loss_w": 0.00011248752058342973,
                "total_loss_w": 0.0001213719873637478
              },
              {
                "converged": false,
                "coupling_temperature_c": 35.34749728368481,
                "dielectric_mean_temperature_c": 35.348045783637275,
                "iteration": 5,
                "loss_relative_change": 7.454700902726127e-6,
                "loss_tangent": 0.00020006949945673697,
                "max_conductivity_relative_change": 4.408778425511772e-6,
                "max_temperature_c": 35.69496697178763,
                "relative_permittivity": 9.800340547338012,
                "temperature_residual_c": 0.0010949636053254608,
                "thermal_conductivity_updates": [
                  {
                    "conductivity_relative_change": 4.400587319486176e-6,
                    "conductivity_w_mk": 166.88415151553815,
                    "coupling_temperature_c": 35.69370349977153,
                    "element_id": "conductor_left",
                    "measured_mean_temperature_c": 35.694798463376856
                  },
                  {
                    "conductivity_relative_change": 4.408778425511772e-6,
                    "conductivity_w_mk": 0.2498262513581576,
                    "coupling_temperature_c": 35.34749728368481,
                    "element_id": "dielectric_core",
                    "measured_mean_temperature_c": 35.348045783637275
                  },
                  {
                    "conductivity_relative_change": 5.540060700838475e-9,
                    "conductivity_w_mk": 159.9998599057754,
                    "coupling_temperature_c": 35.000729657419846,
                    "element_id": "substrate_right",
                    "measured_mean_temperature_c": 35.00073080615424
                  }
                ],
                "total_joule_loss_w": 0.00011248553262115855,
                "total_loss_w": 0.00012137223197333398
              },
              {
                "converged": false,
                "coupling_temperature_c": 35.34793608364678,
                "dielectric_mean_temperature_c": 35.348045342086564,
                "iteration": 6,
                "loss_relative_change": 1.4849146620305057e-6,
                "loss_tangent": 0.00020006958721672936,
                "max_conductivity_relative_change": 8.782102753244453e-7,
                "max_temperature_c": 35.694966089963984,
                "relative_permittivity": 9.800340977361977,
                "temperature_residual_c": 0.00021811134291027656,
                "thermal_conductivity_updates": [
                  {
                    "conductivity_relative_change": 8.765789700501844e-7,
                    "conductivity_w_mk": 166.8840052284005,
                    "coupling_temperature_c": 35.69457947065579,
                    "element_id": "conductor_left",
                    "measured_mean_temperature_c": 35.6947975819987
                  },
                  {
                    "conductivity_relative_change": 8.782102753244453e-7,
                    "conductivity_w_mk": 0.2498260319581766,
                    "coupling_temperature_c": 35.34793608364678,
                    "element_id": "dielectric_core",
                    "measured_mean_temperature_c": 35.348045342086564
                  },
                  {
                    "conductivity_relative_change": 1.1027860288544299e-9,
                    "conductivity_w_mk": 159.99985972932978,
                    "coupling_temperature_c": 35.000730576407356,
                    "element_id": "substrate_right",
                    "measured_mean_temperature_c": 35.000730805069864
                  }
                ],
                "total_joule_loss_w": 0.00011248513663735129,
                "total_loss_w": 0.00012137228069831778
              },
              {
                "converged": false,
                "coupling_temperature_c": 35.34802349039861,
                "dielectric_mean_temperature_c": 35.34804525412744,
                "iteration": 7,
                "loss_relative_change": 2.9578670395726717e-7,
                "loss_tangent": 0.0002000696046980797,
                "max_conductivity_relative_change": 1.7493523612364114e-7,
                "max_temperature_c": 35.694965914300255,
                "relative_permittivity": 9.800341063020593,
                "temperature_residual_c": 0.00004344669359568343,
                "thermal_conductivity_updates": [
                  {
                    "conductivity_relative_change": 1.746103550498771e-7,
                    "conductivity_w_mk": 166.8839760887251,
                    "coupling_temperature_c": 35.694753959730114,
                    "element_id": "conductor_left",
                    "measured_mean_temperature_c": 35.69479740642371
                  },
                  {
                    "conductivity_relative_change": 1.7493523612364114e-7,
                    "conductivity_w_mk": 0.2498259882548007,
                    "coupling_temperature_c": 35.34802349039861,
                    "element_id": "dielectric_core",
                    "measured_mean_temperature_c": 35.34804525412744
                  },
                  {
                    "conductivity_relative_change": 2.195161534121323e-10,
                    "conductivity_w_mk": 159.99985969420723,
                    "coupling_temperature_c": 35.000730759337365,
                    "element_id": "substrate_right",
                    "measured_mean_temperature_c": 35.00073080485386
                  }
                ],
                "total_joule_loss_w": 0.00011248505775966531,
                "total_loss_w": 0.00012137229040408908
              },
              {
                "converged": false,
                "coupling_temperature_c": 35.34804090138167,
                "dielectric_mean_temperature_c": 35.34804523661067,
                "iteration": 8,
                "loss_relative_change": 5.8919200400743686e-8,
                "loss_tangent": 0.0002000696081802763,
                "max_conductivity_relative_change": 3.4846220806200815e-8,
                "max_temperature_c": 35.6949658793174,
                "relative_permittivity": 9.800341080083356,
                "temperature_residual_c": 8.654373544914051e-6,
                "thermal_conductivity_updates": [
                  {
                    "conductivity_relative_change": 3.47815196391726e-8,
                    "conductivity_w_mk": 166.8839702842468,
                    "coupling_temperature_c": 35.69478871708499,
                    "element_id": "conductor_left",
                    "measured_mean_temperature_c": 35.694797371458534
                  },
                  {
                    "conductivity_relative_change": 3.4846220806200815e-8,
                    "conductivity_w_mk": 0.24982597954930916,
                    "coupling_temperature_c": 35.34804090138167,
                    "element_id": "dielectric_core",
                    "measured_mean_temperature_c": 35.34804523661067
                  },
                  {
                    "conductivity_relative_change": 4.369592966712133e-11,
                    "conductivity_w_mk": 159.9998596872159,
                    "coupling_temperature_c": 35.00073079575056,
                    "element_id": "substrate_right",
                    "measured_mean_temperature_c": 35.00073080481084
                  }
                ],
                "total_joule_loss_w": 0.0001124850420476362,
                "total_loss_w": 0.0001213722923374302
              },
              {
                "converged": false,
                "coupling_temperature_c": 35.348044369564875,
                "dielectric_mean_temperature_c": 35.348045233119436,
                "iteration": 9,
                "loss_relative_change": 1.1736423635273341e-8,
                "loss_tangent": 0.000200069608873913,
                "max_conductivity_relative_change": 6.941198011794754e-9,
                "max_temperature_c": 35.69496587234504,
                "relative_permittivity": 9.800341083482174,
                "temperature_residual_c": 1.7239058607287916e-6,
                "thermal_conductivity_updates": [
                  {
                    "conductivity_relative_change": 6.928312517573497e-9,
                    "conductivity_w_mk": 166.8839691280225,
                    "coupling_temperature_c": 35.69479564058383,
                    "element_id": "conductor_left",
                    "measured_mean_temperature_c": 35.69479736448969
                  },
                  {
                    "conductivity_relative_change": 6.941198011794754e-9,
                    "conductivity_w_mk": 0.24982597781521756,
                    "coupling_temperature_c": 35.348044369564875,
                    "element_id": "dielectric_core",
                    "measured_mean_temperature_c": 35.348045233119436
                  },
                  {
                    "conductivity_relative_change": 8.697761255983745e-12,
                    "conductivity_w_mk": 159.99985968582425,
                    "coupling_temperature_c": 35.00073080299879,
                    "element_id": "substrate_right",
                    "measured_mean_temperature_c": 35.00073080480226
                  }
                ],
                "total_joule_loss_w": 0.0001124850389178757,
                "total_loss_w": 0.00012137229272254196
              },
              {
                "converged": false,
                "coupling_temperature_c": 35.34804506040852,
                "dielectric_mean_temperature_c": 35.34804523242529,
                "iteration": 10,
                "loss_relative_change": 2.337833089053729e-9,
                "loss_tangent": 0.00020006960901208172,
                "max_conductivity_relative_change": 1.3826497670452354e-9,
                "max_temperature_c": 35.694965870958754,
                "relative_permittivity": 9.8003410841592,
                "temperature_residual_c": 3.433955839682312e-7,
                "thermal_conductivity_updates": [
                  {
                    "conductivity_relative_change": 1.380083522833744e-9,
                    "conductivity_w_mk": 166.88396889770868,
                    "coupling_temperature_c": 35.69479701970852,
                    "element_id": "conductor_left",
                    "measured_mean_temperature_c": 35.6947973631041
                  },
                  {
                    "conductivity_relative_change": 1.3826497670452354e-9,
                    "conductivity_w_mk": 0.2498259774697957,
                    "coupling_temperature_c": 35.34804506040852,
                    "element_id": "dielectric_core",
                    "measured_mean_temperature_c": 35.34804523242529
                  },
                  {
                    "conductivity_relative_change": 1.7314165297526948e-12,
                    "conductivity_w_mk": 159.99985968554722,
                    "coupling_temperature_c": 35.00073080444157,
                    "element_id": "substrate_right",
                    "measured_mean_temperature_c": 35.00073080480056
                  }
                ],
                "total_joule_loss_w": 0.00011248503829444385,
                "total_loss_w": 0.00012137229279925444
              },
              {
                "converged": true,
                "coupling_temperature_c": 35.348045198021936,
                "dielectric_mean_temperature_c": 35.348045232290374,
                "iteration": 11,
                "loss_relative_change": 4.656866290831321e-10,
                "loss_tangent": 0.0002000696090396044,
                "max_conductivity_relative_change": 2.7541855745446666e-10,
                "max_temperature_c": 35.69496587068933,
                "relative_permittivity": 9.800341084294065,
                "temperature_residual_c": 6.840983246547695e-8,
                "thermal_conductivity_updates": [
                  {
                    "conductivity_relative_change": 2.7490758978390496e-10,
                    "conductivity_w_mk": 166.883968851831,
                    "coupling_temperature_c": 35.69479729442499,
                    "element_id": "conductor_left",
                    "measured_mean_temperature_c": 35.69479736283482
                  },
                  {
                    "conductivity_relative_change": 2.7541855745446666e-10,
                    "conductivity_w_mk": 0.24982597740098905,
                    "coupling_temperature_c": 35.348045198021936,
                    "element_id": "dielectric_core",
                    "measured_mean_temperature_c": 35.348045232290374
                  },
                  {
                    "conductivity_relative_change": 3.446135290577658e-13,
                    "conductivity_w_mk": 159.99985968549208,
                    "coupling_temperature_c": 35.00073080472876,
                    "element_id": "substrate_right",
                    "measured_mean_temperature_c": 35.00073080480022
                  }
                ],
                "total_joule_loss_w": 0.00011248503817025852,
                "total_loss_w": 0.00012137229281453552
              }
            ],
            "loss_relative_change_tolerance": 1e-9,
            "max_iterations": 12,
            "method": "relaxed_temperature_dependent_dielectric_and_conductivity_fixed_point",
            "parameter_source": "screening_sensitivity_not_material_card",
            "relaxation_factor": 0.8,
            "schema_version": "kyuubiki.composite-electrothermal-feedback-convergence/v1",
            "status": "pass",
            "temperature_residual_tolerance_c": 1e-7
          },
          "electrothermal_loss_projection": {
            "assumptions": [
              "The solved electrostatic field magnitude is interpreted as an RMS harmonic field.",
              "Relative permittivity and loss tangent are scalar, isotropic, and frequency-local screening values.",
              "Element dielectric loss is lumped consistently to its four thermal nodes."
            ],
            "distributed_total_heat_load_w": 0.00012137229281453552,
            "effective_conductivity_s_m": 1.090814525752058e-6,
            "electric_field_rms_v_m": 11118.931817192724,
            "energy_balance_relative_error": 0.0,
            "frequency_hz": 10000000.0,
            "loss_tangent": 0.0002000696090396044,
            "model": "harmonic_dielectric_loss_sigma_eff_e_rms_squared",
            "relative_permittivity": 9.800341084294065,
            "schema_version": "kyuubiki.composite-electrothermal-loss-projection/v1",
            "source_element_id": "dielectric_core",
            "source_volume_m3": 9e-7,
            "target_element_count": 1,
            "target_node_count": 4,
            "total_loss_w": 0.00012137229281453552,
            "volumetric_loss_w_m3": 134.8581031272617
          },
          "heat": {
            "elements": [
              {
                "area": 0.0009,
                "average_temperature": 35.69479736283482,
                "heat_flow_rate": 1.6872755725686651e-6,
                "heat_flux_magnitude": 1.8747506361874056,
                "heat_flux_x": 1.8747506361874056,
                "heat_flux_y": 1.8972510685197337e-11,
                "id": "conductor_left",
                "index": 0,
                "node_i": 0,
                "node_j": 1,
                "node_k": 5,
                "node_l": 4,
                "temperature_gradient_x": -0.011233856967123756,
                "temperature_gradient_y": -1.1368683772161605e-13
              },
              {
                "area": 0.0009,
                "average_temperature": 35.348045232290374,
                "heat_flow_rate": 5.195135537381362e-6,
                "heat_flux_magnitude": 5.772372819312626,
                "heat_flux_x": 5.772372819312626,
                "heat_flux_y": 2.8401925351430353e-14,
                "id": "dielectric_core",
                "index": 1,
                "node_i": 1,
                "node_j": 2,
                "node_k": 6,
                "node_l": 5,
                "temperature_gradient_x": -23.105574845995875,
                "temperature_gradient_y": -1.1368683772161605e-13
              },
              {
                "area": 0.0009,
                "average_temperature": 35.00073080480022,
                "heat_flow_rate": 7.015719929548762e-6,
                "heat_flux_magnitude": 7.795244366165291,
                "heat_flux_x": 7.795244366165291,
                "heat_flux_y": -0.0,
                "id": "substrate_right",
                "index": 2,
                "node_i": 2,
                "node_j": 3,
                "node_k": 7,
                "node_l": 6,
                "temperature_gradient_x": -0.048720320014581375,
                "temperature_gradient_y": 0.0
              }
            ],
            "input": {
              "elements": [
                {
                  "conductivity": 166.883968851831,
                  "id": "conductor_left",
                  "node_i": 0,
                  "node_j": 1,
                  "node_k": 5,
                  "node_l": 4,
                  "thickness": 0.001
                },
                {
                  "conductivity": 0.24982597740098905,
                  "id": "dielectric_core",
                  "node_i": 1,
                  "node_j": 2,
                  "node_k": 6,
                  "node_l": 5,
                  "thickness": 0.001
                },
                {
                  "conductivity": 159.99985968549208,
                  "id": "substrate_right",
                  "node_i": 2,
                  "node_j": 3,
                  "node_k": 7,
                  "node_l": 6,
                  "thickness": 0.001
                }
              ],
              "nodes": [
                {
                  "fix_temperature": false,
                  "heat_load": 0.00002812125954256463,
                  "id": "n0",
                  "temperature": 35.0,
                  "x": 0.0,
                  "y": 0.0
                },
                {
                  "fix_temperature": false,
                  "heat_load": 0.00005846433274619851,
                  "id": "n1",
                  "temperature": 35.0,
                  "x": 0.03,
                  "y": 0.0
                },
                {
                  "fix_temperature": false,
                  "heat_load": 0.00003034307320363388,
                  "id": "n2",
                  "temperature": 35.0,
                  "x": 0.06,
                  "y": 0.0
                },
                {
                  "fix_temperature": true,
                  "heat_load": 0.0,
                  "id": "n3",
                  "temperature": 35.0,
                  "x": 0.09,
                  "y": 0.0
                },
                {
                  "fix_temperature": false,
                  "heat_load": 0.00002812125954256463,
                  "id": "n4",
                  "temperature": 35.0,
                  "x": 0.0,
                  "y": 0.03
                },
                {
                  "fix_temperature": false,
                  "heat_load": 0.00005846433274619851,
                  "id": "n5",
                  "temperature": 35.0,
                  "x": 0.03,
                  "y": 0.03
                },
                {
                  "fix_temperature": false,
                  "heat_load": 0.00003034307320363388,
                  "id": "n6",
                  "temperature": 35.0,
                  "x": 0.06,
                  "y": 0.03
                },
                {
                  "fix_temperature": true,
                  "heat_load": 0.0,
                  "id": "n7",
                  "temperature": 35.0,
                  "x": 0.09,
                  "y": 0.03
                }
              ]
            },
            "max_heat_flux": 7.795244366165291,
            "max_temperature": 35.69496587068933,
            "nodes": [
              {
                "heat_load": 0.00002812125954256463,
                "id": "n0",
                "index": 0,
                "temperature": 35.69496587068933,
                "x": 0.0,
                "y": 0.0
              },
              {
                "heat_load": 0.00005846433274619851,
                "id": "n1",
                "index": 1,
                "temperature": 35.694628854980316,
                "x": 0.03,
                "y": 0.0
              },
              {
                "heat_load": 0.00003034307320363388,
                "id": "n2",
                "index": 2,
                "temperature": 35.00146160960044,
                "x": 0.06,
                "y": 0.0
              },
              {
                "heat_load": 0.0,
                "id": "n3",
                "index": 3,
                "temperature": 35.0,
                "x": 0.09,
                "y": 0.0
              },
              {
                "heat_load": 0.00002812125954256463,
                "id": "n4",
                "index": 4,
                "temperature": 35.69496587068933,
                "x": 0.0,
                "y": 0.03
              },
              {
                "heat_load": 0.00005846433274619851,
                "id": "n5",
                "index": 5,
                "temperature": 35.69462885498031,
                "x": 0.03,
                "y": 0.03
              },
              {
                "heat_load": 0.00003034307320363388,
                "id": "n6",
                "index": 6,
                "temperature": 35.00146160960044,
                "x": 0.06,
                "y": 0.03
              },
              {
                "heat_load": 0.0,
                "id": "n7",
                "index": 7,
                "temperature": 35.0,
                "x": 0.09,
                "y": 0.03
              }
            ],
            "total_abs_heat_flow_rate": 0.00001389813103949879
          },
          "heat_cross_validation": {
            "absolute_error_c": 7.425171588693047e-12,
            "conductivities_w_mk": [
              166.883968851831,
              0.24982597740098905,
              159.99985968549208
            ],
            "expected_max_temperature_c": 35.694965870681905,
            "fem_max_temperature_c": 35.69496587068933,
            "fixed_temperature_c": 35.0,
            "method": "layered_thermal_resistance_with_regional_generation_closed_form",
            "relative_error": 2.0801733262873687e-13,
            "relative_error_tolerance": 1e-9,
            "schema_version": "kyuubiki.composite-heat-cross-validation/v1",
            "status": "pass",
            "total_heat_load_w": 0.00023385733098479404
          },
          "heat_mesh_convergence": {
            "finest_pair_relative_change": 7.758548857930762e-12,
            "max_analytic_relative_error": 8.260378231669562e-12,
            "method": "structured_quad_h_refinement",
            "refinement_levels": [
              1,
              2,
              4,
              8
            ],
            "relative_error_tolerance": 1e-8,
            "samples": [
              {
                "analytic_relative_error": 2.0801733262873687e-13,
                "element_count": 3,
                "elements_per_layer": 1,
                "max_temperature_c": 35.69496587068933,
                "node_count": 8,
                "relative_change_from_previous": null
              },
              {
                "analytic_relative_error": 7.474689799243129e-13,
                "element_count": 6,
                "elements_per_layer": 2,
                "max_temperature_c": 35.694965870655224,
                "node_count": 14,
                "relative_change_from_previous": 9.554863125530497e-13
              },
              {
                "analytic_relative_error": 5.018293737387996e-13,
                "element_count": 12,
                "elements_per_layer": 4,
                "max_temperature_c": 35.69496587066399,
                "node_count": 26,
                "relative_change_from_previous": 2.4563960618551316e-13
              },
              {
                "analytic_relative_error": 8.260378231669562e-12,
                "element_count": 24,
                "elements_per_layer": 8,
                "max_temperature_c": 35.69496587038705,
                "node_count": 50,
                "relative_change_from_previous": 7.758548857930762e-12
              }
            ],
            "schema_version": "kyuubiki.composite-heat-mesh-convergence/v1",
            "status": "pass"
          },
          "heat_to_thermal_projection": {
            "mapped_node_count": 8,
            "maximum_coordinate_error_m": 0.0,
            "maximum_temperature_delta_c": 0.6949658706893302,
            "minimum_temperature_delta_c": 0.0,
            "reference_temperature_c": 35.0,
            "schema_version": "kyuubiki.composite-heat-to-thermal-projection/v1"
          },
          "joule_heating_projection": {
            "assumptions": [
              "Steady scalar electrical conductivity is solved on a two-dimensional quad mesh.",
              "Joule heating uses the solved local sigma times electric-field magnitude squared.",
              "Element Joule power integrates both triangular subcell fields before thermal projection.",
              "Recovered terminal currents gate current continuity and electrical input-power balance.",
              "Contact and terminal impedance models require explicit study-level heat mappings."
            ],
            "boundary_voltage_span_v": 0.000056399999999999995,
            "current_balance_relative_error": 0.0,
            "distributed_total_heat_load_w": 0.00011248503817025854,
            "electrical_power_balance_relative_error": 0.0,
            "energy_balance_relative_error": 2.4096586313204715e-16,
            "free_current_residual_relative_error": 0.0,
            "max_current_density_a_m2": 66480.51901315515,
            "max_free_current_residual_a": 0.0,
            "model": "solved_steady_current_density_sigma_e_squared",
            "parameter_source": "screening_reference_not_material_card",
            "regions": [
              {
                "coupling_temperature_c": 35.69479729442499,
                "current_density_magnitude_a_m2": 66480.51901315515,
                "distributed_heat_load_w": 0.00011248503817025852,
                "electric_field_magnitude_v_m": 0.00188,
                "electrical_conductivity_s_m": 35361978.19848678,
                "element_id": "conductor_left",
                "energy_balance_relative_error": 0.0,
                "joule_power_w": 0.00011248503817025852,
                "peak_current_density_magnitude_a_m2": 66480.51901315515,
                "peak_electric_field_magnitude_v_m": 0.00188,
                "rms_current_density_magnitude_a_m2": 66480.51901315515,
                "rms_electric_field_magnitude_v_m": 0.00188,
                "source_volume_m3": 9e-7,
                "volumetric_joule_heating_w_m3": 124.98337574473167
              }
            ],
            "schema_version": "kyuubiki.composite-current-to-heat-projection/v2",
            "source_power_balance_relative_error": 0.0,
            "status": "pass",
            "total_dissipated_power_w": 0.00011248503817025852,
            "total_electrical_input_power_w": 0.00011248503817025852,
            "total_extracted_current_a": 1.994415570394655,
            "total_injected_current_a": 1.994415570394655,
            "total_joule_loss_w": 0.00011248503817025852,
            "total_source_power_w": 0.00011248503817025852
          },
          "research": {
            "candidate_id": "aluminum_alumina_aluminum",
            "candidate_label": "Aluminum / Alumina / Aluminum",
            "coupling": "iterative_dielectric_and_conductor_joule_heating_with_temperature_dependent_electrical_thermal_feedback_and_expansion_projection",
            "materials": {
              "conductor": "aluminum",
              "dielectric": "alumina_96",
              "substrate": "aluminum_6061"
            },
            "study": "material.composite_thermo_electric_panel.v1"
          },
          "schema_version": "kyuubiki.composite-thermo-electric-panel-result/v1",
          "thermal": {
            "elements": [
              {
                "area": 0.0009,
                "average_temperature_delta": 0.6947973628348212,
                "gamma_xy": 2.987041100885934e-21,
                "id": "conductor_left",
                "index": 0,
                "max_in_plane_shear": 206602.0506914309,
                "mechanical_strain_x": 1.2020482949319592e-6,
                "mechanical_strain_y": -3.7564009216623823e-6,
                "node_i": 0,
                "node_j": 1,
                "node_k": 5,
                "node_l": 4,
                "principal_stress_1": -4.074536263942718e-10,
                "principal_stress_2": -413204.1013828622,
                "strain_energy_density": 2.553918783875281,
                "stress_x": -4.0264088359739014e-10,
                "stress_y": -413204.1013828622,
                "tau_xy": 1.2631870857957336e-10,
                "thermal_strain": 0.000011813196495668324,
                "total_strain_x": 0.000013015244790600284,
                "total_strain_y": 8.056795574005943e-6,
                "von_mises": 413204.101382862
              },
              {
                "area": 0.0009,
                "average_temperature_delta": 0.34804523229037615,
                "gamma_xy": 1.6290862619447128e-19,
                "id": "dielectric_core",
                "index": 1,
                "max_in_plane_shear": 9361.239725145138,
                "mechanical_strain_x": 2.3964773696370783e-6,
                "mechanical_strain_y": -7.488991780116191e-6,
                "node_i": 1,
                "node_j": 2,
                "node_k": 6,
                "node_l": 5,
                "principal_stress_1": -2.9103830456733704e-10,
                "principal_stress_2": -18722.479450290568,
                "strain_energy_density": 0.25581488815436465,
                "stress_x": -2.901382837687076e-10,
                "stress_y": -18722.479450290568,
                "tau_xy": 1.541976423090495e-10,
                "thermal_strain": 0.000015666396330480853,
                "total_strain_x": 0.00001806287370011793,
                "total_strain_y": 8.17740455036466e-6,
                "von_mises": 18722.479450290422
              },
              {
                "area": 0.0009,
                "average_temperature_delta": 0.0007308048002201416,
                "gamma_xy": -1.6227675211543773e-21,
                "id": "substrate_right",
                "index": 2,
                "max_in_plane_shear": 2369.292124855341,
                "mechanical_strain_x": -2.2007938460193855e-8,
                "mechanical_strain_y": 6.877480768810948e-8,
                "node_i": 2,
                "node_j": 3,
                "node_k": 7,
                "node_l": 6,
                "principal_stress_1": 4738.584249710772,
                "principal_stress_2": 9.00399754755199e-11,
                "strain_energy_density": 0.0004954975837120912,
                "stress_x": 9.005142310848492e-11,
                "stress_y": 4738.584249710772,
                "tau_xy": -4.218847493575595e-11,
                "thermal_strain": 1.724699706645099e-8,
                "total_strain_x": -4.760941393742865e-9,
                "total_strain_y": 8.602180475456047e-8,
                "von_mises": 4738.584249710727
              }
            ],
            "input": {
              "elements": [
                {
                  "id": "conductor_left",
                  "node_i": 0,
                  "node_j": 1,
                  "node_k": 5,
                  "node_l": 4,
                  "poisson_ratio": 0.32,
                  "thermal_expansion": 0.000017002362311033637,
                  "thickness": 0.001,
                  "youngs_modulus": 110000000000.0
                },
                {
                  "id": "dielectric_core",
                  "node_i": 1,
                  "node_j": 2,
                  "node_k": 6,
                  "node_l": 5,
                  "poisson_ratio": 0.32,
                  "thermal_expansion": 0.000045012529628362456,
                  "thickness": 0.001,
                  "youngs_modulus": 2500000000.0
                },
                {
                  "id": "substrate_right",
                  "node_i": 2,
                  "node_j": 3,
                  "node_k": 7,
                  "node_l": 6,
                  "poisson_ratio": 0.32,
                  "thermal_expansion": 0.000023600005174097988,
                  "thickness": 0.001,
                  "youngs_modulus": 68900000000.0
                }
              ],
              "nodes": [
                {
                  "fix_x": true,
                  "fix_y": true,
                  "id": "n0",
                  "load_x": 0.0,
                  "load_y": 0.0,
                  "temperature_delta": 0.6949658706893302,
                  "x": 0.0,
                  "y": 0.0
                },
                {
                  "fix_x": false,
                  "fix_y": false,
                  "id": "n1",
                  "load_x": 0.0,
                  "load_y": 0.0,
                  "temperature_delta": 0.6946288549803157,
                  "x": 0.03,
                  "y": 0.0
                },
                {
                  "fix_x": false,
                  "fix_y": false,
                  "id": "n2",
                  "load_x": 0.0,
                  "load_y": 0.0,
                  "temperature_delta": 0.0014616096004402834,
                  "x": 0.06,
                  "y": 0.0
                },
                {
                  "fix_x": false,
                  "fix_y": false,
                  "id": "n3",
                  "load_x": 0.0,
                  "load_y": 0.0,
                  "temperature_delta": 0.0,
                  "x": 0.09,
                  "y": 0.0
                },
                {
                  "fix_x": true,
                  "fix_y": true,
                  "id": "n4",
                  "load_x": 0.0,
                  "load_y": 0.0,
                  "temperature_delta": 0.6949658706893302,
                  "x": 0.0,
                  "y": 0.03
                },
                {
                  "fix_x": false,
                  "fix_y": false,
                  "id": "n5",
                  "load_x": 0.0,
                  "load_y": 0.0,
                  "temperature_delta": 0.6946288549803086,
                  "x": 0.03,
                  "y": 0.03
                },
                {
                  "fix_x": false,
                  "fix_y": false,
                  "id": "n6",
                  "load_x": 0.0,
                  "load_y": 0.0,
                  "temperature_delta": 0.0014616096004402834,
                  "x": 0.06,
                  "y": 0.03
                },
                {
                  "fix_x": false,
                  "fix_y": false,
                  "id": "n7",
                  "load_x": 0.0,
                  "load_y": 0.0,
                  "temperature_delta": 0.0,
                  "x": 0.09,
                  "y": 0.03
                }
              ]
            },
            "max_displacement": 9.323505756438808e-7,
            "max_strain_energy_density": 2.553918783875281,
            "max_stress": 413204.101382862,
            "max_temperature_delta": 0.6949658706893302,
            "nodes": [
              {
                "displacement_magnitude": 0.0,
                "id": "n0",
                "index": 0,
                "temperature_delta": 0.6949658706893302,
                "ux": 0.0,
                "uy": 0.0,
                "x": 0.0,
                "y": 0.0
              },
              {
                "displacement_magnitude": 4.592142165618491e-7,
                "id": "n1",
                "index": 1,
                "temperature_delta": 0.6946288549803157,
                "ux": 3.904573437180094e-7,
                "uy": -2.417038672201774e-7,
                "x": 0.03,
                "y": 0.0
              },
              {
                "displacement_magnitude": 9.323505756438808e-7,
                "id": "n2",
                "index": 2,
                "temperature_delta": 0.0014616096004402834,
                "ux": 9.3234355472155e-7,
                "uy": -3.6182692907514862e-9,
                "x": 0.06,
                "y": 0.0
              },
              {
                "displacement_magnitude": 9.322013039545406e-7,
                "id": "n3",
                "index": 3,
                "temperature_delta": 0.0,
                "ux": 9.322007264797374e-7,
                "uy": 1.0376151481414204e-9,
                "x": 0.09,
                "y": 0.0
              },
              {
                "displacement_magnitude": 0.0,
                "id": "n4",
                "index": 4,
                "temperature_delta": 0.6949658706893302,
                "ux": 0.0,
                "uy": 0.0,
                "x": 0.0,
                "y": 0.03
              },
              {
                "displacement_magnitude": 4.592142165618487e-7,
                "id": "n5",
                "index": 5,
                "temperature_delta": 0.6946288549803086,
                "ux": 3.904573437180077e-7,
                "uy": 2.4170386722017917e-7,
                "x": 0.03,
                "y": 0.03
              },
              {
                "displacement_magnitude": 9.32350575643874e-7,
                "id": "n6",
                "index": 6,
                "temperature_delta": 0.0014616096004402834,
                "ux": 9.32343554721543e-7,
                "uy": 3.6182692907715652e-9,
                "x": 0.06,
                "y": 0.03
              },
              {
                "displacement_magnitude": 9.32201303954534e-7,
                "id": "n7",
                "index": 7,
                "temperature_delta": 0.0,
                "ux": 9.322007264797308e-7,
                "uy": -1.037615148108002e-9,
                "x": 0.09,
                "y": 0.03
              }
            ],
            "total_strain_energy": 2.529206252652022e-6
          },
          "thermal_constraint_regularized_mesh_convergence": {
            "algebraic_validation": {
              "max_relative_residual": null,
              "method": "original_system_recomputed_l2_residual_over_max_rhs_l2_or_one",
              "qualification_effect": "algebraic_gate_does_not_override_discretization_gates",
              "relative_residual_tolerance": 1e-10,
              "required_series": [
                "uniform_full_edge_clamp",
                "uniform_regularized_restraint",
                "interface_graded_full_edge_clamp"
              ],
              "schema_version": "kyuubiki.composite-thermal-algebraic-validation/v1",
              "series": [],
              "status": "missing"
            },
            "convergence_tolerance": 0.02,
            "diagnostic_metrics": [
              "max_von_mises_stress_pa"
            ],
            "finest_pair_displacement_relative_change": 0.0019404008485950056,
            "finest_pair_peak_stress_relative_change": 0.30933095446565145,
            "finest_pair_strain_energy_relative_change": 0.22515408755798777,
            "method": "structured_quad_h_refinement_preserving_piecewise_linear_temperature_roller_edge_with_vertical_anchor",
            "pass_metrics": [
              "max_displacement_m",
              "total_strain_energy_j"
            ],
            "refinement_levels": [
              1,
              2,
              4,
              8
            ],
            "regime_assessment": {
              "diagnosis": "pass_metrics_lack_qualified_discretization_uncertainty",
              "gci_safety_factor": 1.25,
              "method": "four_level_constant_ratio_observed_order_and_fine_grid_gci",
              "metrics": [
                {
                  "coarse_triplet_observed_order": 0.5646302604260048,
                  "fine_grid_gci": null,
                  "fine_triplet_observed_order": 4.046243941250096,
                  "metric": "max_displacement_m",
                  "observed_order_relative_difference": 0.8604557044448583,
                  "qualification_role": "pass_metric",
                  "regime": "oscillatory",
                  "richardson_extrapolated_value": null,
                  "unit": "m"
                },
                {
                  "coarse_triplet_observed_order": 1.697121992612158,
                  "fine_grid_gci": 0.16642120328371382,
                  "fine_triplet_observed_order": 1.6701869227884574,
                  "metric": "total_strain_energy_j",
                  "observed_order_relative_difference": 0.01587102750477184,
                  "qualification_role": "pass_metric",
                  "regime": "asymptotic_converging",
                  "richardson_extrapolated_value": 4.8000850001956295e-8,
                  "unit": "J"
                },
                {
                  "coarse_triplet_observed_order": -6.9337698713735545,
                  "fine_grid_gci": null,
                  "fine_triplet_observed_order": -0.6938217262073724,
                  "metric": "max_von_mises_stress_pa",
                  "observed_order_relative_difference": 0.8999358589802853,
                  "qualification_role": "diagnostic_metric",
                  "regime": "monotonic_diverging",
                  "richardson_extrapolated_value": null,
                  "unit": "Pa"
                }
              ],
              "order_consistency_tolerance": 0.25,
              "qualification_effect": "gci_gates_require_asymptotic_pass_metric_evidence",
              "qualification_tolerance": 0.02,
              "refinement_ratio": 2.0,
              "schema_version": "kyuubiki.composite-thermal-convergence-regime/v1",
              "status": "fail"
            },
            "samples": [
              {
                "displacement_relative_change": null,
                "element_count": 3,
                "elements_per_original_element": 1,
                "max_displacement_m": 9.302825769455844e-7,
                "max_von_mises_stress_pa": 23438.448227804944,
                "node_count": 8,
                "peak_stress_relative_change": null,
                "strain_energy_relative_change": null,
                "total_strain_energy_j": 2.887157597426906e-7
              },
              {
                "displacement_relative_change": 0.04678593928781059,
                "element_count": 12,
                "elements_per_original_element": 2,
                "max_displacement_m": 8.867584327801002e-7,
                "max_von_mises_stress_pa": 23512.08598649974,
                "node_count": 21,
                "peak_stress_relative_change": 0.0031319109132672495,
                "strain_energy_relative_change": 0.5751133243822576,
                "total_strain_energy_j": 1.2267147935552264e-7
              },
              {
                "displacement_relative_change": 0.03212001770585431,
                "element_count": 48,
                "elements_per_original_element": 4,
                "max_displacement_m": 9.161863547154216e-7,
                "max_von_mises_stress_pa": 32514.79629993892,
                "node_count": 65,
                "peak_stress_relative_change": 0.27688041562345855,
                "strain_energy_relative_change": 0.41744156659103504,
                "total_strain_energy_j": 7.146330483731347e-8
              },
              {
                "displacement_relative_change": 0.0019404008485950056,
                "element_count": 192,
                "elements_per_original_element": 8,
                "max_displacement_m": 9.179675797862216e-7,
                "max_von_mises_stress_pa": 47077.245621719245,
                "node_count": 225,
                "peak_stress_relative_change": 0.30933095446565145,
                "strain_energy_relative_change": 0.22515408755798777,
                "total_strain_energy_j": 5.537304964278981e-8
              }
            ],
            "schema_version": "kyuubiki.composite-thermal-mesh-convergence/v1",
            "status": "fail"
          },
          "thermal_constraint_sensitivity": {
            "alternative_restraint": "roller_edge_with_vertical_anchor",
            "alternative_status": "fail",
            "diagnosis": "mixed_restraint_sensitivity_and_persistent_energy_nonconvergence",
            "displacement_change_ratio_alternative_to_primary": 0.7546160575327052,
            "peak_stress_change_ratio_alternative_to_primary": 1.1913064202405423,
            "primary_restraint": "full_edge_clamp",
            "primary_status": "fail",
            "qualification_effect": "diagnostic_only_does_not_override_primary_quality_gates",
            "schema_version": "kyuubiki.composite-thermal-constraint-sensitivity/v1",
            "strain_energy_change_ratio_alternative_to_primary": 1.7078955031967726
          },
          "thermal_expansion_projection": {
            "coverage_fraction": 1.0,
            "declared_region_count": 3,
            "max_relative_change": 0.00027843618583230334,
            "model": "regional_linear_temperature_dependent_thermal_expansion",
            "parameter_source": "screening_sensitivity_not_material_card",
            "schema_version": "kyuubiki.composite-thermal-expansion-projection/v1",
            "status": "pass",
            "updated_region_count": 3,
            "updates": [
              {
                "adjusted_thermal_expansion_1_k": 0.000017002362311033637,
                "element_id": "conductor_left",
                "mean_temperature_c": 35.69479736283482,
                "reference_thermal_expansion_1_k": 0.000017,
                "relative_change": 0.00013895947256687593
              },
              {
                "adjusted_thermal_expansion_1_k": 0.000045012529628362456,
                "element_id": "dielectric_core",
                "mean_temperature_c": 35.348045232290374,
                "reference_thermal_expansion_1_k": 0.000045,
                "relative_change": 0.00027843618583230334
              },
              {
                "adjusted_thermal_expansion_1_k": 0.000023600005174097988,
                "element_id": "substrate_right",
                "mean_temperature_c": 35.00073080480022,
                "reference_thermal_expansion_1_k": 0.0000236,
                "relative_change": 2.19241440119114e-7
              }
            ]
          },
          "thermal_interface_grading_assessment": {
            "diagnosis": "graded_mesh_did_not_resolve_nonconvergence",
            "displacement_change_ratio_graded_to_uniform": 1.7708158150044409,
            "graded_mesh_convergence": {
              "algebraic_validation": {
                "max_relative_residual": null,
                "method": "original_system_recomputed_l2_residual_over_max_rhs_l2_or_one",
                "qualification_effect": "algebraic_gate_does_not_override_discretization_gates",
                "relative_residual_tolerance": 1e-10,
                "required_series": [
                  "uniform_full_edge_clamp",
                  "uniform_regularized_restraint",
                  "interface_graded_full_edge_clamp"
                ],
                "schema_version": "kyuubiki.composite-thermal-algebraic-validation/v1",
                "series": [],
                "status": "missing"
              },
              "convergence_tolerance": 0.02,
              "diagnostic_metrics": [
                "max_von_mises_stress_pa"
              ],
              "finest_pair_displacement_relative_change": 0.004553431477955466,
              "finest_pair_peak_stress_relative_change": 0.41487817789683695,
              "finest_pair_strain_energy_relative_change": 0.11925843944658196,
              "method": "cosine_graded_quad_h_refinement_at_clamp_interfaces_and_free_edges",
              "pass_metrics": [
                "max_displacement_m",
                "total_strain_energy_j"
              ],
              "refinement_levels": [
                1,
                2,
                4,
                8
              ],
              "regime_assessment": {
                "diagnosis": "pass_metrics_lack_qualified_discretization_uncertainty",
                "gci_safety_factor": 1.25,
                "method": "four_level_constant_ratio_observed_order_and_fine_grid_gci",
                "metrics": [
                  {
                    "coarse_triplet_observed_order": 1.8843124933980413,
                    "fine_grid_gci": null,
                    "fine_triplet_observed_order": 1.409873866048654,
                    "metric": "max_displacement_m",
                    "observed_order_relative_difference": 0.2517834111972674,
                    "qualification_role": "pass_metric",
                    "regime": "oscillatory",
                    "richardson_extrapolated_value": null,
                    "unit": "m"
                  },
                  {
                    "coarse_triplet_observed_order": 0.8547483554359843,
                    "fine_grid_gci": null,
                    "fine_triplet_observed_order": 1.773169518798017,
                    "metric": "total_strain_energy_j",
                    "observed_order_relative_difference": 0.5179545179552857,
                    "qualification_role": "pass_metric",
                    "regime": "monotonic_pre_asymptotic",
                    "richardson_extrapolated_value": null,
                    "unit": "J"
                  },
                  {
                    "coarse_triplet_observed_order": -1.05884434210828,
                    "fine_grid_gci": null,
                    "fine_triplet_observed_order": -0.5965907818289884,
                    "metric": "max_von_mises_stress_pa",
                    "observed_order_relative_difference": 0.4365642256338566,
                    "qualification_role": "diagnostic_metric",
                    "regime": "monotonic_diverging",
                    "richardson_extrapolated_value": null,
                    "unit": "Pa"
                  }
                ],
                "order_consistency_tolerance": 0.25,
                "qualification_effect": "gci_gates_require_asymptotic_pass_metric_evidence",
                "qualification_tolerance": 0.02,
                "refinement_ratio": 2.0,
                "schema_version": "kyuubiki.composite-thermal-convergence-regime/v1",
                "status": "fail"
              },
              "samples": [
                {
                  "displacement_relative_change": null,
                  "element_count": 3,
                  "elements_per_original_element": 1,
                  "max_displacement_m": 9.323505756438808e-7,
                  "max_von_mises_stress_pa": 413204.101382862,
                  "node_count": 8,
                  "peak_stress_relative_change": null,
                  "strain_energy_relative_change": null,
                  "total_strain_energy_j": 2.529206252652022e-6
                },
                {
                  "displacement_relative_change": 0.04325826052830563,
                  "element_count": 12,
                  "elements_per_original_element": 2,
                  "max_displacement_m": 8.920187115389621e-7,
                  "max_von_mises_stress_pa": 717123.4627459061,
                  "node_count": 21,
                  "peak_stress_relative_change": 0.4238033994862192,
                  "strain_energy_relative_change": 0.34370287209911554,
                  "total_strain_energy_j": 1.6599107994844807e-6
                },
                {
                  "displacement_relative_change": 0.012099101757076958,
                  "element_count": 48,
                  "elements_per_original_element": 4,
                  "max_displacement_m": 9.029435170324304e-7,
                  "max_von_mises_stress_pa": 1350267.1420614608,
                  "node_count": 65,
                  "peak_stress_relative_change": 0.468902530168164,
                  "strain_energy_relative_change": 0.2895861345081199,
                  "total_strain_energy_j": 1.179223647433487e-6
                },
                {
                  "displacement_relative_change": 0.004553431477955466,
                  "element_count": 192,
                  "elements_per_original_element": 8,
                  "max_displacement_m": 8.988320255991591e-7,
                  "max_von_mises_stress_pa": 2307668.4052016004,
                  "node_count": 225,
                  "peak_stress_relative_change": 0.41487817789683695,
                  "strain_energy_relative_change": 0.11925843944658196,
                  "total_strain_energy_j": 1.038591275482063e-6
                }
              ],
              "schema_version": "kyuubiki.composite-thermal-mesh-convergence/v1",
              "status": "fail"
            },
            "graded_stress_recovery": {
              "convergence_tolerance": 0.02,
              "diagnostic_metrics": [
                "max_stress_pa",
                "max_to_p95_ratio"
              ],
              "finest_pair_max_relative_change": 0.41487817789683695,
              "finest_pair_p95_relative_change": 0.3405295432358937,
              "finest_pair_rms_relative_change": 0.009217549996697084,
              "method": "interface_graded_mesh_element_area_weighted_von_mises_p95_and_rms",
              "pass_metrics": [
                "area_weighted_rms_stress_pa",
                "area_weighted_p95_stress_pa"
              ],
              "refinement_levels": [
                1,
                2,
                4,
                8
              ],
              "samples": [
                {
                  "element_count": 3,
                  "elements_per_original_element": 1,
                  "max_relative_change": null,
                  "p95_relative_change": null,
                  "rms_relative_change": null,
                  "statistics": {
                    "area_weighted_mean_stress_pa": 145555.05502762104,
                    "area_weighted_p95_stress_pa": 413204.101382862,
                    "area_weighted_rms_stress_pa": 238823.93432336763,
                    "max_stress_pa": 413204.101382862,
                    "max_to_p95_ratio": 1.0
                  }
                },
                {
                  "element_count": 12,
                  "elements_per_original_element": 2,
                  "max_relative_change": 0.4238033994862192,
                  "p95_relative_change": 0.4238033994862192,
                  "rms_relative_change": 0.1967706608981464,
                  "statistics": {
                    "area_weighted_mean_stress_pa": 147350.0292703711,
                    "area_weighted_p95_stress_pa": 717123.4627459061,
                    "area_weighted_rms_stress_pa": 297329.6948918888,
                    "max_stress_pa": 717123.4627459061,
                    "max_to_p95_ratio": 1.0
                  }
                },
                {
                  "element_count": 48,
                  "elements_per_original_element": 4,
                  "max_relative_change": 0.468902530168164,
                  "p95_relative_change": 0.5157434468245814,
                  "rms_relative_change": 0.04086001124176497,
                  "statistics": {
                    "area_weighted_mean_stress_pa": 111866.01739209628,
                    "area_weighted_p95_stress_pa": 347271.7362705532,
                    "area_weighted_rms_stress_pa": 285180.8002160957,
                    "max_stress_pa": 1350267.1420614608,
                    "max_to_p95_ratio": 3.888214907905698
                  }
                },
                {
                  "element_count": 192,
                  "elements_per_original_element": 8,
                  "max_relative_change": 0.41487817789683695,
                  "p95_relative_change": 0.3405295432358937,
                  "rms_relative_change": 0.009217549996697084,
                  "statistics": {
                    "area_weighted_mean_stress_pa": 104457.34129708727,
                    "area_weighted_p95_stress_pa": 526591.8021173356,
                    "area_weighted_rms_stress_pa": 282552.13193200575,
                    "max_stress_pa": 2307668.4052016004,
                    "max_to_p95_ratio": 4.38227180127541
                  }
                }
              ],
              "schema_version": "kyuubiki.composite-thermal-stress-recovery/v1",
              "status": "fail"
            },
            "max_change_ratio_graded_to_uniform": 1.5977936569587043,
            "p95_change_ratio_graded_to_uniform": 1.1439503953151058,
            "qualification_effect": "diagnostic_only_does_not_override_uniform_mesh_gates",
            "rms_change_ratio_graded_to_uniform": 0.57118768530713,
            "schema_version": "kyuubiki.composite-thermal-interface-grading-assessment/v1",
            "strain_energy_change_ratio_graded_to_uniform": 0.904629157117232
          },
          "thermal_mesh_convergence": {
            "algebraic_validation": {
              "max_relative_residual": 2.4100022597729174e-14,
              "method": "original_system_recomputed_l2_residual_over_max_rhs_l2_or_one",
              "qualification_effect": "algebraic_gate_does_not_override_discretization_gates",
              "relative_residual_tolerance": 1e-10,
              "required_series": [
                "uniform_full_edge_clamp",
                "uniform_regularized_restraint",
                "interface_graded_full_edge_clamp"
              ],
              "schema_version": "kyuubiki.composite-thermal-algebraic-validation/v1",
              "series": [
                {
                  "label": "uniform_full_edge_clamp",
                  "max_relative_residual": 1.4385285495941016e-14,
                  "samples": [
                    {
                      "element_count": 3,
                      "elements_per_original_element": 1,
                      "matrix_non_zero_count": 112,
                      "node_count": 8,
                      "relative_residual": 2.7630837605095673e-16,
                      "residual_norm": 1.593388301349951e-14,
                      "rhs_norm": 57.667028561454075,
                      "solver_iterations": 0
                    },
                    {
                      "element_count": 12,
                      "elements_per_original_element": 2,
                      "matrix_non_zero_count": 439,
                      "node_count": 21,
                      "relative_residual": 7.493280897449802e-16,
                      "residual_norm": 4.2537295224536763e-14,
                      "rhs_norm": 56.76725029621341,
                      "solver_iterations": 0
                    },
                    {
                      "element_count": 48,
                      "elements_per_original_element": 4,
                      "matrix_non_zero_count": 1747,
                      "node_count": 65,
                      "relative_residual": 4.002246744062191e-15,
                      "residual_norm": 1.7869823240133537e-13,
                      "rhs_norm": 44.64947911231496,
                      "solver_iterations": 0
                    },
                    {
                      "element_count": 192,
                      "elements_per_original_element": 8,
                      "matrix_non_zero_count": 6925,
                      "node_count": 225,
                      "relative_residual": 1.4385285495941016e-14,
                      "residual_norm": 4.75235536929939e-13,
                      "rhs_norm": 33.03622559761032,
                      "solver_iterations": 0
                    }
                  ],
                  "solver_path": "dense_direct",
                  "status": "pass"
                },
                {
                  "label": "uniform_regularized_restraint",
                  "max_relative_residual": 1.6776060832966644e-14,
                  "samples": [
                    {
                      "element_count": 3,
                      "elements_per_original_element": 1,
                      "matrix_non_zero_count": 121,
                      "node_count": 8,
                      "relative_residual": 1.5064207205578694e-16,
                      "residual_norm": 9.701238756281704e-15,
                      "rhs_norm": 64.39926525100549,
                      "solver_iterations": 0
                    },
                    {
                      "element_count": 12,
                      "elements_per_original_element": 2,
                      "matrix_non_zero_count": 462,
                      "node_count": 21,
                      "relative_residual": 8.173451351499837e-16,
                      "residual_norm": 4.7854833268557793e-14,
                      "rhs_norm": 58.54911372265816,
                      "solver_iterations": 0
                    },
                    {
                      "element_count": 48,
                      "elements_per_original_element": 4,
                      "matrix_non_zero_count": 1799,
                      "node_count": 65,
                      "relative_residual": 4.618311015459538e-15,
                      "residual_norm": 2.0884519387440967e-13,
                      "rhs_norm": 45.2211194038929,
                      "solver_iterations": 0
                    },
                    {
                      "element_count": 192,
                      "elements_per_original_element": 8,
                      "matrix_non_zero_count": 7030,
                      "node_count": 225,
                      "relative_residual": 1.6776060832966644e-14,
                      "residual_norm": 5.574693179600208e-13,
                      "rhs_norm": 33.23004866938355,
                      "solver_iterations": 0
                    }
                  ],
                  "solver_path": "dense_direct",
                  "status": "pass"
                },
                {
                  "label": "interface_graded_full_edge_clamp",
                  "max_relative_residual": 2.4100022597729174e-14,
                  "samples": [
                    {
                      "element_count": 3,
                      "elements_per_original_element": 1,
                      "matrix_non_zero_count": 112,
                      "node_count": 8,
                      "relative_residual": 2.7630837605095673e-16,
                      "residual_norm": 1.593388301349951e-14,
                      "rhs_norm": 57.667028561454075,
                      "solver_iterations": 0
                    },
                    {
                      "element_count": 12,
                      "elements_per_original_element": 2,
                      "matrix_non_zero_count": 444,
                      "node_count": 21,
                      "relative_residual": 6.459112118135155e-16,
                      "residual_norm": 3.666660343014836e-14,
                      "rhs_norm": 56.76725029621342,
                      "solver_iterations": 0
                    },
                    {
                      "element_count": 48,
                      "elements_per_original_element": 4,
                      "matrix_non_zero_count": 1748,
                      "node_count": 65,
                      "relative_residual": 5.239408860255168e-15,
                      "residual_norm": 2.5927626807839265e-13,
                      "rhs_norm": 49.485786468240136,
                      "solver_iterations": 0
                    },
                    {
                      "element_count": 192,
                      "elements_per_original_element": 8,
                      "matrix_non_zero_count": 6948,
                      "node_count": 225,
                      "relative_residual": 2.4100022597729174e-14,
                      "residual_norm": 9.000286691599592e-13,
                      "rhs_norm": 37.34555291432649,
                      "solver_iterations": 0
                    }
                  ],
                  "solver_path": "dense_direct",
                  "status": "pass"
                }
              ],
              "status": "pass"
            },
            "convergence_tolerance": 0.02,
            "diagnostic_metrics": [
              "max_von_mises_stress_pa"
            ],
            "finest_pair_displacement_relative_change": 0.002571374978342424,
            "finest_pair_peak_stress_relative_change": 0.2596569188330178,
            "finest_pair_strain_energy_relative_change": 0.13183130181943395,
            "method": "structured_quad_h_refinement_preserving_piecewise_linear_temperature_full_edge_clamp",
            "pass_metrics": [
              "max_displacement_m",
              "total_strain_energy_j"
            ],
            "refinement_levels": [
              1,
              2,
              4,
              8
            ],
            "regime_assessment": {
              "diagnosis": "pass_metrics_lack_qualified_discretization_uncertainty",
              "gci_safety_factor": 1.25,
              "method": "four_level_constant_ratio_observed_order_and_fine_grid_gci",
              "metrics": [
                {
                  "coarse_triplet_observed_order": 3.76985100984594,
                  "fine_grid_gci": null,
                  "fine_triplet_observed_order": 0.35782269173837206,
                  "metric": "max_displacement_m",
                  "observed_order_relative_difference": 0.9050830680565822,
                  "qualification_role": "pass_metric",
                  "regime": "oscillatory",
                  "richardson_extrapolated_value": null,
                  "unit": "m"
                },
                {
                  "coarse_triplet_observed_order": 1.0831885888033232,
                  "fine_grid_gci": 0.1273416243217751,
                  "fine_triplet_observed_order": 1.31647927820704,
                  "metric": "total_strain_energy_j",
                  "observed_order_relative_difference": 0.17720802238637867,
                  "qualification_role": "pass_metric",
                  "regime": "asymptotic_converging",
                  "richardson_extrapolated_value": 9.743580797406206e-7,
                  "unit": "J"
                },
                {
                  "coarse_triplet_observed_order": 0.04112438201790648,
                  "fine_grid_gci": null,
                  "fine_triplet_observed_order": -0.26570110191609536,
                  "metric": "max_von_mises_stress_pa",
                  "observed_order_relative_difference": 1.1547768591147691,
                  "qualification_role": "diagnostic_metric",
                  "regime": "monotonic_diverging",
                  "richardson_extrapolated_value": null,
                  "unit": "Pa"
                }
              ],
              "order_consistency_tolerance": 0.25,
              "qualification_effect": "gci_gates_require_asymptotic_pass_metric_evidence",
              "qualification_tolerance": 0.02,
              "refinement_ratio": 2.0,
              "schema_version": "kyuubiki.composite-thermal-convergence-regime/v1",
              "status": "fail"
            },
            "samples": [
              {
                "displacement_relative_change": null,
                "element_count": 3,
                "elements_per_original_element": 1,
                "max_displacement_m": 9.323505756438808e-7,
                "max_von_mises_stress_pa": 413204.101382862,
                "node_count": 8,
                "peak_stress_relative_change": null,
                "strain_energy_relative_change": null,
                "total_strain_energy_j": 2.529206252652022e-6
              },
              {
                "displacement_relative_change": 0.04325826052827099,
                "element_count": 12,
                "elements_per_original_element": 2,
                "max_displacement_m": 8.920187115389944e-7,
                "max_von_mises_stress_pa": 717123.4627459066,
                "node_count": 21,
                "peak_stress_relative_change": 0.4238033994862196,
                "strain_energy_relative_change": 0.3437028720991157,
                "total_strain_energy_j": 1.6599107994844805e-6
              },
              {
                "displacement_relative_change": 0.003303687415976953,
                "element_count": 48,
                "elements_per_original_element": 4,
                "max_displacement_m": 8.949754306066983e-7,
                "max_von_mises_stress_pa": 1012501.8367125991,
                "node_count": 65,
                "peak_stress_relative_change": 0.2917311981632844,
                "strain_energy_relative_change": 0.2471783343681182,
                "total_strain_energy_j": 1.249616812868255e-6
              },
              {
                "displacement_relative_change": 0.002571374978342424,
                "element_count": 192,
                "elements_per_original_element": 8,
                "max_displacement_m": 8.972826808407121e-7,
                "max_von_mises_stress_pa": 1367611.668790935,
                "node_count": 225,
                "peak_stress_relative_change": 0.2596569188330178,
                "strain_energy_relative_change": 0.13183130181943395,
                "total_strain_energy_j": 1.084878201652381e-6
              }
            ],
            "schema_version": "kyuubiki.composite-thermal-mesh-convergence/v1",
            "status": "fail"
          },
          "thermal_stress_recovery": {
            "convergence_tolerance": 0.02,
            "diagnostic_metrics": [
              "max_stress_pa",
              "max_to_p95_ratio"
            ],
            "finest_pair_max_relative_change": 0.2596569188330178,
            "finest_pair_p95_relative_change": 0.2976785922103672,
            "finest_pair_rms_relative_change": 0.016137515275282534,
            "method": "uniform_mesh_element_area_weighted_von_mises_p95_and_rms",
            "pass_metrics": [
              "area_weighted_rms_stress_pa",
              "area_weighted_p95_stress_pa"
            ],
            "refinement_levels": [
              1,
              2,
              4,
              8
            ],
            "samples": [
              {
                "element_count": 3,
                "elements_per_original_element": 1,
                "max_relative_change": null,
                "p95_relative_change": null,
                "rms_relative_change": null,
                "statistics": {
                  "area_weighted_mean_stress_pa": 145555.05502762104,
                  "area_weighted_p95_stress_pa": 413204.101382862,
                  "area_weighted_rms_stress_pa": 238823.93432336763,
                  "max_stress_pa": 413204.101382862,
                  "max_to_p95_ratio": 1.0
                }
              },
              {
                "element_count": 12,
                "elements_per_original_element": 2,
                "max_relative_change": 0.4238033994862196,
                "p95_relative_change": 0.4238033994862196,
                "rms_relative_change": 0.1967706608981467,
                "statistics": {
                  "area_weighted_mean_stress_pa": 147350.02927037104,
                  "area_weighted_p95_stress_pa": 717123.4627459066,
                  "area_weighted_rms_stress_pa": 297329.69489188894,
                  "max_stress_pa": 717123.4627459066,
                  "max_to_p95_ratio": 1.0
                }
              },
              {
                "element_count": 48,
                "elements_per_original_element": 4,
                "max_relative_change": 0.2917311981632844,
                "p95_relative_change": 0.24521920104975312,
                "rms_relative_change": 0.02136912766574882,
                "statistics": {
                  "area_weighted_mean_stress_pa": 116539.46597564052,
                  "area_weighted_p95_stress_pa": 950108.2483063767,
                  "area_weighted_rms_stress_pa": 290976.018682926,
                  "max_stress_pa": 1012501.8367125991,
                  "max_to_p95_ratio": 1.0656699786760535
                }
              },
              {
                "element_count": 192,
                "elements_per_original_element": 8,
                "max_relative_change": 0.2596569188330178,
                "p95_relative_change": 0.2976785922103672,
                "rms_relative_change": 0.016137515275282534,
                "statistics": {
                  "area_weighted_mean_stress_pa": 107046.6559266525,
                  "area_weighted_p95_stress_pa": 667281.3625030766,
                  "area_weighted_rms_stress_pa": 286280.3887366894,
                  "max_stress_pa": 1367611.668790935,
                  "max_to_p95_ratio": 2.049527748925596
                }
              }
            ],
            "schema_version": "kyuubiki.composite-thermal-stress-recovery/v1",
            "status": "fail"
          }
        },
        "status": "completed"
      },
      "requires_confirmation": false
    },
    {
      "index": 7,
      "action": "solve_composite_thermo_electric_panel",
      "risk": "normal",
      "status": "executed",
      "payload": {
        "electric_conduction_feedback": {
          "parameter_source": "screening_reference_not_material_card",
          "regions": [
            {
              "element_id": "conductor_left",
              "reference_resistivity_ohm_m": 1.68e-8,
              "reference_temperature_c": 35.0,
              "resistivity_temperature_coefficient_1_k": 0.00393
            }
          ]
        },
        "electric_conduction_model": {
          "contact_interfaces": [],
          "elements": [
            {
              "electrical_conductivity_s_m": 59523809.523809515,
              "id": "conductor_left",
              "node_i": 0,
              "node_j": 1,
              "node_k": 2,
              "node_l": 3,
              "thickness": 0.001
            }
          ],
          "nodes": [
            {
              "current_source_a": 0.0,
              "electric_potential_v": 0.0,
              "fix_electric_potential": true,
              "id": "n0",
              "x": 0.0,
              "y": 0.0
            },
            {
              "current_source_a": 0.0,
              "electric_potential_v": 0.000033600000000000004,
              "fix_electric_potential": true,
              "id": "n1",
              "x": 0.03,
              "y": 0.0
            },
            {
              "current_source_a": 0.0,
              "electric_potential_v": 0.000033600000000000004,
              "fix_electric_potential": true,
              "id": "n5",
              "x": 0.03,
              "y": 0.03
            },
            {
              "current_source_a": 0.0,
              "electric_potential_v": 0.0,
              "fix_electric_potential": true,
              "id": "n4",
              "x": 0.0,
              "y": 0.03
            }
          ],
          "terminals": []
        },
        "electrostatic_model": {
          "elements": [
            {
              "id": "conductor_left",
              "node_i": 0,
              "node_j": 1,
              "node_k": 5,
              "node_l": 4,
              "permittivity": 1.0,
              "thickness": 0.001
            },
            {
              "id": "dielectric_core",
              "node_i": 1,
              "node_j": 2,
              "node_k": 6,
              "node_l": 5,
              "permittivity": 2.1,
              "thickness": 0.001
            },
            {
              "id": "substrate_right",
              "node_i": 2,
              "node_j": 3,
              "node_k": 7,
              "node_l": 6,
              "permittivity": 4.2,
              "thickness": 0.001
            }
          ],
          "nodes": [
            {
              "charge_density": 0.0,
              "fix_potential": true,
              "id": "n0",
              "potential": 0.0,
              "x": 0.0,
              "y": 0.0
            },
            {
              "charge_density": 0.0,
              "fix_potential": false,
              "id": "n1",
              "potential": 0.0,
              "x": 0.03,
              "y": 0.0
            },
            {
              "charge_density": 0.0,
              "fix_potential": false,
              "id": "n2",
              "potential": 0.0,
              "x": 0.06,
              "y": 0.0
            },
            {
              "charge_density": 0.0,
              "fix_potential": true,
              "id": "n3",
              "potential": 4381,
              "x": 0.09,
              "y": 0.0
            },
            {
              "charge_density": 0.0,
              "fix_potential": true,
              "id": "n4",
              "potential": 0.0,
              "x": 0.0,
              "y": 0.03
            },
            {
              "charge_density": 0.0,
              "fix_potential": false,
              "id": "n5",
              "potential": 0.0,
              "x": 0.03,
              "y": 0.03
            },
            {
              "charge_density": 0.0,
              "fix_potential": false,
              "id": "n6",
              "potential": 0.0,
              "x": 0.06,
              "y": 0.03
            },
            {
              "charge_density": 0.0,
              "fix_potential": true,
              "id": "n7",
              "potential": 4381,
              "x": 0.09,
              "y": 0.03
            }
          ]
        },
        "electrothermal_feedback": {
          "conductivity_relative_change_tolerance": 1e-9,
          "loss_relative_change_tolerance": 1e-9,
          "loss_tangent_temperature_coefficient_1_k": 0.001,
          "max_iterations": 12,
          "parameter_source": "screening_sensitivity_not_material_card",
          "relative_permittivity_temperature_coefficient_1_k": 0.0001,
          "relaxation_factor": 0.8,
          "temperature_residual_tolerance_c": 1e-7,
          "thermal_conductivity_models": [
            {
              "element_id": "conductor_left",
              "reference_temperature_c": 35.0,
              "temperature_coefficient_1_k": -0.001
            },
            {
              "element_id": "dielectric_core",
              "reference_temperature_c": 35.0,
              "temperature_coefficient_1_k": -0.002
            },
            {
              "element_id": "substrate_right",
              "reference_temperature_c": 35.0,
              "temperature_coefficient_1_k": -0.0012
            }
          ]
        },
        "electrothermal_loss": {
          "frequency_hz": 10000000.0,
          "loss_tangent": 0.0002,
          "reference_temperature_c": 35.0,
          "relative_permittivity": 2.1,
          "source_element_id": "dielectric_core"
        },
        "heat_model": {
          "elements": [
            {
              "conductivity": 390.0,
              "id": "conductor_left",
              "node_i": 0,
              "node_j": 1,
              "node_k": 5,
              "node_l": 4,
              "thickness": 0.001
            },
            {
              "conductivity": 0.25,
              "id": "dielectric_core",
              "node_i": 1,
              "node_j": 2,
              "node_k": 6,
              "node_l": 5,
              "thickness": 0.001
            },
            {
              "conductivity": 160.0,
              "id": "substrate_right",
              "node_i": 2,
              "node_j": 3,
              "node_k": 7,
              "node_l": 6,
              "thickness": 0.001
            }
          ],
          "nodes": [
            {
              "fix_temperature": false,
              "heat_load": 0.0,
              "id": "n0",
              "temperature": 35.0,
              "x": 0.0,
              "y": 0.0
            },
            {
              "fix_temperature": false,
              "heat_load": 0.0,
              "id": "n1",
              "temperature": 35.0,
              "x": 0.03,
              "y": 0.0
            },
            {
              "fix_temperature": false,
              "heat_load": 0.0,
              "id": "n2",
              "temperature": 35.0,
              "x": 0.06,
              "y": 0.0
            },
            {
              "fix_temperature": true,
              "heat_load": 0.0,
              "id": "n3",
              "temperature": 35.0,
              "x": 0.09,
              "y": 0.0
            },
            {
              "fix_temperature": false,
              "heat_load": 0.0,
              "id": "n4",
              "temperature": 35.0,
              "x": 0.0,
              "y": 0.03
            },
            {
              "fix_temperature": false,
              "heat_load": 0.0,
              "id": "n5",
              "temperature": 35.0,
              "x": 0.03,
              "y": 0.03
            },
            {
              "fix_temperature": false,
              "heat_load": 0.0,
              "id": "n6",
              "temperature": 35.0,
              "x": 0.06,
              "y": 0.03
            },
            {
              "fix_temperature": true,
              "heat_load": 0.0,
              "id": "n7",
              "temperature": 35.0,
              "x": 0.09,
              "y": 0.03
            }
          ]
        },
        "research": {
          "candidate_id": "copper_ptfe_glass_epoxy",
          "candidate_label": "Copper / PTFE / Glass epoxy",
          "coupling": "iterative_dielectric_and_conductor_joule_heating_with_temperature_dependent_electrical_thermal_feedback_and_expansion_projection",
          "materials": {
            "conductor": "copper",
            "dielectric": "ptfe",
            "substrate": "glass_epoxy"
          },
          "study": "material.composite_thermo_electric_panel.v1"
        },
        "thermal_expansion_feedback": {
          "parameter_source": "screening_sensitivity_not_material_card",
          "regions": [
            {
              "element_id": "conductor_left",
              "reference_temperature_c": 35.0,
              "temperature_coefficient_1_k": 0.0002
            },
            {
              "element_id": "dielectric_core",
              "reference_temperature_c": 35.0,
              "temperature_coefficient_1_k": 0.0008
            },
            {
              "element_id": "substrate_right",
              "reference_temperature_c": 35.0,
              "temperature_coefficient_1_k": 0.0003
            }
          ]
        },
        "thermal_model": {
          "elements": [
            {
              "id": "conductor_left",
              "node_i": 0,
              "node_j": 1,
              "node_k": 5,
              "node_l": 4,
              "poisson_ratio": 0.32,
              "thermal_expansion": 0.000017,
              "thickness": 0.001,
              "youngs_modulus": 110000000000.0
            },
            {
              "id": "dielectric_core",
              "node_i": 1,
              "node_j": 2,
              "node_k": 6,
              "node_l": 5,
              "poisson_ratio": 0.32,
              "thermal_expansion": 0.000045,
              "thickness": 0.001,
              "youngs_modulus": 2500000000.0
            },
            {
              "id": "substrate_right",
              "node_i": 2,
              "node_j": 3,
              "node_k": 7,
              "node_l": 6,
              "poisson_ratio": 0.32,
              "thermal_expansion": 0.000014,
              "thickness": 0.001,
              "youngs_modulus": 22000000000.0
            }
          ],
          "nodes": [
            {
              "fix_x": true,
              "fix_y": true,
              "id": "n0",
              "load_x": 0.0,
              "load_y": 0.0,
              "temperature_delta": 0.0,
              "x": 0.0,
              "y": 0.0
            },
            {
              "fix_x": false,
              "fix_y": false,
              "id": "n1",
              "load_x": 0.0,
              "load_y": 0.0,
              "temperature_delta": 0.0,
              "x": 0.03,
              "y": 0.0
            },
            {
              "fix_x": false,
              "fix_y": false,
              "id": "n2",
              "load_x": 0.0,
              "load_y": 0.0,
              "temperature_delta": 0.0,
              "x": 0.06,
              "y": 0.0
            },
            {
              "fix_x": false,
              "fix_y": false,
              "id": "n3",
              "load_x": 0.0,
              "load_y": 0.0,
              "temperature_delta": 0.0,
              "x": 0.09,
              "y": 0.0
            },
            {
              "fix_x": true,
              "fix_y": true,
              "id": "n4",
              "load_x": 0.0,
              "load_y": 0.0,
              "temperature_delta": 0.0,
              "x": 0.0,
              "y": 0.03
            },
            {
              "fix_x": false,
              "fix_y": false,
              "id": "n5",
              "load_x": 0.0,
              "load_y": 0.0,
              "temperature_delta": 0.0,
              "x": 0.03,
              "y": 0.03
            },
            {
              "fix_x": false,
              "fix_y": false,
              "id": "n6",
              "load_x": 0.0,
              "load_y": 0.0,
              "temperature_delta": 0.0,
              "x": 0.06,
              "y": 0.03
            },
            {
              "fix_x": false,
              "fix_y": false,
              "id": "n7",
              "load_x": 0.0,
              "load_y": 0.0,
              "temperature_delta": 0.0,
              "x": 0.09,
              "y": 0.03
            }
          ]
        }
      },
      "result_preview": {
        "job": {
          "created_at": "2026-08-13T11:22:09.789650Z",
          "execution_started_at": null,
          "execution_timeout_ms": 120000,
          "has_result": false,
          "iteration": null,
          "job_id": "b7160b871cedbb7a",
          "message": null,
          "model_version_id": null,
          "progress": 0.0,
          "project_id": "03b87b145437f74f",
          "queue_timeout_ms": 1800000,
          "residual": null,
          "simulation_case_id": "de7ff28c2f3634a8",
          "status": "queued",
          "status_detail": {
            "active": true,
            "failure_class": null,
            "lifecycle": "active",
            "recoverable": false,
            "terminal": false,
            "timing": {
              "effective_deadline": "2026-08-13T11:52:09.789650Z",
              "effective_timeout_ms": 1800000,
              "execution_elapsed_ms": null,
              "execution_started_at": null,
              "execution_timeout_ms": 120000,
              "job_submission_deadline": "2026-08-13T11:52:09.789650Z",
              "phase": "queue",
              "queue_timeout_ms": 1800000,
              "queue_wait_ms": 0,
              "total_elapsed_ms": 0
            }
          },
          "updated_at": "2026-08-13T11:22:09.789650Z",
          "worker_id": null
        },
        "job_id": "b7160b871cedbb7a",
        "progress": 0.0,
        "raw": {
          "job": {
            "created_at": "2026-08-13T11:22:09.789650Z",
            "execution_started_at": null,
            "execution_timeout_ms": 120000,
            "has_result": false,
            "iteration": null,
            "job_id": "b7160b871cedbb7a",
            "message": null,
            "model_version_id": null,
            "progress": 0.0,
            "project_id": "03b87b145437f74f",
            "queue_timeout_ms": 1800000,
            "residual": null,
            "simulation_case_id": "de7ff28c2f3634a8",
            "status": "queued",
            "status_detail": {
              "active": true,
              "failure_class": null,
              "lifecycle": "active",
              "recoverable": false,
              "terminal": false,
              "timing": {
                "effective_deadline": "2026-08-13T11:52:09.789650Z",
                "effective_timeout_ms": 1800000,
                "execution_elapsed_ms": null,
                "execution_started_at": null,
                "execution_timeout_ms": 120000,
                "job_submission_deadline": "2026-08-13T11:52:09.789650Z",
                "phase": "queue",
                "queue_timeout_ms": 1800000,
                "queue_wait_ms": 0,
                "total_elapsed_ms": 0
              }
            },
            "updated_at": "2026-08-13T11:22:09.789650Z",
            "worker_id": null
          }
        },
        "status": "queued"
      },
      "requires_confirmation": false
    },
    {
      "index": 8,
      "action": "job_wait",
      "risk": "normal",
      "status": "executed",
      "payload": {
        "interval_ms": 1000,
        "job_id": "b7160b871cedbb7a",
        "max_total_timeout_ms": 3600000,
        "resume_policy": "server_deadline",
        "timeout_ms": 60000
      },
      "result_preview": {
        "job": {
          "created_at": "2026-08-13T11:22:09.789650Z",
          "execution_started_at": "2026-08-13T11:22:09.792841Z",
          "execution_timeout_ms": 120000,
          "iteration": 4,
          "job_id": "b7160b871cedbb7a",
          "message": "collecting nodal and elemental responses",
          "model_version_id": null,
          "progress": 1.0,
          "project_id": "03b87b145437f74f",
          "queue_timeout_ms": 1800000,
          "residual": 0.2,
          "simulation_case_id": "de7ff28c2f3634a8",
          "status": "completed",
          "status_detail": {
            "active": false,
            "failure_class": null,
            "lifecycle": "terminal",
            "recoverable": false,
            "terminal": true,
            "timing": {
              "effective_deadline": "2026-08-13T11:24:09.792841Z",
              "effective_timeout_ms": 120000,
              "execution_elapsed_ms": 6045,
              "execution_started_at": "2026-08-13T11:22:09.792841Z",
              "execution_timeout_ms": 120000,
              "job_submission_deadline": "2026-08-13T11:52:09.789650Z",
              "phase": "execution",
              "queue_timeout_ms": 1800000,
              "queue_wait_ms": 3,
              "total_elapsed_ms": 6048
            }
          },
          "updated_at": "2026-08-13T11:22:15.837892Z",
          "worker_id": "rust-agent-rpc@127.0.0.1:5002"
        },
        "job_id": "b7160b871cedbb7a",
        "progress": 1.0,
        "raw": {
          "job": {
            "created_at": "2026-08-13T11:22:09.789650Z",
            "execution_started_at": "2026-08-13T11:22:09.792841Z",
            "execution_timeout_ms": 120000,
            "iteration": 4,
            "job_id": "b7160b871cedbb7a",
            "message": "collecting nodal and elemental responses",
            "model_version_id": null,
            "progress": 1.0,
            "project_id": "03b87b145437f74f",
            "queue_timeout_ms": 1800000,
            "residual": 0.2,
            "simulation_case_id": "de7ff28c2f3634a8",
            "status": "completed",
            "status_detail": {
              "active": false,
              "failure_class": null,
              "lifecycle": "terminal",
              "recoverable": false,
              "terminal": true,
              "timing": {
                "effective_deadline": "2026-08-13T11:24:09.792841Z",
                "effective_timeout_ms": 120000,
                "execution_elapsed_ms": 6045,
                "execution_started_at": "2026-08-13T11:22:09.792841Z",
                "execution_timeout_ms": 120000,
                "job_submission_deadline": "2026-08-13T11:52:09.789650Z",
                "phase": "execution",
                "queue_timeout_ms": 1800000,
                "queue_wait_ms": 3,
                "total_elapsed_ms": 6048
              }
            },
            "updated_at": "2026-08-13T11:22:15.837892Z",
            "worker_id": "rust-agent-rpc@127.0.0.1:5002"
          }
        },
        "result": null,
        "status": "completed",
        "wait": {
          "elapsed_ms": 6057,
          "policy": "server_deadline",
          "poll_attempts": 7,
          "resume_count": 0
        }
      },
      "requires_confirmation": false
    },
    {
      "index": 9,
      "action": "result_fetch",
      "risk": "normal",
      "status": "executed",
      "payload": {
        "job_id": "b7160b871cedbb7a"
      },
      "result_preview": {
        "job": {
          "created_at": "2026-08-13T11:22:09.789650Z",
          "execution_started_at": "2026-08-13T11:22:09.792841Z",
          "execution_timeout_ms": 120000,
          "has_result": true,
          "iteration": 4,
          "job_id": "b7160b871cedbb7a",
          "message": "collecting nodal and elemental responses",
          "model_version_id": null,
          "progress": 1.0,
          "project_id": "03b87b145437f74f",
          "queue_timeout_ms": 1800000,
          "residual": 0.2,
          "simulation_case_id": "de7ff28c2f3634a8",
          "status": "completed",
          "status_detail": {
            "active": false,
            "failure_class": null,
            "lifecycle": "terminal",
            "recoverable": false,
            "terminal": true,
            "timing": {
              "effective_deadline": "2026-08-13T11:24:09.792841Z",
              "effective_timeout_ms": 120000,
              "execution_elapsed_ms": 6045,
              "execution_started_at": "2026-08-13T11:22:09.792841Z",
              "execution_timeout_ms": 120000,
              "job_submission_deadline": "2026-08-13T11:52:09.789650Z",
              "phase": "execution",
              "queue_timeout_ms": 1800000,
              "queue_wait_ms": 3,
              "total_elapsed_ms": 6048
            }
          },
          "updated_at": "2026-08-13T11:22:15.837892Z",
          "worker_id": "rust-agent-rpc@127.0.0.1:5002"
        },
        "job_id": "b7160b871cedbb7a",
        "result": {
          "electric_conduction": {
            "contact_interfaces": [],
            "current_balance_relative_error": 0.0,
            "elements": [
              {
                "area_m2": 0.0009,
                "average_electric_potential_v": 0.000016800000000000002,
                "current_density_magnitude_a_m2": 66415.12265978722,
                "current_density_x_a_m2": -66415.12265978722,
                "current_density_y_a_m2": -0.0,
                "electric_field_magnitude_v_m": 0.00112,
                "electric_field_x_v_m": -0.00112,
                "electric_field_y_v_m": -0.0,
                "electric_potential_gradient_x_v_m": 0.00112,
                "electric_potential_gradient_y_v_m": 0.0,
                "id": "conductor_left",
                "index": 0,
                "joule_power_w": 0.00006694644364106551,
                "node_i": 0,
                "node_j": 1,
                "node_k": 2,
                "node_l": 3,
                "peak_current_density_magnitude_a_m2": 66415.12265978722,
                "peak_electric_field_magnitude_v_m": 0.00112,
                "rms_current_density_magnitude_a_m2": 66415.12265978722,
                "rms_electric_field_magnitude_v_m": 0.00112,
                "volumetric_joule_heating_w_m3": 74.38493737896168
              }
            ],
            "free_current_residual_relative_error": 0.0,
            "input": {
              "contact_interfaces": [],
              "elements": [
                {
                  "electrical_conductivity_s_m": 59299216.660524294,
                  "id": "conductor_left",
                  "node_i": 0,
                  "node_j": 1,
                  "node_k": 2,
                  "node_l": 3,
                  "thickness": 0.001
                }
              ],
              "nodes": [
                {
                  "current_source_a": 0.0,
                  "electric_potential_v": 0.0,
                  "fix_electric_potential": true,
                  "id": "n0",
                  "x": 0.0,
                  "y": 0.0
                },
                {
                  "current_source_a": 0.0,
                  "electric_potential_v": 0.000033600000000000004,
                  "fix_electric_potential": true,
                  "id": "n1",
                  "x": 0.03,
                  "y": 0.0
                },
                {
                  "current_source_a": 0.0,
                  "electric_potential_v": 0.000033600000000000004,
                  "fix_electric_potential": true,
                  "id": "n5",
                  "x": 0.03,
                  "y": 0.03
                },
                {
                  "current_source_a": 0.0,
                  "electric_potential_v": 0.0,
                  "fix_electric_potential": true,
                  "id": "n4",
                  "x": 0.0,
                  "y": 0.03
                }
              ],
              "terminals": []
            },
            "max_current_density_a_m2": 66415.12265978722,
            "max_electric_field_v_m": 0.00112,
            "max_electric_potential_v": 0.000033600000000000004,
            "max_free_current_residual_a": 0.0,
            "nodes": [
              {
                "current_source_a": 0.0,
                "electric_potential_v": 0.0,
                "fix_electric_potential": true,
                "id": "n0",
                "index": 0,
                "net_injected_current_a": -0.9962268398968084,
                "reaction_current_a": -0.9962268398968084,
                "x": 0.0,
                "y": 0.0
              },
              {
                "current_source_a": 0.0,
                "electric_potential_v": 0.000033600000000000004,
                "fix_electric_potential": true,
                "id": "n1",
                "index": 1,
                "net_injected_current_a": 0.9962268398968084,
                "reaction_current_a": 0.9962268398968084,
                "x": 0.03,
                "y": 0.0
              },
              {
                "current_source_a": 0.0,
                "electric_potential_v": 0.000033600000000000004,
                "fix_electric_potential": true,
                "id": "n5",
                "index": 2,
                "net_injected_current_a": 0.9962268398968084,
                "reaction_current_a": 0.9962268398968084,
                "x": 0.03,
                "y": 0.03
              },
              {
                "current_source_a": 0.0,
                "electric_potential_v": 0.0,
                "fix_electric_potential": true,
                "id": "n4",
                "index": 3,
                "net_injected_current_a": -0.9962268398968084,
                "reaction_current_a": -0.9962268398968084,
                "x": 0.0,
                "y": 0.03
              }
            ],
            "power_balance_relative_error": 2.0243834353219575e-16,
            "source_power_balance_relative_error": 2.0243834353219575e-16,
            "terminals": [],
            "total_bulk_joule_power_w": 0.00006694644364106551,
            "total_contact_joule_power_w": -0.0,
            "total_dissipated_power_w": 0.00006694644364106551,
            "total_electrical_input_power_w": 0.00006694644364106553,
            "total_extracted_current_a": 1.9924536797936168,
            "total_injected_current_a": 1.9924536797936168,
            "total_joule_power_w": 0.00006694644364106551,
            "total_source_power_w": 0.00006694644364106553,
            "total_terminal_impedance_power_w": -0.0
          },
          "electrostatic": {
            "elements": [
              {
                "area": 0.0009,
                "average_potential": 1277.8088145135523,
                "electric_energy_density": 3628434147.663402,
                "electric_field_magnitude": 85187.25430090351,
                "electric_field_x": -85187.25430090351,
                "electric_field_y": -0.0,
                "electric_flux_density_magnitude": 85187.25430090351,
                "electric_flux_density_x": -85187.25430090351,
                "electric_flux_density_y": -0.0,
                "id": "conductor_left",
                "index": 0,
                "node_i": 0,
                "node_j": 1,
                "node_k": 5,
                "node_l": 4,
                "potential_gradient_x": 85187.25430090351,
                "potential_gradient_y": 0.0,
                "stored_energy": 3265.590732897062
              },
              {
                "area": 0.0009,
                "average_potential": 3164.068620581754,
                "electric_energy_density": 1727742311.5734255,
                "electric_field_magnitude": 40563.39943697659,
                "electric_field_x": -40563.39943697659,
                "electric_field_y": 7.275957614183426e-12,
                "electric_flux_density_magnitude": 85187.2543009035,
                "electric_flux_density_x": -85187.2543009035,
                "electric_flux_density_y": 1.5280249194228702e-11,
                "id": "dielectric_core",
                "index": 1,
                "node_i": 1,
                "node_j": 2,
                "node_k": 6,
                "node_l": 5,
                "potential_gradient_x": 40563.39943697659,
                "potential_gradient_y": -7.275957614183426e-12,
                "stored_energy": 1554.968080416083
              },
              {
                "area": 0.0009,
                "average_potential": 4076.759806068201,
                "electric_energy_density": 863912892.3008115,
                "electric_field_magnitude": 20282.679595453235,
                "electric_field_x": -20282.679595453235,
                "electric_field_y": 7.275957614183426e-12,
                "electric_flux_density_magnitude": 85187.25430090359,
                "electric_flux_density_x": -85187.25430090359,
                "electric_flux_density_y": 3.055902197957039e-11,
                "id": "substrate_right",
                "index": 2,
                "node_i": 2,
                "node_j": 3,
                "node_k": 7,
                "node_l": 6,
                "potential_gradient_x": 20282.679595453235,
                "potential_gradient_y": -7.275957614183426e-12,
                "stored_energy": 777.5216030707304
              }
            ],
            "input": {
              "elements": [
                {
                  "id": "conductor_left",
                  "node_i": 0,
                  "node_j": 1,
                  "node_k": 5,
                  "node_l": 4,
                  "permittivity": 1.0,
                  "thickness": 0.001
                },
                {
                  "id": "dielectric_core",
                  "node_i": 1,
                  "node_j": 2,
                  "node_k": 6,
                  "node_l": 5,
                  "permittivity": 2.100101458046164,
                  "thickness": 0.001
                },
                {
                  "id": "substrate_right",
                  "node_i": 2,
                  "node_j": 3,
                  "node_k": 7,
                  "node_l": 6,
                  "permittivity": 4.2,
                  "thickness": 0.001
                }
              ],
              "nodes": [
                {
                  "charge_density": 0.0,
                  "fix_potential": true,
                  "id": "n0",
                  "potential": 0.0,
                  "x": 0.0,
                  "y": 0.0
                },
                {
                  "charge_density": 0.0,
                  "fix_potential": false,
                  "id": "n1",
                  "potential": 0.0,
                  "x": 0.03,
                  "y": 0.0
                },
                {
                  "charge_density": 0.0,
                  "fix_potential": false,
                  "id": "n2",
                  "potential": 0.0,
                  "x": 0.06,
                  "y": 0.0
                },
                {
                  "charge_density": 0.0,
                  "fix_potential": true,
                  "id": "n3",
                  "potential": 4381.0,
                  "x": 0.09,
                  "y": 0.0
                },
                {
                  "charge_density": 0.0,
                  "fix_potential": true,
                  "id": "n4",
                  "potential": 0.0,
                  "x": 0.0,
                  "y": 0.03
                },
                {
                  "charge_density": 0.0,
                  "fix_potential": false,
                  "id": "n5",
                  "potential": 0.0,
                  "x": 0.03,
                  "y": 0.03
                },
                {
                  "charge_density": 0.0,
                  "fix_potential": false,
                  "id": "n6",
                  "potential": 0.0,
                  "x": 0.06,
                  "y": 0.03
                },
                {
                  "charge_density": 0.0,
                  "fix_potential": true,
                  "id": "n7",
                  "potential": 4381.0,
                  "x": 0.09,
                  "y": 0.03
                }
              ]
            },
            "max_electric_energy_density": 3628434147.663402,
            "max_electric_field": 85187.25430090351,
            "max_flux_density": 85187.25430090359,
            "max_potential": 4381.0,
            "nodes": [
              {
                "charge_density": 0.0,
                "id": "n0",
                "index": 0,
                "potential": 0.0,
                "x": 0.0,
                "y": 0.0
              },
              {
                "charge_density": 0.0,
                "id": "n1",
                "index": 1,
                "potential": 2555.617629027105,
                "x": 0.03,
                "y": 0.0
              },
              {
                "charge_density": 0.0,
                "id": "n2",
                "index": 2,
                "potential": 3772.5196121364033,
                "x": 0.06,
                "y": 0.0
              },
              {
                "charge_density": 0.0,
                "id": "n3",
                "index": 3,
                "potential": 4381.0,
                "x": 0.09,
                "y": 0.0
              },
              {
                "charge_density": 0.0,
                "id": "n4",
                "index": 4,
                "potential": 0.0,
                "x": 0.0,
                "y": 0.03
              },
              {
                "charge_density": 0.0,
                "id": "n5",
                "index": 5,
                "potential": 2555.617629027105,
                "x": 0.03,
                "y": 0.03
              },
              {
                "charge_density": 0.0,
                "id": "n6",
                "index": 6,
                "potential": 3772.519612136403,
                "x": 0.06,
                "y": 0.03
              },
              {
                "charge_density": 0.0,
                "id": "n7",
                "index": 7,
                "potential": 4381.0,
                "x": 0.09,
                "y": 0.03
              }
            ],
            "total_stored_energy": 5598.080416383876
          },
          "electrostatic_mesh_convergence": {
            "finest_pair_relative_change": 9.77044053491682e-15,
            "max_analytic_relative_error": 3.867777777777778,
            "method": "structured_quad_h_refinement",
            "refinement_levels": [
              1,
              2,
              4,
              8
            ],
            "relative_error_tolerance": 1e-8,
            "samples": [
              {
                "analytic_relative_error": 3.867777777777778,
                "element_count": 3,
                "elements_per_layer": 1,
                "max_electric_field_v_m": 85187.25430090351,
                "node_count": 8,
                "relative_change_from_previous": null
              },
              {
                "analytic_relative_error": 1.0394085675443426e-15,
                "element_count": 6,
                "elements_per_layer": 2,
                "max_electric_field_v_m": 17500.2348483938,
                "node_count": 14,
                "relative_change_from_previous": 3.867777777777777
              },
              {
                "analytic_relative_error": 2.910343989124159e-15,
                "element_count": 12,
                "elements_per_layer": 4,
                "max_electric_field_v_m": 17500.234848393833,
                "node_count": 26,
                "relative_change_from_previous": 1.870935421579817e-15
              },
              {
                "analytic_relative_error": 1.2680784524040978e-14,
                "element_count": 24,
                "elements_per_layer": 8,
                "max_electric_field_v_m": 17500.234848394004,
                "node_count": 50,
                "relative_change_from_previous": 9.77044053491682e-15
              }
            ],
            "schema_version": "kyuubiki.composite-electrostatic-mesh-convergence/v1",
            "status": "fail"
          },
          "electrothermal_feedback_convergence": {
            "conductivity_relative_change_tolerance": 1e-9,
            "converged": true,
            "final_loss_relative_change": 9.286375391156007e-11,
            "final_max_conductivity_relative_change": 3.99579889880095e-10,
            "final_temperature_residual_c": 9.961424041193825e-8,
            "iteration_count": 11,
            "iterations": [
              {
                "converged": false,
                "coupling_temperature_c": 35.0,
                "dielectric_mean_temperature_c": 35.483017209931454,
                "iteration": 1,
                "loss_relative_change": null,
                "loss_tangent": 0.0002,
                "max_conductivity_relative_change": null,
                "max_temperature_c": 35.963537858119395,
                "relative_permittivity": 2.1,
                "temperature_residual_c": 0.9634947811963244,
                "thermal_conductivity_updates": [
                  {
                    "conductivity_relative_change": null,
                    "conductivity_w_mk": 390.0,
                    "coupling_temperature_c": 35.0,
                    "element_id": "conductor_left",
                    "measured_mean_temperature_c": 35.963494781196324
                  },
                  {
                    "conductivity_relative_change": null,
                    "conductivity_w_mk": 0.25,
                    "coupling_temperature_c": 35.0,
                    "element_id": "dielectric_core",
                    "measured_mean_temperature_c": 35.483017209931454
                  },
                  {
                    "conductivity_relative_change": null,
                    "conductivity_w_mk": 160.0,
                    "coupling_temperature_c": 35.0,
                    "element_id": "substrate_right",
                    "measured_mean_temperature_c": 35.00129135779483
                  }
                ],
                "total_joule_loss_w": 0.0000672,
                "total_loss_w": 0.00034603449434279966
              },
              {
                "converged": false,
                "coupling_temperature_c": 35.386413767945164,
                "dielectric_mean_temperature_c": 35.483109977157284,
                "iteration": 2,
                "loss_relative_change": 0.0001819350377729167,
                "loss_tangent": 0.00020007728275358905,
                "max_conductivity_relative_change": 0.0007728275358903636,
                "max_temperature_c": 35.96372366532243,
                "relative_permittivity": 2.100081146891269,
                "temperature_residual_c": 0.19288486040923655,
                "thermal_conductivity_updates": [
                  {
                    "conductivity_relative_change": 0.0007707958249571407,
                    "conductivity_w_mk": 389.6993896282667,
                    "coupling_temperature_c": 35.77079582495706,
                    "element_id": "conductor_left",
                    "measured_mean_temperature_c": 35.9636806853663
                  },
                  {
                    "conductivity_relative_change": 0.0007728275358903636,
                    "conductivity_w_mk": 0.2498067931160274,
                    "coupling_temperature_c": 35.386413767945164,
                    "element_id": "dielectric_core",
                    "measured_mean_temperature_c": 35.483109977157284
                  },
                  {
                    "conductivity_relative_change": 1.239703483157939e-6,
                    "conductivity_w_mk": 159.9998016474427,
                    "coupling_temperature_c": 35.001033086235864,
                    "element_id": "substrate_right",
                    "measured_mean_temperature_c": 35.001291124452194
                  }
                ],
                "total_joule_loss_w": 0.00006699705068547548,
                "total_loss_w": 0.00034616226182398687
              },
              {
                "converged": false,
                "coupling_temperature_c": 35.46377073531486,
                "dielectric_mean_temperature_c": 35.48312886039289,
                "iteration": 3,
                "loss_relative_change": 0.000036074087549876346,
                "loss_tangent": 0.00020009275414706296,
                "max_conductivity_relative_change": 0.0001548335944045512,
                "max_temperature_c": 35.96376148563499,
                "relative_permittivity": 2.1000973918544164,
                "temperature_residual_c": 0.038614811730049325,
                "thermal_conductivity_updates": [
                  {
                    "conductivity_relative_change": 0.00015442691995243358,
                    "conductivity_w_mk": 389.6392095518191,
                    "coupling_temperature_c": 35.92510371328445,
                    "element_id": "conductor_left",
                    "measured_mean_temperature_c": 35.9637185250145
                  },
                  {
                    "conductivity_relative_change": 0.0001548335944045512,
                    "conductivity_w_mk": 0.24976811463234255,
                    "coupling_temperature_c": 35.46377073531486,
                    "element_id": "dielectric_core",
                    "measured_mean_temperature_c": 35.48312886039289
                  },
                  {
                    "conductivity_relative_change": 2.47716994613728e-7,
                    "conductivity_w_mk": 159.9997620127727,
                    "coupling_temperature_c": 35.00123951680893,
                    "element_id": "substrate_right",
                    "measured_mean_temperature_c": 35.001291078195884
                  }
                ],
                "total_joule_loss_w": 0.00006695656884207415,
                "total_loss_w": 0.00034618783932217667
              },
              {
                "converged": false,
                "coupling_temperature_c": 35.47925723537728,
                "dielectric_mean_temperature_c": 35.48313265313808,
                "iteration": 4,
                "loss_relative_change": 7.208038440543918e-6,
                "loss_tangent": 0.00020009585144707548,
                "max_conductivity_relative_change": 0.00003100175553881437,
                "max_temperature_c": 35.96376908187411,
                "relative_permittivity": 2.100100644019429,
                "temperature_residual_c": 0.007730562452998413,
                "thermal_conductivity_updates": [
                  {
                    "conductivity_relative_change": 0.00003092045401088484,
                    "conductivity_w_mk": 389.6271617305593,
                    "coupling_temperature_c": 35.95599556266849,
                    "element_id": "conductor_left",
                    "measured_mean_temperature_c": 35.96372612512149
                  },
                  {
                    "conductivity_relative_change": 0.00003100175553881437,
                    "conductivity_w_mk": 0.24976037138231136,
                    "coupling_temperature_c": 35.47925723537728,
                    "element_id": "dielectric_core",
                    "measured_mean_temperature_c": 35.48313265313808
                  },
                  {
                    "conductivity_relative_change": 4.949900515720743e-8,
                    "conductivity_w_mk": 159.99975409294365,
                    "coupling_temperature_c": 35.001280765918494,
                    "element_id": "substrate_right",
                    "measured_mean_temperature_c": 35.00129106895364
                  }
                ],
                "total_joule_loss_w": 0.00006694847040829355,
                "total_loss_w": 0.00034619295979518175
              },
              {
                "converged": false,
                "coupling_temperature_c": 35.48235756958592,
                "dielectric_mean_temperature_c": 35.48313341291825,
                "iteration": 5,
                "loss_relative_change": 1.4424802714366062e-6,
                "loss_tangent": 0.00020009647151391716,
                "max_conductivity_relative_change": 6.20661755001386e-6,
                "max_temperature_c": 35.963770603585175,
                "relative_permittivity": 2.100101295089613,
                "temperature_residual_c": 0.0015476349758714036,
                "thermal_conductivity_updates": [
                  {
                    "conductivity_relative_change": 6.1903679267917725e-6,
                    "conductivity_w_mk": 389.6247497950739,
                    "coupling_temperature_c": 35.96218001263089,
                    "element_id": "conductor_left",
                    "measured_mean_temperature_c": 35.96372764760676
                  },
                  {
                    "conductivity_relative_change": 6.20661755001386e-6,
                    "conductivity_w_mk": 0.24975882121520704,
                    "coupling_temperature_c": 35.48235756958592,
                    "element_id": "dielectric_core",
                    "measured_mean_temperature_c": 35.48313341291825
                  },
                  {
                    "conductivity_relative_change": 9.890928889639586e-9,
                    "conductivity_w_mk": 159.99975251039746,
                    "coupling_temperature_c": 35.00128900834661,
                    "element_id": "substrate_right",
                    "measured_mean_temperature_c": 35.00129106710408
                  }
                ],
                "total_joule_loss_w": 0.00006694684936296298,
                "total_loss_w": 0.00034619398489214994
              },
              {
                "converged": false,
                "coupling_temperature_c": 35.48297824425178,
                "dielectric_mean_temperature_c": 35.48313356504907,
                "iteration": 6,
                "loss_relative_change": 2.8876002789631173e-7,
                "loss_tangent": 0.00020009659564885031,
                "max_conductivity_relative_change": 1.242548036673018e-6,
                "max_temperature_c": 35.9637709082773,
                "relative_permittivity": 2.100101425431293,
                "temperature_residual_c": 0.0003098318422942725,
                "thermal_conductivity_updates": [
                  {
                    "conductivity_relative_change": 1.2393004107229362e-6,
                    "conductivity_w_mk": 389.62426693296146,
                    "coupling_temperature_c": 35.963418120611585,
                    "element_id": "conductor_left",
                    "measured_mean_temperature_c": 35.96372795245388
                  },
                  {
                    "conductivity_relative_change": 1.242548036673018e-6,
                    "conductivity_w_mk": 0.2497585108778741,
                    "coupling_temperature_c": 35.48297824425178,
                    "element_id": "dielectric_core",
                    "measured_mean_temperature_c": 35.48313356504907
                  },
                  {
                    "conductivity_relative_change": 1.976410361613906e-9,
                    "conductivity_w_mk": 159.9997521941723,
                    "coupling_temperature_c": 35.001290655352584,
                    "element_id": "substrate_right",
                    "measured_mean_temperature_c": 35.00129106673384
                  }
                ],
                "total_joule_loss_w": 0.00006694652484407326,
                "total_loss_w": 0.0003461941901124808
              },
              {
                "converged": false,
                "coupling_temperature_c": 35.483102500889615,
                "dielectric_mean_temperature_c": 35.48313359550406,
                "iteration": 7,
                "loss_relative_change": 5.7808433317343375e-8,
                "loss_tangent": 0.0002000966205001779,
                "max_conductivity_relative_change": 2.4875356074073137e-7,
                "max_temperature_c": 35.96377096927348,
                "relative_permittivity": 2.100101451525187,
                "temperature_residual_c": 0.00006202739566418813,
                "thermal_conductivity_updates": [
                  {
                    "conductivity_relative_change": 2.481045021235956e-7,
                    "conductivity_w_mk": 389.6241702654267,
                    "coupling_temperature_c": 35.963665986085424,
                    "element_id": "conductor_left",
                    "measured_mean_temperature_c": 35.96372801348109
                  },
                  {
                    "conductivity_relative_change": 2.4875356074073137e-7,
                    "conductivity_w_mk": 0.2497584487495552,
                    "coupling_temperature_c": 35.483102500889615,
                    "element_id": "dielectric_core",
                    "measured_mean_temperature_c": 35.48313359550406
                  },
                  {
                    "conductivity_relative_change": 3.9492648144117417e-10,
                    "conductivity_w_mk": 159.99975213098415,
                    "coupling_temperature_c": 35.00129098445759,
                    "element_id": "substrate_right",
                    "measured_mean_temperature_c": 35.00129106665972
                  }
                ],
                "total_joule_loss_w": 0.00006694645987675082,
                "total_loss_w": 0.00034619423119678576
              },
              {
                "converged": false,
                "coupling_temperature_c": 35.483127376581166,
                "dielectric_mean_temperature_c": 35.483133601596016,
                "iteration": 8,
                "loss_relative_change": 1.1573125548519328e-8,
                "loss_tangent": 0.0002000966254753162,
                "max_conductivity_relative_change": 4.9799499650000284e-8,
                "max_temperature_c": 35.96377098147467,
                "relative_permittivity": 2.100101456749082,
                "temperature_residual_c": 0.000012417686527044223,
                "thermal_conductivity_updates": [
                  {
                    "conductivity_relative_change": 4.966978159218814e-8,
                    "conductivity_w_mk": 389.62415091287926,
                    "coupling_temperature_c": 35.963715608001955,
                    "element_id": "conductor_left",
                    "measured_mean_temperature_c": 35.96372802568848
                  },
                  {
                    "conductivity_relative_change": 4.9799499650000284e-8,
                    "conductivity_w_mk": 0.2497584363117094,
                    "coupling_temperature_c": 35.483127376581166,
                    "element_id": "dielectric_core",
                    "measured_mean_temperature_c": 35.483133601596016
                  },
                  {
                    "conductivity_relative_change": 7.891424193577609e-11,
                    "conductivity_w_mk": 159.9997521183579,
                    "coupling_temperature_c": 35.001291050219294,
                    "element_id": "substrate_right",
                    "measured_mean_temperature_c": 35.00129106664487
                  }
                ],
                "total_joule_loss_w": 0.00006694644687050495,
                "total_loss_w": 0.00034619423942170254
              },
              {
                "converged": false,
                "coupling_temperature_c": 35.483132356593046,
                "dielectric_mean_temperature_c": 35.48313360280736,
                "iteration": 9,
                "loss_relative_change": 2.316919188378591e-9,
                "loss_tangent": 0.00020009662647131864,
                "max_conductivity_relative_change": 9.969656923077724e-9,
                "max_temperature_c": 35.96377098390082,
                "relative_permittivity": 2.1001014577948847,
                "temperature_residual_c": 2.4859647069774837e-6,
                "thermal_conductivity_updates": [
                  {
                    "conductivity_relative_change": 9.943732223436811e-9,
                    "conductivity_w_mk": 389.62414703856103,
                    "coupling_temperature_c": 35.963725542151174,
                    "element_id": "conductor_left",
                    "measured_mean_temperature_c": 35.96372802811588
                  },
                  {
                    "conductivity_relative_change": 9.969656923077724e-9,
                    "conductivity_w_mk": 0.24975843382170348,
                    "coupling_temperature_c": 35.483132356593046,
                    "element_id": "dielectric_core",
                    "measured_mean_temperature_c": 35.48313360280736
                  },
                  {
                    "conductivity_relative_change": 1.5768566457285502e-11,
                    "conductivity_w_mk": 159.99975211583492,
                    "coupling_temperature_c": 35.00129106335975,
                    "element_id": "substrate_right",
                    "measured_mean_temperature_c": 35.00129106664188
                  }
                ],
                "total_joule_loss_w": 0.00006694644426669668,
                "total_loss_w": 0.00034619424106829724
              },
              {
                "converged": false,
                "coupling_temperature_c": 35.4831333535645,
                "dielectric_mean_temperature_c": 35.48313360306061,
                "iteration": 10,
                "loss_relative_change": 4.6384009831514854e-10,
                "loss_tangent": 0.00020009662667071288,
                "max_conductivity_relative_change": 1.9958714398250483e-9,
                "max_temperature_c": 35.96377098440799,
                "relative_permittivity": 2.1001014580042483,
                "temperature_residual_c": 4.977003555950432e-7,
                "thermal_conductivity_updates": [
                  {
                    "conductivity_relative_change": 1.9906901379694843e-9,
                    "conductivity_w_mk": 389.6241462629401,
                    "coupling_temperature_c": 35.96372753092294,
                    "element_id": "conductor_left",
                    "measured_mean_temperature_c": 35.963728028623294
                  },
                  {
                    "conductivity_relative_change": 1.9958714398250483e-9,
                    "conductivity_w_mk": 0.24975843332321776,
                    "coupling_temperature_c": 35.4831333535645,
                    "element_id": "dielectric_core",
                    "measured_mean_temperature_c": 35.48313360306061
                  },
                  {
                    "conductivity_relative_change": 3.150729007393158e-12,
                    "conductivity_w_mk": 159.9997521153308,
                    "coupling_temperature_c": 35.001291065985455,
                    "element_id": "substrate_right",
                    "measured_mean_temperature_c": 35.0012910666413
                  }
                ],
                "total_joule_loss_w": 0.00006694644374542603,
                "total_loss_w": 0.0003461942413979367
              },
              {
                "converged": true,
                "coupling_temperature_c": 35.48313355316139,
                "dielectric_mean_temperature_c": 35.48313360309758,
                "iteration": 11,
                "loss_relative_change": 9.286375391156007e-11,
                "loss_tangent": 0.00020009662671063229,
                "max_conductivity_relative_change": 3.99579889880095e-10,
                "max_temperature_c": 35.963770984482096,
                "relative_permittivity": 2.100101458046164,
                "temperature_residual_c": 9.961424041193825e-8,
                "thermal_conductivity_updates": [
                  {
                    "conductivity_relative_change": 3.98544398629208e-10,
                    "conductivity_w_mk": 389.6241461076576,
                    "coupling_temperature_c": 35.96372792908322,
                    "element_id": "conductor_left",
                    "measured_mean_temperature_c": 35.96372802869746
                  },
                  {
                    "conductivity_relative_change": 3.99579889880095e-10,
                    "conductivity_w_mk": 0.2497584332234193,
                    "coupling_temperature_c": 35.48313355316139,
                    "element_id": "dielectric_core",
                    "measured_mean_temperature_c": 35.48313360309758
                  },
                  {
                    "conductivity_relative_change": 6.297194751786625e-13,
                    "conductivity_w_mk": 159.99975211523005,
                    "coupling_temperature_c": 35.001291066510134,
                    "element_id": "substrate_right",
                    "measured_mean_temperature_c": 35.001291066641166
                  }
                ],
                "total_joule_loss_w": 0.00006694644364106551,
                "total_loss_w": 0.0003461942414639314
              }
            ],
            "loss_relative_change_tolerance": 1e-9,
            "max_iterations": 12,
            "method": "relaxed_temperature_dependent_dielectric_and_conductivity_fixed_point",
            "parameter_source": "screening_sensitivity_not_material_card",
            "relaxation_factor": 0.8,
            "schema_version": "kyuubiki.composite-electrothermal-feedback-convergence/v1",
            "status": "pass",
            "temperature_residual_tolerance_c": 1e-7
          },
          "electrothermal_loss_projection": {
            "assumptions": [
              "The solved electrostatic field magnitude is interpreted as an RMS harmonic field.",
              "Relative permittivity and loss tangent are scalar, isotropic, and frequency-local screening values.",
              "Element dielectric loss is lumped consistently to its four thermal nodes."
            ],
            "distributed_total_heat_load_w": 0.0003461942414639314,
            "effective_conductivity_s_m": 2.3378069312877597e-7,
            "electric_field_rms_v_m": 40563.39943697659,
            "energy_balance_relative_error": 0.0,
            "frequency_hz": 10000000.0,
            "loss_tangent": 0.00020009662671063229,
            "model": "harmonic_dielectric_loss_sigma_eff_e_rms_squared",
            "relative_permittivity": 2.100101458046164,
            "schema_version": "kyuubiki.composite-electrothermal-loss-projection/v1",
            "source_element_id": "dielectric_core",
            "source_volume_m3": 9e-7,
            "target_element_count": 1,
            "target_node_count": 4,
            "total_loss_w": 0.0003461942414639314,
            "volumetric_loss_w_m3": 384.6602682932571
          },
          "heat": {
            "elements": [
              {
                "area": 0.0009,
                "average_temperature": 35.96372802869746,
                "heat_flow_rate": 1.0041966545107878e-6,
                "heat_flux_magnitude": 1.115774060567542,
                "heat_flux_x": 1.115774060567542,
                "heat_flux_y": 4.429513707096448e-11,
                "id": "conductor_left",
                "index": 0,
                "node_i": 0,
                "node_j": 1,
                "node_k": 5,
                "node_l": 4,
                "temperature_gradient_x": -0.0028637189756182124,
                "temperature_gradient_y": -1.1368683772161605e-13
              },
              {
                "area": 0.0009,
                "average_temperature": 35.48313360309758,
                "heat_flow_rate": 7.2013069310560895e-6,
                "heat_flux_magnitude": 8.001452145617877,
                "heat_flux_x": 8.001452145617877,
                "heat_flux_y": 5.6788492934951896e-14,
                "id": "dielectric_core",
                "index": 1,
                "node_i": 1,
                "node_j": 2,
                "node_k": 6,
                "node_l": 5,
                "temperature_gradient_x": -32.03676465435001,
                "temperature_gradient_y": -2.273736754432321e-13
              },
              {
                "area": 0.0009,
                "average_temperature": 35.001291066641166,
                "heat_flow_rate": 0.000012394220553025487,
                "heat_flux_magnitude": 13.77135617002832,
                "heat_flux_x": 13.77135617002832,
                "heat_flux_y": 1.818986585422295e-11,
                "id": "substrate_right",
                "index": 2,
                "node_i": 2,
                "node_j": 3,
                "node_k": 7,
                "node_l": 6,
                "temperature_gradient_x": -0.08607110941090923,
                "temperature_gradient_y": -1.1368683772161605e-13
              }
            ],
            "input": {
              "elements": [
                {
                  "conductivity": 389.6241461076576,
                  "id": "conductor_left",
                  "node_i": 0,
                  "node_j": 1,
                  "node_k": 5,
                  "node_l": 4,
                  "thickness": 0.001
                },
                {
                  "conductivity": 0.2497584332234193,
                  "id": "dielectric_core",
                  "node_i": 1,
                  "node_j": 2,
                  "node_k": 6,
                  "node_l": 5,
                  "thickness": 0.001
                },
                {
                  "conductivity": 159.99975211523005,
                  "id": "substrate_right",
                  "node_i": 2,
                  "node_j": 3,
                  "node_k": 7,
                  "node_l": 6,
                  "thickness": 0.001
                }
              ],
              "nodes": [
                {
                  "fix_temperature": false,
                  "heat_load": 0.000016736610910266378,
                  "id": "n0",
                  "temperature": 35.0,
                  "x": 0.0,
                  "y": 0.0
                },
                {
                  "fix_temperature": false,
                  "heat_load": 0.00010328517127624924,
                  "id": "n1",
                  "temperature": 35.0,
                  "x": 0.03,
                  "y": 0.0
                },
                {
                  "fix_temperature": false,
                  "heat_load": 0.00008654856036598285,
                  "id": "n2",
                  "temperature": 35.0,
                  "x": 0.06,
                  "y": 0.0
                },
                {
                  "fix_temperature": true,
                  "heat_load": 0.0,
                  "id": "n3",
                  "temperature": 35.0,
                  "x": 0.09,
                  "y": 0.0
                },
                {
                  "fix_temperature": false,
                  "heat_load": 0.000016736610910266378,
                  "id": "n4",
                  "temperature": 35.0,
                  "x": 0.0,
                  "y": 0.03
                },
                {
                  "fix_temperature": false,
                  "heat_load": 0.00010328517127624924,
                  "id": "n5",
                  "temperature": 35.0,
                  "x": 0.03,
                  "y": 0.03
                },
                {
                  "fix_temperature": false,
                  "heat_load": 0.00008654856036598285,
                  "id": "n6",
                  "temperature": 35.0,
                  "x": 0.06,
                  "y": 0.03
                },
                {
                  "fix_temperature": true,
                  "heat_load": 0.0,
                  "id": "n7",
                  "temperature": 35.0,
                  "x": 0.09,
                  "y": 0.03
                }
              ]
            },
            "max_heat_flux": 13.77135617002832,
            "max_temperature": 35.963770984482096,
            "nodes": [
              {
                "heat_load": 0.000016736610910266378,
                "id": "n0",
                "index": 0,
                "temperature": 35.963770984482096,
                "x": 0.0,
                "y": 0.0
              },
              {
                "heat_load": 0.00010328517127624924,
                "id": "n1",
                "index": 1,
                "temperature": 35.96368507291283,
                "x": 0.03,
                "y": 0.0
              },
              {
                "heat_load": 0.00008654856036598285,
                "id": "n2",
                "index": 2,
                "temperature": 35.00258213328233,
                "x": 0.06,
                "y": 0.0
              },
              {
                "heat_load": 0.0,
                "id": "n3",
                "index": 3,
                "temperature": 35.0,
                "x": 0.09,
                "y": 0.0
              },
              {
                "heat_load": 0.000016736610910266378,
                "id": "n4",
                "index": 4,
                "temperature": 35.963770984482096,
                "x": 0.0,
                "y": 0.03
              },
              {
                "heat_load": 0.00010328517127624924,
                "id": "n5",
                "index": 5,
                "temperature": 35.963685072912824,
                "x": 0.03,
                "y": 0.03
              },
              {
                "heat_load": 0.00008654856036598285,
                "id": "n6",
                "index": 6,
                "temperature": 35.002582133282324,
                "x": 0.06,
                "y": 0.03
              },
              {
                "heat_load": 0.0,
                "id": "n7",
                "index": 7,
                "temperature": 35.0,
                "x": 0.09,
                "y": 0.03
              }
            ],
            "total_abs_heat_flow_rate": 0.00002059972413859237
          },
          "heat_cross_validation": {
            "absolute_error_c": 1.8033574633591343e-11,
            "conductivities_w_mk": [
              389.6241461076576,
              0.2497584332234193,
              159.99975211523005
            ],
            "expected_max_temperature_c": 35.96377098450013,
            "fem_max_temperature_c": 35.963770984482096,
            "fixed_temperature_c": 35.0,
            "method": "layered_thermal_resistance_with_regional_generation_closed_form",
            "relative_error": 5.014372558807461e-13,
            "relative_error_tolerance": 1e-9,
            "schema_version": "kyuubiki.composite-heat-cross-validation/v1",
            "status": "pass",
            "total_heat_load_w": 0.0004131406851049969
          },
          "heat_mesh_convergence": {
            "finest_pair_relative_change": 8.656411319605598e-12,
            "max_analytic_relative_error": 6.17332880112285e-12,
            "method": "structured_quad_h_refinement",
            "refinement_levels": [
              1,
              2,
              4,
              8
            ],
            "relative_error_tolerance": 1e-8,
            "samples": [
              {
                "analytic_relative_error": 5.014372558807461e-13,
                "element_count": 3,
                "elements_per_layer": 1,
                "max_temperature_c": 35.963770984482096,
                "node_count": 8,
                "relative_change_from_previous": null
              },
              {
                "analytic_relative_error": 3.1236103291862083e-13,
                "element_count": 6,
                "elements_per_layer": 2,
                "max_temperature_c": 35.963770984488896,
                "node_count": 14,
                "relative_change_from_previous": 1.890762229621253e-13
              },
              {
                "analytic_relative_error": 6.17332880112285e-12,
                "element_count": 12,
                "elements_per_layer": 4,
                "max_temperature_c": 35.963770984722146,
                "node_count": 26,
                "relative_change_from_previous": 6.485689834041469e-12
              },
              {
                "analytic_relative_error": 2.4830825184827488e-12,
                "element_count": 24,
                "elements_per_layer": 8,
                "max_temperature_c": 35.96377098441083,
                "node_count": 50,
                "relative_change_from_previous": 8.656411319605598e-12
              }
            ],
            "schema_version": "kyuubiki.composite-heat-mesh-convergence/v1",
            "status": "pass"
          },
          "heat_to_thermal_projection": {
            "mapped_node_count": 8,
            "maximum_coordinate_error_m": 0.0,
            "maximum_temperature_delta_c": 0.963770984482096,
            "minimum_temperature_delta_c": 0.0,
            "reference_temperature_c": 35.0,
            "schema_version": "kyuubiki.composite-heat-to-thermal-projection/v1"
          },
          "joule_heating_projection": {
            "assumptions": [
              "Steady scalar electrical conductivity is solved on a two-dimensional quad mesh.",
              "Joule heating uses the solved local sigma times electric-field magnitude squared.",
              "Element Joule power integrates both triangular subcell fields before thermal projection.",
              "Recovered terminal currents gate current continuity and electrical input-power balance.",
              "Contact and terminal impedance models require explicit study-level heat mappings."
            ],
            "boundary_voltage_span_v": 0.000033600000000000004,
            "current_balance_relative_error": 0.0,
            "distributed_total_heat_load_w": 0.00006694644364106553,
            "electrical_power_balance_relative_error": 2.0243834353219575e-16,
            "energy_balance_relative_error": 2.0243834353219582e-16,
            "free_current_residual_relative_error": 0.0,
            "max_current_density_a_m2": 66415.12265978722,
            "max_free_current_residual_a": 0.0,
            "model": "solved_steady_current_density_sigma_e_squared",
            "parameter_source": "screening_reference_not_material_card",
            "regions": [
              {
                "coupling_temperature_c": 35.96372792908322,
                "current_density_magnitude_a_m2": 66415.12265978722,
                "distributed_heat_load_w": 0.00006694644364106551,
                "electric_field_magnitude_v_m": 0.00112,
                "electrical_conductivity_s_m": 59299216.660524294,
                "element_id": "conductor_left",
                "energy_balance_relative_error": 0.0,
                "joule_power_w": 0.00006694644364106551,
                "peak_current_density_magnitude_a_m2": 66415.12265978722,
                "peak_electric_field_magnitude_v_m": 0.00112,
                "rms_current_density_magnitude_a_m2": 66415.12265978722,
                "rms_electric_field_magnitude_v_m": 0.00112,
                "source_volume_m3": 9e-7,
                "volumetric_joule_heating_w_m3": 74.38493737896168
              }
            ],
            "schema_version": "kyuubiki.composite-current-to-heat-projection/v2",
            "source_power_balance_relative_error": 2.0243834353219575e-16,
            "status": "pass",
            "total_dissipated_power_w": 0.00006694644364106551,
            "total_electrical_input_power_w": 0.00006694644364106553,
            "total_extracted_current_a": 1.9924536797936168,
            "total_injected_current_a": 1.9924536797936168,
            "total_joule_loss_w": 0.00006694644364106551,
            "total_source_power_w": 0.00006694644364106553
          },
          "research": {
            "candidate_id": "copper_ptfe_glass_epoxy",
            "candidate_label": "Copper / PTFE / Glass epoxy",
            "coupling": "iterative_dielectric_and_conductor_joule_heating_with_temperature_dependent_electrical_thermal_feedback_and_expansion_projection",
            "materials": {
              "conductor": "copper",
              "dielectric": "ptfe",
              "substrate": "glass_epoxy"
            },
            "study": "material.composite_thermo_electric_panel.v1"
          },
          "schema_version": "kyuubiki.composite-thermo-electric-panel-result/v1",
          "thermal": {
            "elements": [
              {
                "area": 0.0009,
                "average_temperature_delta": 0.963728028697462,
                "gamma_xy": -2.7572687085100924e-21,
                "id": "conductor_left",
                "index": 0,
                "max_in_plane_shear": 286626.41328708123,
                "mechanical_strain_x": 1.6676445863975673e-6,
                "mechanical_strain_y": -5.211389332492381e-6,
                "node_i": 0,
                "node_j": 1,
                "node_k": 5,
                "node_l": 4,
                "principal_stress_1": 5.820766091346741e-10,
                "principal_stress_2": -573252.8265741619,
                "strain_energy_density": 4.912143587859676,
                "stress_x": 6.315935428978667e-10,
                "stress_y": -573252.8265741619,
                "tau_xy": -1.2631870857957336e-10,
                "thermal_strain": 0.00001638653431168206,
                "total_strain_x": 0.000018054178898079626,
                "total_strain_y": 0.000011175144979189677,
                "von_mises": 573252.8265741622
              },
              {
                "area": 0.0009,
                "average_temperature_delta": 0.4831336030975776,
                "gamma_xy": 2.6883369907973402e-20,
                "id": "dielectric_core",
                "index": 1,
                "max_in_plane_shear": 12673.96007264615,
                "mechanical_strain_x": 3.2445337785973996e-6,
                "mechanical_strain_y": -0.000010139168058116938,
                "node_i": 1,
                "node_j": 2,
                "node_k": 6,
                "node_l": 5,
                "principal_stress_1": -6.184563972055912e-11,
                "principal_stress_2": -25347.920145292363,
                "strain_energy_density": 0.48904400382917346,
                "stress_x": -6.118562446823085e-11,
                "stress_y": -25347.920145292363,
                "tau_xy": 2.5165055224836884e-11,
                "thermal_strain": 0.00002174941519021491,
                "total_strain_x": 0.00002499394896881231,
                "total_strain_y": 0.000011610247132097973,
                "von_mises": 25347.920145292333
              },
              {
                "area": 0.0009,
                "average_temperature_delta": 0.0012910666411638514,
                "gamma_xy": -3.1019272970738538e-21,
                "id": "substrate_right",
                "index": 2,
                "max_in_plane_shear": 3049.478953582499,
                "mechanical_strain_x": -8.87121150133134e-8,
                "mechanical_strain_y": 2.772253594165864e-7,
                "node_i": 2,
                "node_j": 3,
                "node_k": 7,
                "node_l": 6,
                "principal_stress_1": 6098.957907164857,
                "principal_stress_2": -1.4097167877480388e-10,
                "strain_energy_density": 0.0025460420210328123,
                "stress_x": -1.4062824978585314e-10,
                "stress_y": 6098.957907164857,
                "tau_xy": -2.61519201356148e-11,
                "thermal_strain": 1.8074939977076826e-8,
                "total_strain_x": -7.063717503623657e-8,
                "total_strain_y": 2.9530029939366325e-7,
                "von_mises": 6098.957907164927
              }
            ],
            "input": {
              "elements": [
                {
                  "id": "conductor_left",
                  "node_i": 0,
                  "node_j": 1,
                  "node_k": 5,
                  "node_l": 4,
                  "poisson_ratio": 0.32,
                  "thermal_expansion": 0.00001700327667529757,
                  "thickness": 0.001,
                  "youngs_modulus": 110000000000.0
                },
                {
                  "id": "dielectric_core",
                  "node_i": 1,
                  "node_j": 2,
                  "node_k": 6,
                  "node_l": 5,
                  "poisson_ratio": 0.32,
                  "thermal_expansion": 0.000045017392809711515,
                  "thickness": 0.001,
                  "youngs_modulus": 2500000000.0
                },
                {
                  "id": "substrate_right",
                  "node_i": 2,
                  "node_j": 3,
                  "node_k": 7,
                  "node_l": 6,
                  "poisson_ratio": 0.32,
                  "thermal_expansion": 0.000014000005422479892,
                  "thickness": 0.001,
                  "youngs_modulus": 22000000000.0
                }
              ],
              "nodes": [
                {
                  "fix_x": true,
                  "fix_y": true,
                  "id": "n0",
                  "load_x": 0.0,
                  "load_y": 0.0,
                  "temperature_delta": 0.963770984482096,
                  "x": 0.0,
                  "y": 0.0
                },
                {
                  "fix_x": false,
                  "fix_y": false,
                  "id": "n1",
                  "load_x": 0.0,
                  "load_y": 0.0,
                  "temperature_delta": 0.9636850729128312,
                  "x": 0.03,
                  "y": 0.0
                },
                {
                  "fix_x": false,
                  "fix_y": false,
                  "id": "n2",
                  "load_x": 0.0,
                  "load_y": 0.0,
                  "temperature_delta": 0.002582133282331256,
                  "x": 0.06,
                  "y": 0.0
                },
                {
                  "fix_x": false,
                  "fix_y": false,
                  "id": "n3",
                  "load_x": 0.0,
                  "load_y": 0.0,
                  "temperature_delta": 0.0,
                  "x": 0.09,
                  "y": 0.0
                },
                {
                  "fix_x": true,
                  "fix_y": true,
                  "id": "n4",
                  "load_x": 0.0,
                  "load_y": 0.0,
                  "temperature_delta": 0.963770984482096,
                  "x": 0.0,
                  "y": 0.03
                },
                {
                  "fix_x": false,
                  "fix_y": false,
                  "id": "n5",
                  "load_x": 0.0,
                  "load_y": 0.0,
                  "temperature_delta": 0.963685072912824,
                  "x": 0.03,
                  "y": 0.03
                },
                {
                  "fix_x": false,
                  "fix_y": false,
                  "id": "n6",
                  "load_x": 0.0,
                  "load_y": 0.0,
                  "temperature_delta": 0.0025821332823241505,
                  "x": 0.06,
                  "y": 0.03
                },
                {
                  "fix_x": false,
                  "fix_y": false,
                  "id": "n7",
                  "load_x": 0.0,
                  "load_y": 0.0,
                  "temperature_delta": 0.0,
                  "x": 0.09,
                  "y": 0.03
                }
              ]
            },
            "max_displacement": 1.2915098002163922e-6,
            "max_strain_energy_density": 4.912143587859676,
            "max_stress": 573252.8265741622,
            "max_temperature_delta": 0.963770984482096,
            "nodes": [
              {
                "displacement_magnitude": 0.0,
                "id": "n0",
                "index": 0,
                "temperature_delta": 0.963770984482096,
                "ux": 0.0,
                "uy": 0.0,
                "x": 0.0,
                "y": 0.0
              },
              {
                "displacement_magnitude": 6.36987846737122e-7,
                "id": "n1",
                "index": 1,
                "temperature_delta": 0.9636850729128312,
                "ux": 5.416253669423896e-7,
                "uy": -3.352543493756897e-7,
                "x": 0.03,
                "y": 0.0
              },
              {
                "displacement_magnitude": 1.2915098002163922e-6,
                "id": "n2",
                "index": 2,
                "temperature_delta": 0.002582133282331256,
                "ux": 1.2914438360067644e-6,
                "uy": -1.3053064587240157e-8,
                "x": 0.06,
                "y": 0.0
              },
              {
                "displacement_magnitude": 1.2893315421776238e-6,
                "id": "n3",
                "index": 3,
                "temperature_delta": 0.0,
                "ux": 1.2893247207556783e-6,
                "uy": 4.194055605460953e-9,
                "x": 0.09,
                "y": 0.0
              },
              {
                "displacement_magnitude": 0.0,
                "id": "n4",
                "index": 4,
                "temperature_delta": 0.963770984482096,
                "ux": 0.0,
                "uy": 0.0,
                "x": 0.0,
                "y": 0.03
              },
              {
                "displacement_magnitude": 6.369878467371214e-7,
                "id": "n5",
                "index": 5,
                "temperature_delta": 0.963685072912824,
                "ux": 5.41625366942388e-7,
                "uy": 3.352543493756911e-7,
                "x": 0.03,
                "y": 0.03
              },
              {
                "displacement_magnitude": 1.2915098002163797e-6,
                "id": "n6",
                "index": 6,
                "temperature_delta": 0.0025821332823241505,
                "ux": 1.2914438360067515e-6,
                "uy": 1.3053064587257428e-8,
                "x": 0.06,
                "y": 0.03
              },
              {
                "displacement_magnitude": 1.2893315421776092e-6,
                "id": "n7",
                "index": 7,
                "temperature_delta": 0.0,
                "ux": 1.289324720755664e-6,
                "uy": -4.1940556054168375e-9,
                "x": 0.09,
                "y": 0.03
              }
            ],
            "total_strain_energy": 4.863360270338894e-6
          },
          "thermal_constraint_regularized_mesh_convergence": {
            "algebraic_validation": {
              "max_relative_residual": null,
              "method": "original_system_recomputed_l2_residual_over_max_rhs_l2_or_one",
              "qualification_effect": "algebraic_gate_does_not_override_discretization_gates",
              "relative_residual_tolerance": 1e-10,
              "required_series": [
                "uniform_full_edge_clamp",
                "uniform_regularized_restraint",
                "interface_graded_full_edge_clamp"
              ],
              "schema_version": "kyuubiki.composite-thermal-algebraic-validation/v1",
              "series": [],
              "status": "missing"
            },
            "convergence_tolerance": 0.02,
            "diagnostic_metrics": [
              "max_von_mises_stress_pa"
            ],
            "finest_pair_displacement_relative_change": 0.001659532751239902,
            "finest_pair_peak_stress_relative_change": 0.30904358700792245,
            "finest_pair_strain_energy_relative_change": 0.22708471997539423,
            "method": "structured_quad_h_refinement_preserving_piecewise_linear_temperature_roller_edge_with_vertical_anchor",
            "pass_metrics": [
              "max_displacement_m",
              "total_strain_energy_j"
            ],
            "refinement_levels": [
              1,
              2,
              4,
              8
            ],
            "regime_assessment": {
              "diagnosis": "pass_metrics_lack_qualified_discretization_uncertainty",
              "gci_safety_factor": 1.25,
              "method": "four_level_constant_ratio_observed_order_and_fine_grid_gci",
              "metrics": [
                {
                  "coarse_triplet_observed_order": 0.5538907310120547,
                  "fine_grid_gci": null,
                  "fine_triplet_observed_order": 4.0921538263143225,
                  "metric": "max_displacement_m",
                  "observed_order_relative_difference": 0.8646456720540912,
                  "qualification_role": "pass_metric",
                  "regime": "oscillatory",
                  "richardson_extrapolated_value": null,
                  "unit": "m"
                },
                {
                  "coarse_triplet_observed_order": 1.6911964775356412,
                  "fine_grid_gci": 0.16737514386045227,
                  "fine_triplet_observed_order": 1.6754520426444697,
                  "metric": "total_strain_energy_j",
                  "observed_order_relative_difference": 0.009309642670326397,
                  "qualification_role": "pass_metric",
                  "regime": "asymptotic_converging",
                  "richardson_extrapolated_value": 9.103884848046033e-8,
                  "unit": "J"
                },
                {
                  "coarse_triplet_observed_order": -3.946770177022488,
                  "fine_grid_gci": null,
                  "fine_triplet_observed_order": -0.6803372785798256,
                  "metric": "max_von_mises_stress_pa",
                  "observed_order_relative_difference": 0.8276217646163821,
                  "qualification_role": "diagnostic_metric",
                  "regime": "monotonic_diverging",
                  "richardson_extrapolated_value": null,
                  "unit": "Pa"
                }
              ],
              "order_consistency_tolerance": 0.25,
              "qualification_effect": "gci_gates_require_asymptotic_pass_metric_evidence",
              "qualification_tolerance": 0.02,
              "refinement_ratio": 2.0,
              "schema_version": "kyuubiki.composite-thermal-convergence-regime/v1",
              "status": "fail"
            },
            "samples": [
              {
                "displacement_relative_change": null,
                "element_count": 3,
                "elements_per_original_element": 1,
                "max_displacement_m": 1.289975051852432e-6,
                "max_von_mises_stress_pa": 31725.161332967145,
                "node_count": 8,
                "peak_stress_relative_change": null,
                "strain_energy_relative_change": null,
                "total_strain_energy_j": 5.531910108781228e-7
              },
              {
                "displacement_relative_change": 0.04107532478146883,
                "element_count": 12,
                "elements_per_original_element": 2,
                "max_displacement_m": 1.2369889076376012e-6,
                "max_von_mises_stress_pa": 32542.205894221224,
                "node_count": 21,
                "peak_stress_relative_change": 0.025107227331481175,
                "strain_energy_relative_change": 0.5758400531432868,
                "total_strain_energy_j": 2.3464146977567606e-7
              },
              {
                "displacement_relative_change": 0.02835098818042464,
                "element_count": 48,
                "elements_per_original_element": 4,
                "max_displacement_m": 1.2730820415503047e-6,
                "max_von_mises_stress_pa": 45141.37638153829,
                "node_count": 65,
                "peak_stress_relative_change": 0.2791047038714091,
                "strain_energy_relative_change": 0.4204083614908736,
                "total_strain_energy_j": 1.3599623392947373e-7
              },
              {
                "displacement_relative_change": 0.001659532751239902,
                "element_count": 192,
                "elements_per_original_element": 8,
                "max_displacement_m": 1.2751982748517458e-6,
                "max_von_mises_stress_pa": 65331.72792486388,
                "node_count": 225,
                "peak_stress_relative_change": 0.30904358700792245,
                "strain_energy_relative_change": 0.22708471997539423,
                "total_strain_energy_j": 1.0511356722989099e-7
              }
            ],
            "schema_version": "kyuubiki.composite-thermal-mesh-convergence/v1",
            "status": "fail"
          },
          "thermal_constraint_sensitivity": {
            "alternative_restraint": "roller_edge_with_vertical_anchor",
            "alternative_status": "fail",
            "diagnosis": "mixed_restraint_sensitivity_and_persistent_energy_nonconvergence",
            "displacement_change_ratio_alternative_to_primary": 0.41354226658882126,
            "peak_stress_change_ratio_alternative_to_primary": 1.1901748421848128,
            "primary_restraint": "full_edge_clamp",
            "primary_status": "fail",
            "qualification_effect": "diagnostic_only_does_not_override_primary_quality_gates",
            "schema_version": "kyuubiki.composite-thermal-constraint-sensitivity/v1",
            "strain_energy_change_ratio_alternative_to_primary": 1.7219231861771729
          },
          "thermal_expansion_projection": {
            "coverage_fraction": 1.0,
            "declared_region_count": 3,
            "max_relative_change": 0.0003865068824780542,
            "model": "regional_linear_temperature_dependent_thermal_expansion",
            "parameter_source": "screening_sensitivity_not_material_card",
            "schema_version": "kyuubiki.composite-thermal-expansion-projection/v1",
            "status": "pass",
            "updated_region_count": 3,
            "updates": [
              {
                "adjusted_thermal_expansion_1_k": 0.00001700327667529757,
                "element_id": "conductor_left",
                "mean_temperature_c": 35.96372802869746,
                "reference_thermal_expansion_1_k": 0.000017,
                "relative_change": 0.00019274560573946797
              },
              {
                "adjusted_thermal_expansion_1_k": 0.000045017392809711515,
                "element_id": "dielectric_core",
                "mean_temperature_c": 35.48313360309758,
                "reference_thermal_expansion_1_k": 0.000045,
                "relative_change": 0.0003865068824780542
              },
              {
                "adjusted_thermal_expansion_1_k": 0.000014000005422479892,
                "element_id": "substrate_right",
                "mean_temperature_c": 35.001291066641166,
                "reference_thermal_expansion_1_k": 0.000014,
                "relative_change": 3.8731999228548115e-7
              }
            ]
          },
          "thermal_interface_grading_assessment": {
            "diagnosis": "graded_mesh_did_not_resolve_nonconvergence",
            "displacement_change_ratio_graded_to_uniform": 1.1295426191048827,
            "graded_mesh_convergence": {
              "algebraic_validation": {
                "max_relative_residual": null,
                "method": "original_system_recomputed_l2_residual_over_max_rhs_l2_or_one",
                "qualification_effect": "algebraic_gate_does_not_override_discretization_gates",
                "relative_residual_tolerance": 1e-10,
                "required_series": [
                  "uniform_full_edge_clamp",
                  "uniform_regularized_restraint",
                  "interface_graded_full_edge_clamp"
                ],
                "schema_version": "kyuubiki.composite-thermal-algebraic-validation/v1",
                "series": [],
                "status": "missing"
              },
              "convergence_tolerance": 0.02,
              "diagnostic_metrics": [
                "max_von_mises_stress_pa"
              ],
              "finest_pair_displacement_relative_change": 0.0045328207580524055,
              "finest_pair_peak_stress_relative_change": 0.4148885501353059,
              "finest_pair_strain_energy_relative_change": 0.11932832336938684,
              "method": "cosine_graded_quad_h_refinement_at_clamp_interfaces_and_free_edges",
              "pass_metrics": [
                "max_displacement_m",
                "total_strain_energy_j"
              ],
              "refinement_levels": [
                1,
                2,
                4,
                8
              ],
              "regime_assessment": {
                "diagnosis": "pass_metrics_lack_qualified_discretization_uncertainty",
                "gci_safety_factor": 1.25,
                "method": "four_level_constant_ratio_observed_order_and_fine_grid_gci",
                "metrics": [
                  {
                    "coarse_triplet_observed_order": 2.049793398444728,
                    "fine_grid_gci": null,
                    "fine_triplet_observed_order": 1.0353856262516332,
                    "metric": "max_displacement_m",
                    "observed_order_relative_difference": 0.4948829345253879,
                    "qualification_role": "pass_metric",
                    "regime": "oscillatory",
                    "richardson_extrapolated_value": null,
                    "unit": "m"
                  },
                  {
                    "coarse_triplet_observed_order": 0.854686119862105,
                    "fine_grid_gci": null,
                    "fine_triplet_observed_order": 1.773009614081542,
                    "metric": "total_strain_energy_j",
                    "observed_order_relative_difference": 0.5179461447506865,
                    "qualification_role": "pass_metric",
                    "regime": "monotonic_pre_asymptotic",
                    "richardson_extrapolated_value": null,
                    "unit": "J"
                  },
                  {
                    "coarse_triplet_observed_order": -1.059454307592793,
                    "fine_grid_gci": null,
                    "fine_triplet_observed_order": -0.5966455459135858,
                    "metric": "max_von_mises_stress_pa",
                    "observed_order_relative_difference": 0.43683692478514147,
                    "qualification_role": "diagnostic_metric",
                    "regime": "monotonic_diverging",
                    "richardson_extrapolated_value": null,
                    "unit": "Pa"
                  }
                ],
                "order_consistency_tolerance": 0.25,
                "qualification_effect": "gci_gates_require_asymptotic_pass_metric_evidence",
                "qualification_tolerance": 0.02,
                "refinement_ratio": 2.0,
                "schema_version": "kyuubiki.composite-thermal-convergence-regime/v1",
                "status": "fail"
              },
              "samples": [
                {
                  "displacement_relative_change": null,
                  "element_count": 3,
                  "elements_per_original_element": 1,
                  "max_displacement_m": 1.2915098002163922e-6,
                  "max_von_mises_stress_pa": 573252.8265741622,
                  "node_count": 8,
                  "peak_stress_relative_change": null,
                  "strain_energy_relative_change": null,
                  "total_strain_energy_j": 4.863360270338894e-6
                },
                {
                  "displacement_relative_change": 0.03737745973464869,
                  "element_count": 12,
                  "elements_per_original_element": 2,
                  "max_displacement_m": 1.2432364446618998e-6,
                  "max_von_mises_stress_pa": 994588.3633165028,
                  "node_count": 21,
                  "peak_stress_relative_change": 0.4236280578805255,
                  "strain_energy_relative_change": 0.34376925385825774,
                  "total_strain_energy_j": 3.1914865389605976e-6
                },
                {
                  "displacement_relative_change": 0.009290747916049709,
                  "element_count": 48,
                  "elements_per_original_element": 4,
                  "max_displacement_m": 1.2548953611231148e-6,
                  "max_von_mises_stress_pa": 1872711.8962807672,
                  "node_count": 65,
                  "peak_stress_relative_change": 0.4689047657080784,
                  "strain_energy_relative_change": 0.2896838596212235,
                  "total_strain_energy_j": 2.266964400425311e-6
                },
                {
                  "displacement_relative_change": 0.0045328207580524055,
                  "element_count": 192,
                  "elements_per_original_element": 8,
                  "max_displacement_m": 1.2492071453810325e-6,
                  "max_von_mises_stress_pa": 3200607.1607619855,
                  "node_count": 225,
                  "peak_stress_relative_change": 0.4148885501353059,
                  "strain_energy_relative_change": 0.11932832336938684,
                  "total_strain_energy_j": 1.9964513393844717e-6
                }
              ],
              "schema_version": "kyuubiki.composite-thermal-mesh-convergence/v1",
              "status": "fail"
            },
            "graded_stress_recovery": {
              "convergence_tolerance": 0.02,
              "diagnostic_metrics": [
                "max_stress_pa",
                "max_to_p95_ratio"
              ],
              "finest_pair_max_relative_change": 0.4148885501353059,
              "finest_pair_p95_relative_change": 0.34052351267729836,
              "finest_pair_rms_relative_change": 0.009226186163316613,
              "method": "interface_graded_mesh_element_area_weighted_von_mises_p95_and_rms",
              "pass_metrics": [
                "area_weighted_rms_stress_pa",
                "area_weighted_p95_stress_pa"
              ],
              "refinement_levels": [
                1,
                2,
                4,
                8
              ],
              "samples": [
                {
                  "element_count": 3,
                  "elements_per_original_element": 1,
                  "max_relative_change": null,
                  "p95_relative_change": null,
                  "rms_relative_change": null,
                  "statistics": {
                    "area_weighted_mean_stress_pa": 201566.56820887316,
                    "area_weighted_p95_stress_pa": 573252.8265741622,
                    "area_weighted_rms_stress_pa": 331309.7832937788,
                    "max_stress_pa": 573252.8265741622,
                    "max_to_p95_ratio": 1.0
                  }
                },
                {
                  "element_count": 12,
                  "elements_per_original_element": 2,
                  "max_relative_change": 0.4236280578805255,
                  "p95_relative_change": 0.4236280578805255,
                  "rms_relative_change": 0.19655442434156836,
                  "statistics": {
                    "area_weighted_mean_stress_pa": 203951.29680610925,
                    "area_weighted_p95_stress_pa": 994588.3633165028,
                    "area_weighted_rms_stress_pa": 412361.2019672485,
                    "max_stress_pa": 994588.3633165028,
                    "max_to_p95_ratio": 1.0
                  }
                },
                {
                  "element_count": 48,
                  "elements_per_original_element": 4,
                  "max_relative_change": 0.4689047657080784,
                  "p95_relative_change": 0.5157169173315705,
                  "rms_relative_change": 0.04087201170980111,
                  "statistics": {
                    "area_weighted_mean_stress_pa": 154603.8925988757,
                    "area_weighted_p95_stress_pa": 481662.3185730639,
                    "area_weighted_rms_stress_pa": 395507.1700917755,
                    "max_stress_pa": 1872711.8962807672,
                    "max_to_p95_ratio": 3.8880182735255704
                  }
                },
                {
                  "element_count": 192,
                  "elements_per_original_element": 8,
                  "max_relative_change": 0.4148885501353059,
                  "p95_relative_change": 0.34052351267729836,
                  "rms_relative_change": 0.009226186163316613,
                  "statistics": {
                    "area_weighted_mean_stress_pa": 144243.2976928561,
                    "area_weighted_p95_stress_pa": 730370.7225840366,
                    "area_weighted_rms_stress_pa": 391858.14731158223,
                    "max_stress_pa": 3200607.1607619855,
                    "max_to_p95_ratio": 4.382167934440613
                  }
                }
              ],
              "schema_version": "kyuubiki.composite-thermal-stress-recovery/v1",
              "status": "fail"
            },
            "max_change_ratio_graded_to_uniform": 1.5978002309069597,
            "p95_change_ratio_graded_to_uniform": 1.1440156938506216,
            "qualification_effect": "diagnostic_only_does_not_override_uniform_mesh_gates",
            "rms_change_ratio_graded_to_uniform": 0.5713671054109025,
            "schema_version": "kyuubiki.composite-thermal-interface-grading-assessment/v1",
            "strain_energy_change_ratio_graded_to_uniform": 0.90483501840044
          },
          "thermal_mesh_convergence": {
            "algebraic_validation": {
              "max_relative_residual": 2.1855909800798557e-14,
              "method": "original_system_recomputed_l2_residual_over_max_rhs_l2_or_one",
              "qualification_effect": "algebraic_gate_does_not_override_discretization_gates",
              "relative_residual_tolerance": 1e-10,
              "required_series": [
                "uniform_full_edge_clamp",
                "uniform_regularized_restraint",
                "interface_graded_full_edge_clamp"
              ],
              "schema_version": "kyuubiki.composite-thermal-algebraic-validation/v1",
              "series": [
                {
                  "label": "uniform_full_edge_clamp",
                  "max_relative_residual": 1.0472972277607028e-14,
                  "samples": [
                    {
                      "element_count": 3,
                      "elements_per_original_element": 1,
                      "matrix_non_zero_count": 112,
                      "node_count": 8,
                      "relative_residual": 2.7078133255946043e-16,
                      "residual_norm": 2.1661113373597072e-14,
                      "rhs_norm": 79.99485477397356,
                      "solver_iterations": 0
                    },
                    {
                      "element_count": 12,
                      "elements_per_original_element": 2,
                      "matrix_non_zero_count": 440,
                      "node_count": 21,
                      "relative_residual": 6.931020966591666e-16,
                      "residual_norm": 5.45805374551661e-14,
                      "rhs_norm": 78.74819268077631,
                      "solver_iterations": 0
                    },
                    {
                      "element_count": 48,
                      "elements_per_original_element": 4,
                      "matrix_non_zero_count": 1746,
                      "node_count": 65,
                      "relative_residual": 2.427080150761791e-15,
                      "residual_norm": 1.5032977407167386e-13,
                      "rhs_norm": 61.93852890457269,
                      "solver_iterations": 0
                    },
                    {
                      "element_count": 192,
                      "elements_per_original_element": 8,
                      "matrix_non_zero_count": 6925,
                      "node_count": 225,
                      "relative_residual": 1.0472972277607028e-14,
                      "residual_norm": 4.799603926479421e-13,
                      "rhs_norm": 45.82847924406121,
                      "solver_iterations": 0
                    }
                  ],
                  "solver_path": "dense_direct",
                  "status": "pass"
                },
                {
                  "label": "uniform_regularized_restraint",
                  "max_relative_residual": 1.3519158193800966e-14,
                  "samples": [
                    {
                      "element_count": 3,
                      "elements_per_original_element": 1,
                      "matrix_non_zero_count": 121,
                      "node_count": 8,
                      "relative_residual": 2.2283025449701003e-16,
                      "residual_norm": 1.990585974597062e-14,
                      "rhs_norm": 89.33194368468365,
                      "solver_iterations": 0
                    },
                    {
                      "element_count": 12,
                      "elements_per_original_element": 2,
                      "matrix_non_zero_count": 463,
                      "node_count": 21,
                      "relative_residual": 5.796297746732095e-16,
                      "residual_norm": 4.7077016602469583e-14,
                      "rhs_norm": 81.2191137506889,
                      "solver_iterations": 0
                    },
                    {
                      "element_count": 48,
                      "elements_per_original_element": 4,
                      "matrix_non_zero_count": 1798,
                      "node_count": 65,
                      "relative_residual": 3.3796041113636746e-15,
                      "residual_norm": 2.1200651434312186e-13,
                      "rhs_norm": 62.73116831355048,
                      "solver_iterations": 0
                    },
                    {
                      "element_count": 192,
                      "elements_per_original_element": 8,
                      "matrix_non_zero_count": 7030,
                      "node_count": 225,
                      "relative_residual": 1.3519158193800966e-14,
                      "residual_norm": 6.23195687249836e-13,
                      "rhs_norm": 46.097225752975824,
                      "solver_iterations": 0
                    }
                  ],
                  "solver_path": "dense_direct",
                  "status": "pass"
                },
                {
                  "label": "interface_graded_full_edge_clamp",
                  "max_relative_residual": 2.1855909800798557e-14,
                  "samples": [
                    {
                      "element_count": 3,
                      "elements_per_original_element": 1,
                      "matrix_non_zero_count": 112,
                      "node_count": 8,
                      "relative_residual": 2.7078133255946043e-16,
                      "residual_norm": 2.1661113373597072e-14,
                      "rhs_norm": 79.99485477397356,
                      "solver_iterations": 0
                    },
                    {
                      "element_count": 12,
                      "elements_per_original_element": 2,
                      "matrix_non_zero_count": 444,
                      "node_count": 21,
                      "relative_residual": 1.0147111844485693e-15,
                      "residual_norm": 7.99066718682947e-14,
                      "rhs_norm": 78.74819268077631,
                      "solver_iterations": 0
                    },
                    {
                      "element_count": 48,
                      "elements_per_original_element": 4,
                      "matrix_non_zero_count": 1749,
                      "node_count": 65,
                      "relative_residual": 3.434661509279202e-15,
                      "residual_norm": 2.3578049532667184e-13,
                      "rhs_norm": 68.64737462183072,
                      "solver_iterations": 0
                    },
                    {
                      "element_count": 192,
                      "elements_per_original_element": 8,
                      "matrix_non_zero_count": 6951,
                      "node_count": 225,
                      "relative_residual": 2.1855909800798557e-14,
                      "residual_norm": 1.1322763607694552e-12,
                      "rhs_norm": 51.80641625488795,
                      "solver_iterations": 0
                    }
                  ],
                  "solver_path": "dense_direct",
                  "status": "pass"
                }
              ],
              "status": "pass"
            },
            "convergence_tolerance": 0.02,
            "diagnostic_metrics": [
              "max_von_mises_stress_pa"
            ],
            "finest_pair_displacement_relative_change": 0.004012970100804593,
            "finest_pair_peak_stress_relative_change": 0.25966234208127675,
            "finest_pair_strain_energy_relative_change": 0.1318785424334422,
            "method": "structured_quad_h_refinement_preserving_piecewise_linear_temperature_full_edge_clamp",
            "pass_metrics": [
              "max_displacement_m",
              "total_strain_energy_j"
            ],
            "refinement_levels": [
              1,
              2,
              4,
              8
            ],
            "regime_assessment": {
              "diagnosis": "pass_metrics_lack_qualified_discretization_uncertainty",
              "gci_safety_factor": 1.25,
              "method": "four_level_constant_ratio_observed_order_and_fine_grid_gci",
              "metrics": [
                {
                  "coarse_triplet_observed_order": 7.623479872716508,
                  "fine_grid_gci": null,
                  "fine_triplet_observed_order": -4.354612809262908,
                  "metric": "max_displacement_m",
                  "observed_order_relative_difference": 1.5712106389691576,
                  "qualification_role": "pass_metric",
                  "regime": "oscillatory",
                  "richardson_extrapolated_value": null,
                  "unit": "m"
                },
                {
                  "coarse_triplet_observed_order": 1.082832925723868,
                  "fine_grid_gci": 0.1273175596259596,
                  "fine_triplet_observed_order": 1.3169988585497594,
                  "metric": "total_strain_energy_j",
                  "observed_order_relative_difference": 0.17780268472195038,
                  "qualification_role": "pass_metric",
                  "regime": "asymptotic_converging",
                  "richardson_extrapolated_value": 1.8729897121704288e-6,
                  "unit": "J"
                },
                {
                  "coarse_triplet_observed_order": 0.040510168973688,
                  "fine_grid_gci": null,
                  "fine_triplet_observed_order": -0.2657296211543375,
                  "metric": "max_von_mises_stress_pa",
                  "observed_order_relative_difference": 1.1524488267348991,
                  "qualification_role": "diagnostic_metric",
                  "regime": "monotonic_diverging",
                  "richardson_extrapolated_value": null,
                  "unit": "Pa"
                }
              ],
              "order_consistency_tolerance": 0.25,
              "qualification_effect": "gci_gates_require_asymptotic_pass_metric_evidence",
              "qualification_tolerance": 0.02,
              "refinement_ratio": 2.0,
              "schema_version": "kyuubiki.composite-thermal-convergence-regime/v1",
              "status": "fail"
            },
            "samples": [
              {
                "displacement_relative_change": null,
                "element_count": 3,
                "elements_per_original_element": 1,
                "max_displacement_m": 1.2915098002163922e-6,
                "max_von_mises_stress_pa": 573252.8265741622,
                "node_count": 8,
                "peak_stress_relative_change": null,
                "strain_energy_relative_change": null,
                "total_strain_energy_j": 4.863360270338894e-6
              },
              {
                "displacement_relative_change": 0.03737745973467312,
                "element_count": 12,
                "elements_per_original_element": 2,
                "max_displacement_m": 1.2432364446618682e-6,
                "max_von_mises_stress_pa": 994588.363316502,
                "node_count": 21,
                "peak_stress_relative_change": 0.423628057880525,
                "strain_energy_relative_change": 0.3437692538582576,
                "total_strain_energy_j": 3.1914865389605984e-6
              },
              {
                "displacement_relative_change": 0.00019690540728593215,
                "element_count": 48,
                "elements_per_original_element": 4,
                "max_displacement_m": 1.2429916446833794e-6,
                "max_von_mises_stress_pa": 1404257.5639141018,
                "node_count": 65,
                "peak_stress_relative_change": 0.291733661348937,
                "strain_energy_relative_change": 0.2473120436413184,
                "total_strain_energy_j": 2.4021934807564946e-6
              },
              {
                "displacement_relative_change": 0.004012970100804593,
                "element_count": 192,
                "elements_per_original_element": 8,
                "max_displacement_m": 1.2479998306897463e-6,
                "max_von_mises_stress_pa": 1896779.8664488115,
                "node_count": 225,
                "peak_stress_relative_change": 0.25966234208127675,
                "strain_energy_relative_change": 0.1318785424334422,
                "total_strain_energy_j": 2.085395705871211e-6
              }
            ],
            "schema_version": "kyuubiki.composite-thermal-mesh-convergence/v1",
            "status": "fail"
          },
          "thermal_stress_recovery": {
            "convergence_tolerance": 0.02,
            "diagnostic_metrics": [
              "max_stress_pa",
              "max_to_p95_ratio"
            ],
            "finest_pair_max_relative_change": 0.25966234208127675,
            "finest_pair_p95_relative_change": 0.2976563298105959,
            "finest_pair_rms_relative_change": 0.01614756270695972,
            "method": "uniform_mesh_element_area_weighted_von_mises_p95_and_rms",
            "pass_metrics": [
              "area_weighted_rms_stress_pa",
              "area_weighted_p95_stress_pa"
            ],
            "refinement_levels": [
              1,
              2,
              4,
              8
            ],
            "samples": [
              {
                "element_count": 3,
                "elements_per_original_element": 1,
                "max_relative_change": null,
                "p95_relative_change": null,
                "rms_relative_change": null,
                "statistics": {
                  "area_weighted_mean_stress_pa": 201566.56820887316,
                  "area_weighted_p95_stress_pa": 573252.8265741622,
                  "area_weighted_rms_stress_pa": 331309.7832937788,
                  "max_stress_pa": 573252.8265741622,
                  "max_to_p95_ratio": 1.0
                }
              },
              {
                "element_count": 12,
                "elements_per_original_element": 2,
                "max_relative_change": 0.423628057880525,
                "p95_relative_change": 0.423628057880525,
                "rms_relative_change": 0.19655442434156817,
                "statistics": {
                  "area_weighted_mean_stress_pa": 203951.29680610928,
                  "area_weighted_p95_stress_pa": 994588.363316502,
                  "area_weighted_rms_stress_pa": 412361.2019672484,
                  "max_stress_pa": 994588.363316502,
                  "max_to_p95_ratio": 1.0
                }
              },
              {
                "element_count": 48,
                "elements_per_original_element": 4,
                "max_relative_change": 0.291733661348937,
                "p95_relative_change": 0.24522114951306925,
                "rms_relative_change": 0.02138088807354289,
                "statistics": {
                  "area_weighted_mean_stress_pa": 161020.64785509667,
                  "area_weighted_p95_stress_pa": 1317721.558672269,
                  "area_weighted_rms_stress_pa": 403544.55326211505,
                  "max_stress_pa": 1404257.5639141018,
                  "max_to_p95_ratio": 1.0656709337965344
                }
              },
              {
                "element_count": 192,
                "elements_per_original_element": 8,
                "max_relative_change": 0.25966234208127675,
                "p95_relative_change": 0.2976563298105959,
                "rms_relative_change": 0.01614756270695972,
                "statistics": {
                  "area_weighted_mean_stress_pa": 147797.11347417484,
                  "area_weighted_p95_stress_pa": 925493.3958055836,
                  "area_weighted_rms_stress_pa": 397028.292283263,
                  "max_stress_pa": 1896779.8664488115,
                  "max_to_p95_ratio": 2.0494796343714414
                }
              }
            ],
            "schema_version": "kyuubiki.composite-thermal-stress-recovery/v1",
            "status": "fail"
          }
        },
        "status": "completed"
      },
      "requires_confirmation": false
    }
  ]
}
