{
  "schema_version": "kyuubiki.headless-execution-run/v1",
  "workflow_id": "template.material_composite_thermo_electric_panel_screening",
  "mode": "execute:service",
  "status": "ok",
  "executed_step_count": 9,
  "warning_count": 0,
  "blocked_by_confirmation": null,
  "validation": {
    "ok": true,
    "issue_count": 0,
    "issues": [],
    "warning_count": 0,
    "warnings": [],
    "summary": {
      "schema_version": "kyuubiki.headless-execution-batch/v1",
      "workflow_id": "template.material_composite_thermo_electric_panel_screening",
      "template_id": "material_composite_thermo_electric_panel_screening",
      "exported_at": "1970-01-01T00:00:00.000Z",
      "language": "en",
      "step_count": 9,
      "warning_count": 0,
      "actions": [
        "solve_composite_thermo_electric_panel",
        "job_wait",
        "result_fetch",
        "solve_composite_thermo_electric_panel",
        "job_wait",
        "result_fetch",
        "solve_composite_thermo_electric_panel",
        "job_wait",
        "result_fetch"
      ]
    },
    "policy": {
      "required_engines": [
        "service"
      ],
      "engine_counts": {
        "service": 9,
        "browser": 0
      },
      "risk_counts": {
        "sensitive": 0,
        "normal": 9,
        "destructive": 0
      },
      "recommended_runtime": "service_only",
      "needs_desktop_browser": false,
      "safe_for_service_only": true,
      "notes": []
    }
  },
  "execution_summary": {
    "schema_version": "kyuubiki.headless-execution-summary/v1",
    "job_count": 3,
    "job_ids": [
      "51b62f034e90fd6e",
      "26eb45073e8b967e",
      "e77222ad10c315a7"
    ],
    "jobs": [
      {
        "job_id": "51b62f034e90fd6e",
        "status": "completed",
        "worker_id": "rust-agent-rpc@127.0.0.1:5001",
        "phase": "execution",
        "created_at": "2026-08-13T11:22:17.204259Z",
        "execution_started_at": "2026-08-13T11:22:17.207817Z",
        "updated_at": "2026-08-13T11:22:23.267947Z",
        "queue_wait_ms": 3,
        "execution_elapsed_ms": 6060,
        "total_elapsed_ms": 6063,
        "effective_timeout_ms": 120000,
        "effective_deadline": "2026-08-13T11:24:17.207817Z"
      },
      {
        "job_id": "26eb45073e8b967e",
        "status": "completed",
        "worker_id": "rust-agent-rpc@127.0.0.1:5002",
        "phase": "execution",
        "created_at": "2026-08-13T11:22:23.300856Z",
        "execution_started_at": "2026-08-13T11:22:23.305551Z",
        "updated_at": "2026-08-13T11:22:29.345851Z",
        "queue_wait_ms": 4,
        "execution_elapsed_ms": 6040,
        "total_elapsed_ms": 6044,
        "effective_timeout_ms": 120000,
        "effective_deadline": "2026-08-13T11:24:23.305551Z"
      },
      {
        "job_id": "e77222ad10c315a7",
        "status": "completed",
        "worker_id": "rust-agent-rpc@127.0.0.1:5001",
        "phase": "execution",
        "created_at": "2026-08-13T11:22:29.385375Z",
        "execution_started_at": "2026-08-13T11:22:29.387917Z",
        "updated_at": "2026-08-13T11:22:35.441550Z",
        "queue_wait_ms": 2,
        "execution_elapsed_ms": 6053,
        "total_elapsed_ms": 6056,
        "effective_timeout_ms": 120000,
        "effective_deadline": "2026-08-13T11:24:29.387917Z"
      }
    ],
    "failure": null
  },
  "steps": [
    {
      "index": 1,
      "action": "solve_composite_thermo_electric_panel",
      "risk": "normal",
      "status": "executed",
      "payload": {
        "electric_conduction_feedback": {
          "parameter_source": "screening_reference_not_material_card",
          "regions": [
            {
              "element_id": "conductor_left",
              "reference_resistivity_ohm_m": 1.68e-8,
              "reference_temperature_c": 35.0,
              "resistivity_temperature_coefficient_1_k": 0.00393
            }
          ]
        },
        "electric_conduction_model": {
          "contact_interfaces": [],
          "elements": [
            {
              "electrical_conductivity_s_m": 59523809.523809515,
              "id": "conductor_left",
              "node_i": 0,
              "node_j": 1,
              "node_k": 2,
              "node_l": 3,
              "thickness": 0.001
            }
          ],
          "nodes": [
            {
              "current_source_a": 0.0,
              "electric_potential_v": 0.0,
              "fix_electric_potential": true,
              "id": "n0",
              "x": 0.0,
              "y": 0.0
            },
            {
              "current_source_a": 0.0,
              "electric_potential_v": 0.000033600000000000004,
              "fix_electric_potential": true,
              "id": "n1",
              "x": 0.03,
              "y": 0.0
            },
            {
              "current_source_a": 0.0,
              "electric_potential_v": 0.000033600000000000004,
              "fix_electric_potential": true,
              "id": "n5",
              "x": 0.03,
              "y": 0.03
            },
            {
              "current_source_a": 0.0,
              "electric_potential_v": 0.0,
              "fix_electric_potential": true,
              "id": "n4",
              "x": 0.0,
              "y": 0.03
            }
          ],
          "terminals": []
        },
        "electrostatic_model": {
          "elements": [
            {
              "id": "conductor_left",
              "node_i": 0,
              "node_j": 1,
              "node_k": 5,
              "node_l": 4,
              "permittivity": 1.0,
              "thickness": 0.001
            },
            {
              "id": "dielectric_core",
              "node_i": 1,
              "node_j": 2,
              "node_k": 6,
              "node_l": 5,
              "permittivity": 3.4,
              "thickness": 0.001
            },
            {
              "id": "substrate_right",
              "node_i": 2,
              "node_j": 3,
              "node_k": 7,
              "node_l": 6,
              "permittivity": 4.2,
              "thickness": 0.001
            }
          ],
          "nodes": [
            {
              "charge_density": 0.0,
              "fix_potential": true,
              "id": "n0",
              "potential": 0.0,
              "x": 0.0,
              "y": 0.0
            },
            {
              "charge_density": 0.0,
              "fix_potential": false,
              "id": "n1",
              "potential": 0.0,
              "x": 0.03,
              "y": 0.0
            },
            {
              "charge_density": 0.0,
              "fix_potential": false,
              "id": "n2",
              "potential": 0.0,
              "x": 0.06,
              "y": 0.0
            },
            {
              "charge_density": 0.0,
              "fix_potential": true,
              "id": "n3",
              "potential": 5695,
              "x": 0.09,
              "y": 0.0
            },
            {
              "charge_density": 0.0,
              "fix_potential": true,
              "id": "n4",
              "potential": 0.0,
              "x": 0.0,
              "y": 0.03
            },
            {
              "charge_density": 0.0,
              "fix_potential": false,
              "id": "n5",
              "potential": 0.0,
              "x": 0.03,
              "y": 0.03
            },
            {
              "charge_density": 0.0,
              "fix_potential": false,
              "id": "n6",
              "potential": 0.0,
              "x": 0.06,
              "y": 0.03
            },
            {
              "charge_density": 0.0,
              "fix_potential": true,
              "id": "n7",
              "potential": 5695,
              "x": 0.09,
              "y": 0.03
            }
          ]
        },
        "electrothermal_feedback": {
          "conductivity_relative_change_tolerance": 1e-9,
          "loss_relative_change_tolerance": 1e-9,
          "loss_tangent_temperature_coefficient_1_k": 0.001,
          "max_iterations": 12,
          "parameter_source": "screening_sensitivity_not_material_card",
          "relative_permittivity_temperature_coefficient_1_k": 0.0001,
          "relaxation_factor": 0.8,
          "temperature_residual_tolerance_c": 1e-7,
          "thermal_conductivity_models": [
            {
              "element_id": "conductor_left",
              "reference_temperature_c": 35.0,
              "temperature_coefficient_1_k": -0.001
            },
            {
              "element_id": "dielectric_core",
              "reference_temperature_c": 35.0,
              "temperature_coefficient_1_k": -0.002
            },
            {
              "element_id": "substrate_right",
              "reference_temperature_c": 35.0,
              "temperature_coefficient_1_k": -0.0012
            }
          ]
        },
        "electrothermal_loss": {
          "frequency_hz": 10000000.0,
          "loss_tangent": 0.008,
          "reference_temperature_c": 35.0,
          "relative_permittivity": 3.4,
          "source_element_id": "dielectric_core"
        },
        "heat_model": {
          "elements": [
            {
              "conductivity": 390.0,
              "id": "conductor_left",
              "node_i": 0,
              "node_j": 1,
              "node_k": 5,
              "node_l": 4,
              "thickness": 0.001
            },
            {
              "conductivity": 0.25,
              "id": "dielectric_core",
              "node_i": 1,
              "node_j": 2,
              "node_k": 6,
              "node_l": 5,
              "thickness": 0.001
            },
            {
              "conductivity": 160.0,
              "id": "substrate_right",
              "node_i": 2,
              "node_j": 3,
              "node_k": 7,
              "node_l": 6,
              "thickness": 0.001
            }
          ],
          "nodes": [
            {
              "fix_temperature": false,
              "heat_load": 0.0,
              "id": "n0",
              "temperature": 35.0,
              "x": 0.0,
              "y": 0.0
            },
            {
              "fix_temperature": false,
              "heat_load": 0.0,
              "id": "n1",
              "temperature": 35.0,
              "x": 0.03,
              "y": 0.0
            },
            {
              "fix_temperature": false,
              "heat_load": 0.0,
              "id": "n2",
              "temperature": 35.0,
              "x": 0.06,
              "y": 0.0
            },
            {
              "fix_temperature": true,
              "heat_load": 0.0,
              "id": "n3",
              "temperature": 35.0,
              "x": 0.09,
              "y": 0.0
            },
            {
              "fix_temperature": false,
              "heat_load": 0.0,
              "id": "n4",
              "temperature": 35.0,
              "x": 0.0,
              "y": 0.03
            },
            {
              "fix_temperature": false,
              "heat_load": 0.0,
              "id": "n5",
              "temperature": 35.0,
              "x": 0.03,
              "y": 0.03
            },
            {
              "fix_temperature": false,
              "heat_load": 0.0,
              "id": "n6",
              "temperature": 35.0,
              "x": 0.06,
              "y": 0.03
            },
            {
              "fix_temperature": true,
              "heat_load": 0.0,
              "id": "n7",
              "temperature": 35.0,
              "x": 0.09,
              "y": 0.03
            }
          ]
        },
        "research": {
          "candidate_id": "copper_polyimide_aluminum",
          "candidate_label": "Copper / Polyimide / Aluminum",
          "coupling": "iterative_dielectric_and_conductor_joule_heating_with_temperature_dependent_electrical_thermal_feedback_and_expansion_projection",
          "materials": {
            "conductor": "copper",
            "dielectric": "polyimide",
            "substrate": "aluminum_6061"
          },
          "study": "material.composite_thermo_electric_panel.v1"
        },
        "thermal_expansion_feedback": {
          "parameter_source": "screening_sensitivity_not_material_card",
          "regions": [
            {
              "element_id": "conductor_left",
              "reference_temperature_c": 35.0,
              "temperature_coefficient_1_k": 0.0002
            },
            {
              "element_id": "dielectric_core",
              "reference_temperature_c": 35.0,
              "temperature_coefficient_1_k": 0.0008
            },
            {
              "element_id": "substrate_right",
              "reference_temperature_c": 35.0,
              "temperature_coefficient_1_k": 0.0003
            }
          ]
        },
        "thermal_model": {
          "elements": [
            {
              "id": "conductor_left",
              "node_i": 0,
              "node_j": 1,
              "node_k": 5,
              "node_l": 4,
              "poisson_ratio": 0.32,
              "thermal_expansion": 0.000017,
              "thickness": 0.001,
              "youngs_modulus": 110000000000.0
            },
            {
              "id": "dielectric_core",
              "node_i": 1,
              "node_j": 2,
              "node_k": 6,
              "node_l": 5,
              "poisson_ratio": 0.32,
              "thermal_expansion": 0.000045,
              "thickness": 0.001,
              "youngs_modulus": 2500000000.0
            },
            {
              "id": "substrate_right",
              "node_i": 2,
              "node_j": 3,
              "node_k": 7,
              "node_l": 6,
              "poisson_ratio": 0.32,
              "thermal_expansion": 0.0000236,
              "thickness": 0.001,
              "youngs_modulus": 68900000000.0
            }
          ],
          "nodes": [
            {
              "fix_x": true,
              "fix_y": true,
              "id": "n0",
              "load_x": 0.0,
              "load_y": 0.0,
              "temperature_delta": 0.0,
              "x": 0.0,
              "y": 0.0
            },
            {
              "fix_x": false,
              "fix_y": false,
              "id": "n1",
              "load_x": 0.0,
              "load_y": 0.0,
              "temperature_delta": 0.0,
              "x": 0.03,
              "y": 0.0
            },
            {
              "fix_x": false,
              "fix_y": false,
              "id": "n2",
              "load_x": 0.0,
              "load_y": 0.0,
              "temperature_delta": 0.0,
              "x": 0.06,
              "y": 0.0
            },
            {
              "fix_x": false,
              "fix_y": false,
              "id": "n3",
              "load_x": 0.0,
              "load_y": 0.0,
              "temperature_delta": 0.0,
              "x": 0.09,
              "y": 0.0
            },
            {
              "fix_x": true,
              "fix_y": true,
              "id": "n4",
              "load_x": 0.0,
              "load_y": 0.0,
              "temperature_delta": 0.0,
              "x": 0.0,
              "y": 0.03
            },
            {
              "fix_x": false,
              "fix_y": false,
              "id": "n5",
              "load_x": 0.0,
              "load_y": 0.0,
              "temperature_delta": 0.0,
              "x": 0.03,
              "y": 0.03
            },
            {
              "fix_x": false,
              "fix_y": false,
              "id": "n6",
              "load_x": 0.0,
              "load_y": 0.0,
              "temperature_delta": 0.0,
              "x": 0.06,
              "y": 0.03
            },
            {
              "fix_x": false,
              "fix_y": false,
              "id": "n7",
              "load_x": 0.0,
              "load_y": 0.0,
              "temperature_delta": 0.0,
              "x": 0.09,
              "y": 0.03
            }
          ]
        }
      },
      "result_preview": {
        "job": {
          "created_at": "2026-08-13T11:22:17.204259Z",
          "execution_started_at": null,
          "execution_timeout_ms": 120000,
          "has_result": false,
          "iteration": null,
          "job_id": "51b62f034e90fd6e",
          "message": null,
          "model_version_id": null,
          "progress": 0.0,
          "project_id": "f2c7995c0fc19fa6",
          "queue_timeout_ms": 1800000,
          "residual": null,
          "simulation_case_id": "db30e8e64c24605d",
          "status": "queued",
          "status_detail": {
            "active": true,
            "failure_class": null,
            "lifecycle": "active",
            "recoverable": false,
            "terminal": false,
            "timing": {
              "effective_deadline": "2026-08-13T11:52:17.204259Z",
              "effective_timeout_ms": 1800000,
              "execution_elapsed_ms": null,
              "execution_started_at": null,
              "execution_timeout_ms": 120000,
              "job_submission_deadline": "2026-08-13T11:52:17.204259Z",
              "phase": "queue",
              "queue_timeout_ms": 1800000,
              "queue_wait_ms": 0,
              "total_elapsed_ms": 0
            }
          },
          "updated_at": "2026-08-13T11:22:17.204259Z",
          "worker_id": null
        },
        "job_id": "51b62f034e90fd6e",
        "progress": 0.0,
        "raw": {
          "job": {
            "created_at": "2026-08-13T11:22:17.204259Z",
            "execution_started_at": null,
            "execution_timeout_ms": 120000,
            "has_result": false,
            "iteration": null,
            "job_id": "51b62f034e90fd6e",
            "message": null,
            "model_version_id": null,
            "progress": 0.0,
            "project_id": "f2c7995c0fc19fa6",
            "queue_timeout_ms": 1800000,
            "residual": null,
            "simulation_case_id": "db30e8e64c24605d",
            "status": "queued",
            "status_detail": {
              "active": true,
              "failure_class": null,
              "lifecycle": "active",
              "recoverable": false,
              "terminal": false,
              "timing": {
                "effective_deadline": "2026-08-13T11:52:17.204259Z",
                "effective_timeout_ms": 1800000,
                "execution_elapsed_ms": null,
                "execution_started_at": null,
                "execution_timeout_ms": 120000,
                "job_submission_deadline": "2026-08-13T11:52:17.204259Z",
                "phase": "queue",
                "queue_timeout_ms": 1800000,
                "queue_wait_ms": 0,
                "total_elapsed_ms": 0
              }
            },
            "updated_at": "2026-08-13T11:22:17.204259Z",
            "worker_id": null
          }
        },
        "status": "queued"
      },
      "requires_confirmation": false
    },
    {
      "index": 2,
      "action": "job_wait",
      "risk": "normal",
      "status": "executed",
      "payload": {
        "interval_ms": 1000,
        "job_id": "51b62f034e90fd6e",
        "max_total_timeout_ms": 3600000,
        "resume_policy": "server_deadline",
        "timeout_ms": 60000
      },
      "result_preview": {
        "job": {
          "created_at": "2026-08-13T11:22:17.204259Z",
          "execution_started_at": "2026-08-13T11:22:17.207817Z",
          "execution_timeout_ms": 120000,
          "iteration": 4,
          "job_id": "51b62f034e90fd6e",
          "message": "collecting nodal and elemental responses",
          "model_version_id": null,
          "progress": 1.0,
          "project_id": "f2c7995c0fc19fa6",
          "queue_timeout_ms": 1800000,
          "residual": 0.2,
          "simulation_case_id": "db30e8e64c24605d",
          "status": "completed",
          "status_detail": {
            "active": false,
            "failure_class": null,
            "lifecycle": "terminal",
            "recoverable": false,
            "terminal": true,
            "timing": {
              "effective_deadline": "2026-08-13T11:24:17.207817Z",
              "effective_timeout_ms": 120000,
              "execution_elapsed_ms": 6060,
              "execution_started_at": "2026-08-13T11:22:17.207817Z",
              "execution_timeout_ms": 120000,
              "job_submission_deadline": "2026-08-13T11:52:17.204259Z",
              "phase": "execution",
              "queue_timeout_ms": 1800000,
              "queue_wait_ms": 3,
              "total_elapsed_ms": 6063
            }
          },
          "updated_at": "2026-08-13T11:22:23.267947Z",
          "worker_id": "rust-agent-rpc@127.0.0.1:5001"
        },
        "job_id": "51b62f034e90fd6e",
        "progress": 1.0,
        "raw": {
          "job": {
            "created_at": "2026-08-13T11:22:17.204259Z",
            "execution_started_at": "2026-08-13T11:22:17.207817Z",
            "execution_timeout_ms": 120000,
            "iteration": 4,
            "job_id": "51b62f034e90fd6e",
            "message": "collecting nodal and elemental responses",
            "model_version_id": null,
            "progress": 1.0,
            "project_id": "f2c7995c0fc19fa6",
            "queue_timeout_ms": 1800000,
            "residual": 0.2,
            "simulation_case_id": "db30e8e64c24605d",
            "status": "completed",
            "status_detail": {
              "active": false,
              "failure_class": null,
              "lifecycle": "terminal",
              "recoverable": false,
              "terminal": true,
              "timing": {
                "effective_deadline": "2026-08-13T11:24:17.207817Z",
                "effective_timeout_ms": 120000,
                "execution_elapsed_ms": 6060,
                "execution_started_at": "2026-08-13T11:22:17.207817Z",
                "execution_timeout_ms": 120000,
                "job_submission_deadline": "2026-08-13T11:52:17.204259Z",
                "phase": "execution",
                "queue_timeout_ms": 1800000,
                "queue_wait_ms": 3,
                "total_elapsed_ms": 6063
              }
            },
            "updated_at": "2026-08-13T11:22:23.267947Z",
            "worker_id": "rust-agent-rpc@127.0.0.1:5001"
          }
        },
        "result": null,
        "status": "completed",
        "wait": {
          "elapsed_ms": 6076,
          "policy": "server_deadline",
          "poll_attempts": 7,
          "resume_count": 0
        }
      },
      "requires_confirmation": false
    },
    {
      "index": 3,
      "action": "result_fetch",
      "risk": "normal",
      "status": "executed",
      "payload": {
        "job_id": "51b62f034e90fd6e"
      },
      "result_preview": {
        "job": {
          "created_at": "2026-08-13T11:22:17.204259Z",
          "execution_started_at": "2026-08-13T11:22:17.207817Z",
          "execution_timeout_ms": 120000,
          "has_result": true,
          "iteration": 4,
          "job_id": "51b62f034e90fd6e",
          "message": "collecting nodal and elemental responses",
          "model_version_id": null,
          "progress": 1.0,
          "project_id": "f2c7995c0fc19fa6",
          "queue_timeout_ms": 1800000,
          "residual": 0.2,
          "simulation_case_id": "db30e8e64c24605d",
          "status": "completed",
          "status_detail": {
            "active": false,
            "failure_class": null,
            "lifecycle": "terminal",
            "recoverable": false,
            "terminal": true,
            "timing": {
              "effective_deadline": "2026-08-13T11:24:17.207817Z",
              "effective_timeout_ms": 120000,
              "execution_elapsed_ms": 6060,
              "execution_started_at": "2026-08-13T11:22:17.207817Z",
              "execution_timeout_ms": 120000,
              "job_submission_deadline": "2026-08-13T11:52:17.204259Z",
              "phase": "execution",
              "queue_timeout_ms": 1800000,
              "queue_wait_ms": 3,
              "total_elapsed_ms": 6063
            }
          },
          "updated_at": "2026-08-13T11:22:23.267947Z",
          "worker_id": "rust-agent-rpc@127.0.0.1:5001"
        },
        "job_id": "51b62f034e90fd6e",
        "result": {
          "electric_conduction": {
            "contact_interfaces": [],
            "current_balance_relative_error": 0.0,
            "elements": [
              {
                "area_m2": 0.0009,
                "average_electric_potential_v": 0.000016800000000000002,
                "current_density_magnitude_a_m2": 57871.919409227536,
                "current_density_x_a_m2": -57871.919409227536,
                "current_density_y_a_m2": -0.0,
                "electric_field_magnitude_v_m": 0.00112,
                "electric_field_x_v_m": -0.00112,
                "electric_field_y_v_m": -0.0,
                "electric_potential_gradient_x_v_m": 0.00112,
                "electric_potential_gradient_y_v_m": 0.0,
                "id": "conductor_left",
                "index": 0,
                "joule_power_w": 0.00005833489476450136,
                "node_i": 0,
                "node_j": 1,
                "node_k": 2,
                "node_l": 3,
                "peak_current_density_magnitude_a_m2": 57871.919409227536,
                "peak_electric_field_magnitude_v_m": 0.00112,
                "rms_current_density_magnitude_a_m2": 57871.919409227536,
                "rms_electric_field_magnitude_v_m": 0.00112,
                "volumetric_joule_heating_w_m3": 64.81654973833484
              }
            ],
            "free_current_residual_relative_error": 0.0,
            "input": {
              "contact_interfaces": [],
              "elements": [
                {
                  "electrical_conductivity_s_m": 51671356.615381725,
                  "id": "conductor_left",
                  "node_i": 0,
                  "node_j": 1,
                  "node_k": 2,
                  "node_l": 3,
                  "thickness": 0.001
                }
              ],
              "nodes": [
                {
                  "current_source_a": 0.0,
                  "electric_potential_v": 0.0,
                  "fix_electric_potential": true,
                  "id": "n0",
                  "x": 0.0,
                  "y": 0.0
                },
                {
                  "current_source_a": 0.0,
                  "electric_potential_v": 0.000033600000000000004,
                  "fix_electric_potential": true,
                  "id": "n1",
                  "x": 0.03,
                  "y": 0.0
                },
                {
                  "current_source_a": 0.0,
                  "electric_potential_v": 0.000033600000000000004,
                  "fix_electric_potential": true,
                  "id": "n5",
                  "x": 0.03,
                  "y": 0.03
                },
                {
                  "current_source_a": 0.0,
                  "electric_potential_v": 0.0,
                  "fix_electric_potential": true,
                  "id": "n4",
                  "x": 0.0,
                  "y": 0.03
                }
              ],
              "terminals": []
            },
            "max_current_density_a_m2": 57871.919409227536,
            "max_electric_field_v_m": 0.00112,
            "max_electric_potential_v": 0.000033600000000000004,
            "max_free_current_residual_a": 0.0,
            "nodes": [
              {
                "current_source_a": 0.0,
                "electric_potential_v": 0.0,
                "fix_electric_potential": true,
                "id": "n0",
                "index": 0,
                "net_injected_current_a": -0.8680787911384131,
                "reaction_current_a": -0.8680787911384131,
                "x": 0.0,
                "y": 0.0
              },
              {
                "current_source_a": 0.0,
                "electric_potential_v": 0.000033600000000000004,
                "fix_electric_potential": true,
                "id": "n1",
                "index": 1,
                "net_injected_current_a": 0.8680787911384131,
                "reaction_current_a": 0.8680787911384131,
                "x": 0.03,
                "y": 0.0
              },
              {
                "current_source_a": 0.0,
                "electric_potential_v": 0.000033600000000000004,
                "fix_electric_potential": true,
                "id": "n5",
                "index": 2,
                "net_injected_current_a": 0.8680787911384131,
                "reaction_current_a": 0.8680787911384131,
                "x": 0.03,
                "y": 0.03
              },
              {
                "current_source_a": 0.0,
                "electric_potential_v": 0.0,
                "fix_electric_potential": true,
                "id": "n4",
                "index": 3,
                "net_injected_current_a": -0.8680787911384131,
                "reaction_current_a": -0.8680787911384131,
                "x": 0.0,
                "y": 0.03
              }
            ],
            "power_balance_relative_error": 2.3232281828535923e-16,
            "source_power_balance_relative_error": 2.3232281828535923e-16,
            "terminals": [],
            "total_bulk_joule_power_w": 0.00005833489476450136,
            "total_contact_joule_power_w": -0.0,
            "total_dissipated_power_w": 0.00005833489476450136,
            "total_electrical_input_power_w": 0.00005833489476450137,
            "total_extracted_current_a": 1.7361575822768265,
            "total_injected_current_a": 1.7361575822768265,
            "total_joule_power_w": 0.00005833489476450136,
            "total_source_power_w": 0.00005833489476450137,
            "total_terminal_impedance_power_w": -0.0
          },
          "electrostatic": {
            "elements": [
              {
                "area": 0.0009,
                "average_potential": 1859.1139244505537,
                "electric_energy_density": 7680676853.524307,
                "electric_field_magnitude": 123940.92829670355,
                "electric_field_x": -123940.92829670355,
                "electric_field_y": -0.0,
                "electric_flux_density_magnitude": 123940.92829670355,
                "electric_flux_density_x": -123940.92829670355,
                "electric_flux_density_y": -0.0,
                "id": "conductor_left",
                "index": 0,
                "node_i": 0,
                "node_j": 1,
                "node_k": 5,
                "node_l": 4,
                "potential_gradient_x": 123940.92829670355,
                "potential_gradient_y": 0.0,
                "stored_energy": 6912.609168171876
              },
              {
                "area": 0.0009,
                "average_potential": 4263.967751962326,
                "electric_energy_density": 2254650339.7986846,
                "electric_field_magnitude": 36382.66020408129,
                "electric_field_x": -36382.66020408129,
                "electric_field_y": -0.0,
                "electric_flux_density_magnitude": 123940.92829670355,
                "electric_flux_density_x": -123940.92829670355,
                "electric_flux_density_y": -0.0,
                "id": "dielectric_core",
                "index": 1,
                "node_i": 1,
                "node_j": 2,
                "node_k": 6,
                "node_l": 5,
                "potential_gradient_x": 36382.66020408129,
                "potential_gradient_y": 0.0,
                "stored_energy": 2029.185305818816
              },
              {
                "area": 0.0009,
                "average_potential": 5252.353827511773,
                "electric_energy_density": 1828732584.1724567,
                "electric_field_magnitude": 29509.744832548487,
                "electric_field_x": -29509.744832548487,
                "electric_field_y": -0.0,
                "electric_flux_density_magnitude": 123940.92829670366,
                "electric_flux_density_x": -123940.92829670366,
                "electric_flux_density_y": -0.0,
                "id": "substrate_right",
                "index": 2,
                "node_i": 2,
                "node_j": 3,
                "node_k": 7,
                "node_l": 6,
                "potential_gradient_x": 29509.744832548487,
                "potential_gradient_y": 0.0,
                "stored_energy": 1645.859325755211
              }
            ],
            "input": {
              "elements": [
                {
                  "id": "conductor_left",
                  "node_i": 0,
                  "node_j": 1,
                  "node_k": 5,
                  "node_l": 4,
                  "permittivity": 1.0,
                  "thickness": 0.001
                },
                {
                  "id": "dielectric_core",
                  "node_i": 1,
                  "node_j": 2,
                  "node_k": 6,
                  "node_l": 5,
                  "permittivity": 3.406593349729833,
                  "thickness": 0.001
                },
                {
                  "id": "substrate_right",
                  "node_i": 2,
                  "node_j": 3,
                  "node_k": 7,
                  "node_l": 6,
                  "permittivity": 4.2,
                  "thickness": 0.001
                }
              ],
              "nodes": [
                {
                  "charge_density": 0.0,
                  "fix_potential": true,
                  "id": "n0",
                  "potential": 0.0,
                  "x": 0.0,
                  "y": 0.0
                },
                {
                  "charge_density": 0.0,
                  "fix_potential": false,
                  "id": "n1",
                  "potential": 0.0,
                  "x": 0.03,
                  "y": 0.0
                },
                {
                  "charge_density": 0.0,
                  "fix_potential": false,
                  "id": "n2",
                  "potential": 0.0,
                  "x": 0.06,
                  "y": 0.0
                },
                {
                  "charge_density": 0.0,
                  "fix_potential": true,
                  "id": "n3",
                  "potential": 5695.0,
                  "x": 0.09,
                  "y": 0.0
                },
                {
                  "charge_density": 0.0,
                  "fix_potential": true,
                  "id": "n4",
                  "potential": 0.0,
                  "x": 0.0,
                  "y": 0.03
                },
                {
                  "charge_density": 0.0,
                  "fix_potential": false,
                  "id": "n5",
                  "potential": 0.0,
                  "x": 0.03,
                  "y": 0.03
                },
                {
                  "charge_density": 0.0,
                  "fix_potential": false,
                  "id": "n6",
                  "potential": 0.0,
                  "x": 0.06,
                  "y": 0.03
                },
                {
                  "charge_density": 0.0,
                  "fix_potential": true,
                  "id": "n7",
                  "potential": 5695.0,
                  "x": 0.09,
                  "y": 0.03
                }
              ]
            },
            "max_electric_energy_density": 7680676853.524307,
            "max_electric_field": 123940.92829670355,
            "max_flux_density": 123940.92829670366,
            "max_potential": 5695.0,
            "nodes": [
              {
                "charge_density": 0.0,
                "id": "n0",
                "index": 0,
                "potential": 0.0,
                "x": 0.0,
                "y": 0.0
              },
              {
                "charge_density": 0.0,
                "id": "n1",
                "index": 1,
                "potential": 3718.227848901107,
                "x": 0.03,
                "y": 0.0
              },
              {
                "charge_density": 0.0,
                "id": "n2",
                "index": 2,
                "potential": 4809.707655023545,
                "x": 0.06,
                "y": 0.0
              },
              {
                "charge_density": 0.0,
                "id": "n3",
                "index": 3,
                "potential": 5695.0,
                "x": 0.09,
                "y": 0.0
              },
              {
                "charge_density": 0.0,
                "id": "n4",
                "index": 4,
                "potential": 0.0,
                "x": 0.0,
                "y": 0.03
              },
              {
                "charge_density": 0.0,
                "id": "n5",
                "index": 5,
                "potential": 3718.227848901107,
                "x": 0.03,
                "y": 0.03
              },
              {
                "charge_density": 0.0,
                "id": "n6",
                "index": 6,
                "potential": 4809.707655023545,
                "x": 0.06,
                "y": 0.03
              },
              {
                "charge_density": 0.0,
                "id": "n7",
                "index": 7,
                "potential": 5695.0,
                "x": 0.09,
                "y": 0.03
              }
            ],
            "total_stored_energy": 10587.653799745904
          },
          "electrostatic_mesh_convergence": {
            "finest_pair_relative_change": 1.6716261198874972e-14,
            "max_analytic_relative_error": 5.3277777777777775,
            "method": "structured_quad_h_refinement",
            "refinement_levels": [
              1,
              2,
              4,
              8
            ],
            "relative_error_tolerance": 1e-8,
            "samples": [
              {
                "analytic_relative_error": 5.3277777777777775,
                "element_count": 3,
                "elements_per_layer": 1,
                "max_electric_field_v_m": 123940.92829670355,
                "node_count": 8,
                "relative_change_from_previous": null
              },
              {
                "analytic_relative_error": 7.429449421722208e-16,
                "element_count": 6,
                "elements_per_layer": 2,
                "max_electric_field_v_m": 19586.8016623412,
                "node_count": 14,
                "relative_change_from_previous": 5.327777777777778
              },
              {
                "analytic_relative_error": 4.271933417490269e-15,
                "element_count": 12,
                "elements_per_layer": 4,
                "max_electric_field_v_m": 19586.8016623413,
                "node_count": 26,
                "relative_change_from_previous": 5.01487835966249e-15
              },
              {
                "analytic_relative_error": 2.0988194616365236e-14,
                "element_count": 24,
                "elements_per_layer": 8,
                "max_electric_field_v_m": 19586.801662341622,
                "node_count": 50,
                "relative_change_from_previous": 1.6716261198874972e-14
              }
            ],
            "schema_version": "kyuubiki.composite-electrostatic-mesh-convergence/v1",
            "status": "fail"
          },
          "electrothermal_feedback_convergence": {
            "conductivity_relative_change_tolerance": 1e-9,
            "converged": false,
            "final_loss_relative_change": 1.035026749977644e-8,
            "final_max_conductivity_relative_change": 2.4062325066722273e-8,
            "final_temperature_residual_c": 7.092455305723888e-6,
            "iteration_count": 12,
            "iterations": [
              {
                "converged": false,
                "coupling_temperature_c": 35.0,
                "dielectric_mean_temperature_c": 53.331610620969826,
                "iteration": 1,
                "loss_relative_change": null,
                "loss_tangent": 0.008,
                "max_conductivity_relative_change": null,
                "max_temperature_c": 71.54986385155615,
                "relative_permittivity": 3.4,
                "temperature_residual_c": 36.54982077463307,
                "thermal_conductivity_updates": [
                  {
                    "conductivity_relative_change": null,
                    "conductivity_w_mk": 390.0,
                    "coupling_temperature_c": 35.0,
                    "element_id": "conductor_left",
                    "measured_mean_temperature_c": 71.54982077463308
                  },
                  {
                    "conductivity_relative_change": null,
                    "conductivity_w_mk": 0.25,
                    "coupling_temperature_c": 35.0,
                    "element_id": "dielectric_core",
                    "measured_mean_temperature_c": 53.331610620969826
                  },
                  {
                    "conductivity_relative_change": null,
                    "conductivity_w_mk": 160.0,
                    "coupling_temperature_c": 35.0,
                    "element_id": "substrate_right",
                    "measured_mean_temperature_c": 35.05672177211482
                  }
                ],
                "total_joule_loss_w": 0.0000672,
                "total_loss_w": 0.018083767076742176
              },
              {
                "converged": false,
                "coupling_temperature_c": 49.66528849677586,
                "dielectric_mean_temperature_c": 54.12550404691005,
                "iteration": 2,
                "loss_relative_change": 0.013316781972464477,
                "loss_tangent": 0.008117322307974208,
                "max_conductivity_relative_change": 0.02933057699355168,
                "max_temperature_c": 73.13612718833063,
                "relative_permittivity": 3.4049861980889036,
                "temperature_residual_c": 8.896230767815169,
                "thermal_conductivity_updates": [
                  {
                    "conductivity_relative_change": 0.029239856619706364,
                    "conductivity_w_mk": 378.5964559183145,
                    "coupling_temperature_c": 64.23985661970646,
                    "element_id": "conductor_left",
                    "measured_mean_temperature_c": 73.13608738752163
                  },
                  {
                    "conductivity_relative_change": 0.02933057699355168,
                    "conductivity_w_mk": 0.24266735575161208,
                    "coupling_temperature_c": 49.66528849677586,
                    "element_id": "dielectric_core",
                    "measured_mean_temperature_c": 54.12550404691005
                  },
                  {
                    "conductivity_relative_change": 0.00005445290123020641,
                    "conductivity_w_mk": 159.99128753580317,
                    "coupling_temperature_c": 35.04537741769185,
                    "element_id": "substrate_right",
                    "measured_mean_temperature_c": 35.05748025355374
                  }
                ],
                "total_joule_loss_w": 0.00006027378092155026,
                "total_loss_w": 0.018332405766970983
              },
              {
                "converged": false,
                "coupling_temperature_c": 53.23346093688321,
                "dielectric_mean_temperature_c": 54.326326685954385,
                "iteration": 3,
                "loss_relative_change": 0.003205199896401484,
                "loss_tangent": 0.008145867687495067,
                "max_conductivity_relative_change": 0.007351982777114164,
                "max_temperature_c": 73.53740128037029,
                "relative_permittivity": 3.40619937671854,
                "temperature_residual_c": 2.18052093289252,
                "thermal_conductivity_updates": [
                  {
                    "conductivity_relative_change": 0.00733135230446331,
                    "conductivity_w_mk": 375.82083191875614,
                    "coupling_temperature_c": 71.35684123395859,
                    "element_id": "conductor_left",
                    "measured_mean_temperature_c": 73.53736216685111
                  },
                  {
                    "conductivity_relative_change": 0.007351982777114164,
                    "conductivity_w_mk": 0.2408832695315584,
                    "coupling_temperature_c": 53.23346093688321,
                    "element_id": "dielectric_core",
                    "measured_mean_temperature_c": 54.326326685954385
                  },
                  {
                    "conductivity_relative_change": 0.000011619355135139673,
                    "conductivity_w_mk": 159.98942854021476,
                    "coupling_temperature_c": 35.05505968638136,
                    "element_id": "substrate_right",
                    "measured_mean_temperature_c": 35.05766515928842
                  }
                ],
                "total_joule_loss_w": 0.000058798701266441586,
                "total_loss_w": 0.01839283306120754
              },
              {
                "converged": false,
                "coupling_temperature_c": 54.10775353614015,
                "dielectric_mean_temperature_c": 54.376005341732835,
                "iteration": 4,
                "loss_relative_change": 0.0007832121836010394,
                "loss_tangent": 0.008152862028289121,
                "max_conductivity_relative_change": 0.0018147640576224792,
                "max_temperature_c": 73.63666764967489,
                "relative_permittivity": 3.4064966362022875,
                "temperature_residual_c": 0.5353707185958569,
                "thermal_conductivity_updates": [
                  {
                    "conductivity_relative_change": 0.001810231028410747,
                    "conductivity_w_mk": 375.14050938769367,
                    "coupling_temperature_c": 73.1012579802726,
                    "element_id": "conductor_left",
                    "measured_mean_temperature_c": 73.63662869886846
                  },
                  {
                    "conductivity_relative_change": 0.0018147640576224792,
                    "conductivity_w_mk": 0.24044612323192993,
                    "coupling_temperature_c": 54.10775353614015,
                    "element_id": "dielectric_core",
                    "measured_mean_temperature_c": 54.376005341732835
                  },
                  {
                    "conductivity_relative_change": 2.5014192634266043e-6,
                    "conductivity_w_mk": 159.9890283395763,
                    "coupling_temperature_c": 35.05714406470701,
                    "element_id": "substrate_right",
                    "measured_mean_temperature_c": 35.05771046770182
                  }
                ],
                "total_joule_loss_w": 0.000058448101464100495,
                "total_loss_w": 0.018407635203813572
              },
              {
                "converged": false,
                "coupling_temperature_c": 54.3223549806143,
                "dielectric_mean_temperature_c": 54.38822791879889,
                "iteration": 5,
                "loss_relative_change": 0.00019211467216287688,
                "loss_tangent": 0.008154578839844915,
                "max_conductivity_relative_change": 0.0004462568195935519,
                "max_temperature_c": 73.66109048774649,
                "relative_permittivity": 3.406569600693409,
                "temperature_residual_c": 0.1314970214053659,
                "thermal_conductivity_updates": [
                  {
                    "conductivity_relative_change": 0.0004452616020448245,
                    "conductivity_w_mk": 374.9734737234918,
                    "coupling_temperature_c": 73.52955455514929,
                    "element_id": "conductor_left",
                    "measured_mean_temperature_c": 73.66105157655466
                  },
                  {
                    "conductivity_relative_change": 0.0004462568195935519,
                    "conductivity_w_mk": 0.24033882250969285,
                    "coupling_temperature_c": 54.3223549806143,
                    "element_id": "dielectric_core",
                    "measured_mean_temperature_c": 54.38822791879889
                  },
                  {
                    "conductivity_relative_change": 5.437841639262368e-7,
                    "conductivity_w_mk": 159.98894134007625,
                    "coupling_temperature_c": 35.05759718710286,
                    "element_id": "substrate_right",
                    "measured_mean_temperature_c": 35.05772158611748
                  }
                ],
                "total_joule_loss_w": 0.00005836265907996933,
                "total_loss_w": 0.018411268251738028
              },
              {
                "converged": false,
                "coupling_temperature_c": 54.37505333116197,
                "dielectric_mean_temperature_c": 54.39123106057677,
                "iteration": 6,
                "loss_relative_change": 0.00004716836618787388,
                "loss_tangent": 0.008155000426649297,
                "max_conductivity_relative_change": 0.00010963345413231942,
                "max_temperature_c": 73.66709129282826,
                "relative_permittivity": 3.406587518132594,
                "temperature_residual_c": 0.03230021907285163,
                "thermal_conductivity_updates": [
                  {
                    "conductivity_relative_change": 0.00010941326134652856,
                    "conductivity_w_mk": 374.93244665281327,
                    "coupling_temperature_c": 73.63475217227358,
                    "element_id": "conductor_left",
                    "measured_mean_temperature_c": 73.66705239134643
                  },
                  {
                    "conductivity_relative_change": 0.00010963345413231942,
                    "conductivity_w_mk": 0.24031247333441905,
                    "coupling_temperature_c": 54.37505333116197,
                    "element_id": "dielectric_core",
                    "measured_mean_temperature_c": 54.39123106057677
                  },
                  {
                    "conductivity_relative_change": 1.194313087124914e-7,
                    "conductivity_w_mk": 159.9889222323876,
                    "coupling_temperature_c": 35.05769670631456,
                    "element_id": "substrate_right",
                    "measured_mean_temperature_c": 35.05772431564448
                  }
                ],
                "total_joule_loss_w": 0.00005834171103910263,
                "total_loss_w": 0.018412160382093052
              },
              {
                "converged": false,
                "coupling_temperature_c": 54.38799551469381,
                "dielectric_mean_temperature_c": 54.39196870407589,
                "iteration": 7,
                "loss_relative_change": 0.000011583554381561949,
                "loss_tangent": 0.00815510396411755,
                "max_conductivity_relative_change": 0.00002692782308028972,
                "max_temperature_c": 73.66856523469292,
                "relative_permittivity": 3.406591918474996,
                "temperature_residual_c": 0.007933988063115294,
                "thermal_conductivity_updates": [
                  {
                    "conductivity_relative_change": 0.00002687862424456169,
                    "conductivity_w_mk": 374.9223689844626,
                    "coupling_temperature_c": 73.66059234753186,
                    "element_id": "conductor_left",
                    "measured_mean_temperature_c": 73.66852633559498
                  },
                  {
                    "conductivity_relative_change": 0.00002692782308028972,
                    "conductivity_w_mk": 0.24030600224265308,
                    "coupling_temperature_c": 54.38799551469381,
                    "element_id": "dielectric_core",
                    "measured_mean_temperature_c": 54.39196870407589
                  },
                  {
                    "conductivity_relative_change": 2.65067918549826e-8,
                    "conductivity_w_mk": 159.98891799159455,
                    "coupling_temperature_c": 35.05771879377849,
                    "element_id": "substrate_right",
                    "measured_mean_temperature_c": 35.05772498582736
                  }
                ],
                "total_joule_loss_w": 0.000058336567775681897,
                "total_loss_w": 0.01841237947942192
              },
              {
                "converged": false,
                "coupling_temperature_c": 54.39117406619947,
                "dielectric_mean_temperature_c": 54.39214987237846,
                "iteration": 8,
                "loss_relative_change": 2.8448388174820214e-6,
                "loss_tangent": 0.008155129392529594,
                "max_conductivity_relative_change": 6.613549965467448e-6,
                "max_temperature_c": 73.66892724100417,
                "relative_permittivity": 3.4065929991825077,
                "temperature_residual_c": 0.0019488045093822848,
                "thermal_conductivity_updates": [
                  {
                    "conductivity_relative_change": 6.602444880648896e-6,
                    "conductivity_w_mk": 374.9198935801869,
                    "coupling_temperature_c": 73.66693953798236,
                    "element_id": "conductor_left",
                    "measured_mean_temperature_c": 73.66888834249174
                  },
                  {
                    "conductivity_relative_change": 6.613549965467448e-6,
                    "conductivity_w_mk": 0.24030441296690025,
                    "coupling_temperature_c": 54.39117406619947,
                    "element_id": "dielectric_core",
                    "measured_mean_temperature_c": 54.39214987237846
                  },
                  {
                    "conductivity_relative_change": 5.944778882420065e-9,
                    "conductivity_w_mk": 159.9889170404958,
                    "coupling_temperature_c": 35.05772374741759,
                    "element_id": "substrate_right",
                    "measured_mean_temperature_c": 35.057725150388805
                  }
                ],
                "total_joule_loss_w": 0.00005833530456104115,
                "total_loss_w": 0.01841243328884656
              },
              {
                "converged": false,
                "coupling_temperature_c": 54.39195471114267,
                "dielectric_mean_temperature_c": 54.39219436717704,
                "iteration": 9,
                "loss_relative_change": 6.986821352350674e-7,
                "loss_tangent": 0.008155135637689142,
                "max_conductivity_relative_change": 1.624283411090532e-6,
                "max_temperature_c": 73.66901614949515,
                "relative_permittivity": 3.4065932646017885,
                "temperature_residual_c": 0.0004786695366760796,
                "thermal_conductivity_updates": [
                  {
                    "conductivity_relative_change": 1.6217517856155365e-6,
                    "conductivity_w_mk": 374.91928555318,
                    "coupling_temperature_c": 73.66849858158986,
                    "element_id": "conductor_left",
                    "measured_mean_temperature_c": 73.66897725112653
                  },
                  {
                    "conductivity_relative_change": 1.624283411090532e-6,
                    "conductivity_w_mk": 0.24030402264442863,
                    "coupling_temperature_c": 54.39195471114267,
                    "element_id": "dielectric_core",
                    "measured_mean_temperature_c": 54.39219436717704
                  },
                  {
                    "conductivity_relative_change": 1.3469455306367148e-9,
                    "conductivity_w_mk": 159.98891682499945,
                    "coupling_temperature_c": 35.05772486979456,
                    "element_id": "substrate_right",
                    "measured_mean_temperature_c": 35.05772519079808
                  }
                ],
                "total_joule_loss_w": 0.00005833499428933811,
                "total_loss_w": 0.018412446504314305
              },
              {
                "converged": false,
                "coupling_temperature_c": 54.39214643597017,
                "dielectric_mean_temperature_c": 54.392205295010825,
                "iteration": 10,
                "loss_relative_change": 1.7159441581002694e-7,
                "loss_tangent": 0.008155137171487761,
                "max_conductivity_relative_change": 3.989213858110074e-7,
                "max_temperature_c": 73.66903798524592,
                "relative_permittivity": 3.4065933297882296,
                "temperature_residual_c": 0.00011756969340126489,
                "thermal_conductivity_updates": [
                  {
                    "conductivity_relative_change": 3.983387924571027e-7,
                    "conductivity_w_mk": 374.9191362082845,
                    "coupling_temperature_c": 73.6688815172192,
                    "element_id": "conductor_left",
                    "measured_mean_temperature_c": 73.6689990869126
                  },
                  {
                    "conductivity_relative_change": 3.989213858110074e-7,
                    "conductivity_w_mk": 0.24030392678201493,
                    "coupling_temperature_c": 54.39214643597017,
                    "element_id": "dielectric_core",
                    "measured_mean_temperature_c": 54.392205295010825
                  },
                  {
                    "conductivity_relative_change": 3.081847982260794e-10,
                    "conductivity_w_mk": 159.9889167756933,
                    "coupling_temperature_c": 35.057725126597376,
                    "element_id": "substrate_right",
                    "measured_mean_temperature_c": 35.05772520072117
                  }
                ],
                "total_joule_loss_w": 0.00005833491808024291,
                "total_loss_w": 0.01841244975000636
              },
              {
                "converged": false,
                "coupling_temperature_c": 54.39219352320269,
                "dielectric_mean_temperature_c": 54.39220797887929,
                "iteration": 11,
                "loss_relative_change": 4.2143159428719866e-8,
                "loss_tangent": 0.008155137548185622,
                "max_conductivity_relative_change": 9.797433023273873e-8,
                "max_temperature_c": 73.66904334809178,
                "relative_permittivity": 3.4065933457978885,
                "temperature_residual_c": 0.00002887679323748671,
                "thermal_conductivity_updates": [
                  {
                    "conductivity_relative_change": 9.783908248035305e-8,
                    "conductivity_w_mk": 374.9190995265402,
                    "coupling_temperature_c": 73.66897557297392,
                    "element_id": "conductor_left",
                    "measured_mean_temperature_c": 73.66900444976716
                  },
                  {
                    "conductivity_relative_change": 9.797433023273873e-8,
                    "conductivity_w_mk": 0.24030390323839865,
                    "coupling_temperature_c": 54.39219352320269,
                    "element_id": "dielectric_core",
                    "measured_mean_temperature_c": 54.39220797887929
                  },
                  {
                    "conductivity_relative_change": 7.116365287521237e-11,
                    "conductivity_w_mk": 159.9889167643079,
                    "coupling_temperature_c": 35.057725185896416,
                    "element_id": "substrate_right",
                    "measured_mean_temperature_c": 35.05772520315803
                  }
                ],
                "total_joule_loss_w": 0.00005833489936197343,
                "total_loss_w": 0.018412450547141853
              },
              {
                "converged": false,
                "coupling_temperature_c": 54.392205087743974,
                "dielectric_mean_temperature_c": 54.392208638027114,
                "iteration": 12,
                "loss_relative_change": 1.035026749977644e-8,
                "loss_tangent": 0.008155137640701951,
                "max_conductivity_relative_change": 2.4062325066722273e-8,
                "max_temperature_c": 73.6690446651863,
                "relative_permittivity": 3.406593349729833,
                "temperature_residual_c": 7.092455305723888e-6,
                "thermal_conductivity_updates": [
                  {
                    "conductivity_relative_change": 2.4030676414667168e-8,
                    "conductivity_w_mk": 374.91909051698065,
                    "coupling_temperature_c": 73.66899867440851,
                    "element_id": "conductor_left",
                    "measured_mean_temperature_c": 73.66900576686382
                  },
                  {
                    "conductivity_relative_change": 2.4062325066722273e-8,
                    "conductivity_w_mk": 0.240303897456128,
                    "coupling_temperature_c": 54.392205087743974,
                    "element_id": "dielectric_core",
                    "measured_mean_temperature_c": 54.392208638027114
                  },
                  {
                    "conductivity_relative_change": 1.6572425659019358e-11,
                    "conductivity_w_mk": 159.9889167616565,
                    "coupling_temperature_c": 35.05772519970571,
                    "element_id": "substrate_right",
                    "measured_mean_temperature_c": 35.057725203756455
                  }
                ],
                "total_joule_loss_w": 0.00005833489476450136,
                "total_loss_w": 0.018412450742916895
              }
            ],
            "loss_relative_change_tolerance": 1e-9,
            "max_iterations": 12,
            "method": "relaxed_temperature_dependent_dielectric_and_conductivity_fixed_point",
            "parameter_source": "screening_sensitivity_not_material_card",
            "relaxation_factor": 0.8,
            "schema_version": "kyuubiki.composite-electrothermal-feedback-convergence/v1",
            "status": "fail",
            "temperature_residual_tolerance_c": 1e-7
          },
          "electrothermal_loss_projection": {
            "assumptions": [
              "The solved electrostatic field magnitude is interpreted as an RMS harmonic field.",
              "Relative permittivity and loss tangent are scalar, isotropic, and frequency-local screening values.",
              "Element dielectric loss is lumped consistently to its four thermal nodes."
            ],
            "distributed_total_heat_load_w": 0.018412450742916895,
            "effective_conductivity_s_m": 0.00001545539780748081,
            "electric_field_rms_v_m": 36382.66020408129,
            "energy_balance_relative_error": 0.0,
            "frequency_hz": 10000000.0,
            "loss_tangent": 0.008155137640701951,
            "model": "harmonic_dielectric_loss_sigma_eff_e_rms_squared",
            "relative_permittivity": 3.406593349729833,
            "schema_version": "kyuubiki.composite-electrothermal-loss-projection/v1",
            "source_element_id": "dielectric_core",
            "source_volume_m3": 9e-7,
            "target_element_count": 1,
            "target_node_count": 4,
            "total_loss_w": 0.018412450742916895,
            "volumetric_loss_w_m3": 20458.278603240997
          },
          "heat": {
            "elements": [
              {
                "area": 0.0009,
                "average_temperature": 73.66900576686382,
                "heat_flow_rate": 8.750234214610875e-7,
                "heat_flux_magnitude": 0.972248246067875,
                "heat_flux_x": 0.972248246067875,
                "heat_flux_y": -0.0,
                "id": "conductor_left",
                "index": 0,
                "node_i": 0,
                "node_j": 1,
                "node_k": 5,
                "node_l": 4,
                "temperature_gradient_x": -0.002593221499409992,
                "temperature_gradient_y": 0.0
              },
              {
                "area": 0.0009,
                "average_temperature": 54.392208638027114,
                "heat_flow_rate": 0.00027793680798672343,
                "heat_flux_magnitude": 308.81867554080384,
                "heat_flux_x": 308.81867554080384,
                "heat_flux_y": 2.7319390193966684e-14,
                "id": "dielectric_core",
                "index": 1,
                "node_i": 1,
                "node_j": 2,
                "node_k": 6,
                "node_l": 5,
                "temperature_gradient_x": -1285.117215367614,
                "temperature_gradient_y": -1.1368683772161605e-13
              },
              {
                "area": 0.0009,
                "average_temperature": 35.057725203756455,
                "heat_flow_rate": 0.0005541235691304752,
                "heat_flux_magnitude": 615.6928545894168,
                "heat_flux_x": 615.6928545894168,
                "heat_flux_y": -1.8188634017139577e-11,
                "id": "substrate_right",
                "index": 2,
                "node_i": 2,
                "node_j": 3,
                "node_k": 7,
                "node_l": 6,
                "temperature_gradient_x": -3.8483469170970466,
                "temperature_gradient_y": 1.1368683772161605e-13
              }
            ],
            "input": {
              "elements": [
                {
                  "conductivity": 374.91909051698065,
                  "id": "conductor_left",
                  "node_i": 0,
                  "node_j": 1,
                  "node_k": 5,
                  "node_l": 4,
                  "thickness": 0.001
                },
                {
                  "conductivity": 0.240303897456128,
                  "id": "dielectric_core",
                  "node_i": 1,
                  "node_j": 2,
                  "node_k": 6,
                  "node_l": 5,
                  "thickness": 0.001
                },
                {
                  "conductivity": 159.9889167616565,
                  "id": "substrate_right",
                  "node_i": 2,
                  "node_j": 3,
                  "node_k": 7,
                  "node_l": 6,
                  "thickness": 0.001
                }
              ],
              "nodes": [
                {
                  "fix_temperature": false,
                  "heat_load": 0.00001458372369112534,
                  "id": "n0",
                  "temperature": 35.0,
                  "x": 0.0,
                  "y": 0.0
                },
                {
                  "fix_temperature": false,
                  "heat_load": 0.004617696409420349,
                  "id": "n1",
                  "temperature": 35.0,
                  "x": 0.03,
                  "y": 0.0
                },
                {
                  "fix_temperature": false,
                  "heat_load": 0.004603112685729224,
                  "id": "n2",
                  "temperature": 35.0,
                  "x": 0.06,
                  "y": 0.0
                },
                {
                  "fix_temperature": true,
                  "heat_load": 0.0,
                  "id": "n3",
                  "temperature": 35.0,
                  "x": 0.09,
                  "y": 0.0
                },
                {
                  "fix_temperature": false,
                  "heat_load": 0.00001458372369112534,
                  "id": "n4",
                  "temperature": 35.0,
                  "x": 0.0,
                  "y": 0.03
                },
                {
                  "fix_temperature": false,
                  "heat_load": 0.004617696409420349,
                  "id": "n5",
                  "temperature": 35.0,
                  "x": 0.03,
                  "y": 0.03
                },
                {
                  "fix_temperature": false,
                  "heat_load": 0.004603112685729224,
                  "id": "n6",
                  "temperature": 35.0,
                  "x": 0.06,
                  "y": 0.03
                },
                {
                  "fix_temperature": true,
                  "heat_load": 0.0,
                  "id": "n7",
                  "temperature": 35.0,
                  "x": 0.09,
                  "y": 0.03
                }
              ]
            },
            "max_heat_flux": 615.6928545894168,
            "max_temperature": 73.6690446651863,
            "nodes": [
              {
                "heat_load": 0.00001458372369112534,
                "id": "n0",
                "index": 0,
                "temperature": 73.66904466518629,
                "x": 0.0,
                "y": 0.0
              },
              {
                "heat_load": 0.004617696409420349,
                "id": "n1",
                "index": 1,
                "temperature": 73.66896686854133,
                "x": 0.03,
                "y": 0.0
              },
              {
                "heat_load": 0.004603112685729224,
                "id": "n2",
                "index": 2,
                "temperature": 35.11545040751291,
                "x": 0.06,
                "y": 0.0
              },
              {
                "heat_load": 0.0,
                "id": "n3",
                "index": 3,
                "temperature": 35.0,
                "x": 0.09,
                "y": 0.0
              },
              {
                "heat_load": 0.00001458372369112534,
                "id": "n4",
                "index": 4,
                "temperature": 73.6690446651863,
                "x": 0.0,
                "y": 0.03
              },
              {
                "heat_load": 0.004617696409420349,
                "id": "n5",
                "index": 5,
                "temperature": 73.66896686854132,
                "x": 0.03,
                "y": 0.03
              },
              {
                "heat_load": 0.004603112685729224,
                "id": "n6",
                "index": 6,
                "temperature": 35.11545040751292,
                "x": 0.06,
                "y": 0.03
              },
              {
                "heat_load": 0.0,
                "id": "n7",
                "index": 7,
                "temperature": 35.0,
                "x": 0.09,
                "y": 0.03
              }
            ],
            "total_abs_heat_flow_rate": 0.0008329354005386597
          },
          "heat_cross_validation": {
            "absolute_error_c": 4.874323167314287e-12,
            "conductivities_w_mk": [
              374.91909051698065,
              0.240303897456128,
              159.9889167616565
            ],
            "expected_max_temperature_c": 73.66904466518143,
            "fem_max_temperature_c": 73.6690446651863,
            "fixed_temperature_c": 35.0,
            "method": "layered_thermal_resistance_with_regional_generation_closed_form",
            "relative_error": 6.616514696868416e-14,
            "relative_error_tolerance": 1e-9,
            "schema_version": "kyuubiki.composite-heat-cross-validation/v1",
            "status": "pass",
            "total_heat_load_w": 0.018470785637681397
          },
          "heat_mesh_convergence": {
            "finest_pair_relative_change": 5.821182624122396e-12,
            "max_analytic_relative_error": 1.2602242132548504e-11,
            "method": "structured_quad_h_refinement",
            "refinement_levels": [
              1,
              2,
              4,
              8
            ],
            "relative_error_tolerance": 1e-8,
            "samples": [
              {
                "analytic_relative_error": 6.616514696868416e-14,
                "element_count": 3,
                "elements_per_layer": 1,
                "max_temperature_c": 73.6690446651863,
                "node_count": 8,
                "relative_change_from_previous": null
              },
              {
                "analytic_relative_error": 1.4886193561438357e-12,
                "element_count": 6,
                "elements_per_layer": 2,
                "max_temperature_c": 73.6690446652911,
                "node_count": 14,
                "relative_change_from_previous": 1.4224542091751516e-12
              },
              {
                "analytic_relative_error": 6.781059508426106e-12,
                "element_count": 12,
                "elements_per_layer": 4,
                "max_temperature_c": 73.66904466568099,
                "node_count": 26,
                "relative_change_from_previous": 5.29244015228227e-12
              },
              {
                "analytic_relative_error": 1.2602242132548504e-11,
                "element_count": 24,
                "elements_per_layer": 8,
                "max_temperature_c": 73.66904466610983,
                "node_count": 50,
                "relative_change_from_previous": 5.821182624122396e-12
              }
            ],
            "schema_version": "kyuubiki.composite-heat-mesh-convergence/v1",
            "status": "pass"
          },
          "heat_to_thermal_projection": {
            "mapped_node_count": 8,
            "maximum_coordinate_error_m": 0.0,
            "maximum_temperature_delta_c": 38.669044665186306,
            "minimum_temperature_delta_c": 0.0,
            "reference_temperature_c": 35.0,
            "schema_version": "kyuubiki.composite-heat-to-thermal-projection/v1"
          },
          "joule_heating_projection": {
            "assumptions": [
              "Steady scalar electrical conductivity is solved on a two-dimensional quad mesh.",
              "Joule heating uses the solved local sigma times electric-field magnitude squared.",
              "Element Joule power integrates both triangular subcell fields before thermal projection.",
              "Recovered terminal currents gate current continuity and electrical input-power balance.",
              "Contact and terminal impedance models require explicit study-level heat mappings."
            ],
            "boundary_voltage_span_v": 0.000033600000000000004,
            "current_balance_relative_error": 0.0,
            "distributed_total_heat_load_w": 0.00005833489476450224,
            "electrical_power_balance_relative_error": 2.3232281828535923e-16,
            "energy_balance_relative_error": 1.5100983188548352e-14,
            "free_current_residual_relative_error": 0.0,
            "max_current_density_a_m2": 57871.919409227536,
            "max_free_current_residual_a": 0.0,
            "model": "solved_steady_current_density_sigma_e_squared",
            "parameter_source": "screening_reference_not_material_card",
            "regions": [
              {
                "coupling_temperature_c": 73.66899867440851,
                "current_density_magnitude_a_m2": 57871.919409227536,
                "distributed_heat_load_w": 0.00005833489476450136,
                "electric_field_magnitude_v_m": 0.00112,
                "electrical_conductivity_s_m": 51671356.615381725,
                "element_id": "conductor_left",
                "energy_balance_relative_error": 0.0,
                "joule_power_w": 0.00005833489476450136,
                "peak_current_density_magnitude_a_m2": 57871.919409227536,
                "peak_electric_field_magnitude_v_m": 0.00112,
                "rms_current_density_magnitude_a_m2": 57871.919409227536,
                "rms_electric_field_magnitude_v_m": 0.00112,
                "source_volume_m3": 9e-7,
                "volumetric_joule_heating_w_m3": 64.81654973833484
              }
            ],
            "schema_version": "kyuubiki.composite-current-to-heat-projection/v2",
            "source_power_balance_relative_error": 2.3232281828535923e-16,
            "status": "pass",
            "total_dissipated_power_w": 0.00005833489476450136,
            "total_electrical_input_power_w": 0.00005833489476450137,
            "total_extracted_current_a": 1.7361575822768265,
            "total_injected_current_a": 1.7361575822768265,
            "total_joule_loss_w": 0.00005833489476450136,
            "total_source_power_w": 0.00005833489476450137
          },
          "research": {
            "candidate_id": "copper_polyimide_aluminum",
            "candidate_label": "Copper / Polyimide / Aluminum",
            "coupling": "iterative_dielectric_and_conductor_joule_heating_with_temperature_dependent_electrical_thermal_feedback_and_expansion_projection",
            "materials": {
              "conductor": "copper",
              "dielectric": "polyimide",
              "substrate": "aluminum_6061"
            },
            "study": "material.composite_thermo_electric_panel.v1"
          },
          "schema_version": "kyuubiki.composite-thermo-electric-panel-result/v1",
          "thermal": {
            "elements": [
              {
                "area": 0.0009,
                "average_temperature_delta": 38.66900576686381,
                "gamma_xy": 5.146901589218839e-20,
                "id": "conductor_left",
                "index": 0,
                "max_in_plane_shear": 11574487.641746271,
                "mechanical_strain_x": 0.00006734247355197829,
                "mechanical_strain_y": -0.0002104452298499322,
                "node_i": 0,
                "node_j": 1,
                "node_k": 5,
                "node_l": 4,
                "principal_stress_1": 0.0,
                "principal_stress_2": -23148975.283492547,
                "strain_energy_density": 8027.759015857889,
                "stress_x": 0.0,
                "stress_y": -23148975.283492547,
                "tau_xy": 1.5158245029548803e-9,
                "thermal_strain": 0.0006624570908604771,
                "total_strain_x": 0.0007297995644124553,
                "total_strain_y": 0.0004520118610105448,
                "von_mises": 23148975.283492547
              },
              {
                "area": 0.0009,
                "average_temperature_delta": 19.392208638027117,
                "gamma_xy": 8.683558252667784e-18,
                "id": "dielectric_core",
                "index": 1,
                "max_in_plane_shear": 533644.1437620256,
                "mechanical_strain_x": 0.00013661290080307364,
                "mechanical_strain_y": -0.00042691531500962536,
                "node_i": 1,
                "node_j": 2,
                "node_k": 6,
                "node_l": 5,
                "principal_stress_1": -1.792795956134796e-8,
                "principal_stress_2": -1067288.2875240692,
                "strain_energy_density": 821.7166009511866,
                "stress_x": -1.7937256618299422e-8,
                "stress_y": -1067288.2875240692,
                "tau_xy": 8.202821138386046e-9,
                "thermal_strain": 0.0008861874679222083,
                "total_strain_x": 0.0010228003687252818,
                "total_strain_y": 0.00045927215291258287,
                "von_mises": 1067288.2875240603
              },
              {
                "area": 0.0009,
                "average_temperature_delta": 0.05772520375645662,
                "gamma_xy": 2.345976126157337e-19,
                "id": "substrate_right",
                "index": 2,
                "max_in_plane_shear": 135259.1514902194,
                "mechanical_strain_x": -1.2563985044085397e-6,
                "mechanical_strain_y": 3.926245326276209e-6,
                "node_i": 2,
                "node_j": 3,
                "node_k": 7,
                "node_l": 6,
                "principal_stress_1": 270518.3029804271,
                "principal_stress_2": -1.1699739843606949e-8,
                "strain_energy_density": 1.6300646150225402,
                "stress_x": -1.1696322922539872e-8,
                "stress_y": 270518.3029804271,
                "tau_xy": 6.114614987179974e-9,
                "thermal_strain": 1.3623384006223494e-6,
                "total_strain_x": 1.0593989621380976e-7,
                "total_strain_y": 5.288583726898558e-6,
                "von_mises": 270518.3029804329
              }
            ],
            "input": {
              "elements": [
                {
                  "id": "conductor_left",
                  "node_i": 0,
                  "node_j": 1,
                  "node_k": 5,
                  "node_l": 4,
                  "poisson_ratio": 0.32,
                  "thermal_expansion": 0.000017131474619607338,
                  "thickness": 0.001,
                  "youngs_modulus": 110000000000.0
                },
                {
                  "id": "dielectric_core",
                  "node_i": 1,
                  "node_j": 2,
                  "node_k": 6,
                  "node_l": 5,
                  "poisson_ratio": 0.32,
                  "thermal_expansion": 0.00004569811951096898,
                  "thickness": 0.001,
                  "youngs_modulus": 2500000000.0
                },
                {
                  "id": "substrate_right",
                  "node_i": 2,
                  "node_j": 3,
                  "node_k": 7,
                  "node_l": 6,
                  "poisson_ratio": 0.32,
                  "thermal_expansion": 0.000023600408694442595,
                  "thickness": 0.001,
                  "youngs_modulus": 68900000000.0
                }
              ],
              "nodes": [
                {
                  "fix_x": true,
                  "fix_y": true,
                  "id": "n0",
                  "load_x": 0.0,
                  "load_y": 0.0,
                  "temperature_delta": 38.66904466518629,
                  "x": 0.0,
                  "y": 0.0
                },
                {
                  "fix_x": false,
                  "fix_y": false,
                  "id": "n1",
                  "load_x": 0.0,
                  "load_y": 0.0,
                  "temperature_delta": 38.66896686854133,
                  "x": 0.03,
                  "y": 0.0
                },
                {
                  "fix_x": false,
                  "fix_y": false,
                  "id": "n2",
                  "load_x": 0.0,
                  "load_y": 0.0,
                  "temperature_delta": 0.11545040751290968,
                  "x": 0.06,
                  "y": 0.0
                },
                {
                  "fix_x": false,
                  "fix_y": false,
                  "id": "n3",
                  "load_x": 0.0,
                  "load_y": 0.0,
                  "temperature_delta": 0.0,
                  "x": 0.09,
                  "y": 0.0
                },
                {
                  "fix_x": true,
                  "fix_y": true,
                  "id": "n4",
                  "load_x": 0.0,
                  "load_y": 0.0,
                  "temperature_delta": 38.669044665186306,
                  "x": 0.0,
                  "y": 0.03
                },
                {
                  "fix_x": false,
                  "fix_y": false,
                  "id": "n5",
                  "load_x": 0.0,
                  "load_y": 0.0,
                  "temperature_delta": 38.66896686854132,
                  "x": 0.03,
                  "y": 0.03
                },
                {
                  "fix_x": false,
                  "fix_y": false,
                  "id": "n6",
                  "load_x": 0.0,
                  "load_y": 0.0,
                  "temperature_delta": 0.1154504075129168,
                  "x": 0.06,
                  "y": 0.03
                },
                {
                  "fix_x": false,
                  "fix_y": false,
                  "id": "n7",
                  "load_x": 0.0,
                  "load_y": 0.0,
                  "temperature_delta": 0.0,
                  "x": 0.09,
                  "y": 0.03
                }
              ]
            },
            "max_displacement": 0.00005258120946213346,
            "max_strain_energy_density": 8027.759015857889,
            "max_stress": 23148975.283492547,
            "max_temperature_delta": 38.669044665186306,
            "nodes": [
              {
                "displacement_magnitude": 0.0,
                "id": "n0",
                "index": 0,
                "temperature_delta": 38.66904466518629,
                "ux": 0.0,
                "uy": 0.0,
                "x": 0.0,
                "y": 0.0
              },
              {
                "displacement_magnitude": 0.000025753250552886397,
                "id": "n1",
                "index": 1,
                "temperature_delta": 38.66896686854133,
                "ux": 0.00002189398693237367,
                "uy": -0.000013560355830316342,
                "x": 0.03,
                "y": 0.0
              },
              {
                "displacement_magnitude": 0.00005257844913769917,
                "id": "n2",
                "index": 2,
                "temperature_delta": 0.11545040751290968,
                "ux": 0.00005257799799413217,
                "uy": -2.1780875706082258e-7,
                "x": 0.06,
                "y": 0.0
              },
              {
                "displacement_magnitude": 0.00005258120946213346,
                "id": "n3",
                "index": 3,
                "temperature_delta": 0.0,
                "ux": 0.00005258117619101857,
                "uy": 5.9151245254587445e-8,
                "x": 0.09,
                "y": 0.0
              },
              {
                "displacement_magnitude": 0.0,
                "id": "n4",
                "index": 4,
                "temperature_delta": 38.669044665186306,
                "ux": 0.0,
                "uy": 0.0,
                "x": 0.0,
                "y": 0.03
              },
              {
                "displacement_magnitude": 0.00002575325055288639,
                "id": "n5",
                "index": 5,
                "temperature_delta": 38.66896686854132,
                "ux": 0.000021893986932373657,
                "uy": 0.000013560355830316356,
                "x": 0.03,
                "y": 0.03
              },
              {
                "displacement_magnitude": 0.00005257844913769909,
                "id": "n6",
                "index": 6,
                "temperature_delta": 0.1154504075129168,
                "ux": 0.00005257799799413208,
                "uy": 2.1780875706145786e-7,
                "x": 0.06,
                "y": 0.03
              },
              {
                "displacement_magnitude": 0.00005258120946213339,
                "id": "n7",
                "index": 7,
                "temperature_delta": 0.0,
                "ux": 0.000052581176191018505,
                "uy": -5.915124525377938e-8,
                "x": 0.09,
                "y": 0.03
              }
            ],
            "total_strain_energy": 0.007965995113281688
          },
          "thermal_constraint_regularized_mesh_convergence": {
            "algebraic_validation": {
              "max_relative_residual": null,
              "method": "original_system_recomputed_l2_residual_over_max_rhs_l2_or_one",
              "qualification_effect": "algebraic_gate_does_not_override_discretization_gates",
              "relative_residual_tolerance": 1e-10,
              "required_series": [
                "uniform_full_edge_clamp",
                "uniform_regularized_restraint",
                "interface_graded_full_edge_clamp"
              ],
              "schema_version": "kyuubiki.composite-thermal-algebraic-validation/v1",
              "series": [],
              "status": "missing"
            },
            "convergence_tolerance": 0.02,
            "diagnostic_metrics": [
              "max_von_mises_stress_pa"
            ],
            "finest_pair_displacement_relative_change": 0.001924218079842192,
            "finest_pair_peak_stress_relative_change": 0.30912113952100617,
            "finest_pair_strain_energy_relative_change": 0.2244249064777718,
            "method": "structured_quad_h_refinement_preserving_piecewise_linear_temperature_roller_edge_with_vertical_anchor",
            "pass_metrics": [
              "max_displacement_m",
              "total_strain_energy_j"
            ],
            "refinement_levels": [
              1,
              2,
              4,
              8
            ],
            "regime_assessment": {
              "diagnosis": "pass_metrics_lack_qualified_discretization_uncertainty",
              "gci_safety_factor": 1.25,
              "method": "four_level_constant_ratio_observed_order_and_fine_grid_gci",
              "metrics": [
                {
                  "coarse_triplet_observed_order": 0.5890070502486516,
                  "fine_grid_gci": null,
                  "fine_triplet_observed_order": 4.045712422585319,
                  "metric": "max_displacement_m",
                  "observed_order_relative_difference": 0.8544120321156539,
                  "qualification_role": "pass_metric",
                  "regime": "oscillatory",
                  "richardson_extrapolated_value": null,
                  "unit": "m"
                },
                {
                  "coarse_triplet_observed_order": 1.6970892160996316,
                  "fine_grid_gci": 0.16596536235876744,
                  "fine_triplet_observed_order": 1.66876092492569,
                  "metric": "total_strain_energy_j",
                  "observed_order_relative_difference": 0.01669228164624579,
                  "qualification_role": "pass_metric",
                  "regime": "asymptotic_converging",
                  "richardson_extrapolated_value": 0.0001546854076120533,
                  "unit": "J"
                },
                {
                  "coarse_triplet_observed_order": -7.129009963537845,
                  "fine_grid_gci": null,
                  "fine_triplet_observed_order": -0.6881789772553871,
                  "metric": "max_von_mises_stress_pa",
                  "observed_order_relative_difference": 0.9034678053789854,
                  "qualification_role": "diagnostic_metric",
                  "regime": "monotonic_diverging",
                  "richardson_extrapolated_value": null,
                  "unit": "Pa"
                }
              ],
              "order_consistency_tolerance": 0.25,
              "qualification_effect": "gci_gates_require_asymptotic_pass_metric_evidence",
              "qualification_tolerance": 0.02,
              "refinement_ratio": 2.0,
              "schema_version": "kyuubiki.composite-thermal-convergence-regime/v1",
              "status": "fail"
            },
            "samples": [
              {
                "displacement_relative_change": null,
                "element_count": 3,
                "elements_per_original_element": 1,
                "max_displacement_m": 0.000052459459136502405,
                "max_von_mises_stress_pa": 1331638.849668932,
                "node_count": 8,
                "peak_stress_relative_change": null,
                "strain_energy_relative_change": null,
                "total_strain_energy_j": 0.0009261721180018908
              },
              {
                "displacement_relative_change": 0.047137175419143904,
                "element_count": 12,
                "elements_per_original_element": 2,
                "max_displacement_m": 0.00004998666840879168,
                "max_von_mises_stress_pa": 1335306.4103695212,
                "node_count": 21,
                "peak_stress_relative_change": 0.0027466060764092066,
                "strain_energy_relative_change": 0.5745046518446026,
                "total_strain_energy_j": 0.00039408192780103626
              },
              {
                "displacement_relative_change": 0.031839890559500775,
                "element_count": 48,
                "elements_per_original_element": 4,
                "max_displacement_m": 0.00005163058043950915,
                "max_von_mises_stress_pa": 1848667.737309466,
                "node_count": 65,
                "peak_stress_relative_change": 0.2776925872504738,
                "strain_energy_relative_change": 0.4164127071003718,
                "total_strain_energy_j": 0.00022998120542607343
              },
              {
                "displacement_relative_change": 0.001924218079842192,
                "element_count": 192,
                "elements_per_original_element": 8,
                "max_displacement_m": 0.000051730120472594934,
                "max_von_mises_stress_pa": 2675820.3833704866,
                "node_count": 225,
                "peak_stress_relative_change": 0.30912113952100617,
                "strain_energy_relative_change": 0.2244249064777718,
                "total_strain_energy_j": 0.0001783676949066817
              }
            ],
            "schema_version": "kyuubiki.composite-thermal-mesh-convergence/v1",
            "status": "fail"
          },
          "thermal_constraint_sensitivity": {
            "alternative_restraint": "roller_edge_with_vertical_anchor",
            "alternative_status": "fail",
            "diagnosis": "mixed_restraint_sensitivity_and_persistent_energy_nonconvergence",
            "displacement_change_ratio_alternative_to_primary": 0.7146369255462848,
            "peak_stress_change_ratio_alternative_to_primary": 1.1904172820373575,
            "primary_restraint": "full_edge_clamp",
            "primary_status": "fail",
            "qualification_effect": "diagnostic_only_does_not_override_primary_quality_gates",
            "schema_version": "kyuubiki.composite-thermal-constraint-sensitivity/v1",
            "strain_energy_change_ratio_alternative_to_primary": 1.7013712321320735
          },
          "thermal_expansion_projection": {
            "coverage_fraction": 1.0,
            "declared_region_count": 3,
            "max_relative_change": 0.015513766910421726,
            "model": "regional_linear_temperature_dependent_thermal_expansion",
            "parameter_source": "screening_sensitivity_not_material_card",
            "schema_version": "kyuubiki.composite-thermal-expansion-projection/v1",
            "status": "pass",
            "updated_region_count": 3,
            "updates": [
              {
                "adjusted_thermal_expansion_1_k": 0.000017131474619607338,
                "element_id": "conductor_left",
                "mean_temperature_c": 73.66900576686382,
                "reference_thermal_expansion_1_k": 0.000017,
                "relative_change": 0.007733801153372808
              },
              {
                "adjusted_thermal_expansion_1_k": 0.00004569811951096898,
                "element_id": "dielectric_core",
                "mean_temperature_c": 54.392208638027114,
                "reference_thermal_expansion_1_k": 0.000045,
                "relative_change": 0.015513766910421726
              },
              {
                "adjusted_thermal_expansion_1_k": 0.000023600408694442595,
                "element_id": "substrate_right",
                "mean_temperature_c": 35.057725203756455,
                "reference_thermal_expansion_1_k": 0.0000236,
                "relative_change": 0.00001731756112685545
              }
            ]
          },
          "thermal_interface_grading_assessment": {
            "diagnosis": "graded_mesh_did_not_resolve_nonconvergence",
            "displacement_change_ratio_graded_to_uniform": 1.6956735695211136,
            "graded_mesh_convergence": {
              "algebraic_validation": {
                "max_relative_residual": null,
                "method": "original_system_recomputed_l2_residual_over_max_rhs_l2_or_one",
                "qualification_effect": "algebraic_gate_does_not_override_discretization_gates",
                "relative_residual_tolerance": 1e-10,
                "required_series": [
                  "uniform_full_edge_clamp",
                  "uniform_regularized_restraint",
                  "interface_graded_full_edge_clamp"
                ],
                "schema_version": "kyuubiki.composite-thermal-algebraic-validation/v1",
                "series": [],
                "status": "missing"
              },
              "convergence_tolerance": 0.02,
              "diagnostic_metrics": [
                "max_von_mises_stress_pa"
              ],
              "finest_pair_displacement_relative_change": 0.004565739081406799,
              "finest_pair_peak_stress_relative_change": 0.4148982159721344,
              "finest_pair_strain_energy_relative_change": 0.119355565737412,
              "method": "cosine_graded_quad_h_refinement_at_clamp_interfaces_and_free_edges",
              "pass_metrics": [
                "max_displacement_m",
                "total_strain_energy_j"
              ],
              "refinement_levels": [
                1,
                2,
                4,
                8
              ],
              "regime_assessment": {
                "diagnosis": "pass_metrics_lack_qualified_discretization_uncertainty",
                "gci_safety_factor": 1.25,
                "method": "four_level_constant_ratio_observed_order_and_fine_grid_gci",
                "metrics": [
                  {
                    "coarse_triplet_observed_order": 1.912628345138949,
                    "fine_grid_gci": null,
                    "fine_triplet_observed_order": 1.392383779278443,
                    "metric": "max_displacement_m",
                    "observed_order_relative_difference": 0.27200504854104895,
                    "qualification_role": "pass_metric",
                    "regime": "oscillatory",
                    "richardson_extrapolated_value": null,
                    "unit": "m"
                  },
                  {
                    "coarse_triplet_observed_order": 0.8557373864803246,
                    "fine_grid_gci": null,
                    "fine_triplet_observed_order": 1.772979143495277,
                    "metric": "total_strain_energy_j",
                    "observed_order_relative_difference": 0.5173449221780966,
                    "qualification_role": "pass_metric",
                    "regime": "monotonic_pre_asymptotic",
                    "richardson_extrapolated_value": null,
                    "unit": "J"
                  },
                  {
                    "coarse_triplet_observed_order": -1.057335778941373,
                    "fine_grid_gci": null,
                    "fine_triplet_observed_order": -0.5967141376106112,
                    "metric": "max_von_mises_stress_pa",
                    "observed_order_relative_difference": 0.4356436720527381,
                    "qualification_role": "diagnostic_metric",
                    "regime": "monotonic_diverging",
                    "richardson_extrapolated_value": null,
                    "unit": "Pa"
                  }
                ],
                "order_consistency_tolerance": 0.25,
                "qualification_effect": "gci_gates_require_asymptotic_pass_metric_evidence",
                "qualification_tolerance": 0.02,
                "refinement_ratio": 2.0,
                "schema_version": "kyuubiki.composite-thermal-convergence-regime/v1",
                "status": "fail"
              },
              "samples": [
                {
                  "displacement_relative_change": null,
                  "element_count": 3,
                  "elements_per_original_element": 1,
                  "max_displacement_m": 0.00005258120946213346,
                  "max_von_mises_stress_pa": 23148975.283492547,
                  "node_count": 8,
                  "peak_stress_relative_change": null,
                  "strain_energy_relative_change": null,
                  "total_strain_energy_j": 0.007965995113281688
                },
                {
                  "displacement_relative_change": 0.04367771245555258,
                  "element_count": 12,
                  "elements_per_original_element": 2,
                  "max_displacement_m": 0.000050284582514681214,
                  "max_von_mises_stress_pa": 40206254.31956762,
                  "node_count": 21,
                  "peak_stress_relative_change": 0.4242444197984795,
                  "strain_energy_relative_change": 0.34396685899263757,
                  "total_strain_energy_j": 0.0052259567954154856
                },
                {
                  "displacement_relative_change": 0.01198561635228982,
                  "element_count": 48,
                  "elements_per_original_element": 4,
                  "max_displacement_m": 0.00005089458549078255,
                  "max_von_mises_stress_pa": 75703899.08480188,
                  "node_count": 65,
                  "peak_stress_relative_change": 0.468901142403122,
                  "strain_energy_relative_change": 0.2897264863282684,
                  "total_strain_energy_j": 0.0037118586953764194
                },
                {
                  "displacement_relative_change": 0.004565739081406799,
                  "element_count": 192,
                  "elements_per_original_element": 8,
                  "max_displacement_m": 0.00005066221409277528,
                  "max_von_mises_stress_pa": 129385862.68469907,
                  "node_count": 225,
                  "peak_stress_relative_change": 0.4148982159721344,
                  "strain_energy_relative_change": 0.119355565737412,
                  "total_strain_energy_j": 0.003268827700852435
                }
              ],
              "schema_version": "kyuubiki.composite-thermal-mesh-convergence/v1",
              "status": "fail"
            },
            "graded_stress_recovery": {
              "convergence_tolerance": 0.02,
              "diagnostic_metrics": [
                "max_stress_pa",
                "max_to_p95_ratio"
              ],
              "finest_pair_max_relative_change": 0.4148982159721344,
              "finest_pair_p95_relative_change": 0.34053161903728435,
              "finest_pair_rms_relative_change": 0.009218153181381037,
              "method": "interface_graded_mesh_element_area_weighted_von_mises_p95_and_rms",
              "pass_metrics": [
                "area_weighted_rms_stress_pa",
                "area_weighted_p95_stress_pa"
              ],
              "refinement_levels": [
                1,
                2,
                4,
                8
              ],
              "samples": [
                {
                  "element_count": 3,
                  "elements_per_original_element": 1,
                  "max_relative_change": null,
                  "p95_relative_change": null,
                  "rms_relative_change": null,
                  "statistics": {
                    "area_weighted_mean_stress_pa": 8162260.624665679,
                    "area_weighted_p95_stress_pa": 23148975.283492547,
                    "area_weighted_rms_stress_pa": 13380176.146283006,
                    "max_stress_pa": 23148975.283492547,
                    "max_to_p95_ratio": 1.0
                  }
                },
                {
                  "element_count": 12,
                  "elements_per_original_element": 2,
                  "max_relative_change": 0.4242444197984795,
                  "p95_relative_change": 0.4242444197984795,
                  "rms_relative_change": 0.19739374802011547,
                  "statistics": {
                    "area_weighted_mean_stress_pa": 8267230.437242625,
                    "area_weighted_p95_stress_pa": 40206254.31956762,
                    "area_weighted_rms_stress_pa": 16670909.44442126,
                    "max_stress_pa": 40206254.31956762,
                    "max_to_p95_ratio": 1.0
                  }
                },
                {
                  "element_count": 48,
                  "elements_per_original_element": 4,
                  "max_relative_change": 0.468901142403122,
                  "p95_relative_change": 0.5156763592049907,
                  "rms_relative_change": 0.040854881207239686,
                  "statistics": {
                    "area_weighted_mean_stress_pa": 6277071.939746272,
                    "area_weighted_p95_stress_pa": 19472839.47478306,
                    "area_weighted_rms_stress_pa": 15989821.41945278,
                    "max_stress_pa": 75703899.08480188,
                    "max_to_p95_ratio": 3.887666161005278
                  }
                },
                {
                  "element_count": 192,
                  "elements_per_original_element": 8,
                  "max_relative_change": 0.4148982159721344,
                  "p95_relative_change": 0.34053161903728435,
                  "rms_relative_change": 0.009218153181381037,
                  "statistics": {
                    "area_weighted_mean_stress_pa": 5861497.141724484,
                    "area_weighted_p95_stress_pa": 29528086.61782375,
                    "area_weighted_rms_stress_pa": 15842424.796265336,
                    "max_stress_pa": 129385862.68469907,
                    "max_to_p95_ratio": 4.381789594405998
                  }
                }
              ],
              "schema_version": "kyuubiki.composite-thermal-stress-recovery/v1",
              "status": "fail"
            },
            "max_change_ratio_graded_to_uniform": 1.5977619885363228,
            "p95_change_ratio_graded_to_uniform": 1.1441875651426747,
            "qualification_effect": "diagnostic_only_does_not_override_uniform_mesh_gates",
            "rms_change_ratio_graded_to_uniform": 0.5712137460068176,
            "schema_version": "kyuubiki.composite-thermal-interface-grading-assessment/v1",
            "strain_energy_change_ratio_graded_to_uniform": 0.9048377434016855
          },
          "thermal_mesh_convergence": {
            "algebraic_validation": {
              "max_relative_residual": 2.2996330788347692e-14,
              "method": "original_system_recomputed_l2_residual_over_max_rhs_l2_or_one",
              "qualification_effect": "algebraic_gate_does_not_override_discretization_gates",
              "relative_residual_tolerance": 1e-10,
              "required_series": [
                "uniform_full_edge_clamp",
                "uniform_regularized_restraint",
                "interface_graded_full_edge_clamp"
              ],
              "schema_version": "kyuubiki.composite-thermal-algebraic-validation/v1",
              "series": [
                {
                  "label": "uniform_full_edge_clamp",
                  "max_relative_residual": 1.4983223717835034e-14,
                  "samples": [
                    {
                      "element_count": 3,
                      "elements_per_original_element": 1,
                      "matrix_non_zero_count": 112,
                      "node_count": 8,
                      "relative_residual": 1.7436779604913162e-16,
                      "residual_norm": 5.639287774969779e-13,
                      "rhs_norm": 3234.1337693921387,
                      "solver_iterations": 0
                    },
                    {
                      "element_count": 12,
                      "elements_per_original_element": 2,
                      "matrix_non_zero_count": 439,
                      "node_count": 21,
                      "relative_residual": 6.214578624809686e-16,
                      "residual_norm": 1.978318257157211e-12,
                      "rhs_norm": 3183.350596385439,
                      "solver_iterations": 0
                    },
                    {
                      "element_count": 48,
                      "elements_per_original_element": 4,
                      "matrix_non_zero_count": 1747,
                      "node_count": 65,
                      "relative_residual": 3.631981321197513e-15,
                      "residual_norm": 9.093542742347965e-12,
                      "rhs_norm": 2503.741604967754,
                      "solver_iterations": 0
                    },
                    {
                      "element_count": 192,
                      "elements_per_original_element": 8,
                      "matrix_non_zero_count": 6925,
                      "node_count": 225,
                      "relative_residual": 1.4983223717835034e-14,
                      "residual_norm": 2.7756375740982148e-11,
                      "rhs_norm": 1852.496916797872,
                      "solver_iterations": 0
                    }
                  ],
                  "solver_path": "dense_direct",
                  "status": "pass"
                },
                {
                  "label": "uniform_regularized_restraint",
                  "max_relative_residual": 1.569864524380762e-14,
                  "samples": [
                    {
                      "element_count": 3,
                      "elements_per_original_element": 1,
                      "matrix_non_zero_count": 121,
                      "node_count": 8,
                      "relative_residual": 1.9210936760507755e-16,
                      "residual_norm": 6.938170889005446e-13,
                      "rhs_norm": 3611.573436266971,
                      "solver_iterations": 0
                    },
                    {
                      "element_count": 12,
                      "elements_per_original_element": 2,
                      "matrix_non_zero_count": 462,
                      "node_count": 21,
                      "relative_residual": 1.353551530286725e-15,
                      "residual_norm": 4.4440380133872455e-12,
                      "rhs_norm": 3283.24257625113,
                      "solver_iterations": 0
                    },
                    {
                      "element_count": 48,
                      "elements_per_original_element": 4,
                      "matrix_non_zero_count": 1799,
                      "node_count": 65,
                      "relative_residual": 4.476862251984977e-15,
                      "residual_norm": 1.1352366069802616e-11,
                      "rhs_norm": 2535.78632328237,
                      "solver_iterations": 0
                    },
                    {
                      "element_count": 192,
                      "elements_per_original_element": 8,
                      "matrix_non_zero_count": 7030,
                      "node_count": 225,
                      "relative_residual": 1.569864524380762e-14,
                      "residual_norm": 2.9252256697508845e-11,
                      "rhs_norm": 1863.361853408815,
                      "solver_iterations": 0
                    }
                  ],
                  "solver_path": "dense_direct",
                  "status": "pass"
                },
                {
                  "label": "interface_graded_full_edge_clamp",
                  "max_relative_residual": 2.2996330788347692e-14,
                  "samples": [
                    {
                      "element_count": 3,
                      "elements_per_original_element": 1,
                      "matrix_non_zero_count": 112,
                      "node_count": 8,
                      "relative_residual": 1.7436779604913162e-16,
                      "residual_norm": 5.639287774969779e-13,
                      "rhs_norm": 3234.1337693921387,
                      "solver_iterations": 0
                    },
                    {
                      "element_count": 12,
                      "elements_per_original_element": 2,
                      "matrix_non_zero_count": 444,
                      "node_count": 21,
                      "relative_residual": 7.435774835307192e-16,
                      "residual_norm": 2.3670678256562986e-12,
                      "rhs_norm": 3183.350596385439,
                      "solver_iterations": 0
                    },
                    {
                      "element_count": 48,
                      "elements_per_original_element": 4,
                      "matrix_non_zero_count": 1748,
                      "node_count": 65,
                      "relative_residual": 4.584736802510945e-15,
                      "residual_norm": 1.272212381047088e-11,
                      "rhs_norm": 2774.8864020947267,
                      "solver_iterations": 0
                    },
                    {
                      "element_count": 192,
                      "elements_per_original_element": 8,
                      "matrix_non_zero_count": 6948,
                      "node_count": 225,
                      "relative_residual": 2.2996330788347692e-14,
                      "residual_norm": 4.8156987305019766e-11,
                      "rhs_norm": 2094.1161330581076,
                      "solver_iterations": 0
                    }
                  ],
                  "solver_path": "dense_direct",
                  "status": "pass"
                }
              ],
              "status": "pass"
            },
            "convergence_tolerance": 0.02,
            "diagnostic_metrics": [
              "max_von_mises_stress_pa"
            ],
            "finest_pair_displacement_relative_change": 0.002692581380917696,
            "finest_pair_peak_stress_relative_change": 0.2596746066992207,
            "finest_pair_strain_energy_relative_change": 0.13190825273125942,
            "method": "structured_quad_h_refinement_preserving_piecewise_linear_temperature_full_edge_clamp",
            "pass_metrics": [
              "max_displacement_m",
              "total_strain_energy_j"
            ],
            "refinement_levels": [
              1,
              2,
              4,
              8
            ],
            "regime_assessment": {
              "diagnosis": "pass_metrics_lack_qualified_discretization_uncertainty",
              "gci_safety_factor": 1.25,
              "method": "four_level_constant_ratio_observed_order_and_fine_grid_gci",
              "metrics": [
                {
                  "coarse_triplet_observed_order": 3.889774221045541,
                  "fine_grid_gci": null,
                  "fine_triplet_observed_order": 0.1861642397985735,
                  "metric": "max_displacement_m",
                  "observed_order_relative_difference": 0.9521400911159996,
                  "qualification_role": "pass_metric",
                  "regime": "oscillatory",
                  "richardson_extrapolated_value": null,
                  "unit": "m"
                },
                {
                  "coarse_triplet_observed_order": 1.0838403960702687,
                  "fine_grid_gci": 0.12734835381487866,
                  "fine_triplet_observed_order": 1.317014096950584,
                  "metric": "total_strain_energy_j",
                  "observed_order_relative_difference": 0.17704723238741776,
                  "qualification_role": "pass_metric",
                  "regime": "asymptotic_converging",
                  "richardson_extrapolated_value": 0.003066592597198637,
                  "unit": "J"
                },
                {
                  "coarse_triplet_observed_order": 0.042693010628541354,
                  "fine_grid_gci": null,
                  "fine_triplet_observed_order": -0.26588208064225144,
                  "metric": "max_von_mises_stress_pa",
                  "observed_order_relative_difference": 1.160571222120025,
                  "qualification_role": "diagnostic_metric",
                  "regime": "monotonic_diverging",
                  "richardson_extrapolated_value": null,
                  "unit": "Pa"
                }
              ],
              "order_consistency_tolerance": 0.25,
              "qualification_effect": "gci_gates_require_asymptotic_pass_metric_evidence",
              "qualification_tolerance": 0.02,
              "refinement_ratio": 2.0,
              "schema_version": "kyuubiki.composite-thermal-convergence-regime/v1",
              "status": "fail"
            },
            "samples": [
              {
                "displacement_relative_change": null,
                "element_count": 3,
                "elements_per_original_element": 1,
                "max_displacement_m": 0.00005258120946213346,
                "max_von_mises_stress_pa": 23148975.283492547,
                "node_count": 8,
                "peak_stress_relative_change": null,
                "strain_energy_relative_change": null,
                "total_strain_energy_j": 0.007965995113281688
              },
              {
                "displacement_relative_change": 0.0436777124555174,
                "element_count": 12,
                "elements_per_original_element": 2,
                "max_displacement_m": 0.000050284582514683064,
                "max_von_mises_stress_pa": 40206254.31956764,
                "node_count": 21,
                "peak_stress_relative_change": 0.42424441979847977,
                "strain_energy_relative_change": 0.34396685899263746,
                "total_strain_energy_j": 0.005225956795415486
              },
              {
                "displacement_relative_change": 0.003071714225689466,
                "element_count": 48,
                "elements_per_original_element": 4,
                "max_displacement_m": 0.00005043951830058389,
                "max_von_mises_stress_pa": 56766160.70047072,
                "node_count": 65,
                "peak_stress_relative_change": 0.29172144419423024,
                "strain_energy_relative_change": 0.24735594431087313,
                "total_strain_energy_j": 0.003933285317357664
              },
              {
                "displacement_relative_change": 0.002692581380917696,
                "element_count": 192,
                "elements_per_original_element": 8,
                "max_displacement_m": 0.00005057569748195072,
                "max_von_mises_stress_pa": 76677311.3743618,
                "node_count": 225,
                "peak_stress_relative_change": 0.2596746066992207,
                "strain_energy_relative_change": 0.13190825273125942,
                "total_strain_energy_j": 0.0034144525236514977
              }
            ],
            "schema_version": "kyuubiki.composite-thermal-mesh-convergence/v1",
            "status": "fail"
          },
          "thermal_stress_recovery": {
            "convergence_tolerance": 0.02,
            "diagnostic_metrics": [
              "max_stress_pa",
              "max_to_p95_ratio"
            ],
            "finest_pair_max_relative_change": 0.2596746066992207,
            "finest_pair_p95_relative_change": 0.29761870292203507,
            "finest_pair_rms_relative_change": 0.016137834997533504,
            "method": "uniform_mesh_element_area_weighted_von_mises_p95_and_rms",
            "pass_metrics": [
              "area_weighted_rms_stress_pa",
              "area_weighted_p95_stress_pa"
            ],
            "refinement_levels": [
              1,
              2,
              4,
              8
            ],
            "samples": [
              {
                "element_count": 3,
                "elements_per_original_element": 1,
                "max_relative_change": null,
                "p95_relative_change": null,
                "rms_relative_change": null,
                "statistics": {
                  "area_weighted_mean_stress_pa": 8162260.624665679,
                  "area_weighted_p95_stress_pa": 23148975.283492547,
                  "area_weighted_rms_stress_pa": 13380176.146283006,
                  "max_stress_pa": 23148975.283492547,
                  "max_to_p95_ratio": 1.0
                }
              },
              {
                "element_count": 12,
                "elements_per_original_element": 2,
                "max_relative_change": 0.42424441979847977,
                "p95_relative_change": 0.42424441979847977,
                "rms_relative_change": 0.19739374802011567,
                "statistics": {
                  "area_weighted_mean_stress_pa": 8267230.437242625,
                  "area_weighted_p95_stress_pa": 40206254.31956764,
                  "area_weighted_rms_stress_pa": 16670909.444421263,
                  "max_stress_pa": 40206254.31956764,
                  "max_to_p95_ratio": 1.0
                }
              },
              {
                "element_count": 48,
                "elements_per_original_element": 4,
                "max_relative_change": 0.29172144419423024,
                "p95_relative_change": 0.24524467209713796,
                "rms_relative_change": 0.02136449756272845,
                "statistics": {
                  "area_weighted_mean_stress_pa": 6539298.279103215,
                  "area_weighted_p95_stress_pa": 53270580.32340547,
                  "area_weighted_rms_stress_pa": 16314743.84022746,
                  "max_stress_pa": 56766160.70047072,
                  "max_to_p95_ratio": 1.065619341029206
                }
              },
              {
                "element_count": 192,
                "elements_per_original_element": 8,
                "max_relative_change": 0.2596746066992207,
                "p95_relative_change": 0.29761870292203507,
                "rms_relative_change": 0.016137834997533504,
                "statistics": {
                  "area_weighted_mean_stress_pa": 6006900.8894459475,
                  "area_weighted_p95_stress_pa": 37416259.30364945,
                  "area_weighted_rms_stress_pa": 16051459.196106842,
                  "max_stress_pa": 76677311.3743618,
                  "max_to_p95_ratio": 2.0493045751070835
                }
              }
            ],
            "schema_version": "kyuubiki.composite-thermal-stress-recovery/v1",
            "status": "fail"
          }
        },
        "status": "completed"
      },
      "requires_confirmation": false
    },
    {
      "index": 4,
      "action": "solve_composite_thermo_electric_panel",
      "risk": "normal",
      "status": "executed",
      "payload": {
        "electric_conduction_feedback": {
          "parameter_source": "screening_reference_not_material_card",
          "regions": [
            {
              "element_id": "conductor_left",
              "reference_resistivity_ohm_m": 2.82e-8,
              "reference_temperature_c": 35.0,
              "resistivity_temperature_coefficient_1_k": 0.00403
            }
          ]
        },
        "electric_conduction_model": {
          "contact_interfaces": [],
          "elements": [
            {
              "electrical_conductivity_s_m": 35460992.90780142,
              "id": "conductor_left",
              "node_i": 0,
              "node_j": 1,
              "node_k": 2,
              "node_l": 3,
              "thickness": 0.001
            }
          ],
          "nodes": [
            {
              "current_source_a": 0.0,
              "electric_potential_v": 0.0,
              "fix_electric_potential": true,
              "id": "n0",
              "x": 0.0,
              "y": 0.0
            },
            {
              "current_source_a": 0.0,
              "electric_potential_v": 0.000056399999999999995,
              "fix_electric_potential": true,
              "id": "n1",
              "x": 0.03,
              "y": 0.0
            },
            {
              "current_source_a": 0.0,
              "electric_potential_v": 0.000056399999999999995,
              "fix_electric_potential": true,
              "id": "n5",
              "x": 0.03,
              "y": 0.03
            },
            {
              "current_source_a": 0.0,
              "electric_potential_v": 0.0,
              "fix_electric_potential": true,
              "id": "n4",
              "x": 0.0,
              "y": 0.03
            }
          ],
          "terminals": []
        },
        "electrostatic_model": {
          "elements": [
            {
              "id": "conductor_left",
              "node_i": 0,
              "node_j": 1,
              "node_k": 5,
              "node_l": 4,
              "permittivity": 1.0,
              "thickness": 0.001
            },
            {
              "id": "dielectric_core",
              "node_i": 1,
              "node_j": 2,
              "node_k": 6,
              "node_l": 5,
              "permittivity": 9.8,
              "thickness": 0.001
            },
            {
              "id": "substrate_right",
              "node_i": 2,
              "node_j": 3,
              "node_k": 7,
              "node_l": 6,
              "permittivity": 4.2,
              "thickness": 0.001
            }
          ],
          "nodes": [
            {
              "charge_density": 0.0,
              "fix_potential": true,
              "id": "n0",
              "potential": 0.0,
              "x": 0.0,
              "y": 0.0
            },
            {
              "charge_density": 0.0,
              "fix_potential": false,
              "id": "n1",
              "potential": 0.0,
              "x": 0.03,
              "y": 0.0
            },
            {
              "charge_density": 0.0,
              "fix_potential": false,
              "id": "n2",
              "potential": 0.0,
              "x": 0.06,
              "y": 0.0
            },
            {
              "charge_density": 0.0,
              "fix_potential": true,
              "id": "n3",
              "potential": 5695,
              "x": 0.09,
              "y": 0.0
            },
            {
              "charge_density": 0.0,
              "fix_potential": true,
              "id": "n4",
              "potential": 0.0,
              "x": 0.0,
              "y": 0.03
            },
            {
              "charge_density": 0.0,
              "fix_potential": false,
              "id": "n5",
              "potential": 0.0,
              "x": 0.03,
              "y": 0.03
            },
            {
              "charge_density": 0.0,
              "fix_potential": false,
              "id": "n6",
              "potential": 0.0,
              "x": 0.06,
              "y": 0.03
            },
            {
              "charge_density": 0.0,
              "fix_potential": true,
              "id": "n7",
              "potential": 5695,
              "x": 0.09,
              "y": 0.03
            }
          ]
        },
        "electrothermal_feedback": {
          "conductivity_relative_change_tolerance": 1e-9,
          "loss_relative_change_tolerance": 1e-9,
          "loss_tangent_temperature_coefficient_1_k": 0.001,
          "max_iterations": 12,
          "parameter_source": "screening_sensitivity_not_material_card",
          "relative_permittivity_temperature_coefficient_1_k": 0.0001,
          "relaxation_factor": 0.8,
          "temperature_residual_tolerance_c": 1e-7,
          "thermal_conductivity_models": [
            {
              "element_id": "conductor_left",
              "reference_temperature_c": 35.0,
              "temperature_coefficient_1_k": -0.001
            },
            {
              "element_id": "dielectric_core",
              "reference_temperature_c": 35.0,
              "temperature_coefficient_1_k": -0.002
            },
            {
              "element_id": "substrate_right",
              "reference_temperature_c": 35.0,
              "temperature_coefficient_1_k": -0.0012
            }
          ]
        },
        "electrothermal_loss": {
          "frequency_hz": 10000000.0,
          "loss_tangent": 0.0002,
          "reference_temperature_c": 35.0,
          "relative_permittivity": 9.8,
          "source_element_id": "dielectric_core"
        },
        "heat_model": {
          "elements": [
            {
              "conductivity": 167.0,
              "id": "conductor_left",
              "node_i": 0,
              "node_j": 1,
              "node_k": 5,
              "node_l": 4,
              "thickness": 0.001
            },
            {
              "conductivity": 0.25,
              "id": "dielectric_core",
              "node_i": 1,
              "node_j": 2,
              "node_k": 6,
              "node_l": 5,
              "thickness": 0.001
            },
            {
              "conductivity": 160.0,
              "id": "substrate_right",
              "node_i": 2,
              "node_j": 3,
              "node_k": 7,
              "node_l": 6,
              "thickness": 0.001
            }
          ],
          "nodes": [
            {
              "fix_temperature": false,
              "heat_load": 0.0,
              "id": "n0",
              "temperature": 35.0,
              "x": 0.0,
              "y": 0.0
            },
            {
              "fix_temperature": false,
              "heat_load": 0.0,
              "id": "n1",
              "temperature": 35.0,
              "x": 0.03,
              "y": 0.0
            },
            {
              "fix_temperature": false,
              "heat_load": 0.0,
              "id": "n2",
              "temperature": 35.0,
              "x": 0.06,
              "y": 0.0
            },
            {
              "fix_temperature": true,
              "heat_load": 0.0,
              "id": "n3",
              "temperature": 35.0,
              "x": 0.09,
              "y": 0.0
            },
            {
              "fix_temperature": false,
              "heat_load": 0.0,
              "id": "n4",
              "temperature": 35.0,
              "x": 0.0,
              "y": 0.03
            },
            {
              "fix_temperature": false,
              "heat_load": 0.0,
              "id": "n5",
              "temperature": 35.0,
              "x": 0.03,
              "y": 0.03
            },
            {
              "fix_temperature": false,
              "heat_load": 0.0,
              "id": "n6",
              "temperature": 35.0,
              "x": 0.06,
              "y": 0.03
            },
            {
              "fix_temperature": true,
              "heat_load": 0.0,
              "id": "n7",
              "temperature": 35.0,
              "x": 0.09,
              "y": 0.03
            }
          ]
        },
        "research": {
          "candidate_id": "aluminum_alumina_aluminum",
          "candidate_label": "Aluminum / Alumina / Aluminum",
          "coupling": "iterative_dielectric_and_conductor_joule_heating_with_temperature_dependent_electrical_thermal_feedback_and_expansion_projection",
          "materials": {
            "conductor": "aluminum",
            "dielectric": "alumina_96",
            "substrate": "aluminum_6061"
          },
          "study": "material.composite_thermo_electric_panel.v1"
        },
        "thermal_expansion_feedback": {
          "parameter_source": "screening_sensitivity_not_material_card",
          "regions": [
            {
              "element_id": "conductor_left",
              "reference_temperature_c": 35.0,
              "temperature_coefficient_1_k": 0.0002
            },
            {
              "element_id": "dielectric_core",
              "reference_temperature_c": 35.0,
              "temperature_coefficient_1_k": 0.0008
            },
            {
              "element_id": "substrate_right",
              "reference_temperature_c": 35.0,
              "temperature_coefficient_1_k": 0.0003
            }
          ]
        },
        "thermal_model": {
          "elements": [
            {
              "id": "conductor_left",
              "node_i": 0,
              "node_j": 1,
              "node_k": 5,
              "node_l": 4,
              "poisson_ratio": 0.32,
              "thermal_expansion": 0.000017,
              "thickness": 0.001,
              "youngs_modulus": 110000000000.0
            },
            {
              "id": "dielectric_core",
              "node_i": 1,
              "node_j": 2,
              "node_k": 6,
              "node_l": 5,
              "poisson_ratio": 0.32,
              "thermal_expansion": 0.000045,
              "thickness": 0.001,
              "youngs_modulus": 2500000000.0
            },
            {
              "id": "substrate_right",
              "node_i": 2,
              "node_j": 3,
              "node_k": 7,
              "node_l": 6,
              "poisson_ratio": 0.32,
              "thermal_expansion": 0.0000236,
              "thickness": 0.001,
              "youngs_modulus": 68900000000.0
            }
          ],
          "nodes": [
            {
              "fix_x": true,
              "fix_y": true,
              "id": "n0",
              "load_x": 0.0,
              "load_y": 0.0,
              "temperature_delta": 0.0,
              "x": 0.0,
              "y": 0.0
            },
            {
              "fix_x": false,
              "fix_y": false,
              "id": "n1",
              "load_x": 0.0,
              "load_y": 0.0,
              "temperature_delta": 0.0,
              "x": 0.03,
              "y": 0.0
            },
            {
              "fix_x": false,
              "fix_y": false,
              "id": "n2",
              "load_x": 0.0,
              "load_y": 0.0,
              "temperature_delta": 0.0,
              "x": 0.06,
              "y": 0.0
            },
            {
              "fix_x": false,
              "fix_y": false,
              "id": "n3",
              "load_x": 0.0,
              "load_y": 0.0,
              "temperature_delta": 0.0,
              "x": 0.09,
              "y": 0.0
            },
            {
              "fix_x": true,
              "fix_y": true,
              "id": "n4",
              "load_x": 0.0,
              "load_y": 0.0,
              "temperature_delta": 0.0,
              "x": 0.0,
              "y": 0.03
            },
            {
              "fix_x": false,
              "fix_y": false,
              "id": "n5",
              "load_x": 0.0,
              "load_y": 0.0,
              "temperature_delta": 0.0,
              "x": 0.03,
              "y": 0.03
            },
            {
              "fix_x": false,
              "fix_y": false,
              "id": "n6",
              "load_x": 0.0,
              "load_y": 0.0,
              "temperature_delta": 0.0,
              "x": 0.06,
              "y": 0.03
            },
            {
              "fix_x": false,
              "fix_y": false,
              "id": "n7",
              "load_x": 0.0,
              "load_y": 0.0,
              "temperature_delta": 0.0,
              "x": 0.09,
              "y": 0.03
            }
          ]
        }
      },
      "result_preview": {
        "job": {
          "created_at": "2026-08-13T11:22:23.300856Z",
          "execution_started_at": null,
          "execution_timeout_ms": 120000,
          "has_result": false,
          "iteration": null,
          "job_id": "26eb45073e8b967e",
          "message": null,
          "model_version_id": null,
          "progress": 0.0,
          "project_id": "21f67fcb1cdc5187",
          "queue_timeout_ms": 1800000,
          "residual": null,
          "simulation_case_id": "3253735f00b20bc9",
          "status": "queued",
          "status_detail": {
            "active": true,
            "failure_class": null,
            "lifecycle": "active",
            "recoverable": false,
            "terminal": false,
            "timing": {
              "effective_deadline": "2026-08-13T11:52:23.300856Z",
              "effective_timeout_ms": 1800000,
              "execution_elapsed_ms": null,
              "execution_started_at": null,
              "execution_timeout_ms": 120000,
              "job_submission_deadline": "2026-08-13T11:52:23.300856Z",
              "phase": "queue",
              "queue_timeout_ms": 1800000,
              "queue_wait_ms": 0,
              "total_elapsed_ms": 0
            }
          },
          "updated_at": "2026-08-13T11:22:23.300856Z",
          "worker_id": null
        },
        "job_id": "26eb45073e8b967e",
        "progress": 0.0,
        "raw": {
          "job": {
            "created_at": "2026-08-13T11:22:23.300856Z",
            "execution_started_at": null,
            "execution_timeout_ms": 120000,
            "has_result": false,
            "iteration": null,
            "job_id": "26eb45073e8b967e",
            "message": null,
            "model_version_id": null,
            "progress": 0.0,
            "project_id": "21f67fcb1cdc5187",
            "queue_timeout_ms": 1800000,
            "residual": null,
            "simulation_case_id": "3253735f00b20bc9",
            "status": "queued",
            "status_detail": {
              "active": true,
              "failure_class": null,
              "lifecycle": "active",
              "recoverable": false,
              "terminal": false,
              "timing": {
                "effective_deadline": "2026-08-13T11:52:23.300856Z",
                "effective_timeout_ms": 1800000,
                "execution_elapsed_ms": null,
                "execution_started_at": null,
                "execution_timeout_ms": 120000,
                "job_submission_deadline": "2026-08-13T11:52:23.300856Z",
                "phase": "queue",
                "queue_timeout_ms": 1800000,
                "queue_wait_ms": 0,
                "total_elapsed_ms": 0
              }
            },
            "updated_at": "2026-08-13T11:22:23.300856Z",
            "worker_id": null
          }
        },
        "status": "queued"
      },
      "requires_confirmation": false
    },
    {
      "index": 5,
      "action": "job_wait",
      "risk": "normal",
      "status": "executed",
      "payload": {
        "interval_ms": 1000,
        "job_id": "26eb45073e8b967e",
        "max_total_timeout_ms": 3600000,
        "resume_policy": "server_deadline",
        "timeout_ms": 60000
      },
      "result_preview": {
        "job": {
          "created_at": "2026-08-13T11:22:23.300856Z",
          "execution_started_at": "2026-08-13T11:22:23.305551Z",
          "execution_timeout_ms": 120000,
          "iteration": 4,
          "job_id": "26eb45073e8b967e",
          "message": "collecting nodal and elemental responses",
          "model_version_id": null,
          "progress": 1.0,
          "project_id": "21f67fcb1cdc5187",
          "queue_timeout_ms": 1800000,
          "residual": 0.2,
          "simulation_case_id": "3253735f00b20bc9",
          "status": "completed",
          "status_detail": {
            "active": false,
            "failure_class": null,
            "lifecycle": "terminal",
            "recoverable": false,
            "terminal": true,
            "timing": {
              "effective_deadline": "2026-08-13T11:24:23.305551Z",
              "effective_timeout_ms": 120000,
              "execution_elapsed_ms": 6040,
              "execution_started_at": "2026-08-13T11:22:23.305551Z",
              "execution_timeout_ms": 120000,
              "job_submission_deadline": "2026-08-13T11:52:23.300856Z",
              "phase": "execution",
              "queue_timeout_ms": 1800000,
              "queue_wait_ms": 4,
              "total_elapsed_ms": 6044
            }
          },
          "updated_at": "2026-08-13T11:22:29.345851Z",
          "worker_id": "rust-agent-rpc@127.0.0.1:5002"
        },
        "job_id": "26eb45073e8b967e",
        "progress": 1.0,
        "raw": {
          "job": {
            "created_at": "2026-08-13T11:22:23.300856Z",
            "execution_started_at": "2026-08-13T11:22:23.305551Z",
            "execution_timeout_ms": 120000,
            "iteration": 4,
            "job_id": "26eb45073e8b967e",
            "message": "collecting nodal and elemental responses",
            "model_version_id": null,
            "progress": 1.0,
            "project_id": "21f67fcb1cdc5187",
            "queue_timeout_ms": 1800000,
            "residual": 0.2,
            "simulation_case_id": "3253735f00b20bc9",
            "status": "completed",
            "status_detail": {
              "active": false,
              "failure_class": null,
              "lifecycle": "terminal",
              "recoverable": false,
              "terminal": true,
              "timing": {
                "effective_deadline": "2026-08-13T11:24:23.305551Z",
                "effective_timeout_ms": 120000,
                "execution_elapsed_ms": 6040,
                "execution_started_at": "2026-08-13T11:22:23.305551Z",
                "execution_timeout_ms": 120000,
                "job_submission_deadline": "2026-08-13T11:52:23.300856Z",
                "phase": "execution",
                "queue_timeout_ms": 1800000,
                "queue_wait_ms": 4,
                "total_elapsed_ms": 6044
              }
            },
            "updated_at": "2026-08-13T11:22:29.345851Z",
            "worker_id": "rust-agent-rpc@127.0.0.1:5002"
          }
        },
        "result": null,
        "status": "completed",
        "wait": {
          "elapsed_ms": 6065,
          "policy": "server_deadline",
          "poll_attempts": 7,
          "resume_count": 0
        }
      },
      "requires_confirmation": false
    },
    {
      "index": 6,
      "action": "result_fetch",
      "risk": "normal",
      "status": "executed",
      "payload": {
        "job_id": "26eb45073e8b967e"
      },
      "result_preview": {
        "job": {
          "created_at": "2026-08-13T11:22:23.300856Z",
          "execution_started_at": "2026-08-13T11:22:23.305551Z",
          "execution_timeout_ms": 120000,
          "has_result": true,
          "iteration": 4,
          "job_id": "26eb45073e8b967e",
          "message": "collecting nodal and elemental responses",
          "model_version_id": null,
          "progress": 1.0,
          "project_id": "21f67fcb1cdc5187",
          "queue_timeout_ms": 1800000,
          "residual": 0.2,
          "simulation_case_id": "3253735f00b20bc9",
          "status": "completed",
          "status_detail": {
            "active": false,
            "failure_class": null,
            "lifecycle": "terminal",
            "recoverable": false,
            "terminal": true,
            "timing": {
              "effective_deadline": "2026-08-13T11:24:23.305551Z",
              "effective_timeout_ms": 120000,
              "execution_elapsed_ms": 6040,
              "execution_started_at": "2026-08-13T11:22:23.305551Z",
              "execution_timeout_ms": 120000,
              "job_submission_deadline": "2026-08-13T11:52:23.300856Z",
              "phase": "execution",
              "queue_timeout_ms": 1800000,
              "queue_wait_ms": 4,
              "total_elapsed_ms": 6044
            }
          },
          "updated_at": "2026-08-13T11:22:29.345851Z",
          "worker_id": "rust-agent-rpc@127.0.0.1:5002"
        },
        "job_id": "26eb45073e8b967e",
        "result": {
          "electric_conduction": {
            "contact_interfaces": [],
            "current_balance_relative_error": 0.0,
            "elements": [
              {
                "area_m2": 0.0009,
                "average_electric_potential_v": 0.0000282,
                "current_density_magnitude_a_m2": 66435.67487094138,
                "current_density_x_a_m2": -66435.67487094138,
                "current_density_y_a_m2": -0.0,
                "electric_field_magnitude_v_m": 0.00188,
                "electric_field_x_v_m": -0.00188,
                "electric_field_y_v_m": -0.0,
                "electric_potential_gradient_x_v_m": 0.00188,
                "electric_potential_gradient_y_v_m": 0.0,
                "id": "conductor_left",
                "index": 0,
                "joule_power_w": 0.0001124091618816328,
                "node_i": 0,
                "node_j": 1,
                "node_k": 2,
                "node_l": 3,
                "peak_current_density_magnitude_a_m2": 66435.67487094138,
                "peak_electric_field_magnitude_v_m": 0.00188,
                "rms_current_density_magnitude_a_m2": 66435.67487094138,
                "rms_electric_field_magnitude_v_m": 0.00188,
                "volumetric_joule_heating_w_m3": 124.8990687573698
              }
            ],
            "free_current_residual_relative_error": 0.0,
            "input": {
              "contact_interfaces": [],
              "elements": [
                {
                  "electrical_conductivity_s_m": 35338124.931351796,
                  "id": "conductor_left",
                  "node_i": 0,
                  "node_j": 1,
                  "node_k": 2,
                  "node_l": 3,
                  "thickness": 0.001
                }
              ],
              "nodes": [
                {
                  "current_source_a": 0.0,
                  "electric_potential_v": 0.0,
                  "fix_electric_potential": true,
                  "id": "n0",
                  "x": 0.0,
                  "y": 0.0
                },
                {
                  "current_source_a": 0.0,
                  "electric_potential_v": 0.000056399999999999995,
                  "fix_electric_potential": true,
                  "id": "n1",
                  "x": 0.03,
                  "y": 0.0
                },
                {
                  "current_source_a": 0.0,
                  "electric_potential_v": 0.000056399999999999995,
                  "fix_electric_potential": true,
                  "id": "n5",
                  "x": 0.03,
                  "y": 0.03
                },
                {
                  "current_source_a": 0.0,
                  "electric_potential_v": 0.0,
                  "fix_electric_potential": true,
                  "id": "n4",
                  "x": 0.0,
                  "y": 0.03
                }
              ],
              "terminals": []
            },
            "max_current_density_a_m2": 66435.67487094138,
            "max_electric_field_v_m": 0.00188,
            "max_electric_potential_v": 0.000056399999999999995,
            "max_free_current_residual_a": 0.0,
            "nodes": [
              {
                "current_source_a": 0.0,
                "electric_potential_v": 0.0,
                "fix_electric_potential": true,
                "id": "n0",
                "index": 0,
                "net_injected_current_a": -0.9965351230641208,
                "reaction_current_a": -0.9965351230641208,
                "x": 0.0,
                "y": 0.0
              },
              {
                "current_source_a": 0.0,
                "electric_potential_v": 0.000056399999999999995,
                "fix_electric_potential": true,
                "id": "n1",
                "index": 1,
                "net_injected_current_a": 0.9965351230641208,
                "reaction_current_a": 0.9965351230641208,
                "x": 0.03,
                "y": 0.0
              },
              {
                "current_source_a": 0.0,
                "electric_potential_v": 0.000056399999999999995,
                "fix_electric_potential": true,
                "id": "n5",
                "index": 2,
                "net_injected_current_a": 0.9965351230641208,
                "reaction_current_a": 0.9965351230641208,
                "x": 0.03,
                "y": 0.03
              },
              {
                "current_source_a": 0.0,
                "electric_potential_v": 0.0,
                "fix_electric_potential": true,
                "id": "n4",
                "index": 3,
                "net_injected_current_a": -0.9965351230641208,
                "reaction_current_a": -0.9965351230641208,
                "x": 0.0,
                "y": 0.03
              }
            ],
            "power_balance_relative_error": 2.4112851531336307e-16,
            "source_power_balance_relative_error": 2.4112851531336307e-16,
            "terminals": [],
            "total_bulk_joule_power_w": 0.0001124091618816328,
            "total_contact_joule_power_w": -0.0,
            "total_dissipated_power_w": 0.0001124091618816328,
            "total_electrical_input_power_w": 0.00011240916188163284,
            "total_extracted_current_a": 1.9930702461282417,
            "total_injected_current_a": 1.9930702461282417,
            "total_joule_power_w": 0.0001124091618816328,
            "total_source_power_w": 0.00011240916188163284,
            "total_terminal_impedance_power_w": -0.0
          },
          "electrostatic": {
            "elements": [
              {
                "area": 0.0009,
                "average_potential": 2124.7912574808815,
                "electric_energy_density": 10032750861.927082,
                "electric_field_magnitude": 141652.75049872545,
                "electric_field_x": -141652.75049872545,
                "electric_field_y": 1.4551915228366852e-11,
                "electric_flux_density_magnitude": 141652.75049872545,
                "electric_flux_density_x": -141652.75049872545,
                "electric_flux_density_y": 1.4551915228366852e-11,
                "id": "conductor_left",
                "index": 0,
                "node_i": 0,
                "node_j": 1,
                "node_k": 5,
                "node_l": 4,
                "potential_gradient_x": 141652.75049872545,
                "potential_gradient_y": -1.4551915228366852e-11,
                "stored_energy": 9029.475775734374
              },
              {
                "area": 0.0009,
                "average_potential": 4466.38857712829,
                "electric_energy_density": 1023705834.3562084,
                "electric_field_magnitude": 14453.737477768474,
                "electric_field_x": -14453.737477768474,
                "electric_field_y": 2.9103830456733704e-11,
                "electric_flux_density_magnitude": 141652.75049872557,
                "electric_flux_density_x": -141652.75049872557,
                "electric_flux_density_y": 2.8522986809370267e-10,
                "id": "dielectric_core",
                "index": 1,
                "node_i": 1,
                "node_j": 2,
                "node_k": 6,
                "node_l": 5,
                "potential_gradient_x": 14453.737477768474,
                "potential_gradient_y": -2.9103830456733704e-11,
                "stored_energy": 921.3352509205874
              },
              {
                "area": 0.0009,
                "average_potential": 5189.097319647409,
                "electric_energy_density": 2388750205.2207394,
                "electric_field_magnitude": 33726.84535683943,
                "electric_field_x": -33726.84535683943,
                "electric_field_y": 1.4551915228366852e-11,
                "electric_flux_density_magnitude": 141652.75049872565,
                "electric_flux_density_x": -141652.75049872565,
                "electric_flux_density_y": 6.111804395914078e-11,
                "id": "substrate_right",
                "index": 2,
                "node_i": 2,
                "node_j": 3,
                "node_k": 7,
                "node_l": 6,
                "potential_gradient_x": 33726.84535683943,
                "potential_gradient_y": -1.4551915228366852e-11,
                "stored_energy": 2149.8751846986656
              }
            ],
            "input": {
              "elements": [
                {
                  "id": "conductor_left",
                  "node_i": 0,
                  "node_j": 1,
                  "node_k": 5,
                  "node_l": 4,
                  "permittivity": 1.0,
                  "thickness": 0.001
                },
                {
                  "id": "dielectric_core",
                  "node_i": 1,
                  "node_j": 2,
                  "node_k": 6,
                  "node_l": 5,
                  "permittivity": 9.800423642438776,
                  "thickness": 0.001
                },
                {
                  "id": "substrate_right",
                  "node_i": 2,
                  "node_j": 3,
                  "node_k": 7,
                  "node_l": 6,
                  "permittivity": 4.2,
                  "thickness": 0.001
                }
              ],
              "nodes": [
                {
                  "charge_density": 0.0,
                  "fix_potential": true,
                  "id": "n0",
                  "potential": 0.0,
                  "x": 0.0,
                  "y": 0.0
                },
                {
                  "charge_density": 0.0,
                  "fix_potential": false,
                  "id": "n1",
                  "potential": 0.0,
                  "x": 0.03,
                  "y": 0.0
                },
                {
                  "charge_density": 0.0,
                  "fix_potential": false,
                  "id": "n2",
                  "potential": 0.0,
                  "x": 0.06,
                  "y": 0.0
                },
                {
                  "charge_density": 0.0,
                  "fix_potential": true,
                  "id": "n3",
                  "potential": 5695.0,
                  "x": 0.09,
                  "y": 0.0
                },
                {
                  "charge_density": 0.0,
                  "fix_potential": true,
                  "id": "n4",
                  "potential": 0.0,
                  "x": 0.0,
                  "y": 0.03
                },
                {
                  "charge_density": 0.0,
                  "fix_potential": false,
                  "id": "n5",
                  "potential": 0.0,
                  "x": 0.03,
                  "y": 0.03
                },
                {
                  "charge_density": 0.0,
                  "fix_potential": false,
                  "id": "n6",
                  "potential": 0.0,
                  "x": 0.06,
                  "y": 0.03
                },
                {
                  "charge_density": 0.0,
                  "fix_potential": true,
                  "id": "n7",
                  "potential": 5695.0,
                  "x": 0.09,
                  "y": 0.03
                }
              ]
            },
            "max_electric_energy_density": 10032750861.927082,
            "max_electric_field": 141652.75049872545,
            "max_flux_density": 141652.75049872565,
            "max_potential": 5695.0,
            "nodes": [
              {
                "charge_density": 0.0,
                "id": "n0",
                "index": 0,
                "potential": 0.0,
                "x": 0.0,
                "y": 0.0
              },
              {
                "charge_density": 0.0,
                "id": "n1",
                "index": 1,
                "potential": 4249.582514961763,
                "x": 0.03,
                "y": 0.0
              },
              {
                "charge_density": 0.0,
                "id": "n2",
                "index": 2,
                "potential": 4683.1946392948175,
                "x": 0.06,
                "y": 0.0
              },
              {
                "charge_density": 0.0,
                "id": "n3",
                "index": 3,
                "potential": 5695.0,
                "x": 0.09,
                "y": 0.0
              },
              {
                "charge_density": 0.0,
                "id": "n4",
                "index": 4,
                "potential": 0.0,
                "x": 0.0,
                "y": 0.03
              },
              {
                "charge_density": 0.0,
                "id": "n5",
                "index": 5,
                "potential": 4249.582514961762,
                "x": 0.03,
                "y": 0.03
              },
              {
                "charge_density": 0.0,
                "id": "n6",
                "index": 6,
                "potential": 4683.194639294817,
                "x": 0.06,
                "y": 0.03
              },
              {
                "charge_density": 0.0,
                "id": "n7",
                "index": 7,
                "potential": 5695.0,
                "x": 0.09,
                "y": 0.03
              }
            ],
            "total_stored_energy": 12100.686211353626
          },
          "electrostatic_mesh_convergence": {
            "finest_pair_relative_change": 1.9501482071185262e-14,
            "max_analytic_relative_error": 5.3277777777777775,
            "method": "structured_quad_h_refinement",
            "refinement_levels": [
              1,
              2,
              4,
              8
            ],
            "relative_error_tolerance": 1e-8,
            "samples": [
              {
                "analytic_relative_error": 5.3277777777777775,
                "element_count": 3,
                "elements_per_layer": 1,
                "max_electric_field_v_m": 141652.75049872545,
                "node_count": 8,
                "relative_change_from_previous": null
              },
              {
                "analytic_relative_error": 2.4376852588981578e-15,
                "element_count": 6,
                "elements_per_layer": 2,
                "max_electric_field_v_m": 22385.860482678352,
                "node_count": 14,
                "relative_change_from_previous": 5.327777777777775
              },
              {
                "analytic_relative_error": 3.575271713050632e-15,
                "element_count": 12,
                "elements_per_layer": 4,
                "max_electric_field_v_m": 22385.860482678378,
                "node_count": 26,
                "relative_change_from_previous": 1.1375864541524737e-15
              },
              {
                "analytic_relative_error": 2.3076753784235895e-14,
                "element_count": 24,
                "elements_per_layer": 8,
                "max_electric_field_v_m": 22385.860482678818,
                "node_count": 50,
                "relative_change_from_previous": 1.9501482071185262e-14
              }
            ],
            "schema_version": "kyuubiki.composite-electrostatic-mesh-convergence/v1",
            "status": "fail"
          },
          "electrothermal_feedback_convergence": {
            "conductivity_relative_change_tolerance": 1e-9,
            "converged": true,
            "final_loss_relative_change": 3.8733779654397385e-10,
            "final_max_conductivity_relative_change": 3.451198870755539e-10,
            "final_temperature_residual_c": 8.576672172466716e-8,
            "iteration_count": 11,
            "iterations": [
              {
                "converged": false,
                "coupling_temperature_c": 35.0,
                "dielectric_mean_temperature_c": 35.43261870850142,
                "iteration": 1,
                "loss_relative_change": null,
                "loss_tangent": 0.0002,
                "max_conductivity_relative_change": null,
                "max_temperature_c": 35.863588689948145,
                "relative_permittivity": 9.8,
                "temperature_residual_c": 0.8634198276727005,
                "thermal_conductivity_updates": [
                  {
                    "conductivity_relative_change": null,
                    "conductivity_w_mk": 167.0,
                    "coupling_temperature_c": 35.0,
                    "element_id": "conductor_left",
                    "measured_mean_temperature_c": 35.8634198276727
                  },
                  {
                    "conductivity_relative_change": null,
                    "conductivity_w_mk": 0.25,
                    "coupling_temperature_c": 35.0,
                    "element_id": "dielectric_core",
                    "measured_mean_temperature_c": 35.43261870850142
                  },
                  {
                    "conductivity_relative_change": null,
                    "conductivity_w_mk": 160.0,
                    "coupling_temperature_c": 35.0,
                    "element_id": "substrate_right",
                    "measured_mean_temperature_c": 35.000993225802794
                  }
                ],
                "total_joule_loss_w": 0.00011280000000000002,
                "total_loss_w": 0.0002050322568925393
              },
              {
                "converged": false,
                "coupling_temperature_c": 35.34609496680114,
                "dielectric_mean_temperature_c": 35.432353747850875,
                "iteration": 2,
                "loss_relative_change": 0.0007808601779357964,
                "loss_tangent": 0.0002000692189933602,
                "max_conductivity_relative_change": 0.0006921899336023163,
                "max_temperature_c": 35.86305961318462,
                "relative_permittivity": 9.800339173067464,
                "temperature_residual_c": 0.17215524112640423,
                "thermal_conductivity_updates": [
                  {
                    "conductivity_relative_change": 0.0006907358621381508,
                    "conductivity_w_mk": 166.88464711102293,
                    "coupling_temperature_c": 35.69073586213816,
                    "element_id": "conductor_left",
                    "measured_mean_temperature_c": 35.862891103264566
                  },
                  {
                    "conductivity_relative_change": 0.0006921899336023163,
                    "conductivity_w_mk": 0.24982695251659945,
                    "coupling_temperature_c": 35.34609496680114,
                    "element_id": "dielectric_core",
                    "measured_mean_temperature_c": 35.432353747850875
                  },
                  {
                    "conductivity_relative_change": 9.53496770605966e-7,
                    "conductivity_w_mk": 159.9998474405167,
                    "coupling_temperature_c": 35.000794580642236,
                    "element_id": "substrate_right",
                    "measured_mean_temperature_c": 35.00099245117862
                  }
                ],
                "total_joule_loss_w": 0.00011248687416643347,
                "total_loss_w": 0.00020509720017343496
              },
              {
                "converged": false,
                "coupling_temperature_c": 35.41510199164093,
                "dielectric_mean_temperature_c": 35.432301290980995,
                "iteration": 3,
                "loss_relative_change": 0.0001551628279643647,
                "loss_tangent": 0.0002000830203983282,
                "max_conductivity_relative_change": 0.00013810964778743418,
                "max_temperature_c": 35.86295486704635,
                "relative_permittivity": 9.800406799951809,
                "temperature_residual_c": 0.03432637208931055,
                "thermal_conductivity_updates": [
                  {
                    "conductivity_relative_change": 0.00013781938969618284,
                    "conductivity_w_mk": 166.86164717080842,
                    "coupling_temperature_c": 35.82846005503929,
                    "element_id": "conductor_left",
                    "measured_mean_temperature_c": 35.8627864271286
                  },
                  {
                    "conductivity_relative_change": 0.00013810964778743418,
                    "conductivity_w_mk": 0.24979244900417957,
                    "coupling_temperature_c": 35.41510199164093,
                    "element_id": "dielectric_core",
                    "measured_mean_temperature_c": 35.432301290980995
                  },
                  {
                    "conductivity_relative_change": 1.8995589610215048e-7,
                    "conductivity_w_mk": 159.9998170476023,
                    "coupling_temperature_c": 35.00095287707134,
                    "element_id": "substrate_right",
                    "measured_mean_temperature_c": 35.000992297375575
                  }
                ],
                "total_joule_loss_w": 0.00011242464849815532,
                "total_loss_w": 0.00020511014859862212
              },
              {
                "converged": false,
                "coupling_temperature_c": 35.428861431112985,
                "dielectric_mean_temperature_c": 35.432290846283124,
                "iteration": 4,
                "loss_relative_change": 0.000030917161894029055,
                "loss_tangent": 0.0002000857722862226,
                "max_conductivity_relative_change": 0.000027541744209893424,
                "max_temperature_c": 35.86293401103778,
                "relative_permittivity": 9.80042028420249,
                "temperature_residual_c": 0.006844432357169694,
                "thermal_conductivity_updates": [
                  {
                    "conductivity_relative_change": 0.00002748386695729889,
                    "conductivity_w_mk": 166.8570611674973,
                    "coupling_temperature_c": 35.855921152710735,
                    "element_id": "conductor_left",
                    "measured_mean_temperature_c": 35.862765585067905
                  },
                  {
                    "conductivity_relative_change": 0.000027541744209893424,
                    "conductivity_w_mk": 0.2497855692844435,
                    "coupling_temperature_c": 35.428861431112985,
                    "element_id": "dielectric_core",
                    "measured_mean_temperature_c": 35.432290846283124
                  },
                  {
                    "conductivity_relative_change": 3.784353534564846e-8,
                    "conductivity_w_mk": 159.99981099264355,
                    "coupling_temperature_c": 35.000984413314725,
                    "element_id": "substrate_right",
                    "measured_mean_temperature_c": 35.00099226673411
                  }
                ],
                "total_joule_loss_w": 0.00011241224943088984,
                "total_loss_w": 0.0002051127303911587
              },
              {
                "converged": false,
                "coupling_temperature_c": 35.43160496324909,
                "dielectric_mean_temperature_c": 35.43228876427128,
                "iteration": 5,
                "loss_relative_change": 6.1638240774949274e-6,
                "loss_tangent": 0.00020008632099264984,
                "max_conductivity_relative_change": 5.491774692877659e-6,
                "max_temperature_c": 35.86292985367004,
                "relative_permittivity": 9.800422972863984,
                "temperature_residual_c": 0.0013647318844007827,
                "thermal_conductivity_updates": [
                  {
                    "conductivity_relative_change": 5.480236536084273e-6,
                    "conductivity_w_mk": 166.8561467513344,
                    "coupling_temperature_c": 35.86139669859647,
                    "element_id": "conductor_left",
                    "measured_mean_temperature_c": 35.86276143048087
                  },
                  {
                    "conductivity_relative_change": 5.491774692877659e-6,
                    "conductivity_w_mk": 0.24978419751837547,
                    "coupling_temperature_c": 35.43160496324909,
                    "element_id": "dielectric_core",
                    "measured_mean_temperature_c": 35.43228876427128
                  },
                  {
                    "conductivity_relative_change": 7.539291526562666e-9,
                    "conductivity_w_mk": 159.99980978635836,
                    "coupling_temperature_c": 35.00099069605023,
                    "element_id": "substrate_right",
                    "measured_mean_temperature_c": 35.000992260625424
                  }
                ],
                "total_joule_loss_w": 0.00011240977747284357,
                "total_loss_w": 0.00020511324518108923
              },
              {
                "converged": false,
                "coupling_temperature_c": 35.43215200406684,
                "dielectric_mean_temperature_c": 35.43228834915553,
                "iteration": 6,
                "loss_relative_change": 1.2289902511093436e-6,
                "loss_tangent": 0.0002000864304008134,
                "max_conductivity_relative_change": 1.095026873578001e-6,
                "max_temperature_c": 35.86292902476565,
                "relative_permittivity": 9.800423508963986,
                "temperature_residual_c": 0.00027211802692761466,
                "thermal_conductivity_updates": [
                  {
                    "conductivity_relative_change": 1.092726778792239e-6,
                    "conductivity_w_mk": 166.85596442315463,
                    "coupling_temperature_c": 35.86248848410399,
                    "element_id": "conductor_left",
                    "measured_mean_temperature_c": 35.86276060213092
                  },
                  {
                    "conductivity_relative_change": 1.095026873578001e-6,
                    "conductivity_w_mk": 0.2497839239979666,
                    "coupling_temperature_c": 35.43215200406684,
                    "element_id": "dielectric_core",
                    "measured_mean_temperature_c": 35.43228834915553
                  },
                  {
                    "conductivity_relative_change": 1.5019939162935883e-9,
                    "conductivity_w_mk": 159.9998095460396,
                    "coupling_temperature_c": 35.00099194771038,
                    "element_id": "substrate_right",
                    "measured_mean_temperature_c": 35.00099225940744
                  }
                ],
                "total_joule_loss_w": 0.00011240928459471868,
                "total_loss_w": 0.00020511334782651476
              },
              {
                "converged": false,
                "coupling_temperature_c": 35.43226108013779,
                "dielectric_mean_temperature_c": 35.432288266384916,
                "iteration": 7,
                "loss_relative_change": 2.450508038369963e-7,
                "loss_tangent": 0.00020008645221602757,
                "max_conductivity_relative_change": 2.183408547823858e-7,
                "max_temperature_c": 35.86292885948903,
                "relative_permittivity": 9.800423615858536,
                "temperature_residual_c": 0.000054258439313059625,
                "thermal_conductivity_updates": [
                  {
                    "conductivity_relative_change": 2.178823426596557e-7,
                    "conductivity_w_mk": 166.85592806818622,
                    "coupling_temperature_c": 35.862706178525535,
                    "element_id": "conductor_left",
                    "measured_mean_temperature_c": 35.86276043696485
                  },
                  {
                    "conductivity_relative_change": 2.183408547823858e-7,
                    "conductivity_w_mk": 0.2497838694599311,
                    "coupling_temperature_c": 35.43226108013779,
                    "element_id": "dielectric_core",
                    "measured_mean_temperature_c": 35.432288266384916
                  },
                  {
                    "conductivity_relative_change": 2.9922961977365895e-10,
                    "conductivity_w_mk": 159.99980949816293,
                    "coupling_temperature_c": 35.00099219706803,
                    "element_id": "substrate_right",
                    "measured_mean_temperature_c": 35.00099225916458
                  }
                ],
                "total_joule_loss_w": 0.00011240918631877227,
                "total_loss_w": 0.0002051133682932848
              },
              {
                "converged": false,
                "coupling_temperature_c": 35.43228282913549,
                "dielectric_mean_temperature_c": 35.43228824988415,
                "iteration": 8,
                "loss_relative_change": 4.8861375250658655e-8,
                "loss_tangent": 0.0002000864565658271,
                "max_conductivity_relative_change": 4.3535632947243717e-8,
                "max_temperature_c": 35.86292882654027,
                "relative_permittivity": 9.800423637172551,
                "temperature_residual_c": 0.00001081876114028546,
                "thermal_conductivity_updates": [
                  {
                    "conductivity_relative_change": 4.344423086428278e-8,
                    "conductivity_w_mk": 166.85592081925876,
                    "coupling_temperature_c": 35.86274958527699,
                    "element_id": "conductor_left",
                    "measured_mean_temperature_c": 35.86276040403813
                  },
                  {
                    "conductivity_relative_change": 4.3535632947243717e-8,
                    "conductivity_w_mk": 0.24978385858543223,
                    "coupling_temperature_c": 35.43228282913549,
                    "element_id": "dielectric_core",
                    "measured_mean_temperature_c": 35.43228824988415
                  },
                  {
                    "conductivity_relative_change": 5.961265251474791e-11,
                    "conductivity_w_mk": 159.99980948862492,
                    "coupling_temperature_c": 35.00099224674527,
                    "element_id": "substrate_right",
                    "measured_mean_temperature_c": 35.00099225911616
                  }
                ],
                "total_joule_loss_w": 0.00011240916672325356,
                "total_loss_w": 0.0002051133723742149
              },
              {
                "converged": false,
                "coupling_temperature_c": 35.43228716573442,
                "dielectric_mean_temperature_c": 35.432288246591995,
                "iteration": 9,
                "loss_relative_change": 9.7426213055971e-9,
                "loss_tangent": 0.00020008645743314692,
                "max_conductivity_relative_change": 8.680702864189061e-9,
                "max_temperature_c": 35.86292881996646,
                "relative_permittivity": 9.80042364142242,
                "temperature_residual_c": 2.1571828199284937e-6,
                "thermal_conductivity_updates": [
                  {
                    "conductivity_relative_change": 8.662482632653618e-9,
                    "conductivity_w_mk": 166.85591937387224,
                    "coupling_temperature_c": 35.8627582402859,
                    "element_id": "conductor_left",
                    "measured_mean_temperature_c": 35.86276039746872
                  },
                  {
                    "conductivity_relative_change": 8.680702864189061e-9,
                    "conductivity_w_mk": 0.2497838564171328,
                    "coupling_temperature_c": 35.43228716573442,
                    "element_id": "dielectric_core",
                    "measured_mean_temperature_c": 35.432288246591995
                  },
                  {
                    "conductivity_relative_change": 1.1876025426231405e-11,
                    "conductivity_w_mk": 159.99980948672476,
                    "coupling_temperature_c": 35.00099225664198,
                    "element_id": "substrate_right",
                    "measured_mean_temperature_c": 35.0009922591065
                  }
                ],
                "total_joule_loss_w": 0.00011240916281604218,
                "total_loss_w": 0.0002051133731879244
              },
              {
                "converged": false,
                "coupling_temperature_c": 35.43228803042048,
                "dielectric_mean_temperature_c": 35.43228824593392,
                "iteration": 10,
                "loss_relative_change": 1.942610692865872e-9,
                "loss_tangent": 0.00020008645760608408,
                "max_conductivity_relative_change": 1.7308686656175503e-9,
                "max_temperature_c": 35.86292881865242,
                "relative_permittivity": 9.800423642269813,
                "temperature_residual_c": 4.301233929027149e-7,
                "thermal_conductivity_updates": [
                  {
                    "conductivity_relative_change": 1.7272363015607583e-9,
                    "conductivity_w_mk": 166.85591908567264,
                    "coupling_temperature_c": 35.86275996603216,
                    "element_id": "conductor_left",
                    "measured_mean_temperature_c": 35.86276039615555
                  },
                  {
                    "conductivity_relative_change": 1.7308686656175503e-9,
                    "conductivity_w_mk": 0.24978385598478975,
                    "coupling_temperature_c": 35.43228803042048,
                    "element_id": "dielectric_core",
                    "measured_mean_temperature_c": 35.43228824593392
                  },
                  {
                    "conductivity_relative_change": 2.366110127427321e-12,
                    "conductivity_w_mk": 159.99980948634618,
                    "coupling_temperature_c": 35.0009922586136,
                    "element_id": "substrate_right",
                    "measured_mean_temperature_c": 35.00099225910458
                  }
                ],
                "total_joule_loss_w": 0.00011240916203697252,
                "total_loss_w": 0.00020511337335017135
              },
              {
                "converged": true,
                "coupling_temperature_c": 35.43228820283123,
                "dielectric_mean_temperature_c": 35.43228824580464,
                "iteration": 11,
                "loss_relative_change": 3.8733779654397385e-10,
                "loss_tangent": 0.00020008645764056624,
                "max_conductivity_relative_change": 3.451198870755539e-10,
                "max_temperature_c": 35.86292881839428,
                "relative_permittivity": 9.800423642438776,
                "temperature_residual_c": 8.576672172466716e-8,
                "thermal_conductivity_updates": [
                  {
                    "conductivity_relative_change": 3.4439587381839235e-10,
                    "conductivity_w_mk": 166.85591902820815,
                    "coupling_temperature_c": 35.862760310130874,
                    "element_id": "conductor_left",
                    "measured_mean_temperature_c": 35.862760395897595
                  },
                  {
                    "conductivity_relative_change": 3.451198870755539e-10,
                    "conductivity_w_mk": 0.24978385589858437,
                    "coupling_temperature_c": 35.43228820283123,
                    "element_id": "dielectric_core",
                    "measured_mean_temperature_c": 35.43228824580464
                  },
                  {
                    "conductivity_relative_change": 4.712680306366017e-13,
                    "conductivity_w_mk": 159.99980948627078,
                    "coupling_temperature_c": 35.00099225900638,
                    "element_id": "substrate_right",
                    "measured_mean_temperature_c": 35.000992259104194
                  }
                ],
                "total_joule_loss_w": 0.0001124091618816328,
                "total_loss_w": 0.0002051133733825226
              }
            ],
            "loss_relative_change_tolerance": 1e-9,
            "max_iterations": 12,
            "method": "relaxed_temperature_dependent_dielectric_and_conductivity_fixed_point",
            "parameter_source": "screening_sensitivity_not_material_card",
            "relaxation_factor": 0.8,
            "schema_version": "kyuubiki.composite-electrothermal-feedback-convergence/v1",
            "status": "pass",
            "temperature_residual_tolerance_c": 1e-7
          },
          "electrothermal_loss_projection": {
            "assumptions": [
              "The solved electrostatic field magnitude is interpreted as an RMS harmonic field.",
              "Relative permittivity and loss tangent are scalar, isotropic, and frequency-local screening values.",
              "Element dielectric loss is lumped consistently to its four thermal nodes."
            ],
            "distributed_total_heat_load_w": 0.0002051133733825226,
            "effective_conductivity_s_m": 1.090915577076792e-6,
            "electric_field_rms_v_m": 14453.737477768474,
            "energy_balance_relative_error": 0.0,
            "frequency_hz": 10000000.0,
            "loss_tangent": 0.00020008645764056624,
            "model": "harmonic_dielectric_loss_sigma_eff_e_rms_squared",
            "relative_permittivity": 9.800423642438776,
            "schema_version": "kyuubiki.composite-electrothermal-loss-projection/v1",
            "source_element_id": "dielectric_core",
            "source_volume_m3": 9e-7,
            "target_element_count": 1,
            "target_node_count": 4,
            "total_loss_w": 0.0002051133733825226,
            "volumetric_loss_w_m3": 227.90374820280292
          },
          "heat": {
            "elements": [
              {
                "area": 0.0009,
                "average_temperature": 35.862760395897595,
                "heat_flow_rate": 1.6861374282337407e-6,
                "heat_flux_magnitude": 1.873486031370823,
                "heat_flux_x": 1.873486031370823,
                "heat_flux_y": -1.8969321789451004e-11,
                "id": "conductor_left",
                "index": 0,
                "node_i": 0,
                "node_j": 1,
                "node_k": 5,
                "node_l": 4,
                "temperature_gradient_x": -0.011228166446130672,
                "temperature_gradient_y": 1.1368683772161605e-13
              },
              {
                "area": 0.0009,
                "average_temperature": 35.43228824580464,
                "heat_flow_rate": 6.448975457191547e-6,
                "heat_flux_magnitude": 7.165528285768386,
                "heat_flux_x": 7.165528285768386,
                "heat_flux_y": -5.6794273382043775e-14,
                "id": "dielectric_core",
                "index": 1,
                "node_i": 1,
                "node_j": 2,
                "node_k": 6,
                "node_l": 5,
                "temperature_gradient_x": -28.686915173083435,
                "temperature_gradient_y": 2.273736754432321e-13
              },
              {
                "area": 0.0009,
                "average_temperature": 35.000992259104194,
                "heat_flow_rate": 9.525676057958169e-6,
                "heat_flux_magnitude": 10.584084508842407,
                "heat_flux_x": 10.584084508842407,
                "heat_flux_y": -1.8189872376555147e-11,
                "id": "substrate_right",
                "index": 2,
                "node_i": 2,
                "node_j": 3,
                "node_k": 7,
                "node_l": 6,
                "temperature_gradient_x": -0.06615060694650766,
                "temperature_gradient_y": 1.1368683772161605e-13
              }
            ],
            "input": {
              "elements": [
                {
                  "conductivity": 166.85591902820815,
                  "id": "conductor_left",
                  "node_i": 0,
                  "node_j": 1,
                  "node_k": 5,
                  "node_l": 4,
                  "thickness": 0.001
                },
                {
                  "conductivity": 0.24978385589858437,
                  "id": "dielectric_core",
                  "node_i": 1,
                  "node_j": 2,
                  "node_k": 6,
                  "node_l": 5,
                  "thickness": 0.001
                },
                {
                  "conductivity": 159.99980948627078,
                  "id": "substrate_right",
                  "node_i": 2,
                  "node_j": 3,
                  "node_k": 7,
                  "node_l": 6,
                  "thickness": 0.001
                }
              ],
              "nodes": [
                {
                  "fix_temperature": false,
                  "heat_load": 0.0000281022904704082,
                  "id": "n0",
                  "temperature": 35.0,
                  "x": 0.0,
                  "y": 0.0
                },
                {
                  "fix_temperature": false,
                  "heat_load": 0.00007938063381603885,
                  "id": "n1",
                  "temperature": 35.0,
                  "x": 0.03,
                  "y": 0.0
                },
                {
                  "fix_temperature": false,
                  "heat_load": 0.00005127834334563065,
                  "id": "n2",
                  "temperature": 35.0,
                  "x": 0.06,
                  "y": 0.0
                },
                {
                  "fix_temperature": true,
                  "heat_load": 0.0,
                  "id": "n3",
                  "temperature": 35.0,
                  "x": 0.09,
                  "y": 0.0
                },
                {
                  "fix_temperature": false,
                  "heat_load": 0.0000281022904704082,
                  "id": "n4",
                  "temperature": 35.0,
                  "x": 0.0,
                  "y": 0.03
                },
                {
                  "fix_temperature": false,
                  "heat_load": 0.00007938063381603885,
                  "id": "n5",
                  "temperature": 35.0,
                  "x": 0.03,
                  "y": 0.03
                },
                {
                  "fix_temperature": false,
                  "heat_load": 0.00005127834334563065,
                  "id": "n6",
                  "temperature": 35.0,
                  "x": 0.06,
                  "y": 0.03
                },
                {
                  "fix_temperature": true,
                  "heat_load": 0.0,
                  "id": "n7",
                  "temperature": 35.0,
                  "x": 0.09,
                  "y": 0.03
                }
              ]
            },
            "max_heat_flux": 10.584084508842407,
            "max_temperature": 35.86292881839428,
            "nodes": [
              {
                "heat_load": 0.0000281022904704082,
                "id": "n0",
                "index": 0,
                "temperature": 35.86292881839428,
                "x": 0.0,
                "y": 0.0
              },
              {
                "heat_load": 0.00007938063381603885,
                "id": "n1",
                "index": 1,
                "temperature": 35.862591973400896,
                "x": 0.03,
                "y": 0.0
              },
              {
                "heat_load": 0.00005127834334563065,
                "id": "n2",
                "index": 2,
                "temperature": 35.00198451820839,
                "x": 0.06,
                "y": 0.0
              },
              {
                "heat_load": 0.0,
                "id": "n3",
                "index": 3,
                "temperature": 35.0,
                "x": 0.09,
                "y": 0.0
              },
              {
                "heat_load": 0.0000281022904704082,
                "id": "n4",
                "index": 4,
                "temperature": 35.86292881839428,
                "x": 0.0,
                "y": 0.03
              },
              {
                "heat_load": 0.00007938063381603885,
                "id": "n5",
                "index": 5,
                "temperature": 35.8625919734009,
                "x": 0.03,
                "y": 0.03
              },
              {
                "heat_load": 0.00005127834334563065,
                "id": "n6",
                "index": 6,
                "temperature": 35.001984518208396,
                "x": 0.06,
                "y": 0.03
              },
              {
                "heat_load": 0.0,
                "id": "n7",
                "index": 7,
                "temperature": 35.0,
                "x": 0.09,
                "y": 0.03
              }
            ],
            "total_abs_heat_flow_rate": 0.000017660788943383452
          },
          "heat_cross_validation": {
            "absolute_error_c": 6.394884621840903e-13,
            "conductivities_w_mk": [
              166.85591902820815,
              0.24978385589858437,
              159.99980948627078
            ],
            "expected_max_temperature_c": 35.86292881839364,
            "fem_max_temperature_c": 35.86292881839428,
            "fixed_temperature_c": 35.0,
            "method": "layered_thermal_resistance_with_regional_generation_closed_form",
            "relative_error": 1.7831462271874032e-14,
            "relative_error_tolerance": 1e-9,
            "schema_version": "kyuubiki.composite-heat-cross-validation/v1",
            "status": "pass",
            "total_heat_load_w": 0.0003175225352641554
          },
          "heat_mesh_convergence": {
            "finest_pair_relative_change": 5.052049516339066e-12,
            "max_analytic_relative_error": 3.2639501051872538e-12,
            "method": "structured_quad_h_refinement",
            "refinement_levels": [
              1,
              2,
              4,
              8
            ],
            "relative_error_tolerance": 1e-8,
            "samples": [
              {
                "analytic_relative_error": 1.7831462271874032e-14,
                "element_count": 3,
                "elements_per_layer": 1,
                "max_temperature_c": 35.86292881839428,
                "node_count": 8,
                "relative_change_from_previous": null
              },
              {
                "analytic_relative_error": 4.3984273603955954e-14,
                "element_count": 6,
                "elements_per_layer": 2,
                "max_temperature_c": 35.86292881839522,
                "node_count": 14,
                "relative_change_from_previous": 2.6152811332081912e-14
              },
              {
                "analytic_relative_error": 3.2639501051872538e-12,
                "element_count": 12,
                "elements_per_layer": 4,
                "max_temperature_c": 35.862928818510696,
                "node_count": 26,
                "relative_change_from_previous": 3.219965831583298e-12
              },
              {
                "analytic_relative_error": 1.7880994111518126e-12,
                "element_count": 24,
                "elements_per_layer": 8,
                "max_temperature_c": 35.862928818329515,
                "node_count": 50,
                "relative_change_from_previous": 5.052049516339066e-12
              }
            ],
            "schema_version": "kyuubiki.composite-heat-mesh-convergence/v1",
            "status": "pass"
          },
          "heat_to_thermal_projection": {
            "mapped_node_count": 8,
            "maximum_coordinate_error_m": 0.0,
            "maximum_temperature_delta_c": 0.8629288183942805,
            "minimum_temperature_delta_c": 0.0,
            "reference_temperature_c": 35.0,
            "schema_version": "kyuubiki.composite-heat-to-thermal-projection/v1"
          },
          "joule_heating_projection": {
            "assumptions": [
              "Steady scalar electrical conductivity is solved on a two-dimensional quad mesh.",
              "Joule heating uses the solved local sigma times electric-field magnitude squared.",
              "Element Joule power integrates both triangular subcell fields before thermal projection.",
              "Recovered terminal currents gate current continuity and electrical input-power balance.",
              "Contact and terminal impedance models require explicit study-level heat mappings."
            ],
            "boundary_voltage_span_v": 0.000056399999999999995,
            "current_balance_relative_error": 0.0,
            "distributed_total_heat_load_w": 0.0001124091618816328,
            "electrical_power_balance_relative_error": 2.4112851531336307e-16,
            "energy_balance_relative_error": 0.0,
            "free_current_residual_relative_error": 0.0,
            "max_current_density_a_m2": 66435.67487094138,
            "max_free_current_residual_a": 0.0,
            "model": "solved_steady_current_density_sigma_e_squared",
            "parameter_source": "screening_reference_not_material_card",
            "regions": [
              {
                "coupling_temperature_c": 35.862760310130874,
                "current_density_magnitude_a_m2": 66435.67487094138,
                "distributed_heat_load_w": 0.0001124091618816328,
                "electric_field_magnitude_v_m": 0.00188,
                "electrical_conductivity_s_m": 35338124.931351796,
                "element_id": "conductor_left",
                "energy_balance_relative_error": 0.0,
                "joule_power_w": 0.0001124091618816328,
                "peak_current_density_magnitude_a_m2": 66435.67487094138,
                "peak_electric_field_magnitude_v_m": 0.00188,
                "rms_current_density_magnitude_a_m2": 66435.67487094138,
                "rms_electric_field_magnitude_v_m": 0.00188,
                "source_volume_m3": 9e-7,
                "volumetric_joule_heating_w_m3": 124.8990687573698
              }
            ],
            "schema_version": "kyuubiki.composite-current-to-heat-projection/v2",
            "source_power_balance_relative_error": 2.4112851531336307e-16,
            "status": "pass",
            "total_dissipated_power_w": 0.0001124091618816328,
            "total_electrical_input_power_w": 0.00011240916188163284,
            "total_extracted_current_a": 1.9930702461282417,
            "total_injected_current_a": 1.9930702461282417,
            "total_joule_loss_w": 0.0001124091618816328,
            "total_source_power_w": 0.00011240916188163284
          },
          "research": {
            "candidate_id": "aluminum_alumina_aluminum",
            "candidate_label": "Aluminum / Alumina / Aluminum",
            "coupling": "iterative_dielectric_and_conductor_joule_heating_with_temperature_dependent_electrical_thermal_feedback_and_expansion_projection",
            "materials": {
              "conductor": "aluminum",
              "dielectric": "alumina_96",
              "substrate": "aluminum_6061"
            },
            "study": "material.composite_thermo_electric_panel.v1"
          },
          "schema_version": "kyuubiki.composite-thermo-electric-panel-result/v1",
          "thermal": {
            "elements": [
              {
                "area": 0.0009,
                "average_temperature_delta": 0.86276039589759,
                "gamma_xy": 1.6084067466308873e-21,
                "id": "conductor_left",
                "index": 0,
                "max_in_plane_shear": 256540.58500531537,
                "mechanical_strain_x": 1.4925997673036543e-6,
                "mechanical_strain_y": -4.664374272823914e-6,
                "node_i": 0,
                "node_j": 1,
                "node_k": 5,
                "node_l": 4,
                "principal_stress_1": 2.9103830456733704e-10,
                "principal_stress_2": -513081.1700106304,
                "strain_energy_density": 3.9378579896147223,
                "stress_x": 2.842170943040401e-10,
                "stress_y": -513081.1700106304,
                "tau_xy": 8.684411214845669e-11,
                "thermal_strain": 0.000014669457538961513,
                "total_strain_x": 0.000016162057306265167,
                "total_strain_y": 0.000010005083266137596,
                "von_mises": 513081.17001063057
              },
              {
                "area": 0.0009,
                "average_temperature_delta": 0.43228824580464575,
                "gamma_xy": 2.1047151141627037e-19,
                "id": "dielectric_core",
                "index": 1,
                "max_in_plane_shear": 11628.463342913818,
                "mechanical_strain_x": 2.9768866157858277e-6,
                "mechanical_strain_y": -9.302770674331164e-6,
                "node_i": 1,
                "node_j": 2,
                "node_k": 6,
                "node_l": 5,
                "principal_stress_1": -4.0381564758718014e-10,
                "principal_stress_2": -23256.92668582804,
                "strain_energy_density": 0.3944867909838031,
                "stress_x": -4.046146134189459e-10,
                "stress_y": -23256.92668582804,
                "tau_xy": 1.9909999574944476e-10,
                "thermal_strain": 0.00001945969849379765,
                "total_strain_x": 0.000022436585109583475,
                "total_strain_y": 0.000010156927819466488,
                "von_mises": 23256.926685827835
              },
              {
                "area": 0.0009,
                "average_temperature_delta": 0.0009922591041959803,
                "gamma_xy": 5.9992135571879744e-21,
                "id": "substrate_right",
                "index": 2,
                "max_in_plane_shear": 2944.184464918374,
                "mechanical_strain_x": -2.7348012446268455e-8,
                "mechanical_strain_y": 8.54625388945807e-8,
                "node_i": 2,
                "node_j": 3,
                "node_k": 7,
                "node_l": 6,
                "principal_stress_1": 5888.368929836546,
                "principal_stress_2": -2.0190782379359007e-10,
                "strain_energy_density": 0.0007666546446214423,
                "stress_x": -2.0193723236793126e-10,
                "stress_y": 5888.368929836546,
                "tau_xy": 1.5641808835829984e-10,
                "thermal_strain": 2.34173218298383e-8,
                "total_strain_x": -3.930690616430157e-9,
                "total_strain_y": 1.08879860724419e-7,
                "von_mises": 5888.368929836647
              }
            ],
            "input": {
              "elements": [
                {
                  "id": "conductor_left",
                  "node_i": 0,
                  "node_j": 1,
                  "node_k": 5,
                  "node_l": 4,
                  "poisson_ratio": 0.32,
                  "thermal_expansion": 0.00001700293338534605,
                  "thickness": 0.001,
                  "youngs_modulus": 110000000000.0
                },
                {
                  "id": "dielectric_core",
                  "node_i": 1,
                  "node_j": 2,
                  "node_k": 6,
                  "node_l": 5,
                  "poisson_ratio": 0.32,
                  "thermal_expansion": 0.00004501556237684897,
                  "thickness": 0.001,
                  "youngs_modulus": 2500000000.0
                },
                {
                  "id": "substrate_right",
                  "node_i": 2,
                  "node_j": 3,
                  "node_k": 7,
                  "node_l": 6,
                  "poisson_ratio": 0.32,
                  "thermal_expansion": 0.00002360000702519446,
                  "thickness": 0.001,
                  "youngs_modulus": 68900000000.0
                }
              ],
              "nodes": [
                {
                  "fix_x": true,
                  "fix_y": true,
                  "id": "n0",
                  "load_x": 0.0,
                  "load_y": 0.0,
                  "temperature_delta": 0.8629288183942805,
                  "x": 0.0,
                  "y": 0.0
                },
                {
                  "fix_x": false,
                  "fix_y": false,
                  "id": "n1",
                  "load_x": 0.0,
                  "load_y": 0.0,
                  "temperature_delta": 0.862591973400896,
                  "x": 0.03,
                  "y": 0.0
                },
                {
                  "fix_x": false,
                  "fix_y": false,
                  "id": "n2",
                  "load_x": 0.0,
                  "load_y": 0.0,
                  "temperature_delta": 0.0019845182083884083,
                  "x": 0.06,
                  "y": 0.0
                },
                {
                  "fix_x": false,
                  "fix_y": false,
                  "id": "n3",
                  "load_x": 0.0,
                  "load_y": 0.0,
                  "temperature_delta": 0.0,
                  "x": 0.09,
                  "y": 0.0
                },
                {
                  "fix_x": true,
                  "fix_y": true,
                  "id": "n4",
                  "load_x": 0.0,
                  "load_y": 0.0,
                  "temperature_delta": 0.8629288183942805,
                  "x": 0.0,
                  "y": 0.03
                },
                {
                  "fix_x": false,
                  "fix_y": false,
                  "id": "n5",
                  "load_x": 0.0,
                  "load_y": 0.0,
                  "temperature_delta": 0.8625919734009031,
                  "x": 0.03,
                  "y": 0.03
                },
                {
                  "fix_x": false,
                  "fix_y": false,
                  "id": "n6",
                  "load_x": 0.0,
                  "load_y": 0.0,
                  "temperature_delta": 0.0019845182083955137,
                  "x": 0.06,
                  "y": 0.03
                },
                {
                  "fix_x": false,
                  "fix_y": false,
                  "id": "n7",
                  "load_x": 0.0,
                  "load_y": 0.0,
                  "temperature_delta": 0.0,
                  "x": 0.09,
                  "y": 0.03
                }
              ]
            },
            "max_displacement": 1.1579682326400157e-6,
            "max_strain_energy_density": 3.9378579896147223,
            "max_stress": 513081.17001063057,
            "max_temperature_delta": 0.8629288183942805,
            "nodes": [
              {
                "displacement_magnitude": 0.0,
                "id": "n0",
                "index": 0,
                "temperature_delta": 0.8629288183942805,
                "ux": 0.0,
                "uy": 0.0,
                "x": 0.0,
                "y": 0.0
              },
              {
                "displacement_magnitude": 5.702476731912293e-7,
                "id": "n1",
                "index": 1,
                "temperature_delta": 0.862591973400896,
                "ux": 4.848617191879546e-7,
                "uy": -3.001524979841284e-7,
                "x": 0.03,
                "y": 0.0
              },
              {
                "displacement_magnitude": 1.1579682326400085e-6,
                "id": "n2",
                "index": 2,
                "temperature_delta": 0.0019845182083884083,
                "ux": 1.1579592724754555e-6,
                "uy": -4.555336599864862e-9,
                "x": 0.06,
                "y": 0.0
              },
              {
                "displacement_magnitude": 1.1578420691988685e-6,
                "id": "n3",
                "index": 3,
                "temperature_delta": 0.0,
                "ux": 1.1578413517569615e-6,
                "uy": 1.2889407781275554e-9,
                "x": 0.09,
                "y": 0.0
              },
              {
                "displacement_magnitude": 0.0,
                "id": "n4",
                "index": 4,
                "temperature_delta": 0.8629288183942805,
                "ux": 0.0,
                "uy": 0.0,
                "x": 0.0,
                "y": 0.03
              },
              {
                "displacement_magnitude": 5.702476731912295e-7,
                "id": "n5",
                "index": 5,
                "temperature_delta": 0.8625919734009031,
                "ux": 4.848617191879554e-7,
                "uy": 3.0015249798412756e-7,
                "x": 0.03,
                "y": 0.03
              },
              {
                "displacement_magnitude": 1.1579682326400157e-6,
                "id": "n6",
                "index": 6,
                "temperature_delta": 0.0019845182083955137,
                "ux": 1.157959272475463e-6,
                "uy": 4.555336599868586e-9,
                "x": 0.06,
                "y": 0.03
              },
              {
                "displacement_magnitude": 1.1578420691988785e-6,
                "id": "n7",
                "index": 7,
                "temperature_delta": 0.0,
                "ux": 1.1578413517569717e-6,
                "uy": -1.2889407781407503e-9,
                "x": 0.09,
                "y": 0.03
              }
            ],
            "total_strain_energy": 3.899800291718832e-6
          },
          "thermal_constraint_regularized_mesh_convergence": {
            "algebraic_validation": {
              "max_relative_residual": null,
              "method": "original_system_recomputed_l2_residual_over_max_rhs_l2_or_one",
              "qualification_effect": "algebraic_gate_does_not_override_discretization_gates",
              "relative_residual_tolerance": 1e-10,
              "required_series": [
                "uniform_full_edge_clamp",
                "uniform_regularized_restraint",
                "interface_graded_full_edge_clamp"
              ],
              "schema_version": "kyuubiki.composite-thermal-algebraic-validation/v1",
              "series": [],
              "status": "missing"
            },
            "convergence_tolerance": 0.02,
            "diagnostic_metrics": [
              "max_von_mises_stress_pa"
            ],
            "finest_pair_displacement_relative_change": 0.0019390808091363863,
            "finest_pair_peak_stress_relative_change": 0.30932527480813954,
            "finest_pair_strain_energy_relative_change": 0.22512193673482345,
            "method": "structured_quad_h_refinement_preserving_piecewise_linear_temperature_roller_edge_with_vertical_anchor",
            "pass_metrics": [
              "max_displacement_m",
              "total_strain_energy_j"
            ],
            "refinement_levels": [
              1,
              2,
              4,
              8
            ],
            "regime_assessment": {
              "diagnosis": "pass_metrics_lack_qualified_discretization_uncertainty",
              "gci_safety_factor": 1.25,
              "method": "four_level_constant_ratio_observed_order_and_fine_grid_gci",
              "metrics": [
                {
                  "coarse_triplet_observed_order": 0.5668661881427972,
                  "fine_grid_gci": null,
                  "fine_triplet_observed_order": 4.045009118753331,
                  "metric": "max_displacement_m",
                  "observed_order_relative_difference": 0.8598603435738347,
                  "qualification_role": "pass_metric",
                  "regime": "oscillatory",
                  "richardson_extrapolated_value": null,
                  "unit": "m"
                },
                {
                  "coarse_triplet_observed_order": 1.6972091093849175,
                  "fine_grid_gci": 0.1664007260402963,
                  "fine_triplet_observed_order": 1.6701263286428034,
                  "metric": "total_strain_energy_j",
                  "observed_order_relative_difference": 0.015957244509445946,
                  "qualification_role": "pass_metric",
                  "regime": "asymptotic_converging",
                  "richardson_extrapolated_value": 7.403526823787363e-8,
                  "unit": "J"
                },
                {
                  "coarse_triplet_observed_order": -7.0009943365981515,
                  "fine_grid_gci": null,
                  "fine_triplet_observed_order": -0.6936246075215211,
                  "metric": "max_von_mises_stress_pa",
                  "observed_order_relative_difference": 0.9009248437903236,
                  "qualification_role": "diagnostic_metric",
                  "regime": "monotonic_diverging",
                  "richardson_extrapolated_value": null,
                  "unit": "Pa"
                }
              ],
              "order_consistency_tolerance": 0.25,
              "qualification_effect": "gci_gates_require_asymptotic_pass_metric_evidence",
              "qualification_tolerance": 0.02,
              "refinement_ratio": 2.0,
              "schema_version": "kyuubiki.composite-thermal-convergence-regime/v1",
              "status": "fail"
            },
            "samples": [
              {
                "displacement_relative_change": null,
                "element_count": 3,
                "elements_per_original_element": 1,
                "max_displacement_m": 1.1554075350905649e-6,
                "max_von_mises_stress_pa": 29112.859844520503,
                "node_count": 8,
                "peak_stress_relative_change": null,
                "strain_energy_relative_change": null,
                "total_strain_energy_j": 4.45234366612001e-7
              },
              {
                "displacement_relative_change": 0.04678420340170424,
                "element_count": 12,
                "elements_per_original_element": 2,
                "max_displacement_m": 1.1013527139570262e-6,
                "max_von_mises_stress_pa": 29200.161840375953,
                "node_count": 21,
                "peak_stress_relative_change": 0.002989777807831715,
                "strain_energy_relative_change": 0.5751017712234976,
                "total_strain_energy_j": 1.8917929376386718e-7
              },
              {
                "displacement_relative_change": 0.03207066278556737,
                "element_count": 48,
                "elements_per_original_element": 4,
                "max_displacement_m": 1.1378441293313494e-6,
                "max_von_mises_stress_pa": 40382.52177864052,
                "node_count": 65,
                "peak_stress_relative_change": 0.27691088732797364,
                "strain_energy_relative_change": 0.41739662548896095,
                "total_strain_energy_j": 1.1021649493444417e-7
              },
              {
                "displacement_relative_change": 0.0019390808091363863,
                "element_count": 192,
                "elements_per_original_element": 8,
                "max_displacement_m": 1.140054787691526e-6,
                "max_von_mises_stress_pa": 58468.21999664571,
                "node_count": 225,
                "peak_stress_relative_change": 0.30932527480813954,
                "strain_energy_relative_change": 0.22512193673482345,
                "total_strain_energy_j": 8.540434413467824e-8
              }
            ],
            "schema_version": "kyuubiki.composite-thermal-mesh-convergence/v1",
            "status": "fail"
          },
          "thermal_constraint_sensitivity": {
            "alternative_restraint": "roller_edge_with_vertical_anchor",
            "alternative_status": "fail",
            "diagnosis": "mixed_restraint_sensitivity_and_persistent_energy_nonconvergence",
            "displacement_change_ratio_alternative_to_primary": 0.7471992029487475,
            "peak_stress_change_ratio_alternative_to_primary": 1.191278780265547,
            "primary_restraint": "full_edge_clamp",
            "primary_status": "fail",
            "qualification_effect": "diagnostic_only_does_not_override_primary_quality_gates",
            "schema_version": "kyuubiki.composite-thermal-constraint-sensitivity/v1",
            "strain_energy_change_ratio_alternative_to_primary": 1.7076758555834235
          },
          "thermal_expansion_projection": {
            "coverage_fraction": 1.0,
            "declared_region_count": 3,
            "max_relative_change": 0.00034583059664369093,
            "model": "regional_linear_temperature_dependent_thermal_expansion",
            "parameter_source": "screening_sensitivity_not_material_card",
            "schema_version": "kyuubiki.composite-thermal-expansion-projection/v1",
            "status": "pass",
            "updated_region_count": 3,
            "updates": [
              {
                "adjusted_thermal_expansion_1_k": 0.00001700293338534605,
                "element_id": "conductor_left",
                "mean_temperature_c": 35.862760395897595,
                "reference_thermal_expansion_1_k": 0.000017,
                "relative_change": 0.0001725520791795177
              },
              {
                "adjusted_thermal_expansion_1_k": 0.00004501556237684897,
                "element_id": "dielectric_core",
                "mean_temperature_c": 35.43228824580464,
                "reference_thermal_expansion_1_k": 0.000045,
                "relative_change": 0.00034583059664369093
              },
              {
                "adjusted_thermal_expansion_1_k": 0.00002360000702519446,
                "element_id": "substrate_right",
                "mean_temperature_c": 35.000992259104194,
                "reference_thermal_expansion_1_k": 0.0000236,
                "relative_change": 2.976777313061733e-7
              }
            ]
          },
          "thermal_interface_grading_assessment": {
            "diagnosis": "graded_mesh_did_not_resolve_nonconvergence",
            "displacement_change_ratio_graded_to_uniform": 1.7540449848158837,
            "graded_mesh_convergence": {
              "algebraic_validation": {
                "max_relative_residual": null,
                "method": "original_system_recomputed_l2_residual_over_max_rhs_l2_or_one",
                "qualification_effect": "algebraic_gate_does_not_override_discretization_gates",
                "relative_residual_tolerance": 1e-10,
                "required_series": [
                  "uniform_full_edge_clamp",
                  "uniform_regularized_restraint",
                  "interface_graded_full_edge_clamp"
                ],
                "schema_version": "kyuubiki.composite-thermal-algebraic-validation/v1",
                "series": [],
                "status": "missing"
              },
              "convergence_tolerance": 0.02,
              "diagnostic_metrics": [
                "max_von_mises_stress_pa"
              ],
              "finest_pair_displacement_relative_change": 0.004551978849811092,
              "finest_pair_peak_stress_relative_change": 0.4148807401907107,
              "finest_pair_strain_energy_relative_change": 0.11925691208017448,
              "method": "cosine_graded_quad_h_refinement_at_clamp_interfaces_and_free_edges",
              "pass_metrics": [
                "max_displacement_m",
                "total_strain_energy_j"
              ],
              "refinement_levels": [
                1,
                2,
                4,
                8
              ],
              "regime_assessment": {
                "diagnosis": "pass_metrics_lack_qualified_discretization_uncertainty",
                "gci_safety_factor": 1.25,
                "method": "four_level_constant_ratio_observed_order_and_fine_grid_gci",
                "metrics": [
                  {
                    "coarse_triplet_observed_order": 1.8881348020170232,
                    "fine_grid_gci": null,
                    "fine_triplet_observed_order": 1.406545468100418,
                    "metric": "max_displacement_m",
                    "observed_order_relative_difference": 0.25506088516674846,
                    "qualification_role": "pass_metric",
                    "regime": "oscillatory",
                    "richardson_extrapolated_value": null,
                    "unit": "m"
                  },
                  {
                    "coarse_triplet_observed_order": 0.8547328400979163,
                    "fine_grid_gci": null,
                    "fine_triplet_observed_order": 1.7731539252378132,
                    "metric": "total_strain_energy_j",
                    "observed_order_relative_difference": 0.517959028862494,
                    "qualification_role": "pass_metric",
                    "regime": "monotonic_pre_asymptotic",
                    "richardson_extrapolated_value": null,
                    "unit": "J"
                  },
                  {
                    "coarse_triplet_observed_order": -1.0588117729069266,
                    "fine_grid_gci": null,
                    "fine_triplet_observed_order": -0.5966036567719328,
                    "metric": "max_von_mises_stress_pa",
                    "observed_order_relative_difference": 0.43653473446561647,
                    "qualification_role": "diagnostic_metric",
                    "regime": "monotonic_diverging",
                    "richardson_extrapolated_value": null,
                    "unit": "Pa"
                  }
                ],
                "order_consistency_tolerance": 0.25,
                "qualification_effect": "gci_gates_require_asymptotic_pass_metric_evidence",
                "qualification_tolerance": 0.02,
                "refinement_ratio": 2.0,
                "schema_version": "kyuubiki.composite-thermal-convergence-regime/v1",
                "status": "fail"
              },
              "samples": [
                {
                  "displacement_relative_change": null,
                  "element_count": 3,
                  "elements_per_original_element": 1,
                  "max_displacement_m": 1.1579682326400157e-6,
                  "max_von_mises_stress_pa": 513081.17001063057,
                  "node_count": 8,
                  "peak_stress_relative_change": null,
                  "strain_energy_relative_change": null,
                  "total_strain_energy_j": 3.899800291718832e-6
                },
                {
                  "displacement_relative_change": 0.0432578948012306,
                  "element_count": 12,
                  "elements_per_original_element": 2,
                  "max_displacement_m": 1.107876964649307e-6,
                  "max_von_mises_stress_pa": 890478.784773485,
                  "node_count": 21,
                  "peak_stress_relative_change": 0.4238142684767664,
                  "strain_energy_relative_change": 0.3436966618027671,
                  "total_strain_energy_j": 2.559451949757612e-6
                },
                {
                  "displacement_relative_change": 0.01206736952029549,
                  "element_count": 48,
                  "elements_per_original_element": 4,
                  "max_displacement_m": 1.121409426583432e-6,
                  "max_von_mises_stress_pa": 1676679.1738463624,
                  "node_count": 65,
                  "peak_stress_relative_change": 0.4689032948797863,
                  "strain_energy_relative_change": 0.289581276125033,
                  "total_strain_energy_j": 1.818282587966099e-6
                },
                {
                  "displacement_relative_change": 0.004551978849811092,
                  "element_count": 192,
                  "elements_per_original_element": 8,
                  "max_displacement_m": 1.1163047945916454e-6,
                  "max_von_mises_stress_pa": 2865534.0697430647,
                  "node_count": 225,
                  "peak_stress_relative_change": 0.4148807401907107,
                  "strain_energy_relative_change": 0.11925691208017448,
                  "total_strain_energy_j": 1.6014398212361138e-6
                }
              ],
              "schema_version": "kyuubiki.composite-thermal-mesh-convergence/v1",
              "status": "fail"
            },
            "graded_stress_recovery": {
              "convergence_tolerance": 0.02,
              "diagnostic_metrics": [
                "max_stress_pa",
                "max_to_p95_ratio"
              ],
              "finest_pair_max_relative_change": 0.4148807401907107,
              "finest_pair_p95_relative_change": 0.3405280596556072,
              "finest_pair_rms_relative_change": 0.00921684686934952,
              "method": "interface_graded_mesh_element_area_weighted_von_mises_p95_and_rms",
              "pass_metrics": [
                "area_weighted_rms_stress_pa",
                "area_weighted_p95_stress_pa"
              ],
              "refinement_levels": [
                1,
                2,
                4,
                8
              ],
              "samples": [
                {
                  "element_count": 3,
                  "elements_per_original_element": 1,
                  "max_relative_change": null,
                  "p95_relative_change": null,
                  "rms_relative_change": null,
                  "statistics": {
                    "area_weighted_mean_stress_pa": 180742.155208765,
                    "area_weighted_p95_stress_pa": 513081.17001063057,
                    "area_weighted_rms_stress_pa": 296551.201058098,
                    "max_stress_pa": 513081.17001063057,
                    "max_to_p95_ratio": 1.0
                  }
                },
                {
                  "element_count": 12,
                  "elements_per_original_element": 2,
                  "max_relative_change": 0.4238142684767664,
                  "p95_relative_change": 0.4238142684767664,
                  "rms_relative_change": 0.1967851615654695,
                  "statistics": {
                    "area_weighted_mean_stress_pa": 182971.28040592308,
                    "area_weighted_p95_stress_pa": 890478.784773485,
                    "area_weighted_rms_stress_pa": 369205.33195835585,
                    "max_stress_pa": 890478.784773485,
                    "max_to_p95_ratio": 1.0
                  }
                },
                {
                  "element_count": 48,
                  "elements_per_original_element": 4,
                  "max_relative_change": 0.4689032948797863,
                  "p95_relative_change": 0.5157373385099443,
                  "rms_relative_change": 0.04085880161615896,
                  "statistics": {
                    "area_weighted_mean_stress_pa": 138909.55878577038,
                    "area_weighted_p95_stress_pa": 431225.6263148384,
                    "area_weighted_rms_stress_pa": 354120.0445442413,
                    "max_stress_pa": 1676679.1738463624,
                    "max_to_p95_ratio": 3.8881714618282377
                  }
                },
                {
                  "element_count": 192,
                  "elements_per_original_element": 8,
                  "max_relative_change": 0.4148807401907107,
                  "p95_relative_change": 0.3405280596556072,
                  "rms_relative_change": 0.00921684686934952,
                  "statistics": {
                    "area_weighted_mean_stress_pa": 129710.09998582368,
                    "area_weighted_p95_stress_pa": 653895.3364560765,
                    "area_weighted_rms_stress_pa": 350856.1743203098,
                    "max_stress_pa": 2865534.0697430647,
                    "max_to_p95_ratio": 4.38225188341827
                  }
                }
              ],
              "schema_version": "kyuubiki.composite-thermal-stress-recovery/v1",
              "status": "fail"
            },
            "max_change_ratio_graded_to_uniform": 1.5977957909731462,
            "p95_change_ratio_graded_to_uniform": 1.1439640571678436,
            "qualification_effect": "diagnostic_only_does_not_override_uniform_mesh_gates",
            "rms_change_ratio_graded_to_uniform": 0.5711549623540388,
            "schema_version": "kyuubiki.composite-thermal-interface-grading-assessment/v1",
            "strain_energy_change_ratio_graded_to_uniform": 0.9046304075228166
          },
          "thermal_mesh_convergence": {
            "algebraic_validation": {
              "max_relative_residual": 2.86766340744491e-14,
              "method": "original_system_recomputed_l2_residual_over_max_rhs_l2_or_one",
              "qualification_effect": "algebraic_gate_does_not_override_discretization_gates",
              "relative_residual_tolerance": 1e-10,
              "required_series": [
                "uniform_full_edge_clamp",
                "uniform_regularized_restraint",
                "interface_graded_full_edge_clamp"
              ],
              "schema_version": "kyuubiki.composite-thermal-algebraic-validation/v1",
              "series": [
                {
                  "label": "uniform_full_edge_clamp",
                  "max_relative_residual": 1.4562700807446664e-14,
                  "samples": [
                    {
                      "element_count": 3,
                      "elements_per_original_element": 1,
                      "matrix_non_zero_count": 112,
                      "node_count": 8,
                      "relative_residual": 1.7813919264439672e-16,
                      "residual_norm": 1.2756665784974186e-14,
                      "rhs_norm": 71.61066352444503,
                      "solver_iterations": 0
                    },
                    {
                      "element_count": 12,
                      "elements_per_original_element": 2,
                      "matrix_non_zero_count": 439,
                      "node_count": 21,
                      "relative_residual": 7.448612134581104e-16,
                      "residual_norm": 5.25078982522967e-14,
                      "rhs_norm": 70.49353262538975,
                      "solver_iterations": 0
                    },
                    {
                      "element_count": 48,
                      "elements_per_original_element": 4,
                      "matrix_non_zero_count": 1747,
                      "node_count": 65,
                      "relative_residual": 3.5159036571062917e-15,
                      "residual_norm": 1.949420109689165e-13,
                      "rhs_norm": 55.44577723991459,
                      "solver_iterations": 0
                    },
                    {
                      "element_count": 192,
                      "elements_per_original_element": 8,
                      "matrix_non_zero_count": 6925,
                      "node_count": 225,
                      "relative_residual": 1.4562700807446664e-14,
                      "residual_norm": 5.974268953388603e-13,
                      "rhs_norm": 41.02445715518408,
                      "solver_iterations": 0
                    }
                  ],
                  "solver_path": "dense_direct",
                  "status": "pass"
                },
                {
                  "label": "uniform_regularized_restraint",
                  "max_relative_residual": 1.6940755673938413e-14,
                  "samples": [
                    {
                      "element_count": 3,
                      "elements_per_original_element": 1,
                      "matrix_non_zero_count": 121,
                      "node_count": 8,
                      "relative_residual": 2.225204682928436e-16,
                      "residual_norm": 1.7795039299832718e-14,
                      "rhs_norm": 79.97034805990933,
                      "solver_iterations": 0
                    },
                    {
                      "element_count": 12,
                      "elements_per_original_element": 2,
                      "matrix_non_zero_count": 462,
                      "node_count": 21,
                      "relative_residual": 1.0816592635170417e-15,
                      "residual_norm": 7.864318753530905e-14,
                      "rhs_norm": 72.70606390370918,
                      "solver_iterations": 0
                    },
                    {
                      "element_count": 48,
                      "elements_per_original_element": 4,
                      "matrix_non_zero_count": 1799,
                      "node_count": 65,
                      "relative_residual": 4.3426109357794936e-15,
                      "residual_norm": 2.438617816339717e-13,
                      "rhs_norm": 56.155567523849285,
                      "solver_iterations": 0
                    },
                    {
                      "element_count": 192,
                      "elements_per_original_element": 8,
                      "matrix_non_zero_count": 7030,
                      "node_count": 225,
                      "relative_residual": 1.6940755673938413e-14,
                      "residual_norm": 6.990623133177274e-13,
                      "rhs_norm": 41.26511985490481,
                      "solver_iterations": 0
                    }
                  ],
                  "solver_path": "dense_direct",
                  "status": "pass"
                },
                {
                  "label": "interface_graded_full_edge_clamp",
                  "max_relative_residual": 2.86766340744491e-14,
                  "samples": [
                    {
                      "element_count": 3,
                      "elements_per_original_element": 1,
                      "matrix_non_zero_count": 112,
                      "node_count": 8,
                      "relative_residual": 1.7813919264439672e-16,
                      "residual_norm": 1.2756665784974186e-14,
                      "rhs_norm": 71.61066352444503,
                      "solver_iterations": 0
                    },
                    {
                      "element_count": 12,
                      "elements_per_original_element": 2,
                      "matrix_non_zero_count": 444,
                      "node_count": 21,
                      "relative_residual": 7.218605125729659e-16,
                      "residual_norm": 5.0886497594042924e-14,
                      "rhs_norm": 70.49353262538975,
                      "solver_iterations": 0
                    },
                    {
                      "element_count": 48,
                      "elements_per_original_element": 4,
                      "matrix_non_zero_count": 1748,
                      "node_count": 65,
                      "relative_residual": 5.011306785824234e-15,
                      "residual_norm": 3.0795230981738e-13,
                      "rhs_norm": 61.4514981777811,
                      "solver_iterations": 0
                    },
                    {
                      "element_count": 192,
                      "elements_per_original_element": 8,
                      "matrix_non_zero_count": 6948,
                      "node_count": 225,
                      "relative_residual": 2.86766340744491e-14,
                      "residual_norm": 1.3299018288301737e-12,
                      "rhs_norm": 46.37579938348193,
                      "solver_iterations": 0
                    }
                  ],
                  "solver_path": "dense_direct",
                  "status": "pass"
                }
              ],
              "status": "pass"
            },
            "convergence_tolerance": 0.02,
            "diagnostic_metrics": [
              "max_von_mises_stress_pa"
            ],
            "finest_pair_displacement_relative_change": 0.0025951323308215485,
            "finest_pair_peak_stress_relative_change": 0.2596581756783984,
            "finest_pair_strain_energy_relative_change": 0.1318294312112945,
            "method": "structured_quad_h_refinement_preserving_piecewise_linear_temperature_full_edge_clamp",
            "pass_metrics": [
              "max_displacement_m",
              "total_strain_energy_j"
            ],
            "refinement_levels": [
              1,
              2,
              4,
              8
            ],
            "regime_assessment": {
              "diagnosis": "pass_metrics_lack_qualified_discretization_uncertainty",
              "gci_safety_factor": 1.25,
              "method": "four_level_constant_ratio_observed_order_and_fine_grid_gci",
              "metrics": [
                {
                  "coarse_triplet_observed_order": 3.791626289017625,
                  "fine_grid_gci": null,
                  "fine_triplet_observed_order": 0.32280364666514727,
                  "metric": "max_displacement_m",
                  "observed_order_relative_difference": 0.9148640656912466,
                  "qualification_role": "pass_metric",
                  "regime": "oscillatory",
                  "richardson_extrapolated_value": null,
                  "unit": "m"
                },
                {
                  "coarse_triplet_observed_order": 1.0831776742481607,
                  "fine_grid_gci": 0.12734216698812093,
                  "fine_triplet_observed_order": 1.316461486668464,
                  "metric": "total_strain_energy_j",
                  "observed_order_relative_difference": 0.17720519345436292,
                  "qualification_role": "pass_metric",
                  "regime": "asymptotic_converging",
                  "richardson_extrapolated_value": 1.5023959142770213e-6,
                  "unit": "J"
                },
                {
                  "coarse_triplet_observed_order": 0.04115387944837406,
                  "fine_grid_gci": null,
                  "fine_triplet_observed_order": -0.2657052209782265,
                  "metric": "max_von_mises_stress_pa",
                  "observed_order_relative_difference": 1.1548854753281137,
                  "qualification_role": "diagnostic_metric",
                  "regime": "monotonic_diverging",
                  "richardson_extrapolated_value": null,
                  "unit": "Pa"
                }
              ],
              "order_consistency_tolerance": 0.25,
              "qualification_effect": "gci_gates_require_asymptotic_pass_metric_evidence",
              "qualification_tolerance": 0.02,
              "refinement_ratio": 2.0,
              "schema_version": "kyuubiki.composite-thermal-convergence-regime/v1",
              "status": "fail"
            },
            "samples": [
              {
                "displacement_relative_change": null,
                "element_count": 3,
                "elements_per_original_element": 1,
                "max_displacement_m": 1.1579682326400157e-6,
                "max_von_mises_stress_pa": 513081.17001063057,
                "node_count": 8,
                "peak_stress_relative_change": null,
                "strain_energy_relative_change": null,
                "total_strain_energy_j": 3.899800291718832e-6
              },
              {
                "displacement_relative_change": 0.04325789480119293,
                "element_count": 12,
                "elements_per_original_element": 2,
                "max_displacement_m": 1.1078769646493506e-6,
                "max_von_mises_stress_pa": 890478.7847734855,
                "node_count": 21,
                "peak_stress_relative_change": 0.4238142684767667,
                "strain_energy_relative_change": 0.3436966618027674,
                "total_strain_energy_j": 2.5594519497576107e-6
              },
              {
                "displacement_relative_change": 0.003254330115980001,
                "element_count": 48,
                "elements_per_original_element": 4,
                "max_displacement_m": 1.111494133481675e-6,
                "max_von_mises_stress_pa": 1257262.9675395212,
                "node_count": 65,
                "peak_stress_relative_change": 0.29173227259197554,
                "strain_energy_relative_change": 0.24717339921808693,
                "total_strain_energy_j": 1.926823511200662e-6
              },
              {
                "displacement_relative_change": 0.0025951323308215485,
                "element_count": 192,
                "elements_per_original_element": 8,
                "max_displacement_m": 1.1143861129123124e-6,
                "max_von_mises_stress_pa": 1698219.5605274504,
                "node_count": 225,
                "peak_stress_relative_change": 0.2596581756783984,
                "strain_energy_relative_change": 0.1318294312112945,
                "total_strain_energy_j": 1.6728114636745293e-6
              }
            ],
            "schema_version": "kyuubiki.composite-thermal-mesh-convergence/v1",
            "status": "fail"
          },
          "thermal_stress_recovery": {
            "convergence_tolerance": 0.02,
            "diagnostic_metrics": [
              "max_stress_pa",
              "max_to_p95_ratio"
            ],
            "finest_pair_max_relative_change": 0.2596581756783984,
            "finest_pair_p95_relative_change": 0.29767374029098936,
            "finest_pair_rms_relative_change": 0.01613720877318811,
            "method": "uniform_mesh_element_area_weighted_von_mises_p95_and_rms",
            "pass_metrics": [
              "area_weighted_rms_stress_pa",
              "area_weighted_p95_stress_pa"
            ],
            "refinement_levels": [
              1,
              2,
              4,
              8
            ],
            "samples": [
              {
                "element_count": 3,
                "elements_per_original_element": 1,
                "max_relative_change": null,
                "p95_relative_change": null,
                "rms_relative_change": null,
                "statistics": {
                  "area_weighted_mean_stress_pa": 180742.155208765,
                  "area_weighted_p95_stress_pa": 513081.17001063057,
                  "area_weighted_rms_stress_pa": 296551.201058098,
                  "max_stress_pa": 513081.17001063057,
                  "max_to_p95_ratio": 1.0
                }
              },
              {
                "element_count": 12,
                "elements_per_original_element": 2,
                "max_relative_change": 0.4238142684767667,
                "p95_relative_change": 0.4238142684767667,
                "rms_relative_change": 0.19678516156546977,
                "statistics": {
                  "area_weighted_mean_stress_pa": 182971.28040592297,
                  "area_weighted_p95_stress_pa": 890478.7847734855,
                  "area_weighted_rms_stress_pa": 369205.331958356,
                  "max_stress_pa": 890478.7847734855,
                  "max_to_p95_ratio": 1.0
                }
              },
              {
                "element_count": 48,
                "elements_per_original_element": 4,
                "max_relative_change": 0.29173227259197554,
                "p95_relative_change": 0.24521983049312793,
                "rms_relative_change": 0.02136742223166978,
                "statistics": {
                  "area_weighted_mean_stress_pa": 144712.91954372346,
                  "area_weighted_p95_stress_pa": 1179785.6127503598,
                  "area_weighted_rms_stress_pa": 361316.365740218,
                  "max_stress_pa": 1257262.9675395212,
                  "max_to_p95_ratio": 1.065670706568919
                }
              },
              {
                "element_count": 192,
                "elements_per_original_element": 8,
                "max_relative_change": 0.2596581756783984,
                "p95_relative_change": 0.29767374029098936,
                "rms_relative_change": 0.01613720877318811,
                "statistics": {
                  "area_weighted_mean_stress_pa": 132925.45730924836,
                  "area_weighted_p95_stress_pa": 828594.4166614634,
                  "area_weighted_rms_stress_pa": 355485.7281130985,
                  "max_stress_pa": 1698219.5605274504,
                  "max_to_p95_ratio": 2.0495184693252493
                }
              }
            ],
            "schema_version": "kyuubiki.composite-thermal-stress-recovery/v1",
            "status": "fail"
          }
        },
        "status": "completed"
      },
      "requires_confirmation": false
    },
    {
      "index": 7,
      "action": "solve_composite_thermo_electric_panel",
      "risk": "normal",
      "status": "executed",
      "payload": {
        "electric_conduction_feedback": {
          "parameter_source": "screening_reference_not_material_card",
          "regions": [
            {
              "element_id": "conductor_left",
              "reference_resistivity_ohm_m": 1.68e-8,
              "reference_temperature_c": 35.0,
              "resistivity_temperature_coefficient_1_k": 0.00393
            }
          ]
        },
        "electric_conduction_model": {
          "contact_interfaces": [],
          "elements": [
            {
              "electrical_conductivity_s_m": 59523809.523809515,
              "id": "conductor_left",
              "node_i": 0,
              "node_j": 1,
              "node_k": 2,
              "node_l": 3,
              "thickness": 0.001
            }
          ],
          "nodes": [
            {
              "current_source_a": 0.0,
              "electric_potential_v": 0.0,
              "fix_electric_potential": true,
              "id": "n0",
              "x": 0.0,
              "y": 0.0
            },
            {
              "current_source_a": 0.0,
              "electric_potential_v": 0.000033600000000000004,
              "fix_electric_potential": true,
              "id": "n1",
              "x": 0.03,
              "y": 0.0
            },
            {
              "current_source_a": 0.0,
              "electric_potential_v": 0.000033600000000000004,
              "fix_electric_potential": true,
              "id": "n5",
              "x": 0.03,
              "y": 0.03
            },
            {
              "current_source_a": 0.0,
              "electric_potential_v": 0.0,
              "fix_electric_potential": true,
              "id": "n4",
              "x": 0.0,
              "y": 0.03
            }
          ],
          "terminals": []
        },
        "electrostatic_model": {
          "elements": [
            {
              "id": "conductor_left",
              "node_i": 0,
              "node_j": 1,
              "node_k": 5,
              "node_l": 4,
              "permittivity": 1.0,
              "thickness": 0.001
            },
            {
              "id": "dielectric_core",
              "node_i": 1,
              "node_j": 2,
              "node_k": 6,
              "node_l": 5,
              "permittivity": 2.1,
              "thickness": 0.001
            },
            {
              "id": "substrate_right",
              "node_i": 2,
              "node_j": 3,
              "node_k": 7,
              "node_l": 6,
              "permittivity": 4.2,
              "thickness": 0.001
            }
          ],
          "nodes": [
            {
              "charge_density": 0.0,
              "fix_potential": true,
              "id": "n0",
              "potential": 0.0,
              "x": 0.0,
              "y": 0.0
            },
            {
              "charge_density": 0.0,
              "fix_potential": false,
              "id": "n1",
              "potential": 0.0,
              "x": 0.03,
              "y": 0.0
            },
            {
              "charge_density": 0.0,
              "fix_potential": false,
              "id": "n2",
              "potential": 0.0,
              "x": 0.06,
              "y": 0.0
            },
            {
              "charge_density": 0.0,
              "fix_potential": true,
              "id": "n3",
              "potential": 5695,
              "x": 0.09,
              "y": 0.0
            },
            {
              "charge_density": 0.0,
              "fix_potential": true,
              "id": "n4",
              "potential": 0.0,
              "x": 0.0,
              "y": 0.03
            },
            {
              "charge_density": 0.0,
              "fix_potential": false,
              "id": "n5",
              "potential": 0.0,
              "x": 0.03,
              "y": 0.03
            },
            {
              "charge_density": 0.0,
              "fix_potential": false,
              "id": "n6",
              "potential": 0.0,
              "x": 0.06,
              "y": 0.03
            },
            {
              "charge_density": 0.0,
              "fix_potential": true,
              "id": "n7",
              "potential": 5695,
              "x": 0.09,
              "y": 0.03
            }
          ]
        },
        "electrothermal_feedback": {
          "conductivity_relative_change_tolerance": 1e-9,
          "loss_relative_change_tolerance": 1e-9,
          "loss_tangent_temperature_coefficient_1_k": 0.001,
          "max_iterations": 12,
          "parameter_source": "screening_sensitivity_not_material_card",
          "relative_permittivity_temperature_coefficient_1_k": 0.0001,
          "relaxation_factor": 0.8,
          "temperature_residual_tolerance_c": 1e-7,
          "thermal_conductivity_models": [
            {
              "element_id": "conductor_left",
              "reference_temperature_c": 35.0,
              "temperature_coefficient_1_k": -0.001
            },
            {
              "element_id": "dielectric_core",
              "reference_temperature_c": 35.0,
              "temperature_coefficient_1_k": -0.002
            },
            {
              "element_id": "substrate_right",
              "reference_temperature_c": 35.0,
              "temperature_coefficient_1_k": -0.0012
            }
          ]
        },
        "electrothermal_loss": {
          "frequency_hz": 10000000.0,
          "loss_tangent": 0.0002,
          "reference_temperature_c": 35.0,
          "relative_permittivity": 2.1,
          "source_element_id": "dielectric_core"
        },
        "heat_model": {
          "elements": [
            {
              "conductivity": 390.0,
              "id": "conductor_left",
              "node_i": 0,
              "node_j": 1,
              "node_k": 5,
              "node_l": 4,
              "thickness": 0.001
            },
            {
              "conductivity": 0.25,
              "id": "dielectric_core",
              "node_i": 1,
              "node_j": 2,
              "node_k": 6,
              "node_l": 5,
              "thickness": 0.001
            },
            {
              "conductivity": 160.0,
              "id": "substrate_right",
              "node_i": 2,
              "node_j": 3,
              "node_k": 7,
              "node_l": 6,
              "thickness": 0.001
            }
          ],
          "nodes": [
            {
              "fix_temperature": false,
              "heat_load": 0.0,
              "id": "n0",
              "temperature": 35.0,
              "x": 0.0,
              "y": 0.0
            },
            {
              "fix_temperature": false,
              "heat_load": 0.0,
              "id": "n1",
              "temperature": 35.0,
              "x": 0.03,
              "y": 0.0
            },
            {
              "fix_temperature": false,
              "heat_load": 0.0,
              "id": "n2",
              "temperature": 35.0,
              "x": 0.06,
              "y": 0.0
            },
            {
              "fix_temperature": true,
              "heat_load": 0.0,
              "id": "n3",
              "temperature": 35.0,
              "x": 0.09,
              "y": 0.0
            },
            {
              "fix_temperature": false,
              "heat_load": 0.0,
              "id": "n4",
              "temperature": 35.0,
              "x": 0.0,
              "y": 0.03
            },
            {
              "fix_temperature": false,
              "heat_load": 0.0,
              "id": "n5",
              "temperature": 35.0,
              "x": 0.03,
              "y": 0.03
            },
            {
              "fix_temperature": false,
              "heat_load": 0.0,
              "id": "n6",
              "temperature": 35.0,
              "x": 0.06,
              "y": 0.03
            },
            {
              "fix_temperature": true,
              "heat_load": 0.0,
              "id": "n7",
              "temperature": 35.0,
              "x": 0.09,
              "y": 0.03
            }
          ]
        },
        "research": {
          "candidate_id": "copper_ptfe_glass_epoxy",
          "candidate_label": "Copper / PTFE / Glass epoxy",
          "coupling": "iterative_dielectric_and_conductor_joule_heating_with_temperature_dependent_electrical_thermal_feedback_and_expansion_projection",
          "materials": {
            "conductor": "copper",
            "dielectric": "ptfe",
            "substrate": "glass_epoxy"
          },
          "study": "material.composite_thermo_electric_panel.v1"
        },
        "thermal_expansion_feedback": {
          "parameter_source": "screening_sensitivity_not_material_card",
          "regions": [
            {
              "element_id": "conductor_left",
              "reference_temperature_c": 35.0,
              "temperature_coefficient_1_k": 0.0002
            },
            {
              "element_id": "dielectric_core",
              "reference_temperature_c": 35.0,
              "temperature_coefficient_1_k": 0.0008
            },
            {
              "element_id": "substrate_right",
              "reference_temperature_c": 35.0,
              "temperature_coefficient_1_k": 0.0003
            }
          ]
        },
        "thermal_model": {
          "elements": [
            {
              "id": "conductor_left",
              "node_i": 0,
              "node_j": 1,
              "node_k": 5,
              "node_l": 4,
              "poisson_ratio": 0.32,
              "thermal_expansion": 0.000017,
              "thickness": 0.001,
              "youngs_modulus": 110000000000.0
            },
            {
              "id": "dielectric_core",
              "node_i": 1,
              "node_j": 2,
              "node_k": 6,
              "node_l": 5,
              "poisson_ratio": 0.32,
              "thermal_expansion": 0.000045,
              "thickness": 0.001,
              "youngs_modulus": 2500000000.0
            },
            {
              "id": "substrate_right",
              "node_i": 2,
              "node_j": 3,
              "node_k": 7,
              "node_l": 6,
              "poisson_ratio": 0.32,
              "thermal_expansion": 0.000014,
              "thickness": 0.001,
              "youngs_modulus": 22000000000.0
            }
          ],
          "nodes": [
            {
              "fix_x": true,
              "fix_y": true,
              "id": "n0",
              "load_x": 0.0,
              "load_y": 0.0,
              "temperature_delta": 0.0,
              "x": 0.0,
              "y": 0.0
            },
            {
              "fix_x": false,
              "fix_y": false,
              "id": "n1",
              "load_x": 0.0,
              "load_y": 0.0,
              "temperature_delta": 0.0,
              "x": 0.03,
              "y": 0.0
            },
            {
              "fix_x": false,
              "fix_y": false,
              "id": "n2",
              "load_x": 0.0,
              "load_y": 0.0,
              "temperature_delta": 0.0,
              "x": 0.06,
              "y": 0.0
            },
            {
              "fix_x": false,
              "fix_y": false,
              "id": "n3",
              "load_x": 0.0,
              "load_y": 0.0,
              "temperature_delta": 0.0,
              "x": 0.09,
              "y": 0.0
            },
            {
              "fix_x": true,
              "fix_y": true,
              "id": "n4",
              "load_x": 0.0,
              "load_y": 0.0,
              "temperature_delta": 0.0,
              "x": 0.0,
              "y": 0.03
            },
            {
              "fix_x": false,
              "fix_y": false,
              "id": "n5",
              "load_x": 0.0,
              "load_y": 0.0,
              "temperature_delta": 0.0,
              "x": 0.03,
              "y": 0.03
            },
            {
              "fix_x": false,
              "fix_y": false,
              "id": "n6",
              "load_x": 0.0,
              "load_y": 0.0,
              "temperature_delta": 0.0,
              "x": 0.06,
              "y": 0.03
            },
            {
              "fix_x": false,
              "fix_y": false,
              "id": "n7",
              "load_x": 0.0,
              "load_y": 0.0,
              "temperature_delta": 0.0,
              "x": 0.09,
              "y": 0.03
            }
          ]
        }
      },
      "result_preview": {
        "job": {
          "created_at": "2026-08-13T11:22:29.385375Z",
          "execution_started_at": null,
          "execution_timeout_ms": 120000,
          "has_result": false,
          "iteration": null,
          "job_id": "e77222ad10c315a7",
          "message": null,
          "model_version_id": null,
          "progress": 0.0,
          "project_id": "a3581ac2ddce41db",
          "queue_timeout_ms": 1800000,
          "residual": null,
          "simulation_case_id": "bf982db1c18eeec3",
          "status": "queued",
          "status_detail": {
            "active": true,
            "failure_class": null,
            "lifecycle": "active",
            "recoverable": false,
            "terminal": false,
            "timing": {
              "effective_deadline": "2026-08-13T11:52:29.385375Z",
              "effective_timeout_ms": 1800000,
              "execution_elapsed_ms": null,
              "execution_started_at": null,
              "execution_timeout_ms": 120000,
              "job_submission_deadline": "2026-08-13T11:52:29.385375Z",
              "phase": "queue",
              "queue_timeout_ms": 1800000,
              "queue_wait_ms": 0,
              "total_elapsed_ms": 0
            }
          },
          "updated_at": "2026-08-13T11:22:29.385375Z",
          "worker_id": null
        },
        "job_id": "e77222ad10c315a7",
        "progress": 0.0,
        "raw": {
          "job": {
            "created_at": "2026-08-13T11:22:29.385375Z",
            "execution_started_at": null,
            "execution_timeout_ms": 120000,
            "has_result": false,
            "iteration": null,
            "job_id": "e77222ad10c315a7",
            "message": null,
            "model_version_id": null,
            "progress": 0.0,
            "project_id": "a3581ac2ddce41db",
            "queue_timeout_ms": 1800000,
            "residual": null,
            "simulation_case_id": "bf982db1c18eeec3",
            "status": "queued",
            "status_detail": {
              "active": true,
              "failure_class": null,
              "lifecycle": "active",
              "recoverable": false,
              "terminal": false,
              "timing": {
                "effective_deadline": "2026-08-13T11:52:29.385375Z",
                "effective_timeout_ms": 1800000,
                "execution_elapsed_ms": null,
                "execution_started_at": null,
                "execution_timeout_ms": 120000,
                "job_submission_deadline": "2026-08-13T11:52:29.385375Z",
                "phase": "queue",
                "queue_timeout_ms": 1800000,
                "queue_wait_ms": 0,
                "total_elapsed_ms": 0
              }
            },
            "updated_at": "2026-08-13T11:22:29.385375Z",
            "worker_id": null
          }
        },
        "status": "queued"
      },
      "requires_confirmation": false
    },
    {
      "index": 8,
      "action": "job_wait",
      "risk": "normal",
      "status": "executed",
      "payload": {
        "interval_ms": 1000,
        "job_id": "e77222ad10c315a7",
        "max_total_timeout_ms": 3600000,
        "resume_policy": "server_deadline",
        "timeout_ms": 60000
      },
      "result_preview": {
        "job": {
          "created_at": "2026-08-13T11:22:29.385375Z",
          "execution_started_at": "2026-08-13T11:22:29.387917Z",
          "execution_timeout_ms": 120000,
          "iteration": 4,
          "job_id": "e77222ad10c315a7",
          "message": "collecting nodal and elemental responses",
          "model_version_id": null,
          "progress": 1.0,
          "project_id": "a3581ac2ddce41db",
          "queue_timeout_ms": 1800000,
          "residual": 0.2,
          "simulation_case_id": "bf982db1c18eeec3",
          "status": "completed",
          "status_detail": {
            "active": false,
            "failure_class": null,
            "lifecycle": "terminal",
            "recoverable": false,
            "terminal": true,
            "timing": {
              "effective_deadline": "2026-08-13T11:24:29.387917Z",
              "effective_timeout_ms": 120000,
              "execution_elapsed_ms": 6053,
              "execution_started_at": "2026-08-13T11:22:29.387917Z",
              "execution_timeout_ms": 120000,
              "job_submission_deadline": "2026-08-13T11:52:29.385375Z",
              "phase": "execution",
              "queue_timeout_ms": 1800000,
              "queue_wait_ms": 2,
              "total_elapsed_ms": 6056
            }
          },
          "updated_at": "2026-08-13T11:22:35.441550Z",
          "worker_id": "rust-agent-rpc@127.0.0.1:5001"
        },
        "job_id": "e77222ad10c315a7",
        "progress": 1.0,
        "raw": {
          "job": {
            "created_at": "2026-08-13T11:22:29.385375Z",
            "execution_started_at": "2026-08-13T11:22:29.387917Z",
            "execution_timeout_ms": 120000,
            "iteration": 4,
            "job_id": "e77222ad10c315a7",
            "message": "collecting nodal and elemental responses",
            "model_version_id": null,
            "progress": 1.0,
            "project_id": "a3581ac2ddce41db",
            "queue_timeout_ms": 1800000,
            "residual": 0.2,
            "simulation_case_id": "bf982db1c18eeec3",
            "status": "completed",
            "status_detail": {
              "active": false,
              "failure_class": null,
              "lifecycle": "terminal",
              "recoverable": false,
              "terminal": true,
              "timing": {
                "effective_deadline": "2026-08-13T11:24:29.387917Z",
                "effective_timeout_ms": 120000,
                "execution_elapsed_ms": 6053,
                "execution_started_at": "2026-08-13T11:22:29.387917Z",
                "execution_timeout_ms": 120000,
                "job_submission_deadline": "2026-08-13T11:52:29.385375Z",
                "phase": "execution",
                "queue_timeout_ms": 1800000,
                "queue_wait_ms": 2,
                "total_elapsed_ms": 6056
              }
            },
            "updated_at": "2026-08-13T11:22:35.441550Z",
            "worker_id": "rust-agent-rpc@127.0.0.1:5001"
          }
        },
        "result": null,
        "status": "completed",
        "wait": {
          "elapsed_ms": 6061,
          "policy": "server_deadline",
          "poll_attempts": 7,
          "resume_count": 0
        }
      },
      "requires_confirmation": false
    },
    {
      "index": 9,
      "action": "result_fetch",
      "risk": "normal",
      "status": "executed",
      "payload": {
        "job_id": "e77222ad10c315a7"
      },
      "result_preview": {
        "job": {
          "created_at": "2026-08-13T11:22:29.385375Z",
          "execution_started_at": "2026-08-13T11:22:29.387917Z",
          "execution_timeout_ms": 120000,
          "has_result": true,
          "iteration": 4,
          "job_id": "e77222ad10c315a7",
          "message": "collecting nodal and elemental responses",
          "model_version_id": null,
          "progress": 1.0,
          "project_id": "a3581ac2ddce41db",
          "queue_timeout_ms": 1800000,
          "residual": 0.2,
          "simulation_case_id": "bf982db1c18eeec3",
          "status": "completed",
          "status_detail": {
            "active": false,
            "failure_class": null,
            "lifecycle": "terminal",
            "recoverable": false,
            "terminal": true,
            "timing": {
              "effective_deadline": "2026-08-13T11:24:29.387917Z",
              "effective_timeout_ms": 120000,
              "execution_elapsed_ms": 6053,
              "execution_started_at": "2026-08-13T11:22:29.387917Z",
              "execution_timeout_ms": 120000,
              "job_submission_deadline": "2026-08-13T11:52:29.385375Z",
              "phase": "execution",
              "queue_timeout_ms": 1800000,
              "queue_wait_ms": 2,
              "total_elapsed_ms": 6056
            }
          },
          "updated_at": "2026-08-13T11:22:35.441550Z",
          "worker_id": "rust-agent-rpc@127.0.0.1:5001"
        },
        "job_id": "e77222ad10c315a7",
        "result": {
          "electric_conduction": {
            "contact_interfaces": [],
            "current_balance_relative_error": 0.0,
            "elements": [
              {
                "area_m2": 0.0009,
                "average_electric_potential_v": 0.000016800000000000002,
                "current_density_magnitude_a_m2": 66290.53371018945,
                "current_density_x_a_m2": -66290.53371018945,
                "current_density_y_a_m2": -0.0,
                "electric_field_magnitude_v_m": 0.00112,
                "electric_field_x_v_m": -0.00112,
                "electric_field_y_v_m": -0.0,
                "electric_potential_gradient_x_v_m": 0.00112,
                "electric_potential_gradient_y_v_m": 0.0,
                "id": "conductor_left",
                "index": 0,
                "joule_power_w": 0.00006682085797987097,
                "node_i": 0,
                "node_j": 1,
                "node_k": 2,
                "node_l": 3,
                "peak_current_density_magnitude_a_m2": 66290.53371018945,
                "peak_electric_field_magnitude_v_m": 0.00112,
                "rms_current_density_magnitude_a_m2": 66290.53371018945,
                "rms_electric_field_magnitude_v_m": 0.00112,
                "volumetric_joule_heating_w_m3": 74.2453977554122
              }
            ],
            "free_current_residual_relative_error": 0.0,
            "input": {
              "contact_interfaces": [],
              "elements": [
                {
                  "electrical_conductivity_s_m": 59187976.52695487,
                  "id": "conductor_left",
                  "node_i": 0,
                  "node_j": 1,
                  "node_k": 2,
                  "node_l": 3,
                  "thickness": 0.001
                }
              ],
              "nodes": [
                {
                  "current_source_a": 0.0,
                  "electric_potential_v": 0.0,
                  "fix_electric_potential": true,
                  "id": "n0",
                  "x": 0.0,
                  "y": 0.0
                },
                {
                  "current_source_a": 0.0,
                  "electric_potential_v": 0.000033600000000000004,
                  "fix_electric_potential": true,
                  "id": "n1",
                  "x": 0.03,
                  "y": 0.0
                },
                {
                  "current_source_a": 0.0,
                  "electric_potential_v": 0.000033600000000000004,
                  "fix_electric_potential": true,
                  "id": "n5",
                  "x": 0.03,
                  "y": 0.03
                },
                {
                  "current_source_a": 0.0,
                  "electric_potential_v": 0.0,
                  "fix_electric_potential": true,
                  "id": "n4",
                  "x": 0.0,
                  "y": 0.03
                }
              ],
              "terminals": []
            },
            "max_current_density_a_m2": 66290.53371018945,
            "max_electric_field_v_m": 0.00112,
            "max_electric_potential_v": 0.000033600000000000004,
            "max_free_current_residual_a": 0.0,
            "nodes": [
              {
                "current_source_a": 0.0,
                "electric_potential_v": 0.0,
                "fix_electric_potential": true,
                "id": "n0",
                "index": 0,
                "net_injected_current_a": -0.994358005652842,
                "reaction_current_a": -0.994358005652842,
                "x": 0.0,
                "y": 0.0
              },
              {
                "current_source_a": 0.0,
                "electric_potential_v": 0.000033600000000000004,
                "fix_electric_potential": true,
                "id": "n1",
                "index": 1,
                "net_injected_current_a": 0.994358005652842,
                "reaction_current_a": 0.994358005652842,
                "x": 0.03,
                "y": 0.0
              },
              {
                "current_source_a": 0.0,
                "electric_potential_v": 0.000033600000000000004,
                "fix_electric_potential": true,
                "id": "n5",
                "index": 2,
                "net_injected_current_a": 0.994358005652842,
                "reaction_current_a": 0.994358005652842,
                "x": 0.03,
                "y": 0.03
              },
              {
                "current_source_a": 0.0,
                "electric_potential_v": 0.0,
                "fix_electric_potential": true,
                "id": "n4",
                "index": 3,
                "net_injected_current_a": -0.994358005652842,
                "reaction_current_a": -0.994358005652842,
                "x": 0.0,
                "y": 0.03
              }
            ],
            "power_balance_relative_error": 2.0281881385227572e-16,
            "source_power_balance_relative_error": 2.0281881385227572e-16,
            "terminals": [],
            "total_bulk_joule_power_w": 0.00006682085797987097,
            "total_contact_joule_power_w": -0.0,
            "total_dissipated_power_w": 0.00006682085797987097,
            "total_electrical_input_power_w": 0.00006682085797987099,
            "total_extracted_current_a": 1.988716011305684,
            "total_injected_current_a": 1.988716011305684,
            "total_joule_power_w": 0.00006682085797987097,
            "total_source_power_w": 0.00006682085797987099,
            "total_terminal_impedance_power_w": -0.0
          },
          "electrostatic": {
            "elements": [
              {
                "area": 0.0009,
                "average_potential": 1661.0750656902685,
                "electric_energy_density": 6131489719.684288,
                "electric_field_magnitude": 110738.33771268456,
                "electric_field_x": -110738.33771268456,
                "electric_field_y": -0.0,
                "electric_flux_density_magnitude": 110738.33771268456,
                "electric_flux_density_x": -110738.33771268456,
                "electric_flux_density_y": -0.0,
                "id": "conductor_left",
                "index": 0,
                "node_i": 0,
                "node_j": 1,
                "node_k": 5,
                "node_l": 4,
                "potential_gradient_x": 110738.33771268456,
                "potential_gradient_y": 0.0,
                "stored_energy": 5518.340747715859
              },
              {
                "area": 0.0009,
                "average_potential": 4113.081002430679,
                "electric_energy_density": 2919545663.5246205,
                "electric_field_magnitude": 52728.724736676246,
                "electric_field_x": -52728.724736676246,
                "electric_field_y": 1.4551915228366852e-11,
                "electric_flux_density_magnitude": 110738.33771268462,
                "electric_flux_density_x": -110738.33771268462,
                "electric_flux_density_y": 3.0561234146525356e-11,
                "id": "dielectric_core",
                "index": 1,
                "node_i": 1,
                "node_j": 2,
                "node_k": 6,
                "node_l": 5,
                "potential_gradient_x": 52728.724736676246,
                "potential_gradient_y": -1.4551915228366852e-11,
                "stored_energy": 2627.5910971721582
              },
              {
                "area": 0.0009,
                "average_potential": 5299.505936740412,
                "electric_energy_density": 1459878504.6867378,
                "electric_field_magnitude": 26366.27088397254,
                "electric_field_x": -26366.27088397254,
                "electric_field_y": 1.4551915228366852e-11,
                "electric_flux_density_magnitude": 110738.33771268466,
                "electric_flux_density_x": -110738.33771268466,
                "electric_flux_density_y": 6.111804395914078e-11,
                "id": "substrate_right",
                "index": 2,
                "node_i": 2,
                "node_j": 3,
                "node_k": 7,
                "node_l": 6,
                "potential_gradient_x": 26366.27088397254,
                "potential_gradient_y": -1.4551915228366852e-11,
                "stored_energy": 1313.890654218064
              }
            ],
            "input": {
              "elements": [
                {
                  "id": "conductor_left",
                  "node_i": 0,
                  "node_j": 1,
                  "node_k": 5,
                  "node_l": 4,
                  "permittivity": 1.0,
                  "thickness": 0.001
                },
                {
                  "id": "dielectric_core",
                  "node_i": 1,
                  "node_j": 2,
                  "node_k": 6,
                  "node_l": 5,
                  "permittivity": 2.1001520189555984,
                  "thickness": 0.001
                },
                {
                  "id": "substrate_right",
                  "node_i": 2,
                  "node_j": 3,
                  "node_k": 7,
                  "node_l": 6,
                  "permittivity": 4.2,
                  "thickness": 0.001
                }
              ],
              "nodes": [
                {
                  "charge_density": 0.0,
                  "fix_potential": true,
                  "id": "n0",
                  "potential": 0.0,
                  "x": 0.0,
                  "y": 0.0
                },
                {
                  "charge_density": 0.0,
                  "fix_potential": false,
                  "id": "n1",
                  "potential": 0.0,
                  "x": 0.03,
                  "y": 0.0
                },
                {
                  "charge_density": 0.0,
                  "fix_potential": false,
                  "id": "n2",
                  "potential": 0.0,
                  "x": 0.06,
                  "y": 0.0
                },
                {
                  "charge_density": 0.0,
                  "fix_potential": true,
                  "id": "n3",
                  "potential": 5695.0,
                  "x": 0.09,
                  "y": 0.0
                },
                {
                  "charge_density": 0.0,
                  "fix_potential": true,
                  "id": "n4",
                  "potential": 0.0,
                  "x": 0.0,
                  "y": 0.03
                },
                {
                  "charge_density": 0.0,
                  "fix_potential": false,
                  "id": "n5",
                  "potential": 0.0,
                  "x": 0.03,
                  "y": 0.03
                },
                {
                  "charge_density": 0.0,
                  "fix_potential": false,
                  "id": "n6",
                  "potential": 0.0,
                  "x": 0.06,
                  "y": 0.03
                },
                {
                  "charge_density": 0.0,
                  "fix_potential": true,
                  "id": "n7",
                  "potential": 5695.0,
                  "x": 0.09,
                  "y": 0.03
                }
              ]
            },
            "max_electric_energy_density": 6131489719.684288,
            "max_electric_field": 110738.33771268456,
            "max_flux_density": 110738.33771268466,
            "max_potential": 5695.0,
            "nodes": [
              {
                "charge_density": 0.0,
                "id": "n0",
                "index": 0,
                "potential": 0.0,
                "x": 0.0,
                "y": 0.0
              },
              {
                "charge_density": 0.0,
                "id": "n1",
                "index": 1,
                "potential": 3322.1501313805365,
                "x": 0.03,
                "y": 0.0
              },
              {
                "charge_density": 0.0,
                "id": "n2",
                "index": 2,
                "potential": 4904.011873480824,
                "x": 0.06,
                "y": 0.0
              },
              {
                "charge_density": 0.0,
                "id": "n3",
                "index": 3,
                "potential": 5695.0,
                "x": 0.09,
                "y": 0.0
              },
              {
                "charge_density": 0.0,
                "id": "n4",
                "index": 4,
                "potential": 0.0,
                "x": 0.0,
                "y": 0.03
              },
              {
                "charge_density": 0.0,
                "id": "n5",
                "index": 5,
                "potential": 3322.1501313805365,
                "x": 0.03,
                "y": 0.03
              },
              {
                "charge_density": 0.0,
                "id": "n6",
                "index": 6,
                "potential": 4904.011873480823,
                "x": 0.06,
                "y": 0.03
              },
              {
                "charge_density": 0.0,
                "id": "n7",
                "index": 7,
                "potential": 5695.0,
                "x": 0.09,
                "y": 0.03
              }
            ],
            "total_stored_energy": 9459.822499106082
          },
          "electrostatic_mesh_convergence": {
            "finest_pair_relative_change": 1.1849178431252188e-14,
            "max_analytic_relative_error": 5.327777777777777,
            "method": "structured_quad_h_refinement",
            "refinement_levels": [
              1,
              2,
              4,
              8
            ],
            "relative_error_tolerance": 1e-8,
            "samples": [
              {
                "analytic_relative_error": 5.327777777777777,
                "element_count": 3,
                "elements_per_layer": 1,
                "max_electric_field_v_m": 110738.33771268456,
                "node_count": 8,
                "relative_change_from_previous": null
              },
              {
                "analytic_relative_error": 2.078803233553015e-16,
                "element_count": 6,
                "elements_per_layer": 2,
                "max_electric_field_v_m": 17500.351877333826,
                "node_count": 14,
                "relative_change_from_previous": 5.327777777777777
              },
              {
                "analytic_relative_error": 2.078803233553015e-16,
                "element_count": 12,
                "elements_per_layer": 4,
                "max_electric_field_v_m": 17500.351877333826,
                "node_count": 26,
                "relative_change_from_previous": 0.0
              },
              {
                "analytic_relative_error": 1.2057058754607488e-14,
                "element_count": 24,
                "elements_per_layer": 8,
                "max_electric_field_v_m": 17500.351877334033,
                "node_count": 50,
                "relative_change_from_previous": 1.1849178431252188e-14
              }
            ],
            "schema_version": "kyuubiki.composite-electrostatic-mesh-convergence/v1",
            "status": "fail"
          },
          "electrothermal_feedback_convergence": {
            "conductivity_relative_change_tolerance": 1e-9,
            "converged": true,
            "final_loss_relative_change": 3.5760800659514057e-12,
            "final_max_conductivity_relative_change": 1.2327756767495672e-10,
            "final_temperature_residual_c": 3.0811229123628436e-8,
            "iteration_count": 12,
            "iterations": [
              {
                "converged": false,
                "coupling_temperature_c": 35.0,
                "dielectric_mean_temperature_c": 35.72321129284904,
                "iteration": 1,
                "loss_relative_change": null,
                "loss_tangent": 0.0002,
                "max_conductivity_relative_change": null,
                "max_temperature_c": 36.4424341352408,
                "relative_permittivity": 2.1,
                "temperature_residual_c": 1.4423910583177315,
                "thermal_conductivity_updates": [
                  {
                    "conductivity_relative_change": null,
                    "conductivity_w_mk": 390.0,
                    "coupling_temperature_c": 35.0,
                    "element_id": "conductor_left",
                    "measured_mean_temperature_c": 36.44239105831773
                  },
                  {
                    "conductivity_relative_change": null,
                    "conductivity_w_mk": 0.25,
                    "coupling_temperature_c": 35.0,
                    "element_id": "dielectric_core",
                    "measured_mean_temperature_c": 35.72321129284904
                  },
                  {
                    "conductivity_relative_change": null,
                    "conductivity_w_mk": 160.0,
                    "coupling_temperature_c": 35.0,
                    "element_id": "substrate_right",
                    "measured_mean_temperature_c": 35.00203730215171
                  }
                ],
                "total_joule_loss_w": 0.0000672,
                "total_loss_w": 0.0005847366885466321
              },
              {
                "converged": false,
                "coupling_temperature_c": 35.57856903427923,
                "dielectric_mean_temperature_c": 35.72376073123374,
                "iteration": 2,
                "loss_relative_change": 0.000030521404256967394,
                "loss_tangent": 0.00020011571380685583,
                "max_conductivity_relative_change": 0.0011571380685584387,
                "max_temperature_c": 36.44353258982437,
                "relative_permittivity": 2.100121499497199,
                "temperature_residual_c": 0.28957681117400824,
                "thermal_conductivity_updates": [
                  {
                    "conductivity_relative_change": 0.0011539128466541823,
                    "conductivity_w_mk": 389.54997398980487,
                    "coupling_temperature_c": 36.15391284665419,
                    "element_id": "conductor_left",
                    "measured_mean_temperature_c": 36.443489657828195
                  },
                  {
                    "conductivity_relative_change": 0.0011571380685584387,
                    "conductivity_w_mk": 0.2497107154828604,
                    "coupling_temperature_c": 35.57856903427923,
                    "element_id": "dielectric_core",
                    "measured_mean_temperature_c": 35.72376073123374
                  },
                  {
                    "conductivity_relative_change": 1.95581006572354e-6,
                    "conductivity_w_mk": 159.99968707038948,
                    "coupling_temperature_c": 35.00162984172137,
                    "element_id": "substrate_right",
                    "measured_mean_temperature_c": 35.00203736831773
                  }
                ],
                "total_joule_loss_w": 0.00006689663196970098,
                "total_loss_w": 0.0005850599546001523
              },
              {
                "converged": false,
                "coupling_temperature_c": 35.69472239184284,
                "dielectric_mean_temperature_c": 35.72387184921395,
                "iteration": 3,
                "loss_relative_change": 6.629189800215787e-6,
                "loss_tangent": 0.00020013894447836855,
                "max_conductivity_relative_change": 0.0002325758374825731,
                "max_temperature_c": 36.44375473932962,
                "relative_permittivity": 2.100145891702287,
                "temperature_residual_c": 0.05813754066445398,
                "thermal_conductivity_updates": [
                  {
                    "conductivity_relative_change": 0.00023192907487815917,
                    "conductivity_w_mk": 389.4596260247186,
                    "coupling_temperature_c": 36.38557429559339,
                    "element_id": "conductor_left",
                    "measured_mean_temperature_c": 36.44371183625785
                  },
                  {
                    "conductivity_relative_change": 0.0002325758374825731,
                    "conductivity_w_mk": 0.2496526388040786,
                    "coupling_temperature_c": 35.69472239184284,
                    "element_id": "dielectric_core",
                    "measured_mean_temperature_c": 35.72387184921395
                  },
                  {
                    "conductivity_relative_change": 3.912262974900647e-7,
                    "conductivity_w_mk": 159.9996244743043,
                    "coupling_temperature_c": 35.00195586299846,
                    "element_id": "substrate_right",
                    "measured_mean_temperature_c": 35.00203738262091
                  }
                ],
                "total_joule_loss_w": 0.00006683605715136558,
                "total_loss_w": 0.0005851248513624415
              },
              {
                "converged": false,
                "coupling_temperature_c": 35.71804195773973,
                "dielectric_mean_temperature_c": 35.72389419031667,
                "iteration": 4,
                "loss_relative_change": 1.3508751329694314e-6,
                "loss_tangent": 0.00020014360839154795,
                "max_conductivity_relative_change": 0.000046704024456971935,
                "max_temperature_c": 36.44379940411126,
                "relative_permittivity": 2.1001507888111255,
                "temperature_residual_c": 0.011672178714732697,
                "thermal_conductivity_updates": [
                  {
                    "conductivity_relative_change": 0.0000465745650517902,
                    "conductivity_w_mk": 389.44148711203127,
                    "coupling_temperature_c": 36.43208432812496,
                    "element_id": "conductor_left",
                    "measured_mean_temperature_c": 36.44375650683969
                  },
                  {
                    "conductivity_relative_change": 0.000046704024456971935,
                    "conductivity_w_mk": 0.24964097902113017,
                    "coupling_temperature_c": 35.71804195773973,
                    "element_id": "dielectric_core",
                    "measured_mean_temperature_c": 35.72389419031667
                  },
                  {
                    "conductivity_relative_change": 7.825902130917e-8,
                    "conductivity_w_mk": 159.9996119528903,
                    "coupling_temperature_c": 35.00202107869642,
                    "element_id": "substrate_right",
                    "measured_mean_temperature_c": 35.0020373855326
                  }
                ],
                "total_joule_loss_w": 0.00006682390893218748,
                "total_loss_w": 0.0005851378802993986
              },
              {
                "converged": false,
                "coupling_temperature_c": 35.72272374380128,
                "dielectric_mean_temperature_c": 35.723898676940735,
                "iteration": 5,
                "loss_relative_change": 2.719854696813271e-7,
                "loss_tangent": 0.00020014454474876023,
                "max_conductivity_relative_change": 9.37703833704178e-6,
                "max_temperature_c": 36.44380837385887,
                "relative_permittivity": 2.1001517719861984,
                "temperature_residual_c": 0.0023434066547736165,
                "thermal_conductivity_updates": [
                  {
                    "conductivity_relative_change": 9.351134585091102e-6,
                    "conductivity_w_mk": 389.43784539227227,
                    "coupling_temperature_c": 36.441422071096746,
                    "element_id": "conductor_left",
                    "measured_mean_temperature_c": 36.44376547775152
                  },
                  {
                    "conductivity_relative_change": 9.37703833704178e-6,
                    "conductivity_w_mk": 0.24963863812809936,
                    "coupling_temperature_c": 35.72272374380128,
                    "element_id": "dielectric_core",
                    "measured_mean_temperature_c": 35.723898676940735
                  },
                  {
                    "conductivity_relative_change": 1.5654600768630838e-8,
                    "conductivity_w_mk": 159.99960944816024,
                    "coupling_temperature_c": 35.00203412416537,
                    "element_id": "substrate_right",
                    "measured_mean_temperature_c": 35.00203738611865
                  }
                ],
                "total_joule_loss_w": 0.00006682147048643761,
                "total_loss_w": 0.000585140496069282
              },
              {
                "converged": false,
                "coupling_temperature_c": 35.72366369031285,
                "dielectric_mean_temperature_c": 35.72389957774209,
                "iteration": 6,
                "loss_relative_change": 5.4631112876586473e-8,
                "loss_tangent": 0.00020014473273806255,
                "max_conductivity_relative_change": 1.8826142431657551e-6,
                "max_temperature_c": 36.443810174758774,
                "relative_permittivity": 2.1001519693749655,
                "temperature_residual_c": 0.00047048246459269194,
                "thermal_conductivity_updates": [
                  {
                    "conductivity_relative_change": 1.877431494905932e-6,
                    "conductivity_w_mk": 389.437114249396,
                    "coupling_temperature_c": 36.44329679642056,
                    "element_id": "conductor_left",
                    "measured_mean_temperature_c": 36.443767278885154
                  },
                  {
                    "conductivity_relative_change": 1.8826142431657551e-6,
                    "conductivity_w_mk": 0.2496381681548436,
                    "coupling_temperature_c": 35.72366369031285,
                    "element_id": "dielectric_core",
                    "measured_mean_temperature_c": 35.72389957774209
                  },
                  {
                    "conductivity_relative_change": 3.131482811850948e-9,
                    "conductivity_w_mk": 159.99960894712422,
                    "coupling_temperature_c": 35.002036733728,
                    "element_id": "substrate_right",
                    "measured_mean_temperature_c": 35.002037386236324
                  }
                ],
                "total_joule_loss_w": 0.00006682098094461699,
                "total_loss_w": 0.0005851410212285103
              },
              {
                "converged": false,
                "coupling_temperature_c": 35.72385240025624,
                "dielectric_mean_temperature_c": 35.723899758601576,
                "iteration": 7,
                "loss_relative_change": 1.0967987713861192e-8,
                "loss_tangent": 0.00020014477048005123,
                "max_conductivity_relative_change": 3.779669286726943e-7,
                "max_temperature_c": 36.44381053633661,
                "relative_permittivity": 2.100152009004054,
                "temperature_residual_c": 0.00009445811766539693,
                "thermal_conductivity_updates": [
                  {
                    "conductivity_relative_change": 3.769299936871361e-7,
                    "conductivity_w_mk": 389.436967458867,
                    "coupling_temperature_c": 36.44367318239224,
                    "element_id": "conductor_left",
                    "measured_mean_temperature_c": 36.443767640509904
                  },
                  {
                    "conductivity_relative_change": 3.779669286726943e-7,
                    "conductivity_w_mk": 0.24963807379987188,
                    "coupling_temperature_c": 35.72385240025624,
                    "element_id": "dielectric_core",
                    "measured_mean_temperature_c": 35.723899758601576
                  },
                  {
                    "conductivity_relative_change": 6.264094343208655e-10,
                    "conductivity_w_mk": 159.99960884689895,
                    "coupling_temperature_c": 35.002037255734656,
                    "element_id": "substrate_right",
                    "measured_mean_temperature_c": 35.00203738625997
                  }
                ],
                "total_joule_loss_w": 0.00006682088266085746,
                "total_loss_w": 0.0005851411266629811
              },
              {
                "converged": false,
                "coupling_temperature_c": 35.72389028693251,
                "dielectric_mean_temperature_c": 35.72389979490002,
                "iteration": 8,
                "loss_relative_change": 2.2017722475208047e-9,
                "loss_tangent": 0.0002001447780573865,
                "max_conductivity_relative_change": 7.588320896733443e-8,
                "max_temperature_c": 36.44381060890523,
                "relative_permittivity": 2.100152016960256,
                "temperature_residual_c": 0.000018964201579763085,
                "thermal_conductivity_updates": [
                  {
                    "conductivity_relative_change": 7.567574515210203e-8,
                    "conductivity_w_mk": 389.4369379879343,
                    "coupling_temperature_c": 36.44374874888637,
                    "element_id": "conductor_left",
                    "measured_mean_temperature_c": 36.44376771308795
                  },
                  {
                    "conductivity_relative_change": 7.588320896733443e-8,
                    "conductivity_w_mk": 0.24963805485653376,
                    "coupling_temperature_c": 35.72389028693251,
                    "element_id": "dielectric_core",
                    "measured_mean_temperature_c": 35.72389979490002
                  },
                  {
                    "conductivity_relative_change": 1.253046954202288e-10,
                    "conductivity_w_mk": 159.99960882685025,
                    "coupling_temperature_c": 35.00203736015491,
                    "element_id": "substrate_right",
                    "measured_mean_temperature_c": 35.00203738626469
                  }
                ],
                "total_joule_loss_w": 0.000066820862928597,
                "total_loss_w": 0.0005851411478307133
              },
              {
                "converged": false,
                "coupling_temperature_c": 35.72389789330652,
                "dielectric_mean_temperature_c": 35.723899802187915,
                "iteration": 9,
                "loss_relative_change": 4.419877978282683e-10,
                "loss_tangent": 0.00020014477957866136,
                "max_conductivity_relative_change": 1.5234804715580112e-8,
                "max_temperature_c": 36.443810623475336,
                "relative_permittivity": 2.1001520185575946,
                "temperature_residual_c": 3.807412312539782e-6,
                "thermal_conductivity_updates": [
                  {
                    "conductivity_relative_change": 1.519329644104591e-8,
                    "conductivity_w_mk": 389.43693207110346,
                    "coupling_temperature_c": 36.44376392024763,
                    "element_id": "conductor_left",
                    "measured_mean_temperature_c": 36.443767727659946
                  },
                  {
                    "conductivity_relative_change": 1.5234804715580112e-8,
                    "conductivity_w_mk": 0.24963805105334672,
                    "coupling_temperature_c": 35.72389789330652,
                    "element_id": "dielectric_core",
                    "measured_mean_temperature_c": 35.723899802187915
                  },
                  {
                    "conductivity_relative_change": 2.5065522099036358e-11,
                    "conductivity_w_mk": 159.99960882283978,
                    "coupling_temperature_c": 35.00203738104273,
                    "element_id": "substrate_right",
                    "measured_mean_temperature_c": 35.002037386265634
                  }
                ],
                "total_joule_loss_w": 0.00006682085896698481,
                "total_loss_w": 0.0005851411520804849
              },
              {
                "converged": false,
                "coupling_temperature_c": 35.723899420411634,
                "dielectric_mean_temperature_c": 35.723899803663826,
                "iteration": 10,
                "loss_relative_change": 8.872317172756323e-11,
                "loss_tangent": 0.00020014477988408236,
                "max_conductivity_relative_change": 3.058638502003483e-9,
                "max_temperature_c": 36.44381062642598,
                "relative_permittivity": 2.1001520188782865,
                "temperature_residual_c": 7.644334800716024e-7,
                "thermal_conductivity_updates": [
                  {
                    "conductivity_relative_change": 3.0503339295804595e-9,
                    "conductivity_w_mk": 389.4369308831908,
                    "coupling_temperature_c": 36.443766966177485,
                    "element_id": "conductor_left",
                    "measured_mean_temperature_c": 36.443767730610965
                  },
                  {
                    "conductivity_relative_change": 3.058638502003483e-9,
                    "conductivity_w_mk": 0.2496380502897942,
                    "coupling_temperature_c": 35.723899420411634,
                    "element_id": "dielectric_core",
                    "measured_mean_temperature_c": 35.723899803663826
                  },
                  {
                    "conductivity_relative_change": 5.013957073300456e-12,
                    "conductivity_w_mk": 159.99960882203754,
                    "coupling_temperature_c": 35.00203738522105,
                    "element_id": "substrate_right",
                    "measured_mean_temperature_c": 35.00203738626585
                  }
                ],
                "total_joule_loss_w": 0.00006682085817161835,
                "total_loss_w": 0.0005851411529336954
              },
              {
                "converged": false,
                "coupling_temperature_c": 35.72389972701339,
                "dielectric_mean_temperature_c": 35.723899803950296,
                "iteration": 11,
                "loss_relative_change": 1.781155280648314e-11,
                "loss_tangent": 0.0002001447799454027,
                "max_conductivity_relative_change": 6.140925704986057e-10,
                "max_temperature_c": 36.4438106269987,
                "relative_permittivity": 2.100152018942673,
                "temperature_residual_c": 1.5345950288292445e-7,
                "thermal_conductivity_updates": [
                  {
                    "conductivity_relative_change": 6.124309227975705e-10,
                    "conductivity_w_mk": 389.4369306446875,
                    "coupling_temperature_c": 36.443767577724266,
                    "element_id": "conductor_left",
                    "measured_mean_temperature_c": 36.44376773118377
                  },
                  {
                    "conductivity_relative_change": 6.140925704986057e-10,
                    "conductivity_w_mk": 0.24963805013649332,
                    "coupling_temperature_c": 35.72389972701339,
                    "element_id": "dielectric_core",
                    "measured_mean_temperature_c": 35.723899803950296
                  },
                  {
                    "conductivity_relative_change": 1.0029335235597078e-12,
                    "conductivity_w_mk": 159.99960882187708,
                    "coupling_temperature_c": 35.00203738605689,
                    "element_id": "substrate_right",
                    "measured_mean_temperature_c": 35.002037386265876
                  }
                ],
                "total_joule_loss_w": 0.00006682085801192858,
                "total_loss_w": 0.0005851411531049977
              },
              {
                "converged": true,
                "coupling_temperature_c": 35.72389978856292,
                "dielectric_mean_temperature_c": 35.723899804009974,
                "iteration": 12,
                "loss_relative_change": 3.5760800659514057e-12,
                "loss_tangent": 0.00020014477995771265,
                "max_conductivity_relative_change": 1.2327756767495672e-10,
                "max_temperature_c": 36.44381062711801,
                "relative_permittivity": 2.1001520189555984,
                "temperature_residual_c": 3.0811229123628436e-8,
                "thermal_conductivity_updates": [
                  {
                    "conductivity_relative_change": 1.2294515098363669e-10,
                    "conductivity_w_mk": 389.43693059680817,
                    "coupling_temperature_c": 36.44376770049187,
                    "element_id": "conductor_left",
                    "measured_mean_temperature_c": 36.4437677313031
                  },
                  {
                    "conductivity_relative_change": 1.2327756767495672e-10,
                    "conductivity_w_mk": 0.24963805010571857,
                    "coupling_temperature_c": 35.72389978856292,
                    "element_id": "dielectric_core",
                    "measured_mean_temperature_c": 35.723899804009974
                  },
                  {
                    "conductivity_relative_change": 2.0055117748849554e-13,
                    "conductivity_w_mk": 159.999608821845,
                    "coupling_temperature_c": 35.00203738622408,
                    "element_id": "substrate_right",
                    "measured_mean_temperature_c": 35.00203738626588
                  }
                ],
                "total_joule_loss_w": 0.00006682085797987097,
                "total_loss_w": 0.0005851411531393868
              }
            ],
            "loss_relative_change_tolerance": 1e-9,
            "max_iterations": 12,
            "method": "relaxed_temperature_dependent_dielectric_and_conductivity_fixed_point",
            "parameter_source": "screening_sensitivity_not_material_card",
            "relaxation_factor": 0.8,
            "schema_version": "kyuubiki.composite-electrothermal-feedback-convergence/v1",
            "status": "pass",
            "temperature_residual_tolerance_c": 1e-7
          },
          "electrothermal_loss_projection": {
            "assumptions": [
              "The solved electrostatic field magnitude is interpreted as an RMS harmonic field.",
              "Relative permittivity and loss tangent are scalar, isotropic, and frequency-local screening values.",
              "Element dielectric loss is lumped consistently to its four thermal nodes."
            ],
            "distributed_total_heat_load_w": 0.0005851411531393868,
            "effective_conductivity_s_m": 2.338425821776892e-7,
            "electric_field_rms_v_m": 52728.724736676246,
            "energy_balance_relative_error": 0.0,
            "frequency_hz": 10000000.0,
            "loss_tangent": 0.00020014477995771265,
            "model": "harmonic_dielectric_loss_sigma_eff_e_rms_squared",
            "relative_permittivity": 2.1001520189555984,
            "schema_version": "kyuubiki.composite-electrothermal-loss-projection/v1",
            "source_element_id": "dielectric_core",
            "source_volume_m3": 9e-7,
            "target_element_count": 1,
            "target_node_count": 4,
            "total_loss_w": 0.0005851411531393868,
            "volumetric_loss_w_m3": 650.1568368215409
          },
          "heat": {
            "elements": [
              {
                "area": 0.0009,
                "average_temperature": 36.4437677313031,
                "heat_flow_rate": 1.0023128697282068e-6,
                "heat_flux_magnitude": 1.1136809663646745,
                "heat_flux_x": 1.1136809663646745,
                "heat_flux_y": -4.4273853131563575e-11,
                "id": "conductor_left",
                "index": 0,
                "node_i": 0,
                "node_j": 1,
                "node_k": 5,
                "node_l": 4,
                "temperature_gradient_x": -0.002859720994251802,
                "temperature_gradient_y": 1.1368683772161605e-13
              },
              {
                "area": 0.0009,
                "average_temperature": 35.723899804009974,
                "heat_flow_rate": 0.00001078174303653043,
                "heat_flux_magnitude": 11.979714485033812,
                "heat_flux_x": 11.979714485033812,
                "heat_flux_y": -2.8380560491509476e-14,
                "id": "dielectric_core",
                "index": 1,
                "node_i": 1,
                "node_j": 2,
                "node_k": 6,
                "node_l": 5,
                "temperature_gradient_x": -47.98833543188049,
                "temperature_gradient_y": 1.1368683772161605e-13
              },
              {
                "area": 0.0009,
                "average_temperature": 35.00203738626588,
                "heat_flow_rate": 0.00001955886033363219,
                "heat_flux_magnitude": 21.7320670373691,
                "heat_flux_x": 21.7320670373691,
                "heat_flux_y": -0.0,
                "id": "substrate_right",
                "index": 2,
                "node_i": 2,
                "node_j": 3,
                "node_k": 7,
                "node_l": 6,
                "temperature_gradient_x": -0.13582575105897376,
                "temperature_gradient_y": 0.0
              }
            ],
            "input": {
              "elements": [
                {
                  "conductivity": 389.43693059680817,
                  "id": "conductor_left",
                  "node_i": 0,
                  "node_j": 1,
                  "node_k": 5,
                  "node_l": 4,
                  "thickness": 0.001
                },
                {
                  "conductivity": 0.24963805010571857,
                  "id": "dielectric_core",
                  "node_i": 1,
                  "node_j": 2,
                  "node_k": 6,
                  "node_l": 5,
                  "thickness": 0.001
                },
                {
                  "conductivity": 159.999608821845,
                  "id": "substrate_right",
                  "node_i": 2,
                  "node_j": 3,
                  "node_k": 7,
                  "node_l": 6,
                  "thickness": 0.001
                }
              ],
              "nodes": [
                {
                  "fix_temperature": false,
                  "heat_load": 0.000016705214494967744,
                  "id": "n0",
                  "temperature": 35.0,
                  "x": 0.0,
                  "y": 0.0
                },
                {
                  "fix_temperature": false,
                  "heat_load": 0.00016299050277981443,
                  "id": "n1",
                  "temperature": 35.0,
                  "x": 0.03,
                  "y": 0.0
                },
                {
                  "fix_temperature": false,
                  "heat_load": 0.0001462852882848467,
                  "id": "n2",
                  "temperature": 35.0,
                  "x": 0.06,
                  "y": 0.0
                },
                {
                  "fix_temperature": true,
                  "heat_load": 0.0,
                  "id": "n3",
                  "temperature": 35.0,
                  "x": 0.09,
                  "y": 0.0
                },
                {
                  "fix_temperature": false,
                  "heat_load": 0.000016705214494967744,
                  "id": "n4",
                  "temperature": 35.0,
                  "x": 0.0,
                  "y": 0.03
                },
                {
                  "fix_temperature": false,
                  "heat_load": 0.00016299050277981443,
                  "id": "n5",
                  "temperature": 35.0,
                  "x": 0.03,
                  "y": 0.03
                },
                {
                  "fix_temperature": false,
                  "heat_load": 0.0001462852882848467,
                  "id": "n6",
                  "temperature": 35.0,
                  "x": 0.06,
                  "y": 0.03
                },
                {
                  "fix_temperature": true,
                  "heat_load": 0.0,
                  "id": "n7",
                  "temperature": 35.0,
                  "x": 0.09,
                  "y": 0.03
                }
              ]
            },
            "max_heat_flux": 21.7320670373691,
            "max_temperature": 36.44381062711801,
            "nodes": [
              {
                "heat_load": 0.000016705214494967744,
                "id": "n0",
                "index": 0,
                "temperature": 36.44381062711801,
                "x": 0.0,
                "y": 0.0
              },
              {
                "heat_load": 0.00016299050277981443,
                "id": "n1",
                "index": 1,
                "temperature": 36.44372483548818,
                "x": 0.03,
                "y": 0.0
              },
              {
                "heat_load": 0.0001462852882848467,
                "id": "n2",
                "index": 2,
                "temperature": 35.004074772531766,
                "x": 0.06,
                "y": 0.0
              },
              {
                "heat_load": 0.0,
                "id": "n3",
                "index": 3,
                "temperature": 35.0,
                "x": 0.09,
                "y": 0.0
              },
              {
                "heat_load": 0.000016705214494967744,
                "id": "n4",
                "index": 4,
                "temperature": 36.44381062711801,
                "x": 0.0,
                "y": 0.03
              },
              {
                "heat_load": 0.00016299050277981443,
                "id": "n5",
                "index": 5,
                "temperature": 36.44372483548819,
                "x": 0.03,
                "y": 0.03
              },
              {
                "heat_load": 0.0001462852882848467,
                "id": "n6",
                "index": 6,
                "temperature": 35.004074772531766,
                "x": 0.06,
                "y": 0.03
              },
              {
                "heat_load": 0.0,
                "id": "n7",
                "index": 7,
                "temperature": 35.0,
                "x": 0.09,
                "y": 0.03
              }
            ],
            "total_abs_heat_flow_rate": 0.00003134291623989083
          },
          "heat_cross_validation": {
            "absolute_error_c": 5.8264504332328215e-12,
            "conductivities_w_mk": [
              389.43693059680817,
              0.24963805010571857,
              159.999608821845
            ],
            "expected_max_temperature_c": 36.443810627112185,
            "fem_max_temperature_c": 36.44381062711801,
            "fixed_temperature_c": 35.0,
            "method": "layered_thermal_resistance_with_regional_generation_closed_form",
            "relative_error": 1.598748959829756e-13,
            "relative_error_tolerance": 1e-9,
            "schema_version": "kyuubiki.composite-heat-cross-validation/v1",
            "status": "pass",
            "total_heat_load_w": 0.0006519620111192577
          },
          "heat_mesh_convergence": {
            "finest_pair_relative_change": 1.4074255019906171e-11,
            "max_analytic_relative_error": 9.503587719261176e-12,
            "method": "structured_quad_h_refinement",
            "refinement_levels": [
              1,
              2,
              4,
              8
            ],
            "relative_error_tolerance": 1e-8,
            "samples": [
              {
                "analytic_relative_error": 1.598748959829756e-13,
                "element_count": 3,
                "elements_per_layer": 1,
                "max_temperature_c": 36.44381062711801,
                "node_count": 8,
                "relative_change_from_previous": null
              },
              {
                "analytic_relative_error": 1.3994902480070718e-12,
                "element_count": 6,
                "elements_per_layer": 2,
                "max_temperature_c": 36.44381062716319,
                "node_count": 14,
                "relative_change_from_previous": 1.2396153520240965e-12
              },
              {
                "analytic_relative_error": 4.570667300644997e-12,
                "element_count": 12,
                "elements_per_layer": 4,
                "max_temperature_c": 36.44381062727876,
                "node_count": 26,
                "relative_change_from_previous": 3.1711770526379248e-12
              },
              {
                "analytic_relative_error": 9.503587719261176e-12,
                "element_count": 24,
                "elements_per_layer": 8,
                "max_temperature_c": 36.44381062676584,
                "node_count": 50,
                "relative_change_from_previous": 1.4074255019906171e-11
              }
            ],
            "schema_version": "kyuubiki.composite-heat-mesh-convergence/v1",
            "status": "pass"
          },
          "heat_to_thermal_projection": {
            "mapped_node_count": 8,
            "maximum_coordinate_error_m": 0.0,
            "maximum_temperature_delta_c": 1.4438106271180118,
            "minimum_temperature_delta_c": 0.0,
            "reference_temperature_c": 35.0,
            "schema_version": "kyuubiki.composite-heat-to-thermal-projection/v1"
          },
          "joule_heating_projection": {
            "assumptions": [
              "Steady scalar electrical conductivity is solved on a two-dimensional quad mesh.",
              "Joule heating uses the solved local sigma times electric-field magnitude squared.",
              "Element Joule power integrates both triangular subcell fields before thermal projection.",
              "Recovered terminal currents gate current continuity and electrical input-power balance.",
              "Contact and terminal impedance models require explicit study-level heat mappings."
            ],
            "boundary_voltage_span_v": 0.000033600000000000004,
            "current_balance_relative_error": 0.0,
            "distributed_total_heat_load_w": 0.00006682085797987095,
            "electrical_power_balance_relative_error": 2.0281881385227572e-16,
            "energy_balance_relative_error": 4.0563762770455154e-16,
            "free_current_residual_relative_error": 0.0,
            "max_current_density_a_m2": 66290.53371018945,
            "max_free_current_residual_a": 0.0,
            "model": "solved_steady_current_density_sigma_e_squared",
            "parameter_source": "screening_reference_not_material_card",
            "regions": [
              {
                "coupling_temperature_c": 36.44376770049187,
                "current_density_magnitude_a_m2": 66290.53371018945,
                "distributed_heat_load_w": 0.00006682085797987097,
                "electric_field_magnitude_v_m": 0.00112,
                "electrical_conductivity_s_m": 59187976.52695487,
                "element_id": "conductor_left",
                "energy_balance_relative_error": 0.0,
                "joule_power_w": 0.00006682085797987097,
                "peak_current_density_magnitude_a_m2": 66290.53371018945,
                "peak_electric_field_magnitude_v_m": 0.00112,
                "rms_current_density_magnitude_a_m2": 66290.53371018945,
                "rms_electric_field_magnitude_v_m": 0.00112,
                "source_volume_m3": 9e-7,
                "volumetric_joule_heating_w_m3": 74.2453977554122
              }
            ],
            "schema_version": "kyuubiki.composite-current-to-heat-projection/v2",
            "source_power_balance_relative_error": 2.0281881385227572e-16,
            "status": "pass",
            "total_dissipated_power_w": 0.00006682085797987097,
            "total_electrical_input_power_w": 0.00006682085797987099,
            "total_extracted_current_a": 1.988716011305684,
            "total_injected_current_a": 1.988716011305684,
            "total_joule_loss_w": 0.00006682085797987097,
            "total_source_power_w": 0.00006682085797987099
          },
          "research": {
            "candidate_id": "copper_ptfe_glass_epoxy",
            "candidate_label": "Copper / PTFE / Glass epoxy",
            "coupling": "iterative_dielectric_and_conductor_joule_heating_with_temperature_dependent_electrical_thermal_feedback_and_expansion_projection",
            "materials": {
              "conductor": "copper",
              "dielectric": "ptfe",
              "substrate": "glass_epoxy"
            },
            "study": "material.composite_thermo_electric_panel.v1"
          },
          "schema_version": "kyuubiki.composite-thermo-electric-panel-result/v1",
          "thermal": {
            "elements": [
              {
                "area": 0.0009,
                "average_temperature_delta": 1.4437677313030992,
                "gamma_xy": -9.19089569503364e-21,
                "id": "conductor_left",
                "index": 0,
                "max_in_plane_shear": 429426.2883217505,
                "mechanical_strain_x": 2.4984802229629133e-6,
                "mechanical_strain_y": -7.807750696759097e-6,
                "node_i": 0,
                "node_j": 1,
                "node_k": 5,
                "node_l": 4,
                "principal_stress_1": 2.3283064365386963e-10,
                "principal_stress_2": -858852.5766435007,
                "strain_energy_density": 11.02624467378858,
                "stress_x": 2.368475785867001e-10,
                "stress_y": -858852.5766435007,
                "tau_xy": -3.4737644859382677e-10,
                "thermal_strain": 0.00002455113861404332,
                "total_strain_x": 0.000027049618837006237,
                "total_strain_y": 0.000016743387917284224,
                "von_mises": 858852.5766435008
              },
              {
                "area": 0.0009,
                "average_temperature_delta": 0.7238998040099761,
                "gamma_xy": 4.503538890566484e-20,
                "id": "dielectric_core",
                "index": 1,
                "max_in_plane_shear": 18996.436674530145,
                "mechanical_strain_x": 4.863087788679708e-6,
                "mechanical_strain_y": -0.000015197149339624128,
                "node_i": 1,
                "node_j": 2,
                "node_k": 6,
                "node_l": 5,
                "principal_stress_1": -3.637978807091713e-11,
                "principal_stress_2": -37992.873349060326,
                "strain_energy_density": 1.097988986678747,
                "stress_x": -3.947459643111668e-11,
                "stress_y": -37992.873349060326,
                "tau_xy": 4.366877230192283e-11,
                "thermal_strain": 0.00003259435629379377,
                "total_strain_x": 0.00003745744408247348,
                "total_strain_y": 0.00001739720695416965,
                "von_mises": 37992.87334906031
              },
              {
                "area": 0.0009,
                "average_temperature_delta": 0.002037386265882901,
                "gamma_xy": 1.991839426408072e-20,
                "id": "substrate_right",
                "index": 2,
                "max_in_plane_shear": 4572.502922859636,
                "mechanical_strain_x": -1.330182668468223e-7,
                "mechanical_strain_y": 4.1568208389633393e-7,
                "node_i": 2,
                "node_j": 3,
                "node_k": 7,
                "node_l": 6,
                "principal_stress_1": 9145.005845719385,
                "principal_stress_2": 1.1095835361629723e-10,
                "strain_energy_density": 0.005724731102652857,
                "stress_x": 1.111456605763629e-10,
                "stress_y": 9145.005845719385,
                "tau_xy": 1.659166631245373e-10,
                "thermal_strain": 2.8523425156320357e-8,
                "total_strain_x": -1.0449484169050195e-7,
                "total_strain_y": 4.4420550905265426e-7,
                "von_mises": 9145.005845719326
              }
            ],
            "input": {
              "elements": [
                {
                  "id": "conductor_left",
                  "node_i": 0,
                  "node_j": 1,
                  "node_k": 5,
                  "node_l": 4,
                  "poisson_ratio": 0.32,
                  "thermal_expansion": 0.00001700490881028643,
                  "thickness": 0.001,
                  "youngs_modulus": 110000000000.0
                },
                {
                  "id": "dielectric_core",
                  "node_i": 1,
                  "node_j": 2,
                  "node_k": 6,
                  "node_l": 5,
                  "poisson_ratio": 0.32,
                  "thermal_expansion": 0.00004502606039294436,
                  "thickness": 0.001,
                  "youngs_modulus": 2500000000.0
                },
                {
                  "id": "substrate_right",
                  "node_i": 2,
                  "node_j": 3,
                  "node_k": 7,
                  "node_l": 6,
                  "poisson_ratio": 0.32,
                  "thermal_expansion": 0.000014000008557022315,
                  "thickness": 0.001,
                  "youngs_modulus": 22000000000.0
                }
              ],
              "nodes": [
                {
                  "fix_x": true,
                  "fix_y": true,
                  "id": "n0",
                  "load_x": 0.0,
                  "load_y": 0.0,
                  "temperature_delta": 1.4438106271180118,
                  "x": 0.0,
                  "y": 0.0
                },
                {
                  "fix_x": false,
                  "fix_y": false,
                  "id": "n1",
                  "load_x": 0.0,
                  "load_y": 0.0,
                  "temperature_delta": 1.443724835488183,
                  "x": 0.03,
                  "y": 0.0
                },
                {
                  "fix_x": false,
                  "fix_y": false,
                  "id": "n2",
                  "load_x": 0.0,
                  "load_y": 0.0,
                  "temperature_delta": 0.004074772531765802,
                  "x": 0.06,
                  "y": 0.0
                },
                {
                  "fix_x": false,
                  "fix_y": false,
                  "id": "n3",
                  "load_x": 0.0,
                  "load_y": 0.0,
                  "temperature_delta": 0.0,
                  "x": 0.09,
                  "y": 0.0
                },
                {
                  "fix_x": true,
                  "fix_y": true,
                  "id": "n4",
                  "load_x": 0.0,
                  "load_y": 0.0,
                  "temperature_delta": 1.4438106271180118,
                  "x": 0.0,
                  "y": 0.03
                },
                {
                  "fix_x": false,
                  "fix_y": false,
                  "id": "n5",
                  "load_x": 0.0,
                  "load_y": 0.0,
                  "temperature_delta": 1.4437248354881902,
                  "x": 0.03,
                  "y": 0.03
                },
                {
                  "fix_x": false,
                  "fix_y": false,
                  "id": "n6",
                  "load_x": 0.0,
                  "load_y": 0.0,
                  "temperature_delta": 0.004074772531765802,
                  "x": 0.06,
                  "y": 0.03
                },
                {
                  "fix_x": false,
                  "fix_y": false,
                  "id": "n7",
                  "load_x": 0.0,
                  "load_y": 0.0,
                  "temperature_delta": 0.0,
                  "x": 0.09,
                  "y": 0.03
                }
              ]
            },
            "max_displacement": 1.935311287945081e-6,
            "max_strain_energy_density": 11.02624467378858,
            "max_stress": 858852.5766435008,
            "max_temperature_delta": 1.4438106271180118,
            "nodes": [
              {
                "displacement_magnitude": 0.0,
                "id": "n0",
                "index": 0,
                "temperature_delta": 1.4438106271180118,
                "ux": 0.0,
                "uy": 0.0,
                "x": 0.0,
                "y": 0.0
              },
              {
                "displacement_magnitude": 9.543692295743737e-7,
                "id": "n1",
                "index": 1,
                "temperature_delta": 1.443724835488183,
                "ux": 8.114885651101862e-7,
                "uy": -5.02301637518528e-7,
                "x": 0.03,
                "y": 0.0
              },
              {
                "displacement_magnitude": 1.9353112879450756e-6,
                "id": "n2",
                "index": 2,
                "temperature_delta": 0.004074772531765802,
                "ux": 1.935211887584389e-6,
                "uy": -1.9614571106566217e-8,
                "x": 0.06,
                "y": 0.0
              },
              {
                "displacement_magnitude": 1.932087275865349e-6,
                "id": "n3",
                "index": 3,
                "temperature_delta": 0.0,
                "ux": 1.9320770423336743e-6,
                "uy": 6.288405834974991e-9,
                "x": 0.09,
                "y": 0.0
              },
              {
                "displacement_magnitude": 0.0,
                "id": "n4",
                "index": 4,
                "temperature_delta": 1.4438106271180118,
                "ux": 0.0,
                "uy": 0.0,
                "x": 0.0,
                "y": 0.03
              },
              {
                "displacement_magnitude": 9.54369229574374e-7,
                "id": "n5",
                "index": 5,
                "temperature_delta": 1.4437248354881902,
                "ux": 8.114885651101881e-7,
                "uy": 5.023016375185256e-7,
                "x": 0.03,
                "y": 0.03
              },
              {
                "displacement_magnitude": 1.935311287945081e-6,
                "id": "n6",
                "index": 6,
                "temperature_delta": 0.004074772531765802,
                "ux": 1.9352118875843944e-6,
                "uy": 1.9614571106559252e-8,
                "x": 0.06,
                "y": 0.03
              },
              {
                "displacement_magnitude": 1.932087275865353e-6,
                "id": "n7",
                "index": 7,
                "temperature_delta": 0.0,
                "ux": 1.932077042333679e-6,
                "uy": -6.288405834991219e-9,
                "x": 0.09,
                "y": 0.03
              }
            ],
            "total_strain_energy": 0.000010916962552412982
          },
          "thermal_constraint_regularized_mesh_convergence": {
            "algebraic_validation": {
              "max_relative_residual": null,
              "method": "original_system_recomputed_l2_residual_over_max_rhs_l2_or_one",
              "qualification_effect": "algebraic_gate_does_not_override_discretization_gates",
              "relative_residual_tolerance": 1e-10,
              "required_series": [
                "uniform_full_edge_clamp",
                "uniform_regularized_restraint",
                "interface_graded_full_edge_clamp"
              ],
              "schema_version": "kyuubiki.composite-thermal-algebraic-validation/v1",
              "series": [],
              "status": "missing"
            },
            "convergence_tolerance": 0.02,
            "diagnostic_metrics": [
              "max_von_mises_stress_pa"
            ],
            "finest_pair_displacement_relative_change": 0.001658515133005797,
            "finest_pair_peak_stress_relative_change": 0.30903689729369466,
            "finest_pair_strain_energy_relative_change": 0.22705316113604865,
            "method": "structured_quad_h_refinement_preserving_piecewise_linear_temperature_roller_edge_with_vertical_anchor",
            "pass_metrics": [
              "max_displacement_m",
              "total_strain_energy_j"
            ],
            "refinement_levels": [
              1,
              2,
              4,
              8
            ],
            "regime_assessment": {
              "diagnosis": "pass_metrics_lack_qualified_discretization_uncertainty",
              "gci_safety_factor": 1.25,
              "method": "four_level_constant_ratio_observed_order_and_fine_grid_gci",
              "metrics": [
                {
                  "coarse_triplet_observed_order": 0.555818255710457,
                  "fine_grid_gci": null,
                  "fine_triplet_observed_order": 4.091334478627576,
                  "metric": "max_displacement_m",
                  "observed_order_relative_difference": 0.8641474417176217,
                  "qualification_role": "pass_metric",
                  "regime": "oscillatory",
                  "richardson_extrapolated_value": null,
                  "unit": "m"
                },
                {
                  "coarse_triplet_observed_order": 1.691270866271458,
                  "fine_grid_gci": 0.16735562428115974,
                  "fine_triplet_observed_order": 1.6753894247556511,
                  "metric": "total_strain_energy_j",
                  "observed_order_relative_difference": 0.00939024128690783,
                  "qualification_role": "pass_metric",
                  "regime": "asymptotic_converging",
                  "richardson_extrapolated_value": 2.0443570139951613e-7,
                  "unit": "J"
                },
                {
                  "coarse_triplet_observed_order": -3.954765856612905,
                  "fine_grid_gci": null,
                  "fine_triplet_observed_order": -0.6801312029375589,
                  "metric": "max_von_mises_stress_pa",
                  "observed_order_relative_difference": 0.8280223842328649,
                  "qualification_role": "diagnostic_metric",
                  "regime": "monotonic_diverging",
                  "richardson_extrapolated_value": null,
                  "unit": "Pa"
                }
              ],
              "order_consistency_tolerance": 0.25,
              "qualification_effect": "gci_gates_require_asymptotic_pass_metric_evidence",
              "qualification_tolerance": 0.02,
              "refinement_ratio": 2.0,
              "schema_version": "kyuubiki.composite-thermal-convergence-regime/v1",
              "status": "fail"
            },
            "samples": [
              {
                "displacement_relative_change": null,
                "element_count": 3,
                "elements_per_original_element": 1,
                "max_displacement_m": 1.9330160837941645e-6,
                "max_von_mises_stress_pa": 47547.4096249397,
                "node_count": 8,
                "peak_stress_relative_change": null,
                "strain_energy_relative_change": null,
                "total_strain_energy_j": 1.2420317440116322e-6
              },
              {
                "displacement_relative_change": 0.04108002205085866,
                "element_count": 12,
                "elements_per_original_element": 2,
                "max_displacement_m": 1.853607740447236e-6,
                "max_von_mises_stress_pa": 48765.189844134606,
                "node_count": 21,
                "peak_stress_relative_change": 0.02497232601958959,
                "strain_energy_relative_change": 0.5758268266416373,
                "total_strain_energy_j": 5.268365462692357e-7
              },
              {
                "displacement_relative_change": 0.028317487720526655,
                "element_count": 48,
                "elements_per_original_element": 4,
                "max_displacement_m": 1.90762694298043e-6,
                "max_von_mises_stress_pa": 67648.23640743255,
                "node_count": 65,
                "peak_stress_relative_change": 0.27913582919691976,
                "strain_energy_relative_change": 0.4203639207942014,
                "total_strain_energy_j": 3.053734700618241e-7
              },
              {
                "displacement_relative_change": 0.001658515133005797,
                "element_count": 192,
                "elements_per_original_element": 8,
                "max_displacement_m": 1.910796027107475e-6,
                "max_von_mises_stress_pa": 97904.2674528838,
                "node_count": 225,
                "peak_stress_relative_change": 0.30903689729369466,
                "strain_energy_relative_change": 0.22705316113604865,
                "total_strain_energy_j": 2.360374583572024e-7
              }
            ],
            "schema_version": "kyuubiki.composite-thermal-mesh-convergence/v1",
            "status": "fail"
          },
          "thermal_constraint_sensitivity": {
            "alternative_restraint": "roller_edge_with_vertical_anchor",
            "alternative_status": "fail",
            "diagnosis": "mixed_restraint_sensitivity_and_persistent_energy_nonconvergence",
            "displacement_change_ratio_alternative_to_primary": 0.4114645885907154,
            "peak_stress_change_ratio_alternative_to_primary": 1.190146547487811,
            "primary_restraint": "full_edge_clamp",
            "primary_status": "fail",
            "qualification_effect": "diagnostic_only_does_not_override_primary_quality_gates",
            "schema_version": "kyuubiki.composite-thermal-constraint-sensitivity/v1",
            "strain_energy_change_ratio_alternative_to_primary": 1.7216889298237177
          },
          "thermal_expansion_projection": {
            "coverage_fraction": 1.0,
            "declared_region_count": 3,
            "max_relative_change": 0.0005791198432079517,
            "model": "regional_linear_temperature_dependent_thermal_expansion",
            "parameter_source": "screening_sensitivity_not_material_card",
            "schema_version": "kyuubiki.composite-thermal-expansion-projection/v1",
            "status": "pass",
            "updated_region_count": 3,
            "updates": [
              {
                "adjusted_thermal_expansion_1_k": 0.00001700490881028643,
                "element_id": "conductor_left",
                "mean_temperature_c": 36.4437677313031,
                "reference_thermal_expansion_1_k": 0.000017,
                "relative_change": 0.00028875354626065335
              },
              {
                "adjusted_thermal_expansion_1_k": 0.00004502606039294436,
                "element_id": "dielectric_core",
                "mean_temperature_c": 35.723899804009974,
                "reference_thermal_expansion_1_k": 0.000045,
                "relative_change": 0.0005791198432079517
              },
              {
                "adjusted_thermal_expansion_1_k": 0.000014000008557022315,
                "element_id": "substrate_right",
                "mean_temperature_c": 35.00203738626588,
                "reference_thermal_expansion_1_k": 0.000014,
                "relative_change": 6.112158796803139e-7
              }
            ]
          },
          "thermal_interface_grading_assessment": {
            "diagnosis": "graded_mesh_did_not_resolve_nonconvergence",
            "displacement_change_ratio_graded_to_uniform": 1.1243001970849649,
            "graded_mesh_convergence": {
              "algebraic_validation": {
                "max_relative_residual": null,
                "method": "original_system_recomputed_l2_residual_over_max_rhs_l2_or_one",
                "qualification_effect": "algebraic_gate_does_not_override_discretization_gates",
                "relative_residual_tolerance": 1e-10,
                "required_series": [
                  "uniform_full_edge_clamp",
                  "uniform_regularized_restraint",
                  "interface_graded_full_edge_clamp"
                ],
                "schema_version": "kyuubiki.composite-thermal-algebraic-validation/v1",
                "series": [],
                "status": "missing"
              },
              "convergence_tolerance": 0.02,
              "diagnostic_metrics": [
                "max_von_mises_stress_pa"
              ],
              "finest_pair_displacement_relative_change": 0.004531784611874836,
              "finest_pair_peak_stress_relative_change": 0.4148894479415706,
              "finest_pair_strain_energy_relative_change": 0.11932806854551505,
              "method": "cosine_graded_quad_h_refinement_at_clamp_interfaces_and_free_edges",
              "pass_metrics": [
                "max_displacement_m",
                "total_strain_energy_j"
              ],
              "refinement_levels": [
                1,
                2,
                4,
                8
              ],
              "regime_assessment": {
                "diagnosis": "pass_metrics_lack_qualified_discretization_uncertainty",
                "gci_safety_factor": 1.25,
                "method": "four_level_constant_ratio_observed_order_and_fine_grid_gci",
                "metrics": [
                  {
                    "coarse_triplet_observed_order": 2.053458875118712,
                    "fine_grid_gci": null,
                    "fine_triplet_observed_order": 1.032298692092528,
                    "metric": "max_displacement_m",
                    "observed_order_relative_difference": 0.49728786653550583,
                    "qualification_role": "pass_metric",
                    "regime": "oscillatory",
                    "richardson_extrapolated_value": null,
                    "unit": "m"
                  },
                  {
                    "coarse_triplet_observed_order": 0.8546888067488732,
                    "fine_grid_gci": null,
                    "fine_triplet_observed_order": 1.7730045755396304,
                    "metric": "total_strain_energy_j",
                    "observed_order_relative_difference": 0.5179432594026213,
                    "qualification_role": "pass_metric",
                    "regime": "monotonic_pre_asymptotic",
                    "richardson_extrapolated_value": null,
                    "unit": "J"
                  },
                  {
                    "coarse_triplet_observed_order": -1.0594246897449442,
                    "fine_grid_gci": null,
                    "fine_triplet_observed_order": -0.5966504407007338,
                    "metric": "max_von_mises_stress_pa",
                    "observed_order_relative_difference": 0.4368165604632293,
                    "qualification_role": "diagnostic_metric",
                    "regime": "monotonic_diverging",
                    "richardson_extrapolated_value": null,
                    "unit": "Pa"
                  }
                ],
                "order_consistency_tolerance": 0.25,
                "qualification_effect": "gci_gates_require_asymptotic_pass_metric_evidence",
                "qualification_tolerance": 0.02,
                "refinement_ratio": 2.0,
                "schema_version": "kyuubiki.composite-thermal-convergence-regime/v1",
                "status": "fail"
              },
              "samples": [
                {
                  "displacement_relative_change": null,
                  "element_count": 3,
                  "elements_per_original_element": 1,
                  "max_displacement_m": 1.935311287945081e-6,
                  "max_von_mises_stress_pa": 858852.5766435008,
                  "node_count": 8,
                  "peak_stress_relative_change": null,
                  "strain_energy_relative_change": null,
                  "total_strain_energy_j": 0.000010916962552412982
                },
                {
                  "displacement_relative_change": 0.03738286502106311,
                  "element_count": 12,
                  "elements_per_original_element": 2,
                  "max_displacement_m": 1.8629638072940904e-6,
                  "max_von_mises_stress_pa": 1490124.408687296,
                  "node_count": 21,
                  "peak_stress_relative_change": 0.4236369986046368,
                  "strain_energy_relative_change": 0.3437687721720159,
                  "total_strain_energy_j": 7.1640517399220946e-6
                },
                {
                  "displacement_relative_change": 0.0092687705487231,
                  "element_count": 48,
                  "elements_per_original_element": 4,
                  "max_displacement_m": 1.8803927361065476e-6,
                  "max_von_mises_stress_pa": 2805758.203997382,
                  "node_count": 65,
                  "peak_stress_relative_change": 0.46890490899596904,
                  "strain_energy_relative_change": 0.289682701577865,
                  "total_strain_energy_j": 5.088749877657858e-6
                },
                {
                  "displacement_relative_change": 0.004531784611874836,
                  "element_count": 192,
                  "elements_per_original_element": 8,
                  "max_displacement_m": 1.8718712012407787e-6,
                  "max_von_mises_stress_pa": 4795261.671707465,
                  "node_count": 225,
                  "peak_stress_relative_change": 0.4148894479415706,
                  "strain_energy_relative_change": 0.11932806854551505,
                  "total_strain_energy_j": 4.48151918344572e-6
                }
              ],
              "schema_version": "kyuubiki.composite-thermal-mesh-convergence/v1",
              "status": "fail"
            },
            "graded_stress_recovery": {
              "convergence_tolerance": 0.02,
              "diagnostic_metrics": [
                "max_stress_pa",
                "max_to_p95_ratio"
              ],
              "finest_pair_max_relative_change": 0.4148894479415706,
              "finest_pair_p95_relative_change": 0.3405231646816746,
              "finest_pair_rms_relative_change": 0.009226034834827064,
              "method": "interface_graded_mesh_element_area_weighted_von_mises_p95_and_rms",
              "pass_metrics": [
                "area_weighted_rms_stress_pa",
                "area_weighted_p95_stress_pa"
              ],
              "refinement_levels": [
                1,
                2,
                4,
                8
              ],
              "samples": [
                {
                  "element_count": 3,
                  "elements_per_original_element": 1,
                  "max_relative_change": null,
                  "p95_relative_change": null,
                  "rms_relative_change": null,
                  "statistics": {
                    "area_weighted_mean_stress_pa": 301996.81861276017,
                    "area_weighted_p95_stress_pa": 858852.5766435008,
                    "area_weighted_rms_stress_pa": 496371.78202244616,
                    "max_stress_pa": 858852.5766435008,
                    "max_to_p95_ratio": 1.0
                  }
                },
                {
                  "element_count": 12,
                  "elements_per_original_element": 2,
                  "max_relative_change": 0.4236369986046368,
                  "p95_relative_change": 0.4236369986046368,
                  "rms_relative_change": 0.19656672288977825,
                  "statistics": {
                    "area_weighted_mean_stress_pa": 305570.3154519545,
                    "area_weighted_p95_stress_pa": 1490124.408687296,
                    "area_weighted_rms_stress_pa": 617813.3221065844,
                    "max_stress_pa": 1490124.408687296,
                    "max_to_p95_ratio": 1.0
                  }
                },
                {
                  "element_count": 48,
                  "elements_per_original_element": 4,
                  "max_relative_change": 0.46890490899596904,
                  "p95_relative_change": 0.5157144748814287,
                  "rms_relative_change": 0.04087170425863821,
                  "statistics": {
                    "area_weighted_mean_stress_pa": 231636.18780676764,
                    "area_weighted_p95_stress_pa": 721645.6817531276,
                    "area_weighted_rms_stress_pa": 592562.2387183973,
                    "max_stress_pa": 2805758.203997382,
                    "max_to_p95_ratio": 3.88799971362847
                  }
                },
                {
                  "element_count": 192,
                  "elements_per_original_element": 8,
                  "max_relative_change": 0.4148894479415706,
                  "p95_relative_change": 0.3405231646816746,
                  "rms_relative_change": 0.009226034834827064,
                  "statistics": {
                    "area_weighted_mean_stress_pa": 216113.54067007624,
                    "area_weighted_p95_stress_pa": 1094269.9471844127,
                    "area_weighted_rms_stress_pa": 587095.2388621783,
                    "max_stress_pa": 4795261.671707465,
                    "max_to_p95_ratio": 4.382156052120236
                  }
                }
              ],
              "schema_version": "kyuubiki.composite-thermal-stress-recovery/v1",
              "status": "fail"
            },
            "max_change_ratio_graded_to_uniform": 1.597800289806556,
            "p95_change_ratio_graded_to_uniform": 1.144022370326886,
            "qualification_effect": "diagnostic_only_does_not_override_uniform_mesh_gates",
            "rms_change_ratio_graded_to_uniform": 0.5713599221694012,
            "schema_version": "kyuubiki.composite-thermal-interface-grading-assessment/v1",
            "strain_energy_change_ratio_graded_to_uniform": 0.9048357380453176
          },
          "thermal_mesh_convergence": {
            "algebraic_validation": {
              "max_relative_residual": 1.687418498798324e-14,
              "method": "original_system_recomputed_l2_residual_over_max_rhs_l2_or_one",
              "qualification_effect": "algebraic_gate_does_not_override_discretization_gates",
              "relative_residual_tolerance": 1e-10,
              "required_series": [
                "uniform_full_edge_clamp",
                "uniform_regularized_restraint",
                "interface_graded_full_edge_clamp"
              ],
              "schema_version": "kyuubiki.composite-thermal-algebraic-validation/v1",
              "series": [
                {
                  "label": "uniform_full_edge_clamp",
                  "max_relative_residual": 9.09241237089441e-15,
                  "samples": [
                    {
                      "element_count": 3,
                      "elements_per_original_element": 1,
                      "matrix_non_zero_count": 112,
                      "node_count": 8,
                      "relative_residual": 1.8495864080481983e-16,
                      "residual_norm": 2.2167791838772105e-14,
                      "rhs_norm": 119.85269648561578,
                      "solver_iterations": 0
                    },
                    {
                      "element_count": 12,
                      "elements_per_original_element": 2,
                      "matrix_non_zero_count": 440,
                      "node_count": 21,
                      "relative_residual": 4.734788947305538e-16,
                      "residual_norm": 5.5863328803670704e-14,
                      "rhs_norm": 117.98483401348074,
                      "solver_iterations": 0
                    },
                    {
                      "element_count": 48,
                      "elements_per_original_element": 4,
                      "matrix_non_zero_count": 1746,
                      "node_count": 65,
                      "relative_residual": 2.2522366505333436e-15,
                      "residual_norm": 2.0900686955423362e-13,
                      "rhs_norm": 92.79969292069708,
                      "solver_iterations": 0
                    },
                    {
                      "element_count": 192,
                      "elements_per_original_element": 8,
                      "matrix_non_zero_count": 6925,
                      "node_count": 225,
                      "relative_residual": 9.09241237089441e-15,
                      "residual_norm": 6.243099663014242e-13,
                      "rhs_norm": 68.66274216729256,
                      "solver_iterations": 0
                    }
                  ],
                  "solver_path": "dense_direct",
                  "status": "pass"
                },
                {
                  "label": "uniform_regularized_restraint",
                  "max_relative_residual": 1.1870860883812556e-14,
                  "samples": [
                    {
                      "element_count": 3,
                      "elements_per_original_element": 1,
                      "matrix_non_zero_count": 121,
                      "node_count": 8,
                      "relative_residual": 1.7235361933518998e-16,
                      "residual_norm": 2.306812397318713e-14,
                      "rhs_norm": 133.84183089491543,
                      "solver_iterations": 0
                    },
                    {
                      "element_count": 12,
                      "elements_per_original_element": 2,
                      "matrix_non_zero_count": 463,
                      "node_count": 21,
                      "relative_residual": 4.11728678309829e-16,
                      "residual_norm": 5.010195048716534e-14,
                      "rhs_norm": 121.6868125213839,
                      "solver_iterations": 0
                    },
                    {
                      "element_count": 48,
                      "elements_per_original_element": 4,
                      "matrix_non_zero_count": 1798,
                      "node_count": 65,
                      "relative_residual": 2.626310108504116e-15,
                      "residual_norm": 2.4683962089502616e-13,
                      "rhs_norm": 93.98723330338936,
                      "solver_iterations": 0
                    },
                    {
                      "element_count": 192,
                      "elements_per_original_element": 8,
                      "matrix_non_zero_count": 7030,
                      "node_count": 225,
                      "relative_residual": 1.1870860883812556e-14,
                      "residual_norm": 8.198655158432796e-13,
                      "rhs_norm": 69.06537982946726,
                      "solver_iterations": 0
                    }
                  ],
                  "solver_path": "dense_direct",
                  "status": "pass"
                },
                {
                  "label": "interface_graded_full_edge_clamp",
                  "max_relative_residual": 1.687418498798324e-14,
                  "samples": [
                    {
                      "element_count": 3,
                      "elements_per_original_element": 1,
                      "matrix_non_zero_count": 112,
                      "node_count": 8,
                      "relative_residual": 1.8495864080481983e-16,
                      "residual_norm": 2.2167791838772105e-14,
                      "rhs_norm": 119.85269648561578,
                      "solver_iterations": 0
                    },
                    {
                      "element_count": 12,
                      "elements_per_original_element": 2,
                      "matrix_non_zero_count": 444,
                      "node_count": 21,
                      "relative_residual": 7.745320774171344e-16,
                      "residual_norm": 9.138303859217701e-14,
                      "rhs_norm": 117.98483401348074,
                      "solver_iterations": 0
                    },
                    {
                      "element_count": 48,
                      "elements_per_original_element": 4,
                      "matrix_non_zero_count": 1749,
                      "node_count": 65,
                      "relative_residual": 3.3247158711584474e-15,
                      "residual_norm": 3.4195111369203553e-13,
                      "rhs_norm": 102.85122908048314,
                      "solver_iterations": 0
                    },
                    {
                      "element_count": 192,
                      "elements_per_original_element": 8,
                      "matrix_non_zero_count": 6951,
                      "node_count": 225,
                      "relative_residual": 1.687418498798324e-14,
                      "residual_norm": 1.3097609400778997e-12,
                      "rhs_norm": 77.61921189145615,
                      "solver_iterations": 0
                    }
                  ],
                  "solver_path": "dense_direct",
                  "status": "pass"
                }
              ],
              "status": "pass"
            },
            "convergence_tolerance": 0.02,
            "diagnostic_metrics": [
              "max_von_mises_stress_pa"
            ],
            "finest_pair_displacement_relative_change": 0.004030760310835704,
            "finest_pair_peak_stress_relative_change": 0.25966289441079077,
            "finest_pair_strain_energy_relative_change": 0.1318781559217532,
            "method": "structured_quad_h_refinement_preserving_piecewise_linear_temperature_full_edge_clamp",
            "pass_metrics": [
              "max_displacement_m",
              "total_strain_energy_j"
            ],
            "refinement_levels": [
              1,
              2,
              4,
              8
            ],
            "regime_assessment": {
              "diagnosis": "pass_metrics_lack_qualified_discretization_uncertainty",
              "gci_safety_factor": 1.25,
              "method": "four_level_constant_ratio_observed_order_and_fine_grid_gci",
              "metrics": [
                {
                  "coarse_triplet_observed_order": 7.385198179414644,
                  "fine_grid_gci": null,
                  "fine_triplet_observed_order": -4.12247067768649,
                  "metric": "max_displacement_m",
                  "observed_order_relative_difference": 1.558207183820386,
                  "qualification_role": "pass_metric",
                  "regime": "oscillatory",
                  "richardson_extrapolated_value": null,
                  "unit": "m"
                },
                {
                  "coarse_triplet_observed_order": 1.0828363864905617,
                  "fine_grid_gci": 0.1273177876116439,
                  "fine_triplet_observed_order": 1.3169943963485653,
                  "metric": "total_strain_energy_j",
                  "observed_order_relative_difference": 0.17779727120116756,
                  "qualification_role": "pass_metric",
                  "regime": "asymptotic_converging",
                  "richardson_extrapolated_value": 4.204378831492801e-6,
                  "unit": "J"
                },
                {
                  "coarse_triplet_observed_order": 0.0405400019742745,
                  "fine_grid_gci": null,
                  "fine_triplet_observed_order": -0.265733330699855,
                  "metric": "max_von_mises_stress_pa",
                  "observed_order_relative_difference": 1.1525589652886423,
                  "qualification_role": "diagnostic_metric",
                  "regime": "monotonic_diverging",
                  "richardson_extrapolated_value": null,
                  "unit": "Pa"
                }
              ],
              "order_consistency_tolerance": 0.25,
              "qualification_effect": "gci_gates_require_asymptotic_pass_metric_evidence",
              "qualification_tolerance": 0.02,
              "refinement_ratio": 2.0,
              "schema_version": "kyuubiki.composite-thermal-convergence-regime/v1",
              "status": "fail"
            },
            "samples": [
              {
                "displacement_relative_change": null,
                "element_count": 3,
                "elements_per_original_element": 1,
                "max_displacement_m": 1.935311287945081e-6,
                "max_von_mises_stress_pa": 858852.5766435008,
                "node_count": 8,
                "peak_stress_relative_change": null,
                "strain_energy_relative_change": null,
                "total_strain_energy_j": 0.000010916962552412982
              },
              {
                "displacement_relative_change": 0.03738286502108598,
                "element_count": 12,
                "elements_per_original_element": 2,
                "max_displacement_m": 1.862963807294046e-6,
                "max_von_mises_stress_pa": 1490124.408687296,
                "node_count": 21,
                "peak_stress_relative_change": 0.4236369986046368,
                "strain_energy_relative_change": 0.34376877217201574,
                "total_strain_energy_j": 7.164051739922096e-6
              },
              {
                "displacement_relative_change": 0.00023230193035894583,
                "element_count": 48,
                "elements_per_original_element": 4,
                "max_displacement_m": 1.8625310372054228e-6,
                "max_von_mises_stress_pa": 2103904.297953931,
                "node_count": 65,
                "peak_stress_relative_change": 0.29173374942175,
                "strain_energy_relative_change": 0.24731092232324167,
                "total_strain_energy_j": 5.392303496550538e-6
              },
              {
                "displacement_relative_change": 0.004030760310835704,
                "element_count": 192,
                "elements_per_original_element": 8,
                "max_displacement_m": 1.870068836449916e-6,
                "max_von_mises_stress_pa": 2841819.330775681,
                "node_count": 225,
                "peak_stress_relative_change": 0.25966289441079077,
                "strain_energy_relative_change": 0.1318781559217532,
                "total_strain_energy_j": 4.6811764552550315e-6
              }
            ],
            "schema_version": "kyuubiki.composite-thermal-mesh-convergence/v1",
            "status": "fail"
          },
          "thermal_stress_recovery": {
            "convergence_tolerance": 0.02,
            "diagnostic_metrics": [
              "max_stress_pa",
              "max_to_p95_ratio"
            ],
            "finest_pair_max_relative_change": 0.25966289441079077,
            "finest_pair_p95_relative_change": 0.2976542885121866,
            "finest_pair_rms_relative_change": 0.016147500860397516,
            "method": "uniform_mesh_element_area_weighted_von_mises_p95_and_rms",
            "pass_metrics": [
              "area_weighted_rms_stress_pa",
              "area_weighted_p95_stress_pa"
            ],
            "refinement_levels": [
              1,
              2,
              4,
              8
            ],
            "samples": [
              {
                "element_count": 3,
                "elements_per_original_element": 1,
                "max_relative_change": null,
                "p95_relative_change": null,
                "rms_relative_change": null,
                "statistics": {
                  "area_weighted_mean_stress_pa": 301996.81861276017,
                  "area_weighted_p95_stress_pa": 858852.5766435008,
                  "area_weighted_rms_stress_pa": 496371.78202244616,
                  "max_stress_pa": 858852.5766435008,
                  "max_to_p95_ratio": 1.0
                }
              },
              {
                "element_count": 12,
                "elements_per_original_element": 2,
                "max_relative_change": 0.4236369986046368,
                "p95_relative_change": 0.4236369986046368,
                "rms_relative_change": 0.19656672288977825,
                "statistics": {
                  "area_weighted_mean_stress_pa": 305570.3154519548,
                  "area_weighted_p95_stress_pa": 1490124.408687296,
                  "area_weighted_rms_stress_pa": 617813.3221065844,
                  "max_stress_pa": 1490124.408687296,
                  "max_to_p95_ratio": 1.0
                }
              },
              {
                "element_count": 48,
                "elements_per_original_element": 4,
                "max_relative_change": 0.29173374942175,
                "p95_relative_change": 0.24522163550570408,
                "rms_relative_change": 0.02138047252935028,
                "statistics": {
                  "area_weighted_mean_stress_pa": 241250.1273844748,
                  "area_weighted_p95_stress_pa": 1974254.2695771155,
                  "area_weighted_rms_stress_pa": 604604.181345018,
                  "max_stress_pa": 2103904.297953931,
                  "max_to_p95_ratio": 1.0656703801403389
                }
              },
              {
                "element_count": 192,
                "elements_per_original_element": 8,
                "max_relative_change": 0.25966289441079077,
                "p95_relative_change": 0.2976542885121866,
                "rms_relative_change": 0.016147500860397516,
                "statistics": {
                  "area_weighted_mean_stress_pa": 221438.14359627623,
                  "area_weighted_p95_stress_pa": 1386609.0196239925,
                  "area_weighted_rms_stress_pa": 594841.3348065494,
                  "max_stress_pa": 2841819.330775681,
                  "max_to_p95_ratio": 2.049474141994474
                }
              }
            ],
            "schema_version": "kyuubiki.composite-thermal-stress-recovery/v1",
            "status": "fail"
          }
        },
        "status": "completed"
      },
      "requires_confirmation": false
    }
  ]
}
